key,M列专业板块,C列简化专业组名,风险等级,亲缘判断,院校专业组代码,完整专业类覆盖
历史|提前本科批|国防科技大学|国防科技大学01,文法教育,外语组,低,同族,010201,外国语言文学类
历史|提前本科批|国防科技大学|国防科技大学02,文法教育,外语组,低,同族,010202,外国语言文学类
历史|提前本科批|国防科技大学|国防科技大学03,文法教育,法政组,低,同族,010203,政治学类、马克思主义理论类
物理|提前本科批|国防科技大学|国防科技大学04,文法教育、经管商贸,经管+文法组,低,相近混合,010204,外国语言文学类、管理科学与工程类
物理|提前本科批|国防科技大学|国防科技大学05,文法教育、经管商贸,经管+文法组,低,相近混合,010205,外国语言文学类、管理科学与工程类
物理|提前本科批|国防科技大学|国防科技大学06,理学基础、机械能源、化材药、带电工科、土建测绘、交通航空、军警安全,大理工组（夹材料/测绘）,高,大杂烩,010206,数学类、物理学类、大气科学类、海洋科学类、统计学类、力学类、机械类、仪器类、材料类、电子信息类、计算机类、测绘类、航空航天类、兵器类、军事类
物理|提前本科批|国防科技大学|国防科技大学07,带电工科、军警安全,军警+带电混合组,低,跨界混合,010207,电子信息类、兵器类、军事类
物理|提前本科批|国防科技大学|国防科技大学08,带电工科,电子信息组,低,同族,010208,电子信息类
物理|提前本科批|国防科技大学|国防科技大学09,理学基础、带电工科,带电+理学组,低,相近混合,010209,大气科学类、计算机类
物理|提前本科批|国防科技大学|国防科技大学10,文法教育,政治学组,低,同族,010210,政治学类
物理|提前本科批|陆军工程大学|陆军工程大学01,军警安全,军事组,低,同族,010501,军事类
物理|提前本科批|陆军工程大学|陆军工程大学02,军警安全,军事组,低,同族,010502,军事类
物理|提前本科批|陆军工程大学|陆军工程大学03,军警安全,军事组,低,同族,010503,军事类
物理|提前本科批|陆军工程大学|陆军工程大学04,机械能源、土建测绘、交通航空、军警安全,大理工组（夹土木）,高,大杂烩,010504,机械类、土木类、航空航天类、兵器类、军事类
物理|提前本科批|陆军工程大学|陆军工程大学05,带电工科,计算机电子组,低,同族,010505,电子信息类、计算机类
物理|提前本科批|陆军工程大学|陆军工程大学06,交通航空,交通运输组,低,同族,010506,交通运输类
物理|提前本科批|陆军工程大学|陆军工程大学07,带电工科、军警安全,带电+军警混合组,低,跨界混合,010507,电子信息类、计算机类、兵器类
物理|提前本科批|陆军工程大学|陆军工程大学08,机械能源,能源动力组,低,同族,010508,能源动力类
物理|本科批|陆军工程大学|陆军工程大学09,土建测绘、经管商贸,经管商贸组（含建筑）,中,跨界混合,010509,建筑类、管理科学与工程类
物理|本科批|陆军工程大学|陆军工程大学10,带电工科、土建测绘,带电工科组（夹土木）,高,冷热混放,010510,电气类、电子信息类、计算机类、土木类
历史|提前本科批|陆军步兵学院|陆军步兵学院01,文法教育,中文组,低,同族,010801,中国语言文学类
历史|提前本科批|陆军步兵学院|陆军步兵学院02,文法教育,中文组,低,同族,010802,中国语言文学类
物理|提前本科批|陆军步兵学院|陆军步兵学院03,军警安全,军事组,低,同族,010803,军事类
物理|提前本科批|陆军步兵学院|陆军步兵学院04,军警安全,军事组,低,同族,010804,军事类
物理|提前本科批|陆军步兵学院|陆军步兵学院05,军警安全,军事组,低,同族,010805,军事类
物理|提前本科批|陆军步兵学院|陆军步兵学院06,军警安全,兵器组,低,同族,010806,兵器类
物理|提前本科批|陆军兵种大学|陆军兵种大学01,军警安全、经管商贸,经管+军警混合组,低,跨界混合,011401,军事类、管理科学与工程类
物理|提前本科批|陆军兵种大学|陆军兵种大学02,军警安全、经管商贸,经管+军警混合组,低,跨界混合,011402,军事类、管理科学与工程类
物理|提前本科批|陆军兵种大学|陆军兵种大学03,军警安全,军事组,低,同族,011403,军事类
物理|提前本科批|陆军兵种大学|陆军兵种大学04,军警安全,军事组,低,同族,011404,军事类
物理|提前本科批|陆军兵种大学|陆军兵种大学05,军警安全,军事组,低,同族,011405,军事类
物理|提前本科批|陆军兵种大学|陆军兵种大学06,机械能源、带电工科、军警安全,带电+机械+军警组,中,跨界混合,011406,机械类、电气类、电子信息类、计算机类、兵器类
物理|提前本科批|陆军兵种大学|陆军兵种大学07,机械能源、化材药、带电工科、军警安全,大理工组（夹材料）,中,大杂烩,011407,机械类、材料类、电气类、电子信息类、兵器类
物理|提前本科批|陆军防化学院|陆军防化学院01,军警安全,军事组,低,同族,012001,军事类
物理|提前本科批|陆军防化学院|陆军防化学院02,机械能源,核工程组,低,同族,012002,核工程类
物理|提前本科批|联勤保障部队工程大学|联勤保障部队工程大学01,军警安全、经管商贸,经管+军警混合组,低,跨界混合,012101,军事类、工商管理类
物理|提前本科批|联勤保障部队工程大学|联勤保障部队工程大学02,军警安全、经管商贸,经管+军警混合组,低,跨界混合,012102,军事类、工商管理类
物理|提前本科批|联勤保障部队工程大学|联勤保障部队工程大学03,机械能源、带电工科、交通航空,带电+机械+交通组,中,相近混合,012103,机械类、电气类、交通运输类
物理|提前本科批|联勤保障部队工程大学|联勤保障部队工程大学04,化材药、机械能源、军警安全,机械能源组（含化学）,中,跨界混合,012104,化学类、能源动力类、军事类
物理|提前本科批|联勤保障部队工程大学|联勤保障部队工程大学05,军警安全,军事组,低,同族,012105,军事类
物理|提前本科批|海军军医大学|海军军医大学01,经管商贸,公管组,低,同族,013101,公共管理类
物理|提前本科批|海军军医大学|海军军医大学02,医药护理,医药护理组,低,同族,013102,基础医学类、临床医学类、公共卫生与预防医学类
物理|提前本科批|海军军医大学|海军军医大学03,医药护理,医药护理组,中,同族,013103,临床医学类、护理学类
物理|本科批|海军军医大学|海军军医大学04,医药护理,医药护理组,低,同族,013104,临床医学类、中医学类
物理|本科批|海军军医大学|海军军医大学05,化材药、生环食品,化材药组（含生物科学）,低,相近混合,013105,中药学类、生物科学类、药学类
物理|本科批|海军军医大学|海军军医大学06,医药护理,护理组,中,同族,013106,护理学类
物理|提前本科批|陆军军医大学|陆军军医大学01,经管商贸,公管组,低,同族,013201,公共管理类
物理|提前本科批|陆军军医大学|陆军军医大学02,医药护理,医药护理组,低,同族,013202,临床医学类、公共卫生与预防医学类、医学技术类
物理|提前本科批|陆军军医大学|陆军军医大学03,医药护理,临床组,低,同族,013203,临床医学类
物理|提前本科批|空军军医大学|空军军医大学01,医药护理,临床口腔组,低,同族,013301,临床医学类、口腔医学类
物理|提前本科批|空军军医大学|空军军医大学02,医药护理,医药护理组,低,同族,013302,临床医学类、公共卫生与预防医学类
物理|提前本科批|信息支援部队工程大学|信息支援部队工程大学01,带电工科、军警安全,带电+军警混合组,低,跨界混合,013501,电子信息类、计算机类、军事类
物理|提前本科批|信息支援部队工程大学|信息支援部队工程大学02,带电工科,电子信息组,低,同族,013502,电子信息类
物理|提前本科批|信息支援部队工程大学|信息支援部队工程大学03,带电工科、军警安全,带电+军警混合组,低,跨界混合,013503,计算机类、军事类
物理|提前本科批|海军工程大学|海军工程大学01,理学基础、带电工科、机械能源、军警安全,大理工组,中,大杂烩,013901,物理学类、电子信息类、自动化类、计算机类、核工程类、军事类
物理|提前本科批|海军工程大学|海军工程大学02,机械能源、带电工科、交通航空、军警安全,大理工组,中,大杂烩,013902,能源动力类、电气类、交通运输类、海洋工程类、军事类
物理|提前本科批|海军工程大学|海军工程大学03,带电工科、交通航空、机械能源,带电+交通+机械组,中,相近混合,013903,电气类、交通运输类、核工程类
物理|提前本科批|海军工程大学|海军工程大学04,土建测绘、军警安全,土建测绘+军警混合组,中,跨界混合,013904,测绘类、军事类
物理|提前本科批|海军工程大学|海军工程大学05,带电工科、军警安全,带电+军警混合组,低,跨界混合,013905,电子信息类、军事类
物理|提前本科批|海军工程大学|海军工程大学06,带电工科,计算机组,低,同族,013906,计算机类
物理|提前本科批|海军工程大学|海军工程大学07,军警安全,兵器组,低,同族,013907,兵器类
物理|提前本科批|海军工程大学|海军工程大学08,军警安全,兵器组,低,同族,013908,兵器类
物理|提前本科批|海军大连舰艇学院|海军大连舰艇学院01,带电工科、土建测绘、交通航空、军警安全,大理工组（夹测绘）,高,大杂烩,014101,电子信息类、测绘类、交通运输类、兵器类、军事类
物理|提前本科批|海军大连舰艇学院|海军大连舰艇学院02,土建测绘,测绘组,中,同族,014102,测绘类
物理|提前本科批|海军潜艇学院|海军潜艇学院01,带电工科、军警安全,军警+带电混合组,低,跨界混合,014201,电子信息类、兵器类、军事类
物理|提前本科批|海军潜艇学院|海军潜艇学院02,交通航空,海洋工程组,低,同族,014202,海洋工程类
物理|提前本科批|海军潜艇学院|海军潜艇学院03,军警安全,军事组,低,同族,014203,军事类
物理|提前本科批|海军潜艇学院|海军潜艇学院04,军警安全,军事组,低,同族,014204,军事类
物理|提前本科批|海军航空大学|海军航空大学01,交通航空、军警安全,交通+军警组,低,相近混合,014301,航空航天类、军事类
物理|提前本科批|海军航空大学|海军航空大学02,军警安全,军事组,低,同族,014302,军事类
物理|提前本科批|空军工程大学|空军工程大学01,军警安全,军事组,低,同族,014401,军事类
物理|提前本科批|空军工程大学|空军工程大学02,军警安全,军事组,低,同族,014402,军事类
物理|提前本科批|空军工程大学|空军工程大学03,带电工科、交通航空、军警安全、经管商贸,大理工组,中,大杂烩,014403,电气类、电子信息类、自动化类、航空航天类、兵器类、军事类、管理科学与工程类
物理|提前本科批|空军工程大学|空军工程大学04,带电工科、土建测绘、军警安全、经管商贸,大理工组（夹测绘）,高,大杂烩,014404,电子信息类、测绘类、军事类、管理科学与工程类
物理|提前本科批|空军预警学院|空军预警学院01,军警安全,军事组,低,同族,014501,军事类
物理|提前本科批|空军预警学院|空军预警学院02,军警安全,军警组,低,同族,014502,兵器类、军事类
物理|提前本科批|军事航天部队航天工程大学|军事航天部队航天工程大学01,带电工科、交通航空、军警安全,带电+交通+军警组,中,跨界混合,014601,电子信息类、航空航天类、军事类
物理|提前本科批|军事航天部队航天工程大学|军事航天部队航天工程大学02,带电工科、交通航空、军警安全,带电+交通+军警组,中,跨界混合,014602,电子信息类、航空航天类、军事类
物理|提前本科批|网络空间部队信息工程大学|网络空间部队信息工程大学01,经管商贸,管工组,低,同族,015101,管理科学与工程类
物理|提前本科批|网络空间部队信息工程大学|网络空间部队信息工程大学02,理学基础、带电工科、军警安全,带电+理学+军警组,中,跨界混合,015102,数学类、物理学类、电子信息类、计算机类、兵器类、军事类
物理|提前本科批|网络空间部队信息工程大学|网络空间部队信息工程大学03,土建测绘、军警安全,土建测绘+军警混合组,中,跨界混合,015103,测绘类、军事类
物理|提前本科批|网络空间部队信息工程大学|网络空间部队信息工程大学04,带电工科、军警安全,带电+军警混合组,低,跨界混合,015104,电子信息类、计算机类、兵器类
物理|提前本科批|火箭军工程大学|火箭军工程大学01,军警安全,军事组,低,同族,015201,军事类
物理|提前本科批|火箭军工程大学|火箭军工程大学02,军警安全,军事组,低,同族,015202,军事类
物理|提前本科批|火箭军工程大学|火箭军工程大学03,机械能源、带电工科、军警安全,带电+机械+军警组,中,跨界混合,015203,机械类、电气类、电子信息类、自动化类、兵器类、核工程类
物理|提前本科批|火箭军工程大学|火箭军工程大学04,带电工科,电子信息组,低,同族,015204,电子信息类
物理|提前本科批|武警工程大学|武警工程大学01,文法教育、军警安全,文法+军警组,低,相近混合,015401,法学类、军事类
物理|提前本科批|武警工程大学|武警工程大学02,文法教育,法学组,低,同族,015402,法学类
物理|提前本科批|武警工程大学|武警工程大学03,理学基础、机械能源、带电工科、军警安全、经管商贸,大理工组,中,大杂烩,015403,统计学类、机械类、电子信息类、计算机类、兵器类、军事类、管理科学与工程类
物理|提前本科批|武警工程大学|武警工程大学04,带电工科,计算机电子组,低,同族,015404,电子信息类、计算机类
物理|提前本科批|武警工程大学|武警工程大学05,带电工科,计算机组,低,同族,015405,计算机类
物理|提前本科批|武警工程大学|武警工程大学06,带电工科,电子信息组,低,同族,015406,电子信息类
历史|提前本科批|武警警官学院|武警警官学院01,文法教育,民族学组,低,同族,017001,民族学类
物理|提前本科批|武警警官学院|武警警官学院02,文法教育、军警安全、经管商贸,经管+文法+军警组,中,跨界混合,017002,法学类、军事类、管理科学与工程类
物理|提前本科批|武警警官学院|武警警官学院03,军警安全,军事组,低,同族,017003,军事类
物理|提前本科批|武警警官学院|武警警官学院04,军警安全,军事组,低,同族,017004,军事类
历史|提前本科批|中国人民公安大学|中国人民公安大学01,军警安全,公安学组,低,同族,020101,公安学类
历史|提前本科批|中国人民公安大学|中国人民公安大学02,军警安全,公安学组,低,同族,020102,公安学类
历史|提前本科批|中国人民公安大学|中国人民公安大学03,军警安全,公安学组,低,同族,020103,公安学类
历史|本科批|中国人民公安大学|中国人民公安大学04,文法教育,法学组,低,同族,020104,法学类
物理|提前本科批|中国人民公安大学|中国人民公安大学05,军警安全,公安技术组,低,同族,020105,公安技术类
物理|提前本科批|中国人民公安大学|中国人民公安大学06,军警安全,公安技术组,低,同族,020106,公安技术类
物理|提前本科批|中国人民公安大学|中国人民公安大学07,军警安全,公安技术组,低,同族,020107,公安技术类
物理|提前本科批|中国人民公安大学|中国人民公安大学08,军警安全,公安技术组,低,同族,020108,公安技术类
物理|提前本科批|中国人民公安大学|中国人民公安大学09,军警安全,公安学组,低,同族,020109,公安学类
物理|提前本科批|中国人民公安大学|中国人民公安大学10,军警安全,公安学组,低,同族,020110,公安学类
物理|本科批|中国人民公安大学|中国人民公安大学11,文法教育,法学组,低,同族,020111,法学类
历史|提前本科批|中国刑事警察学院|中国刑事警察学院01,军警安全,公安学组,低,同族,020201,公安学类
历史|提前本科批|中国刑事警察学院|中国刑事警察学院02,军警安全,公安学组,低,同族,020202,公安学类
历史|提前本科批|中国刑事警察学院|中国刑事警察学院03,军警安全,公安学组,低,同族,020203,公安学类
历史|提前本科批|中国刑事警察学院|中国刑事警察学院04,军警安全,公安学组,低,同族,020204,公安学类
物理|提前本科批|中国刑事警察学院|中国刑事警察学院05,军警安全,公安技术组,低,同族,020205,公安技术类
物理|提前本科批|中国刑事警察学院|中国刑事警察学院06,军警安全,公安技术组,低,同族,020206,公安技术类
物理|提前本科批|中国刑事警察学院|中国刑事警察学院07,军警安全,公安学组,低,同族,020207,公安学类
物理|提前本科批|中国刑事警察学院|中国刑事警察学院08,军警安全,公安学组,低,同族,020208,公安学类
历史|提前本科批|中国人民警察大学|中国人民警察大学01,军警安全,公安学组,低,同族,020301,公安学类
历史|提前本科批|中国人民警察大学|中国人民警察大学02,军警安全,公安学组,低,同族,020302,公安学类
物理|提前本科批|中国人民警察大学|中国人民警察大学03,军警安全,公安技术组,低,同族,020303,公安技术类
物理|提前本科批|中国人民警察大学|中国人民警察大学04,军警安全,公安技术组,低,同族,020304,公安技术类
物理|提前本科批|中国人民警察大学|中国人民警察大学05,军警安全,公安学组,低,同族,020305,公安学类
物理|提前本科批|中国人民警察大学|中国人民警察大学06,军警安全,公安学组,低,同族,020306,公安学类
物理|提前本科批|中国人民警察大学|中国人民警察大学07,军警安全,公安学组,低,同族,020307,公安学类
物理|本科批|中国人民警察大学|中国人民警察大学08,经管商贸,公管组,低,同族,020308,公共管理类
物理|本科批|中国人民警察大学|中国人民警察大学09,军警安全、带电工科,带电+军警混合组,低,跨界混合,020309,公安技术类、电子信息类
物理|本科批|中国人民警察大学|中国人民警察大学10,军警安全,公安学组,低,同族,020310,公安学类
历史|提前本科批|郑州警察学院|郑州警察学院01,军警安全,公安学组,低,同族,020501,公安学类
历史|提前本科批|郑州警察学院|郑州警察学院02,军警安全,公安学组,低,同族,020502,公安学类
历史|提前本科批|郑州警察学院|郑州警察学院03,军警安全,公安学组,低,同族,020503,公安学类
历史|提前本科批|郑州警察学院|郑州警察学院04,军警安全,公安学组,低,同族,020504,公安学类
物理|提前本科批|郑州警察学院|郑州警察学院05,军警安全,公安技术组,低,同族,020505,公安技术类
物理|提前本科批|郑州警察学院|郑州警察学院06,军警安全,公安技术组,低,同族,020506,公安技术类
物理|提前本科批|郑州警察学院|郑州警察学院07,军警安全,公安技术组,低,同族,020507,公安技术类
物理|提前本科批|郑州警察学院|郑州警察学院08,军警安全,公安技术组,低,同族,020508,公安技术类
物理|提前本科批|郑州警察学院|郑州警察学院09,军警安全,公安学组,低,同族,020509,公安学类
物理|提前本科批|郑州警察学院|郑州警察学院10,军警安全,公安学组,低,同族,020510,公安学类
物理|提前本科批|郑州警察学院|郑州警察学院11,军警安全,公安学组,低,同族,020511,公安学类
物理|提前本科批|郑州警察学院|郑州警察学院12,军警安全,公安学组,低,同族,020512,公安学类
历史|提前本科批|南京警察学院|南京警察学院01,军警安全,公安学组,低,同族,020601,公安学类
历史|提前本科批|南京警察学院|南京警察学院02,军警安全,公安学组,低,同族,020602,公安学类
历史|提前本科批|南京警察学院|南京警察学院03,军警安全,公安学组,低,同族,020603,公安学类
物理|提前本科批|南京警察学院|南京警察学院04,军警安全,公安技术组,低,同族,020604,公安技术类
物理|提前本科批|南京警察学院|南京警察学院05,军警安全,公安技术组,低,同族,020605,公安技术类
物理|提前本科批|南京警察学院|南京警察学院06,军警安全,公安技术组,低,同族,020606,公安技术类
物理|提前本科批|南京警察学院|南京警察学院07,军警安全,公安学组,低,同族,020607,公安学类
物理|提前本科批|南京警察学院|南京警察学院08,军警安全,公安学组,低,同族,020608,公安学类
物理|提前本科批|南京警察学院|南京警察学院09,军警安全,公安学组,低,同族,020609,公安学类
历史|提前本科批|国际关系学院|国际关系学院01,文法教育,文法教育组,低,同族,030101,法学类、外国语言文学类、新闻传播学类
历史|提前本科批|国际关系学院|国际关系学院02,文法教育、经管商贸,文法教育组（夹公管）,中,相近混合,030102,法学类、外国语言文学类、新闻传播学类、公共管理类
历史|提前本科批|国际关系学院|国际关系学院03,文法教育,政治学组,低,同族,030103,政治学类
历史|提前本科批|国际关系学院|国际关系学院04,文法教育,政治学组,低,同族,030104,政治学类
物理|提前本科批|国际关系学院|国际关系学院05,文法教育、经管商贸,文法教育组（夹公管）,中,相近混合,030105,法学类、新闻传播学类、心理学类、公共管理类
物理|提前本科批|国际关系学院|国际关系学院06,文法教育、经管商贸,文法教育组（含公管）,低,相近混合,030106,新闻传播学类、心理学类、公共管理类
物理|提前本科批|国际关系学院|国际关系学院07,带电工科,计算机电子组,低,同族,030107,电子信息类、计算机类
物理|提前本科批|国际关系学院|国际关系学院08,带电工科,计算机电子组,低,同族,030108,电子信息类、计算机类
物理|提前本科批|国际关系学院|国际关系学院09,文法教育,政治学组,低,同族,030109,政治学类
历史|提前本科批|北京电子科技学院|北京电子科技学院01,经管商贸,公管组,低,同族,030301,公共管理类
物理|提前本科批|北京电子科技学院|北京电子科技学院02,带电工科,计算机组,低,同族,030302,计算机类
历史|提前本科批|中央司法警官学院|中央司法警官学院01,文法教育、经管商贸,经管+文法组,低,相近混合,030501,法学类、公共管理类
历史|提前本科批|中央司法警官学院|中央司法警官学院02,文法教育、经管商贸,经管+文法组,低,相近混合,030502,法学类、公共管理类
历史|提前本科批|中央司法警官学院|中央司法警官学院03,文法教育,法学组,低,同族,030503,法学类
历史|提前本科批|中央司法警官学院|中央司法警官学院04,文法教育,法学组,低,同族,030504,法学类
历史|提前本科批|中央司法警官学院|中央司法警官学院05,军警安全,公安学组,低,同族,030505,公安学类
历史|提前本科批|中央司法警官学院|中央司法警官学院06,军警安全,公安学组,低,同族,030506,公安学类
物理|提前本科批|中央司法警官学院|中央司法警官学院07,文法教育、经管商贸,经管+文法组,低,相近混合,030507,法学类、公共管理类
物理|提前本科批|中央司法警官学院|中央司法警官学院08,文法教育、经管商贸,经管+文法组,低,相近混合,030508,法学类、公共管理类
物理|提前本科批|中央司法警官学院|中央司法警官学院09,文法教育,法学组,低,同族,030509,法学类
物理|提前本科批|中央司法警官学院|中央司法警官学院10,文法教育,法学组,低,同族,030510,法学类
物理|提前本科批|中央司法警官学院|中央司法警官学院11,军警安全,公安技术组,低,同族,030511,公安技术类
物理|提前本科批|中央司法警官学院|中央司法警官学院12,军警安全,公安技术组,低,同族,030512,公安技术类
物理|提前本科批|中央司法警官学院|中央司法警官学院13,军警安全,公安学组,低,同族,030513,公安学类
物理|提前本科批|中央司法警官学院|中央司法警官学院14,军警安全,公安学组,低,同族,030514,公安学类
历史|本科批|中国民用航空飞行学院|中国民用航空飞行学院01,文法教育、经管商贸,经管+文法组,低,相近混合,030601,外国语言文学类、工商管理类、公共管理类
物理|提前本科批|中国民用航空飞行学院|中国民用航空飞行学院02,交通航空,交通运输组,低,同族,030602,交通运输类
物理|本科批|中国民用航空飞行学院|中国民用航空飞行学院03,文法教育、经管商贸,经管+文法组,中,相近混合,030603,外国语言文学类、工商管理类、心理学类、公共管理类、物流管理与工程类、管理科学与工程类
物理|本科批|中国民用航空飞行学院|中国民用航空飞行学院04,带电工科、地矿安全、军警安全、土建测绘、交通航空、机械能源、理学基础、试验班,大理工组（夹安全工程/测绘）,高,大杂烩,030604,计算机类、安全科学与工程类、公安技术类、电子信息类、测绘类、交通运输类、能源动力类、航空航天类、数学类、交叉学科类、大气科学类、电气类
历史|提前本科批|中国消防救援学院|中国消防救援学院01,文法教育,马理论组,低,同族,030701,马克思主义理论类
物理|提前本科批|中国消防救援学院|中国消防救援学院02,军警安全、机械能源、带电工科、交通航空,大理工组,中,大杂烩,030702,公安技术类、机械类、电子信息类、航空航天类
历史|提前本科批|南京大学|南京大学01,艺术传媒,戏剧影视组,低,同族,110101,戏剧与影视学类
历史|提前本科批|南京大学|南京大学02,文法教育,马理论组,低,同族,110102,马克思主义理论类
历史|本科批|南京大学|南京大学03,文法教育、试验班,文法组,中,同族,110103,中国语言文学类、法学类、人文科学试验班类、社会科学试验班类、经济管理试验班类、外国语言文学类
物理|提前本科批|南京大学|南京大学04,艺术传媒,戏剧影视组,低,同族,110104,戏剧与影视学类
物理|提前本科批|南京大学|南京大学05,经管商贸,管工组,低,同族,110105,管理科学与工程类
物理|提前本科批|南京大学|南京大学06,理学基础、经管商贸、土建测绘、带电工科、地矿安全、生环食品、化材药,大理工组（夹建筑/地质学/环境/化学等）,高,大杂烩,110106,数学类、物理学类、经济学类、建筑类、计算机类、大气科学类、地理科学类、地质学类、环境科学与工程类、化学类、生物科学类
物理|提前本科批|南京大学|南京大学07,试验班,试验班组,低,同族,110107,工科试验班类、理科试验班类、技术科学试验班类
物理|本科批|南京大学|南京大学08,带电工科,电子信息组,低,同族,110108,电子信息类
物理|本科批|南京大学|南京大学09,试验班,试验班组,低,同族,110109,理科试验班类、工科试验班类
物理|本科批|南京大学|南京大学10,带电工科、理学基础,带电+理学组,低,相近混合,110110,计算机类、电子信息类、天文学类
物理|本科批|南京大学|南京大学11,带电工科、试验班、机械能源,带电+机械组,中,相近混合,110111,电子信息类、理科试验班类、计算机类、技术科学试验班类、工业工程类、工科试验班类
物理|本科批|南京大学|南京大学12,试验班、生环食品,生环组,中,同族,110112,工科试验班类、环境科学与工程类、理科试验班类
物理|本科批|南京大学|南京大学13,医药护理,临床口腔组,低,同族,110113,临床医学类、口腔医学类
物理|本科批|南京大学|南京大学14,理学基础,大气科学组,低,同族,110114,大气科学类
历史|提前本科批|东南大学|东南大学01,试验班,文科试验班组,低,同族,110201,文科试验班类
历史|提前本科批|东南大学|东南大学02,文法教育,外语组,低,同族,110202,外国语言文学类
历史|提前本科批|东南大学|东南大学03,试验班,文科试验班组,低,同族,110203,文科试验班类
历史|提前本科批|东南大学|东南大学04,文法教育,政治学组,低,同族,110204,政治学类
历史|本科批|东南大学|东南大学05,试验班,文科试验班组,低,同族,110205,文科试验班类
物理|提前本科批|东南大学|东南大学06,经管商贸,经济组,低,同族,110206,经济学类
物理|提前本科批|东南大学|东南大学07,土建测绘、试验班、带电工科、医药护理,带电工科组（夹建筑）,高,冷热混放,110207,建筑类、工科试验班类、电子信息类、计算机类、生物医学工程类
物理|提前本科批|东南大学|东南大学08,经管商贸,经济组,低,同族,110208,经济学类
物理|提前本科批|东南大学|东南大学09,土建测绘、试验班、医药护理,医药护理组（含建筑）,中,跨界混合,110209,建筑类、工科试验班类、生物医学工程类、理科试验班类
物理|本科批|东南大学|东南大学10,试验班,工科试验班组,低,同族,110210,工科试验班类
物理|本科批|东南大学|东南大学11,土建测绘、试验班、带电工科、医药护理、生环食品、经管商贸,大理工组（夹建筑/生物科学）,高,大杂烩,110211,建筑类、工科试验班类、电子信息类、计算机类、生物医学工程类、理科试验班类、交叉学科类、生物科学类、金融学类
物理|本科批|东南大学|东南大学12,试验班、机械能源,机械组,低,同族,110212,交叉学科类、工科试验班类、能源动力类
物理|本科批|东南大学|东南大学13,文法教育、经管商贸,经管+文法组,低,相近混合,110213,外国语言文学类、工商管理类、经济学类
物理|本科批|东南大学|东南大学14,医药护理,医药护理组,低,同族,110214,临床医学类、公共卫生与预防医学类、医学技术类
物理|本科批|东南大学|东南大学15,带电工科、机械能源,机械+带电组,低,相近混合,110215,自动化类、机械类、能源动力类
历史|本科批|南京航空航天大学|南京航空航天大学01,经管商贸、文法教育,经管+文法组,中,相近混合,110301,工商管理类、公共管理类、外国语言文学类、法学类、新闻传播学类、金融学类
物理|提前本科批|南京航空航天大学|南京航空航天大学02,交通航空,交通运输组,低,同族,110302,交通运输类
物理|提前本科批|南京航空航天大学|南京航空航天大学03,交通航空,交通运输组,低,同族,110303,交通运输类
物理|提前本科批|南京航空航天大学|南京航空航天大学04,交通航空、机械能源、带电工科、医药护理、军警安全、化材药、理学基础、经管商贸、试验班,大理工组（夹材料）,中,大杂烩,110304,航空航天类、能源动力类、机械类、仪器类、自动化类、生物医学工程类、兵器类、电气类、电子信息类、材料类、核工程类、交通运输类、数学类、统计学类、工业工程类、管理科学与工程类、计算机类、交叉学科类、物理学类
物理|本科批|南京航空航天大学|南京航空航天大学05,交通航空,航空航天组,低,同族,110305,航空航天类
物理|本科批|南京航空航天大学|南京航空航天大学06,理学基础、带电工科、机械能源、交通航空,大理工组,中,大杂烩,110306,力学类、电气类、电子信息类、计算机类、能源动力类、自动化类、航空航天类
物理|本科批|南京航空航天大学|南京航空航天大学07,交通航空、理学基础、机械能源、带电工科、化材药、医药护理、经管商贸、试验班,大理工组（夹材料）,中,大杂烩,110307,航空航天类、力学类、机械类、能源动力类、自动化类、电气类、仪器类、电子信息类、材料类、生物医学工程类、交通运输类、数学类、统计学类、管理科学与工程类、工业工程类、经济学类、计算机类、交叉学科类、物理学类
物理|本科批|南京航空航天大学|南京航空航天大学08,带电工科,自动化组,低,同族,110308,自动化类
物理|本科批|南京航空航天大学|南京航空航天大学09,带电工科,电子信息组,低,同族,110309,电子信息类
物理|本科批|南京航空航天大学|南京航空航天大学10,机械能源,工业工程组,低,同族,110310,工业工程类
物理|本科批|南京航空航天大学|南京航空航天大学11,交通航空、理学基础,理学+交通混合组,低,跨界混合,110311,航空航天类、物理学类
历史|本科批|南京理工大学|南京理工大学01,文法教育、经管商贸,文法教育组（夹公管）,中,相近混合,110401,法学类、公共管理类、社会学类、外国语言文学类
物理|提前本科批|南京理工大学|南京理工大学02,军警安全、化材药、机械能源、生环食品、理学基础,大理工组（含环境/生物工程）,高,大杂烩,110402,兵器类、化工与制药类、化学类、机械类、材料类、环境科学与工程类、生物工程类、统计学类
物理|本科批|南京理工大学|南京理工大学03,军警安全、带电工科、交通航空,带电+军警+交通组,中,跨界混合,110403,兵器类、计算机类、电子信息类、自动化类、航空航天类
物理|本科批|南京理工大学|南京理工大学04,化材药、军警安全、经管商贸、机械能源、理学基础、地矿安全、交通航空、带电工科,大理工组（夹材料/安全工程）,高,大杂烩,110404,材料类、兵器类、管理科学与工程类、能源动力类、物理学类、力学类、核工程类、机械类、数学类、安全科学与工程类、航空航天类、计算机类、自动化类、电子信息类
物理|本科批|南京理工大学|南京理工大学05,机械能源、化材药,机械能源组（含材料）,低,跨界混合,110405,机械类、材料类
物理|本科批|南京理工大学|南京理工大学06,机械能源,机械组,低,同族,110406,机械类
历史|本科批|河海大学|河海大学01,经管商贸、文法教育,文法教育组（夹工商管理/公管）,中,相近混合,110501,工商管理类、社会学类、公共管理类、法学类、外国语言文学类
历史|本科批|河海大学|河海大学02,经管商贸,经济组,低,同族,110502,经济学类
历史|本科批|河海大学|河海大学03,文法教育,马理论组,低,同族,110503,马克思主义理论类
物理|提前本科批|河海大学|河海大学04,土建测绘、地矿安全、交通航空、生环食品、机械能源、带电工科、理学基础、农林动物、化材药,大理工组（夹水利/安全工程/土木/环境等）,高,大杂烩,110504,水利类、安全科学与工程类、海洋工程类、土木类、交通运输类、环境科学与工程类、能源动力类、计算机类、物理学类、测绘类、地质类、农业工程类、海洋科学类、地理科学类、数学类、机械类、自动化类、材料类
物理|本科批|河海大学|河海大学05,土建测绘、带电工科,带电工科组（夹水利）,高,冷热混放,110505,水利类、电子信息类
物理|本科批|河海大学|河海大学06,土建测绘、交通航空、机械能源、带电工科、地矿安全、农林动物、理学基础、生环食品,大理工组（夹水利/地质工程/农业工程/土木等）,高,大杂烩,110506,水利类、交通运输类、能源动力类、电气类、计算机类、地质类、农业工程类、海洋科学类、地理科学类、数学类、力学类、土木类、环境科学与工程类
物理|本科批|河海大学|河海大学07,机械能源、带电工科、化材药,带电工科组（夹材料）,中,跨界混合,110507,机械类、计算机类、自动化类、材料类
物理|本科批|河海大学|河海大学08,机械能源、带电工科、化材药,带电工科组（夹材料）,中,跨界混合,110508,机械类、自动化类、电子信息类、计算机类、能源动力类、材料类
物理|本科批|河海大学|河海大学09,机械能源、土建测绘,机械能源组（含土木）,中,相近混合,110509,机械类、土木类
物理|本科批|河海大学|河海大学10,经管商贸,管理组,低,同族,110510,管理科学与工程类、工商管理类
历史|本科批|南京信息工程大学|南京信息工程大学01,文法教育,马理论组,低,同族,110601,马克思主义理论类
历史|本科批|南京信息工程大学|南京信息工程大学02,文法教育、经管商贸,经管+文法组,低,相近混合,110602,法学类、公共管理类
历史|本科批|南京信息工程大学|南京信息工程大学03,经管商贸,经管商贸组,低,同族,110603,物流管理与工程类、工商管理类
历史|本科批|南京信息工程大学|南京信息工程大学04,文法教育,文新外语组,低,同族,110604,中国语言文学类、外国语言文学类
历史|本科批|南京信息工程大学|南京信息工程大学05,文法教育,中文组,低,同族,110605,中国语言文学类
历史|本科批|南京信息工程大学|南京信息工程大学06,经管商贸,经贸组,低,同族,110606,经济与贸易类
物理|提前本科批|南京信息工程大学|南京信息工程大学07,经管商贸,物流组,低,同族,110607,物流管理与工程类
物理|提前本科批|南京信息工程大学|南京信息工程大学08,带电工科,计算机电子组,低,同族,110608,电子信息类、计算机类
物理|提前本科批|南京信息工程大学|南京信息工程大学09,生环食品、农林动物,生环食品组（含植物生产）,低,相近混合,110609,生物科学类、植物生产类
物理|提前本科批|南京信息工程大学|南京信息工程大学10,地矿安全,地球物理组,中,同族,110610,地球物理学类
物理|提前本科批|南京信息工程大学|南京信息工程大学11,理学基础,地理科学组,低,同族,110611,地理科学类
物理|提前本科批|南京信息工程大学|南京信息工程大学12,土建测绘,测绘组,中,同族,110612,测绘类
物理|提前本科批|南京信息工程大学|南京信息工程大学13,土建测绘,水利组,中,同族,110613,水利类
物理|提前本科批|南京信息工程大学|南京信息工程大学14,理学基础,海洋科学组,低,同族,110614,海洋科学类
物理|提前本科批|南京信息工程大学|南京信息工程大学15,生环食品,环境组,中,同族,110615,环境科学与工程类
物理|提前本科批|南京信息工程大学|南京信息工程大学16,经管商贸,管工组,低,同族,110616,管理科学与工程类
物理|本科批|南京信息工程大学|南京信息工程大学17,理学基础,大气科学组,低,同族,110617,大气科学类
物理|本科批|南京信息工程大学|南京信息工程大学18,带电工科,电子信息组,低,同族,110618,电子信息类
物理|本科批|南京信息工程大学|南京信息工程大学19,理学基础,大气科学组,低,同族,110619,大气科学类
物理|本科批|南京信息工程大学|南京信息工程大学20,理学基础,地理科学组,低,同族,110620,地理科学类
物理|本科批|南京信息工程大学|南京信息工程大学21,土建测绘,测绘组,中,同族,110621,测绘类
物理|本科批|南京信息工程大学|南京信息工程大学22,理学基础,海洋科学组,低,同族,110622,海洋科学类
物理|本科批|南京信息工程大学|南京信息工程大学23,生环食品,环境组,中,同族,110623,环境科学与工程类
物理|本科批|南京信息工程大学|南京信息工程大学24,带电工科、机械能源、试验班,带电+机械组,低,相近混合,110624,电气类、仪器类、自动化类、交叉学科类
物理|本科批|南京信息工程大学|南京信息工程大学25,带电工科,计算机电子组,低,同族,110625,电子信息类、计算机类
物理|本科批|南京信息工程大学|南京信息工程大学26,带电工科,电子信息组,低,同族,110626,电子信息类
物理|本科批|南京信息工程大学|南京信息工程大学27,带电工科,电子信息组,低,同族,110627,电子信息类
物理|本科批|南京信息工程大学|南京信息工程大学28,带电工科,计算机组,低,同族,110628,计算机类
物理|本科批|南京信息工程大学|南京信息工程大学29,带电工科,计算机组,低,同族,110629,计算机类
物理|本科批|南京信息工程大学|南京信息工程大学30,理学基础,数理基础组,低,同族,110630,数学类、统计学类
物理|本科批|南京信息工程大学|南京信息工程大学31,带电工科、理学基础,带电+理学组,低,相近混合,110631,电子信息类、物理学类
物理|本科批|南京信息工程大学|南京信息工程大学32,化材药,材料组,低,同族,110632,材料类
物理|本科批|南京信息工程大学|南京信息工程大学33,经管商贸,管工组,低,同族,110633,管理科学与工程类
物理|本科批|南京信息工程大学|南京信息工程大学34,理学基础、化材药,理学基础组（含化学）,低,相近混合,110634,数学类、物理学类、化学类
物理|本科批|南京信息工程大学|南京信息工程大学35,经管商贸,经管商贸组,低,同族,110635,金融学类、管理科学与工程类、经济学类
物理|本科批|南京信息工程大学|南京信息工程大学36,经管商贸,经管商贸组,低,同族,110636,物流管理与工程类、工商管理类
物理|本科批|南京信息工程大学|南京信息工程大学37,理学基础、带电工科,理学+带电组,低,相近混合,110637,大气科学类、地理科学类、计算机类、数学类
物理|本科批|南京信息工程大学|南京信息工程大学38,化材药,化学组,低,同族,110638,化学类
物理|本科批|南京信息工程大学|南京信息工程大学39,生环食品,环境组,中,同族,110639,环境科学与工程类
物理|本科批|南京信息工程大学|南京信息工程大学40,带电工科,带电工科组,低,同族,110640,计算机类、电子信息类、电气类
历史|提前本科批|南京农业大学|南京农业大学01,土建测绘、经管商贸、文法教育,文法教育组（含建筑/工商管理）,中,跨界混合,110701,建筑类、工商管理类、外国语言文学类、历史学类
历史|本科批|南京农业大学|南京农业大学02,土建测绘、经管商贸、文法教育,工管/文混合组（夹建筑）,高,大杂烩,110702,建筑类、经济与贸易类、农业经济管理类、工商管理类、公共管理类、外国语言文学类、社会学类、历史学类、金融学类
历史|本科批|南京农业大学|南京农业大学03,理学基础,地理科学组,低,同族,110703,地理科学类
物理|提前本科批|南京农业大学|南京农业大学04,农林动物,植物生产组,低,同族,110704,植物生产类
物理|提前本科批|南京农业大学|南京农业大学05,经管商贸、机械能源,经管+机械混合组,低,跨界混合,110705,物流管理与工程类、管理科学与工程类、工业工程类
物理|提前本科批|南京农业大学|南京农业大学06,生环食品、农林动物,农林动物组（含环境）,中,相近混合,110706,环境科学与工程类、植物生产类、动物生产类、水产类、草学类、农业工程类
物理|提前本科批|南京农业大学|南京农业大学07,农林动物,林学组,低,同族,110707,林学类
物理|本科批|南京农业大学|南京农业大学08,农林动物、生环食品,农林动物组（含食品工程）,中,相近混合,110708,植物生产类、自然保护与环境生态类、动物生产类、动物医学类、食品科学与工程类、农业工程类
物理|本科批|南京农业大学|南京农业大学09,理学基础、化材药、机械能源、农林动物、带电工科,大理工组（夹化学/农业工程）,中,大杂烩,110709,数学类、化学类、统计学类、机械类、农业工程类、能源动力类、电子信息类、计算机类
物理|本科批|南京农业大学|南京农业大学10,农林动物、生环食品,生环食品组（含植物生产/动物医学）,中,相近混合,110710,植物生产类、环境科学与工程类、动物医学类、食品科学与工程类、生物科学类
物理|本科批|南京农业大学|南京农业大学11,经管商贸,经管商贸组,中,同族,110711,农业经济管理类、经济学类、金融学类、工商管理类、管理科学与工程类、图书情报与档案管理类
物理|本科批|南京农业大学|南京农业大学12,生环食品,食品工程组,低,同族,110712,食品科学与工程类
物理|本科批|南京农业大学|南京农业大学13,理学基础、机械能源、带电工科,带电+理学+机械组,中,相近混合,110713,统计学类、机械类、计算机类
历史|提前本科批|南京师范大学|南京师范大学01,艺术传媒,戏剧影视组,低,同族,110801,戏剧与影视学类
历史|提前本科批|南京师范大学|南京师范大学02,文法教育,马理论组,低,同族,110802,马克思主义理论类
历史|提前本科批|南京师范大学|南京师范大学03,文法教育,文法教育组,低,同族,110803,新闻传播学类、历史学类
历史|提前本科批|南京师范大学|南京师范大学04,文法教育、经管商贸,文商组（夹工商管理/公管）,中,大杂烩,110804,中国语言文学类、工商管理类、社会学类、公共管理类、经济学类、金融学类、教育学类、心理学类、外国语言文学类、历史学类
历史|提前本科批|南京师范大学|南京师范大学05,理学基础,地理科学组,低,同族,110805,地理科学类
历史|本科批|南京师范大学|南京师范大学06,文法教育,法学组,低,同族,110806,法学类
历史|本科批|南京师范大学|南京师范大学07,文法教育,文法教育组,低,同族,110807,中国语言文学类、外国语言文学类、历史学类、教育学类
历史|本科批|南京师范大学|南京师范大学08,文法教育、经管商贸,文商组（夹工商管理）,中,大杂烩,110808,中国语言文学类、工商管理类、社会学类、哲学类、经济学类、金融学类、法学类、教育学类、心理学类、外国语言文学类、新闻传播学类、历史学类
历史|本科批|南京师范大学|南京师范大学09,文法教育,外语组,低,同族,110809,外国语言文学类
历史|本科批|南京师范大学|南京师范大学10,经管商贸,工商管理组,低,同族,110810,工商管理类
历史|本科批|南京师范大学|南京师范大学11,文法教育,马理论组,低,同族,110811,马克思主义理论类
历史|本科批|南京师范大学|南京师范大学12,理学基础,地理科学组,低,同族,110812,地理科学类
物理|提前本科批|南京师范大学|南京师范大学13,艺术传媒,戏剧影视组,低,同族,110813,戏剧与影视学类
物理|提前本科批|南京师范大学|南京师范大学14,带电工科、机械能源,带电+机械组,低,相近混合,110814,电子信息类、能源动力类
物理|提前本科批|南京师范大学|南京师范大学15,经管商贸、文法教育,经管+文法组,中,相近混合,110815,公共管理类、管理科学与工程类、金融学类、工商管理类、教育学类、心理学类、外国语言文学类
物理|提前本科批|南京师范大学|南京师范大学16,理学基础、化材药、土建测绘、生环食品、带电工科,大理工组（夹化学/材料/测绘）,高,大杂烩,110816,统计学类、物理学类、化学类、材料类、测绘类、生物科学类、自动化类、电子信息类、环境科学与工程类、海洋科学类、食品科学与工程类、生物工程类
物理|提前本科批|南京师范大学|南京师范大学17,理学基础,地理科学组,低,同族,110817,地理科学类
物理|本科批|南京师范大学|南京师范大学18,经管商贸,金融组,低,同族,110818,金融学类
物理|本科批|南京师范大学|南京师范大学19,文法教育,法学组,低,同族,110819,法学类
物理|本科批|南京师范大学|南京师范大学20,文法教育,心理组,低,同族,110820,心理学类
物理|本科批|南京师范大学|南京师范大学21,理学基础,地理科学组,低,同族,110821,地理科学类
物理|本科批|南京师范大学|南京师范大学22,生环食品,生物科学组,低,同族,110822,生物科学类
物理|本科批|南京师范大学|南京师范大学23,机械能源,能源动力组,低,同族,110823,能源动力类
物理|本科批|南京师范大学|南京师范大学24,生环食品,生物工程组,低,同族,110824,生物工程类
物理|本科批|南京师范大学|南京师范大学25,经管商贸、文法教育,文商组（夹工商管理）,中,大杂烩,110825,工商管理类、经济学类、金融学类、法学类、教育学类、心理学类、中国语言文学类、外国语言文学类
物理|本科批|南京师范大学|南京师范大学26,经管商贸,金融组,低,同族,110826,金融学类
物理|本科批|南京师范大学|南京师范大学27,经管商贸,工商管理组,低,同族,110827,工商管理类
物理|本科批|南京师范大学|南京师范大学28,带电工科、机械能源、生环食品,带电工科组（夹食品工程/生物工程）,中,跨界混合,110828,电气类、能源动力类、自动化类、食品科学与工程类、生物工程类
物理|本科批|南京师范大学|南京师范大学29,带电工科,带电工科组,低,同族,110829,电子信息类、自动化类、计算机类
物理|本科批|南京师范大学|南京师范大学30,理学基础、化材药、生环食品,理学基础组（含化学/生物科学）,中,相近混合,110830,数学类、物理学类、化学类、生物科学类
物理|本科批|南京师范大学|南京师范大学31,理学基础、化材药、生环食品,理学基础组（含化学/生物科学）,中,相近混合,110831,数学类、统计学类、物理学类、化学类、生物科学类
物理|本科批|南京师范大学|南京师范大学32,带电工科、生环食品,带电工科组（夹环境）,高,冷热混放,110832,计算机类、环境科学与工程类
物理|本科批|南京师范大学|南京师范大学33,带电工科,电气组,低,同族,110833,电气类
物理|本科批|南京师范大学|南京师范大学34,带电工科,计算机组,低,同族,110834,计算机类
物理|本科批|南京师范大学|南京师范大学35,理学基础,海洋科学组,低,同族,110835,海洋科学类
物理|本科批|南京师范大学|南京师范大学36,理学基础,地理科学组,低,同族,110836,地理科学类
历史|本科批|中国药科大学|中国药科大学01,试验班、文法教育,文法组,低,同族,110901,经济管理试验班类、外国语言文学类
物理|提前本科批|中国药科大学|中国药科大学02,化材药、生环食品,化材药组（含生物科学）,低,相近混合,110902,中药学类、生物科学类、药学类、化工与制药类
物理|本科批|中国药科大学|中国药科大学03,化材药、试验班,化材药组,低,同族,110903,药学类、中药学类、交叉学科类、化工与制药类
物理|本科批|中国药科大学|中国药科大学04,化材药,药学组,低,同族,110904,药学类
物理|本科批|中国药科大学|中国药科大学05,化材药、生环食品、医药护理、理学基础,大理工组,中,大杂烩,110905,药学类、生物工程类、生物科学类、生物医学工程类、统计学类
物理|本科批|中国药科大学|中国药科大学06,化材药,药学组,低,同族,110906,药学类
物理|本科批|中国药科大学|中国药科大学07,化材药,药学组,低,同族,110907,药学类
历史|提前本科批|南京工业大学|南京工业大学01,经管商贸、文法教育,经管+文法组,低,相近混合,111001,工商管理类、金融学类、外国语言文学类
历史|本科批|南京工业大学|南京工业大学02,文法教育、经管商贸、土建测绘,经管商贸组（夹建筑）,高,冷热混放,111002,法学类、工商管理类、金融学类、中国语言文学类、公共管理类、外国语言文学类、建筑类
物理|提前本科批|南京工业大学|南京工业大学03,经管商贸,管工组,低,同族,111003,管理科学与工程类
物理|提前本科批|南京工业大学|南京工业大学04,带电工科、土建测绘、机械能源、化材药、地矿安全、生环食品、交通航空,大理工组（夹测绘/化工制药/安全工程/化学等）,高,大杂烩,111004,电气类、自动化类、计算机类、电子信息类、测绘类、能源动力类、化工与制药类、安全科学与工程类、化学类、生物工程类、材料类、药学类、交通运输类、机械类
物理|本科批|南京工业大学|南京工业大学05,经管商贸、文法教育、机械能源、土建测绘,工管/文混合组（夹建筑）,高,大杂烩,111005,工商管理类、法学类、金融学类、管理科学与工程类、工业工程类、建筑类
物理|本科批|南京工业大学|南京工业大学06,化材药、带电工科、生环食品,化材药组（夹生物工程）,中,跨界混合,111006,化工与制药类、电子信息类、自动化类、材料类、化学类、生物工程类
物理|本科批|南京工业大学|南京工业大学07,带电工科、机械能源、土建测绘,带电工科组（夹测绘）,高,冷热混放,111007,电气类、自动化类、仪器类、测绘类
物理|本科批|南京工业大学|南京工业大学08,带电工科、理学基础、土建测绘,带电工科组（夹测绘）,高,冷热混放,111008,计算机类、电子信息类、数学类、测绘类
物理|本科批|南京工业大学|南京工业大学09,机械能源、化材药、地矿安全、土建测绘,大理工组（夹材料/安全工程/土木）,高,大杂烩,111009,能源动力类、材料类、安全科学与工程类、机械类、土木类
物理|本科批|南京工业大学|南京工业大学10,化材药、带电工科、理学基础,带电工科组（夹材料）,中,跨界混合,111010,材料类、电子信息类、物理学类
物理|本科批|南京工业大学|南京工业大学11,化材药、生环食品、地矿安全、军警安全,大理工组（含环境/安全工程）,高,大杂烩,111011,化工与制药类、化学类、环境科学与工程类、安全科学与工程类、公安技术类
物理|本科批|南京工业大学|南京工业大学12,化材药、生环食品、地矿安全,化材药组（含生物工程/食品工程/安全工程）,中,跨界混合,111012,化学类、生物工程类、化工与制药类、药学类、食品科学与工程类、安全科学与工程类
物理|本科批|南京工业大学|南京工业大学13,土建测绘、机械能源、交通航空、理学基础,大理工组（夹土木）,高,大杂烩,111013,土木类、机械类、交通运输类、力学类
物理|本科批|南京工业大学|南京工业大学14,带电工科,电气组,低,同族,111014,电气类
物理|本科批|南京工业大学|南京工业大学15,带电工科、化材药,化材药+带电混合组,低,跨界混合,111015,自动化类、化工与制药类、材料类
物理|本科批|南京工业大学|南京工业大学16,带电工科、机械能源、化材药,带电工科组（夹化工制药）,中,跨界混合,111016,电子信息类、机械类、化工与制药类
历史|提前本科批|南京邮电大学|南京邮电大学01,文法教育、经管商贸,文法教育组（含工商管理）,低,相近混合,111101,新闻传播学类、工商管理类、社会学类、外国语言文学类
历史|本科批|南京邮电大学|南京邮电大学02,经管商贸、文法教育,经管+文法组,中,相近混合,111102,物流管理与工程类、公共管理类、工商管理类、社会学类、新闻传播学类、外国语言文学类
物理|提前本科批|南京邮电大学|南京邮电大学03,经管商贸、文法教育,经管+文法组,低,相近混合,111103,经济学类、金融学类、教育学类
物理|提前本科批|南京邮电大学|南京邮电大学04,机械能源、化材药、理学基础、带电工科、交通航空,大理工组（夹材料/化学）,中,大杂烩,111104,仪器类、材料类、化学类、地理科学类、物理学类、统计学类、自动化类、交通运输类、计算机类
物理|本科批|南京邮电大学|南京邮电大学05,经管商贸,经管商贸组,低,同族,111105,物流管理与工程类、管理科学与工程类
物理|本科批|南京邮电大学|南京邮电大学06,带电工科,电子信息组,低,同族,111106,电子信息类
物理|本科批|南京邮电大学|南京邮电大学07,带电工科、试验班、理学基础,带电+理学组,低,相近混合,111107,电子信息类、交叉学科类、物理学类
物理|本科批|南京邮电大学|南京邮电大学08,带电工科、理学基础,带电+理学组,低,相近混合,111108,计算机类、数学类
物理|本科批|南京邮电大学|南京邮电大学09,带电工科、机械能源,带电+机械组,低,相近混合,111109,电子信息类、自动化类、电气类、仪器类
物理|本科批|南京邮电大学|南京邮电大学10,带电工科、医药护理,带电+医药混合组,低,跨界混合,111110,计算机类、生物医学工程类
历史|本科批|南京医科大学|南京医科大学01,经管商贸,公管组,低,同族,111201,公共管理类
历史|本科批|南京医科大学|南京医科大学02,文法教育,外语组,低,同族,111202,外国语言文学类
物理|提前本科批|南京医科大学|南京医科大学03,医药护理,临床口腔组,低,同族,111203,临床医学类、口腔医学类
物理|提前本科批|南京医科大学|南京医科大学04,医药护理,临床口腔组,低,同族,111204,临床医学类、口腔医学类
物理|本科批|南京医科大学|南京医科大学05,经管商贸,公管组,低,同族,111205,公共管理类
物理|本科批|南京医科大学|南京医科大学06,文法教育,外语组,低,同族,111206,外国语言文学类
物理|本科批|南京医科大学|南京医科大学07,医药护理、理学基础,医药+理学混合组,低,跨界混合,111207,医学技术类、统计学类
物理|本科批|南京医科大学|南京医科大学08,化材药,药学组,低,同族,111208,药学类
物理|本科批|南京医科大学|南京医科大学09,医药护理,护理组,中,同族,111209,护理学类
物理|本科批|南京医科大学|南京医科大学10,医药护理,生医工程组,低,同族,111210,生物医学工程类
物理|本科批|南京医科大学|南京医科大学11,试验班、医药护理、生环食品,医药护理组（含生物科学）,低,相近混合,111211,交叉学科类、生物医学工程类、生物科学类
物理|本科批|南京医科大学|南京医科大学12,医药护理,医学技术组,低,同族,111212,医学技术类
物理|本科批|南京医科大学|南京医科大学13,医药护理,公卫组,低,同族,111213,公共卫生与预防医学类
物理|本科批|南京医科大学|南京医科大学14,医药护理,医药护理组,低,同族,111214,基础医学类、法医学类
物理|本科批|南京医科大学|南京医科大学15,化材药,药学组,低,同族,111215,药学类
物理|本科批|南京医科大学|南京医科大学16,医药护理,临床组,低,同族,111216,临床医学类
物理|本科批|南京医科大学|南京医科大学17,医药护理,医药护理组,低,同族,111217,公共卫生与预防医学类、基础医学类
物理|本科批|南京医科大学|南京医科大学18,医药护理,临床口腔组,低,同族,111218,临床医学类、口腔医学类
物理|本科批|南京医科大学|南京医科大学19,医药护理,临床组,低,同族,111219,临床医学类
物理|本科批|南京医科大学|南京医科大学20,医药护理,口腔组,低,同族,111220,口腔医学类
历史|提前本科批|南京中医药大学|南京中医药大学01,医药护理,中医组,低,同族,111301,中医学类
历史|本科批|南京中医药大学|南京中医药大学02,医药护理,中医组,低,同族,111302,中医学类
历史|本科批|南京中医药大学|南京中医药大学03,经管商贸、文法教育,经管+文法组,低,相近混合,111303,公共管理类、心理学类
历史|本科批|南京中医药大学|南京中医药大学04,经管商贸,公管组,低,同族,111304,公共管理类
物理|提前本科批|南京中医药大学|南京中医药大学05,医药护理,中医组,低,同族,111305,中医学类
物理|提前本科批|南京中医药大学|南京中医药大学06,化材药、医药护理,医药+化材药组,低,相近混合,111306,中药学类、医学技术类
物理|提前本科批|南京中医药大学|南京中医药大学07,医药护理,护理组,中,同族,111307,护理学类
物理|提前本科批|南京中医药大学|南京中医药大学08,医药护理,中医组,低,同族,111308,中医学类
物理|本科批|南京中医药大学|南京中医药大学09,医药护理,中医组,低,同族,111309,中医学类
物理|本科批|南京中医药大学|南京中医药大学10,医药护理,中医组,低,同族,111310,中医学类
物理|本科批|南京中医药大学|南京中医药大学11,医药护理,中医组,低,同族,111311,中医学类
物理|本科批|南京中医药大学|南京中医药大学12,经管商贸、文法教育,经管+文法组,低,相近混合,111312,管理科学与工程类、公共管理类、心理学类
物理|本科批|南京中医药大学|南京中医药大学13,经管商贸,公管组,低,同族,111313,公共管理类
物理|本科批|南京中医药大学|南京中医药大学14,医药护理,中西医组,低,同族,111314,中西医结合类
物理|本科批|南京中医药大学|南京中医药大学15,化材药,中药学组,低,同族,111315,中药学类
物理|本科批|南京中医药大学|南京中医药大学16,医药护理,医药护理组,低,同族,111316,中西医结合类、临床医学类
物理|本科批|南京中医药大学|南京中医药大学17,化材药、医药护理、带电工科,带电工科组（夹医学技术/护理）,高,冷热混放,111317,中药学类、药学类、医学技术类、护理学类、计算机类、电子信息类
物理|本科批|南京中医药大学|南京中医药大学18,化材药、生环食品,生环+化材药组,低,相近混合,111318,药学类、生物工程类、食品科学与工程类
物理|本科批|南京中医药大学|南京中医药大学19,化材药、带电工科,带电+化材药混合组,低,跨界混合,111319,药学类、电子信息类
物理|本科批|南京中医药大学|南京中医药大学20,生环食品、医药护理,医药护理组（含生物工程）,低,相近混合,111320,生物工程类、医学技术类
历史|本科批|南京工程学院|南京工程学院01,经管商贸、文法教育、艺术传媒,经管+文法+艺术组,中,跨界混合,111401,工商管理类、物流管理与工程类、外国语言文学类、艺术学理论类
物理|本科批|南京工程学院|南京工程学院02,经管商贸、文法教育,经管+文法组,低,相近混合,111402,工商管理类、经济学类、物流管理与工程类、管理科学与工程类、外国语言文学类
物理|本科批|南京工程学院|南京工程学院03,带电工科、机械能源、理学基础,带电+机械+理学组,中,相近混合,111403,电气类、能源动力类、计算机类、电子信息类、物理学类
物理|本科批|南京工程学院|南京工程学院04,机械能源、土建测绘、交通航空、生环食品、化材药,大理工组（夹土木/建筑/环境/化工制药）,高,大杂烩,111404,能源动力类、核工程类、土木类、建筑类、交通运输类、环境科学与工程类、化工与制药类
物理|本科批|南京工程学院|南京工程学院05,机械能源、化材药、带电工科、土建测绘、理学基础,大理工组（夹材料/土木）,高,大杂烩,111405,机械类、材料类、自动化类、电子信息类、仪器类、土木类、数学类
物理|本科批|南京工程学院|南京工程学院06,带电工科,电气组,低,同族,111406,电气类
物理|本科批|南京工程学院|南京工程学院07,带电工科、土建测绘、生环食品,带电工科组（夹土木/环境）,高,冷热混放,111407,计算机类、土木类、环境科学与工程类
历史|本科批|南京林业大学|南京林业大学01,文法教育、土建测绘,文法教育组（夹建筑）,高,冷热混放,111501,中国语言文学类、新闻传播学类、建筑类、外国语言文学类、法学类
历史|本科批|南京林业大学|南京林业大学02,文法教育、土建测绘,文法教育组（夹建筑）,高,冷热混放,111502,中国语言文学类、新闻传播学类、建筑类、外国语言文学类、法学类
物理|提前本科批|南京林业大学|南京林业大学03,农林动物、机械能源、化材药、土建测绘,大理工组（夹林业工程/材料/土木）,高,大杂烩,111503,林业工程类、机械类、材料类、土木类
物理|本科批|南京林业大学|南京林业大学04,经管商贸、土建测绘,经管商贸组（夹建筑）,高,冷热混放,111504,管理科学与工程类、工商管理类、金融学类、农业经济管理类、经济学类、建筑类
物理|本科批|南京林业大学|南京林业大学05,经管商贸、土建测绘,经管商贸组（夹建筑）,高,冷热混放,111505,管理科学与工程类、工商管理类、金融学类、农业经济管理类、经济学类、建筑类
物理|本科批|南京林业大学|南京林业大学06,农林动物、生环食品,农林动物组（含生物科学）,低,相近混合,111506,林学类、林业工程类、生物科学类
物理|本科批|南京林业大学|南京林业大学07,带电工科,带电工科组,低,同族,111507,计算机类、电气类、电子信息类
物理|本科批|南京林业大学|南京林业大学08,机械能源、带电工科、试验班,带电+机械组,低,相近混合,111508,机械类、自动化类、交叉学科类
物理|本科批|南京林业大学|南京林业大学09,农林动物、生环食品,农林动物组（含生物科学）,低,相近混合,111509,林学类、植物生产类、自然保护与环境生态类、生物科学类
物理|本科批|南京林业大学|南京林业大学10,农林动物、生环食品,生环食品组（含植物生产/自然保护）,中,相近混合,111510,植物生产类、环境科学与工程类、生物科学类、自然保护与环境生态类
物理|本科批|南京林业大学|南京林业大学11,生环食品、化材药,化材药组（含生物工程/食品工程）,低,相近混合,111511,生物工程类、化工与制药类、化学类、食品科学与工程类
物理|本科批|南京林业大学|南京林业大学12,理学基础、化材药、农林动物、机械能源,大理工组（夹材料/林业工程）,中,大杂烩,111512,地理科学类、材料类、林业工程类、机械类
物理|本科批|南京林业大学|南京林业大学13,机械能源、土建测绘、交通航空,土建测绘+机械+交通组,中,相近混合,111513,能源动力类、土木类、测绘类、交通运输类
物理|本科批|南京林业大学|南京林业大学14,带电工科,带电工科组,低,同族,111514,计算机类、电气类、电子信息类
物理|本科批|南京林业大学|南京林业大学15,机械能源、带电工科、理学基础,带电+机械+理学组,中,相近混合,111515,机械类、自动化类、数学类
物理|本科批|南京林业大学|南京林业大学16,生环食品、化材药、农林动物,生环食品组（含化工制药/林业工程）,中,跨界混合,111516,生物工程类、化工与制药类、林业工程类、轻工类、食品科学与工程类
物理|本科批|南京林业大学|南京林业大学17,机械能源、化材药、交通航空,机械能源组（含材料）,中,跨界混合,111517,能源动力类、材料类、机械类、交通运输类
物理|本科批|南京林业大学|南京林业大学18,农林动物,农林动物组,低,同族,111518,林学类、林业工程类
历史|本科批|南京财经大学|南京财经大学01,经管商贸,财政组,低,同族,111601,财政学类
历史|本科批|南京财经大学|南京财经大学02,经管商贸,经济组,低,同族,111602,经济学类
历史|本科批|南京财经大学|南京财经大学03,经管商贸,工商管理组,低,同族,111603,工商管理类
历史|本科批|南京财经大学|南京财经大学04,经管商贸,经管商贸组,中,同族,111604,经济学类、财政学类、金融学类、经济与贸易类、工商管理类、公共管理类
历史|本科批|南京财经大学|南京财经大学05,文法教育,文法教育组,低,同族,111605,法学类、社会学类、外国语言文学类、中国语言文学类、新闻传播学类
历史|本科批|南京财经大学|南京财经大学06,经管商贸,经管商贸组,低,同族,111606,工商管理类、物流管理与工程类
历史|本科批|南京财经大学|南京财经大学07,经管商贸,工商管理组,低,同族,111607,工商管理类
物理|本科批|南京财经大学|南京财经大学08,经管商贸,经管商贸组,低,同族,111608,财政学类、工商管理类
物理|本科批|南京财经大学|南京财经大学09,经管商贸,经济组,低,同族,111609,经济学类
物理|本科批|南京财经大学|南京财经大学10,经管商贸,工商管理组,低,同族,111610,工商管理类
物理|本科批|南京财经大学|南京财经大学11,经管商贸、机械能源,工管/文混合组（含电商/工商管理/旅游管理）,高,大杂烩,111611,经济学类、财政学类、金融学类、经济与贸易类、电子商务类、工商管理类、旅游管理类、管理科学与工程类、工业工程类
物理|本科批|南京财经大学|南京财经大学12,文法教育,文法教育组,低,同族,111612,法学类、中国语言文学类、外国语言文学类、新闻传播学类
物理|本科批|南京财经大学|南京财经大学13,经管商贸,经管商贸组,低,同族,111613,经济学类、金融学类、管理科学与工程类
物理|本科批|南京财经大学|南京财经大学14,经管商贸,经管商贸组,低,同族,111614,工商管理类、物流管理与工程类、经济学类
物理|本科批|南京财经大学|南京财经大学15,经管商贸,工商管理组,低,同族,111615,工商管理类
物理|本科批|南京财经大学|南京财经大学16,带电工科,计算机组,低,同族,111616,计算机类
物理|本科批|南京财经大学|南京财经大学17,带电工科、理学基础,带电+理学组,低,相近混合,111617,计算机类、电子信息类、数学类
物理|本科批|南京财经大学|南京财经大学18,生环食品,食品工程组,低,同族,111618,食品科学与工程类
历史|本科批|南京体育学院|南京体育学院01,文法教育,新闻传播组,低,同族,111701,新闻传播学类
历史|本科批|南京体育学院|南京体育学院02,经管商贸,工商管理组,低,同族,111702,工商管理类
历史|本科批|南京体育学院|南京体育学院03,经管商贸,工商管理组,低,同族,111703,工商管理类
物理|本科批|南京体育学院|南京体育学院04,经管商贸,工商管理组,低,同族,111704,工商管理类
物理|本科批|南京体育学院|南京体育学院05,经管商贸,工商管理组,低,同族,111705,工商管理类
物理|本科批|南京体育学院|南京体育学院06,医药护理,医学技术组,低,同族,111706,医学技术类
物理|本科批|南京体育学院|南京体育学院07,文法教育,体育组,低,同族,111707,体育学类
历史|本科批|南京艺术学院|南京艺术学院01,艺术传媒、经管商贸,艺术传媒组（含工商管理）,低,跨界混合,111801,美术学类、设计学类、戏剧与影视学类、艺术学理论类、工商管理类
物理|本科批|南京艺术学院|南京艺术学院02,艺术传媒、经管商贸,艺术传媒组（含工商管理）,低,跨界混合,111802,戏剧与影视学类、美术学类、工商管理类
物理|本科批|南京艺术学院|南京艺术学院03,机械能源,机械组,低,同族,111803,机械类
历史|本科批|南京审计大学|南京审计大学01,经管商贸,工商管理组,低,同族,111901,工商管理类
历史|本科批|南京审计大学|南京审计大学02,经管商贸,工商管理组,低,同族,111902,工商管理类
历史|本科批|南京审计大学|南京审计大学03,经管商贸,工商管理组,低,同族,111903,工商管理类
历史|本科批|南京审计大学|南京审计大学04,经管商贸、文法教育,文商组,中,大杂烩,111904,工商管理类、金融学类、财政学类、法学类、电子商务类、中国语言文学类、外国语言文学类、经济与贸易类、公共管理类
历史|本科批|南京审计大学|南京审计大学05,经管商贸,工商管理组,低,同族,111905,工商管理类
历史|本科批|南京审计大学|南京审计大学06,经管商贸,工商管理组,低,同族,111906,工商管理类
历史|本科批|南京审计大学|南京审计大学07,经管商贸,经济组,低,同族,111907,经济学类
历史|本科批|南京审计大学|南京审计大学08,经管商贸,金融组,低,同族,111908,金融学类
物理|本科批|南京审计大学|南京审计大学09,经管商贸,工商管理组,低,同族,111909,工商管理类
物理|本科批|南京审计大学|南京审计大学10,经管商贸,工商管理组,低,同族,111910,工商管理类
物理|本科批|南京审计大学|南京审计大学11,经管商贸,工商管理组,低,同族,111911,工商管理类
物理|本科批|南京审计大学|南京审计大学12,经管商贸、文法教育,文商组,中,大杂烩,111912,工商管理类、经济学类、金融学类、法学类、财政学类、管理科学与工程类、公共管理类、物流管理与工程类、电子商务类、经济与贸易类
物理|本科批|南京审计大学|南京审计大学13,经管商贸,工商管理组,低,同族,111913,工商管理类
物理|本科批|南京审计大学|南京审计大学14,经管商贸,经管商贸组,低,同族,111914,工商管理类、金融学类、管理科学与工程类
物理|本科批|南京审计大学|南京审计大学15,经管商贸,经济组,低,同族,111915,经济学类
物理|本科批|南京审计大学|南京审计大学16,经管商贸,经济组,低,同族,111916,经济学类
物理|本科批|南京审计大学|南京审计大学17,经管商贸,金融组,低,同族,111917,金融学类
物理|本科批|南京审计大学|南京审计大学18,经管商贸、理学基础、带电工科,带电+经管+理学组,中,跨界混合,111918,管理科学与工程类、统计学类、计算机类、电子信息类、数学类
历史|本科批|南京晓庄学院|南京晓庄学院01,文法教育,文法教育组,低,同族,112001,教育学类、心理学类、中国语言文学类、外国语言文学类、历史学类
历史|本科批|南京晓庄学院|南京晓庄学院02,文法教育、经管商贸,经管+文法组,中,相近混合,112002,中国语言文学类、外国语言文学类、新闻传播学类、金融学类、经济与贸易类、工商管理类、物流管理与工程类
历史|本科批|南京晓庄学院|南京晓庄学院03,文法教育、经管商贸,文法教育组（含旅游管理）,中,相近混合,112003,历史学类、社会学类、旅游管理类、教育学类
历史|本科批|南京晓庄学院|南京晓庄学院04,艺术传媒,戏剧影视组,低,同族,112004,戏剧与影视学类
历史|本科批|南京晓庄学院|南京晓庄学院05,文法教育,马理论组,低,同族,112005,马克思主义理论类
历史|本科批|南京晓庄学院|南京晓庄学院06,理学基础,地理科学组,低,同族,112006,地理科学类
物理|本科批|南京晓庄学院|南京晓庄学院07,文法教育,文法教育组,低,同族,112007,教育学类、心理学类、中国语言文学类、外国语言文学类、历史学类
物理|本科批|南京晓庄学院|南京晓庄学院08,文法教育、经管商贸,文商组,中,大杂烩,112008,中国语言文学类、外国语言文学类、新闻传播学类、金融学类、经济与贸易类、经济学类、工商管理类、物流管理与工程类
物理|本科批|南京晓庄学院|南京晓庄学院09,文法教育、经管商贸,文法教育组（含旅游管理）,中,相近混合,112009,历史学类、社会学类、旅游管理类、教育学类
物理|本科批|南京晓庄学院|南京晓庄学院10,艺术传媒,戏剧影视组,低,同族,112010,戏剧与影视学类
物理|本科批|南京晓庄学院|南京晓庄学院11,理学基础、化材药、生环食品,理学基础组（含化学/生物科学）,中,相近混合,112011,数学类、物理学类、化学类、生物科学类
物理|本科批|南京晓庄学院|南京晓庄学院12,带电工科,带电工科组,低,同族,112012,计算机类、电子信息类、自动化类
物理|本科批|南京晓庄学院|南京晓庄学院13,化材药、生环食品,生环食品组（含化学/材料）,中,相近混合,112013,化学类、食品科学与工程类、生物科学类、材料类、环境科学与工程类
物理|本科批|南京晓庄学院|南京晓庄学院14,文法教育,马理论组,低,同族,112014,马克思主义理论类
物理|本科批|南京晓庄学院|南京晓庄学院15,理学基础,地理科学组,低,同族,112015,地理科学类
历史|提前本科批|江苏警官学院|江苏警官学院01,军警安全,公安学组,低,同族,112201,公安学类
历史|提前本科批|江苏警官学院|江苏警官学院02,军警安全,公安学组,低,同族,112202,公安学类
历史|本科批|江苏警官学院|江苏警官学院03,文法教育,法学组,低,同族,112203,法学类
物理|提前本科批|江苏警官学院|江苏警官学院04,军警安全,公安技术组,低,同族,112204,公安技术类
物理|提前本科批|江苏警官学院|江苏警官学院05,军警安全,公安技术组,低,同族,112205,公安技术类
物理|提前本科批|江苏警官学院|江苏警官学院06,军警安全,公安学组,低,同族,112206,公安学类
物理|提前本科批|江苏警官学院|江苏警官学院07,军警安全,公安学组,低,同族,112207,公安学类
物理|本科批|江苏警官学院|江苏警官学院08,文法教育,法学组,低,同族,112208,法学类
历史|本科批|金陵科技学院|金陵科技学院01,经管商贸、文法教育,经管+文法组,低,相近混合,112801,工商管理类、金融学类、物流管理与工程类、经济与贸易类、外国语言文学类
历史|本科批|金陵科技学院|金陵科技学院02,文法教育、经管商贸,经管+文法组,中,相近混合,112802,新闻传播学类、公共管理类、中国语言文学类、旅游管理类
历史|本科批|金陵科技学院|金陵科技学院03,经管商贸,工商管理组,低,同族,112803,工商管理类
物理|本科批|金陵科技学院|金陵科技学院04,经管商贸、文法教育、土建测绘,工管/文混合组（夹建筑）,高,大杂烩,112804,工商管理类、金融学类、物流管理与工程类、经济与贸易类、电子商务类、新闻传播学类、中国语言文学类、外国语言文学类、建筑类、管理科学与工程类
物理|本科批|金陵科技学院|金陵科技学院05,经管商贸,工商管理组,低,同族,112805,工商管理类
物理|本科批|金陵科技学院|金陵科技学院06,带电工科、机械能源、理学基础、生环食品,大理工组（夹食品工程）,中,大杂烩,112806,计算机类、电子信息类、自动化类、机械类、电气类、数学类、食品科学与工程类
物理|本科批|金陵科技学院|金陵科技学院07,化材药、医药护理、交通航空、土建测绘,大理工组（含材料/土木）,高,大杂烩,112807,材料类、医学技术类、交通运输类、土木类
物理|本科批|金陵科技学院|金陵科技学院08,农林动物,农林动物组,低,同族,112808,动物医学类、动物生产类、植物生产类
物理|本科批|金陵科技学院|金陵科技学院09,带电工科,计算机电子组,低,同族,112809,计算机类、电子信息类
物理|本科批|金陵科技学院|金陵科技学院10,带电工科、机械能源,带电+机械组,低,相近混合,112810,自动化类、机械类、电气类
物理|本科批|金陵科技学院|金陵科技学院11,农林动物,林学组,低,同族,112811,林学类
历史|本科批|江苏第二师范学院|江苏第二师范学院01,文法教育,文法教育组,低,同族,113101,中国语言文学类、历史学类、教育学类、外国语言文学类
历史|本科批|江苏第二师范学院|江苏第二师范学院02,文法教育,文法教育组,低,同族,113102,中国语言文学类、心理学类、外国语言文学类
历史|本科批|江苏第二师范学院|江苏第二师范学院03,经管商贸,经管商贸组,低,同族,113103,工商管理类、经济与贸易类、金融学类
历史|本科批|江苏第二师范学院|江苏第二师范学院04,经管商贸,工商管理组,低,同族,113104,工商管理类
历史|本科批|江苏第二师范学院|江苏第二师范学院05,文法教育,外语组,低,同族,113105,外国语言文学类
历史|本科批|江苏第二师范学院|江苏第二师范学院06,文法教育,马理论组,低,同族,113106,马克思主义理论类
历史|本科批|江苏第二师范学院|江苏第二师范学院07,理学基础,地理科学组,低,同族,113107,地理科学类
物理|本科批|江苏第二师范学院|江苏第二师范学院08,理学基础、生环食品、化材药,理学基础组（含生物科学/化学）,中,相近混合,113108,数学类、生物科学类、化学类、物理学类
物理|本科批|江苏第二师范学院|江苏第二师范学院09,生环食品、化材药,生环食品组（含化学）,低,相近混合,113109,生物工程类、食品科学与工程类、化学类
物理|本科批|江苏第二师范学院|江苏第二师范学院10,带电工科,计算机组,低,同族,113110,计算机类
物理|本科批|江苏第二师范学院|江苏第二师范学院11,带电工科、理学基础,带电+理学组,低,相近混合,113111,电子信息类、物理学类
物理|本科批|江苏第二师范学院|江苏第二师范学院12,理学基础,数理基础组,低,同族,113112,数学类、统计学类
物理|本科批|江苏第二师范学院|江苏第二师范学院13,带电工科,电子信息组,低,同族,113113,电子信息类
物理|本科批|江苏第二师范学院|江苏第二师范学院14,带电工科,计算机组,低,同族,113114,计算机类
物理|本科批|江苏第二师范学院|江苏第二师范学院15,文法教育,文法教育组,低,同族,113115,教育学类、中国语言文学类、历史学类、外国语言文学类
物理|本科批|江苏第二师范学院|江苏第二师范学院16,文法教育,文法教育组,低,同族,113116,中国语言文学类、心理学类、外国语言文学类
物理|本科批|江苏第二师范学院|江苏第二师范学院17,经管商贸,经管商贸组,低,同族,113117,工商管理类、经济与贸易类、金融学类、经济学类
物理|本科批|江苏第二师范学院|江苏第二师范学院18,经管商贸,工商管理组,低,同族,113118,工商管理类
物理|本科批|江苏第二师范学院|江苏第二师范学院19,文法教育,马理论组,低,同族,113119,马克思主义理论类
物理|本科批|江苏第二师范学院|江苏第二师范学院20,理学基础,地理科学组,低,同族,113120,地理科学类
历史|本科批|南京特殊教育师范学院|南京特殊教育师范学院01,文法教育、经管商贸,文法教育组（夹公管/工商管理）,中,相近混合,113301,教育学类、中国语言文学类、心理学类、公共管理类、工商管理类、外国语言文学类、新闻传播学类
历史|本科批|南京特殊教育师范学院|南京特殊教育师范学院02,文法教育,教育组,低,同族,113302,教育学类
历史|本科批|南京特殊教育师范学院|南京特殊教育师范学院03,文法教育,教育组,低,同族,113303,教育学类
历史|本科批|南京特殊教育师范学院|南京特殊教育师范学院04,文法教育,马理论组,低,同族,113304,马克思主义理论类
物理|本科批|南京特殊教育师范学院|南京特殊教育师范学院05,文法教育、经管商贸,文法教育组（含公管/工商管理）,中,相近混合,113305,教育学类、心理学类、公共管理类、工商管理类、外国语言文学类、新闻传播学类
物理|本科批|南京特殊教育师范学院|南京特殊教育师范学院06,文法教育,教育组,低,同族,113306,教育学类
物理|本科批|南京特殊教育师范学院|南京特殊教育师范学院07,文法教育,教育组,低,同族,113307,教育学类
物理|本科批|南京特殊教育师范学院|南京特殊教育师范学院08,医药护理、带电工科、理学基础,带电工科组（夹医学技术）,中,跨界混合,113308,医学技术类、电子信息类、计算机类、数学类
物理|本科批|南京特殊教育师范学院|南京特殊教育师范学院09,理学基础、带电工科、医药护理,带电工科组（夹医学技术）,中,跨界混合,113309,数学类、计算机类、医学技术类
物理|本科批|南京特殊教育师范学院|南京特殊教育师范学院10,医药护理,医学技术组,低,同族,113310,医学技术类
物理|本科批|南京特殊教育师范学院|南京特殊教育师范学院11,文法教育,马理论组,低,同族,113311,马克思主义理论类
历史|本科批|南京工业职业技术大学|南京工业职业技术大学01,经管商贸,经管商贸组,中,同族,113601,财务会计类、旅游类、工商管理类、经济贸易类、物流类、电子商务类
历史|本科批|南京工业职业技术大学|南京工业职业技术大学02,经管商贸,财会组,低,同族,113602,财务会计类
物理|本科批|南京工业职业技术大学|南京工业职业技术大学03,带电工科、机械能源,带电+机械组,低,相近混合,113603,自动化类、机械设计制造类、计算机类
物理|本科批|南京工业职业技术大学|南京工业职业技术大学04,机械能源、化材药、带电工科、交通航空、土建测绘、经管商贸,大理工组（夹建工管理/物流）,高,大杂烩,113604,机电设备类、机械设计制造类、药品与医疗器械类、新能源发电工程类、自动化类、电力技术类、通信类、电子信息类、集成电路类、航空装备类、航空运输类、道路运输类、城市轨道交通类、汽车制造类、计算机类、建设工程管理类、物流类
物理|本科批|南京工业职业技术大学|南京工业职业技术大学05,机械能源,机械制造组,低,同族,113605,机械设计制造类
物理|本科批|南京工业职业技术大学|南京工业职业技术大学06,带电工科、机械能源,带电+机械组,低,相近混合,113606,自动化类、汽车制造类
历史|本科批|江南大学|江南大学01,经管商贸,经管商贸组,低,同族,120101,金融学类、工商管理类
历史|本科批|江南大学|江南大学02,文法教育,中文组,低,同族,120102,中国语言文学类
历史|本科批|江南大学|江南大学03,文法教育,外语组,低,同族,120103,外国语言文学类
历史|本科批|江南大学|江南大学04,文法教育,法学组,低,同族,120104,法学类
历史|本科批|江南大学|江南大学05,文法教育,社会学组,低,同族,120105,社会学类
历史|本科批|江南大学|江南大学06,文法教育,马理论组,低,同族,120106,马克思主义理论类
历史|本科批|江南大学|江南大学07,经管商贸,工商管理组,低,同族,120107,工商管理类
物理|提前本科批|江南大学|江南大学08,生环食品、机械能源,生环+机械混合组,中,跨界混合,120108,纺织类、轻工类、机械类
物理|提前本科批|江南大学|江南大学09,医药护理,护理组,中,同族,120109,护理学类
物理|本科批|江南大学|江南大学10,生环食品、带电工科,带电工科组（夹食品工程/生物工程）,中,跨界混合,120110,食品科学与工程类、生物工程类、自动化类、计算机类
物理|本科批|江南大学|江南大学11,生环食品,食品工程组,低,同族,120111,食品科学与工程类
物理|本科批|江南大学|江南大学12,生环食品,食品工程组,低,同族,120112,食品科学与工程类
物理|本科批|江南大学|江南大学13,生环食品,生物工程组,低,同族,120113,生物工程类
物理|本科批|江南大学|江南大学14,生环食品,生物科学组,低,同族,120114,生物科学类
物理|本科批|江南大学|江南大学15,生环食品,生环食品组,低,同族,120115,生物科学类、生物工程类、食品科学与工程类
物理|本科批|江南大学|江南大学16,生环食品,纺织组,中,同族,120116,纺织类
物理|本科批|江南大学|江南大学17,生环食品,轻工组,中,同族,120117,轻工类
物理|本科批|江南大学|江南大学18,化材药,化材药组,低,同族,120118,化工与制药类、材料类、化学类
物理|本科批|江南大学|江南大学19,带电工科,带电工科组,低,同族,120119,自动化类、计算机类、电气类
物理|本科批|江南大学|江南大学20,带电工科,电子信息组,低,同族,120120,电子信息类
物理|本科批|江南大学|江南大学21,生环食品,环境组,中,同族,120121,环境科学与工程类
物理|本科批|江南大学|江南大学22,交通航空、试验班,交通组,低,同族,120122,航空航天类、交叉学科类
物理|本科批|江南大学|江南大学23,理学基础,数学组,低,同族,120123,数学类
物理|本科批|江南大学|江南大学24,带电工科,电子信息组,低,同族,120124,电子信息类
物理|本科批|江南大学|江南大学25,机械能源、生环食品,机械能源组（含轻工）,中,跨界混合,120125,机械类、轻工类
物理|本科批|江南大学|江南大学26,带电工科、机械能源,带电+机械组,低,相近混合,120126,自动化类、机械类
物理|本科批|江南大学|江南大学27,机械能源,机械组,低,同族,120127,机械类
物理|本科批|江南大学|江南大学28,化材药,化材药组,低,同族,120128,化工与制药类、药学类
物理|本科批|江南大学|江南大学29,医药护理,临床组,低,同族,120129,临床医学类
物理|本科批|江南大学|江南大学30,医药护理,临床组,低,同族,120130,临床医学类
物理|本科批|江南大学|江南大学31,带电工科,计算机电子组,低,同族,120131,计算机类、电子信息类
物理|本科批|江南大学|江南大学32,经管商贸,经管商贸组,低,同族,120132,经济学类、管理科学与工程类、工商管理类
物理|本科批|江南大学|江南大学33,文法教育,法学组,低,同族,120133,法学类
物理|本科批|江南大学|江南大学34,经管商贸,工商管理组,低,同族,120134,工商管理类
物理|本科批|江南大学|江南大学35,经管商贸,管工组,低,同族,120135,管理科学与工程类
物理|本科批|江南大学|江南大学36,生环食品,食品工程组,低,同族,120136,食品科学与工程类
历史|本科批|无锡学院|无锡学院01,经管商贸、文法教育,经管+文法组,低,相近混合,120301,工商管理类、经济与贸易类、物流管理与工程类、法学类
物理|本科批|无锡学院|无锡学院02,经管商贸、文法教育,经管+文法组,中,相近混合,120302,金融学类、管理科学与工程类、经济学类、物流管理与工程类、工商管理类、经济与贸易类、法学类
物理|本科批|无锡学院|无锡学院03,带电工科,带电工科组,低,同族,120303,计算机类、电子信息类、自动化类
物理|本科批|无锡学院|无锡学院04,带电工科、理学基础、机械能源,带电+理学+机械组,中,相近混合,120304,计算机类、数学类、电子信息类、统计学类、机械类
物理|本科批|无锡学院|无锡学院05,带电工科、机械能源、交通航空、化材药、生环食品、土建测绘、地矿安全、理学基础,大理工组（夹化学/环境/测绘/安全工程）,高,大杂烩,120305,电气类、自动化类、机械类、仪器类、能源动力类、交通运输类、化学类、环境科学与工程类、测绘类、安全科学与工程类、地理科学类、大气科学类
物理|本科批|无锡学院|无锡学院06,带电工科,计算机电子组,低,同族,120306,计算机类、电子信息类
物理|本科批|无锡职业技术大学|无锡职业技术大学03,机械能源、带电工科,带电+机械组,低,相近混合,121103,机械设计制造类、自动化类、集成电路类、电子信息类、计算机类
历史|本科批|中国矿业大学|中国矿业大学01,经管商贸、文法教育,文法教育组（夹工商管理/公管）,中,相近混合,122101,工商管理类、金融学类、公共管理类、新闻传播学类、中国语言文学类、法学类、外国语言文学类
物理|提前本科批|中国矿业大学|中国矿业大学02,经管商贸,经管商贸组,低,同族,122102,管理科学与工程类、工商管理类、金融学类、公共管理类
物理|提前本科批|中国矿业大学|中国矿业大学03,地矿安全、化材药、土建测绘、经管商贸、生环食品,大理工组（含矿业/安全工程/材料/地质工程等）,高,大杂烩,122103,矿业类、安全科学与工程类、材料类、测绘类、土木类、管理科学与工程类、地质类、化工与制药类、水利类、地球物理学类、环境科学与工程类、建筑类
物理|本科批|中国矿业大学|中国矿业大学04,经管商贸、文法教育,经管+文法组,低,相近混合,122104,管理科学与工程类、工商管理类、公共管理类、新闻传播学类
物理|本科批|中国矿业大学|中国矿业大学05,地矿安全、带电工科、土建测绘、机械能源,大理工组（夹矿业/安全工程/测绘）,高,大杂烩,122105,矿业类、安全科学与工程类、自动化类、测绘类、能源动力类、电气类
物理|本科批|中国矿业大学|中国矿业大学06,带电工科、机械能源、试验班、地矿安全、化材药、理学基础、土建测绘、经管商贸、生环食品,大理工组（夹材料/测绘/土木/化工制药等）,高,大杂烩,122106,电气类、自动化类、电子信息类、机械类、能源动力类、交叉学科类、计算机类、矿业类、安全科学与工程类、材料类、物理学类、数学类、测绘类、地质学类、土木类、管理科学与工程类、力学类、地质类、化工与制药类、水利类、地球物理学类、环境科学与工程类、建筑类
物理|本科批|中国矿业大学|中国矿业大学07,土建测绘,土木组,中,同族,122107,土木类
物理|本科批|中国矿业大学|中国矿业大学08,土建测绘,土木组,中,同族,122108,土木类
历史|提前本科批|江苏师范大学|江苏师范大学01,文法教育、经管商贸,文法教育组（夹工商管理/公管/物流）,中,相近混合,122201,法学类、社会学类、中国语言文学类、历史学类、工商管理类、公共管理类、物流管理与工程类
历史|本科批|江苏师范大学|江苏师范大学02,文法教育,中文组,低,同族,122202,中国语言文学类
历史|本科批|江苏师范大学|江苏师范大学03,文法教育,中文组,低,同族,122203,中国语言文学类
历史|本科批|江苏师范大学|江苏师范大学04,文法教育,法学组,低,同族,122204,法学类
历史|本科批|江苏师范大学|江苏师范大学05,文法教育,外语组,低,同族,122205,外国语言文学类
历史|本科批|江苏师范大学|江苏师范大学06,文法教育,文法教育组,低,同族,122206,教育学类、中国语言文学类、历史学类
历史|本科批|江苏师范大学|江苏师范大学07,文法教育、土建测绘,文法教育组（含建筑）,中,跨界混合,122207,哲学类、社会学类、心理学类、建筑类
历史|本科批|江苏师范大学|江苏师范大学08,经管商贸,经管商贸组,中,同族,122208,经济学类、工商管理类、公共管理类、物流管理与工程类、旅游管理类
历史|本科批|江苏师范大学|江苏师范大学09,文法教育,文新外语组,低,同族,122209,中国语言文学类、新闻传播学类
历史|本科批|江苏师范大学|江苏师范大学10,文法教育,马理论组,低,同族,122210,马克思主义理论类
历史|本科批|江苏师范大学|江苏师范大学11,理学基础,地理科学组,低,同族,122211,地理科学类
物理|提前本科批|江苏师范大学|江苏师范大学12,化材药、生环食品、机械能源、带电工科、土建测绘,大理工组（夹化学/生物科学/材料/测绘）,高,大杂烩,122212,化学类、生物科学类、机械类、材料类、电气类、电子信息类、计算机类、测绘类
物理|本科批|江苏师范大学|江苏师范大学13,文法教育,外语组,低,同族,122213,外国语言文学类
物理|本科批|江苏师范大学|江苏师范大学14,文法教育,中文组,低,同族,122214,中国语言文学类
物理|本科批|江苏师范大学|江苏师范大学15,文法教育,法学组,低,同族,122215,法学类
物理|本科批|江苏师范大学|江苏师范大学16,文法教育,外语组,低,同族,122216,外国语言文学类
物理|本科批|江苏师范大学|江苏师范大学17,文法教育,文法教育组,低,同族,122217,教育学类、中国语言文学类
物理|本科批|江苏师范大学|江苏师范大学18,文法教育、经管商贸、土建测绘,文法教育组（夹建筑）,高,冷热混放,122218,哲学类、金融学类、社会学类、心理学类、建筑类
物理|本科批|江苏师范大学|江苏师范大学19,经管商贸,经管商贸组,中,同族,122219,经济学类、管理科学与工程类、工商管理类、公共管理类、物流管理与工程类、旅游管理类
物理|本科批|江苏师范大学|江苏师范大学20,文法教育,文新外语组,低,同族,122220,中国语言文学类、新闻传播学类
物理|本科批|江苏师范大学|江苏师范大学21,经管商贸,金融组,低,同族,122221,金融学类
物理|本科批|江苏师范大学|江苏师范大学22,理学基础,数学组,低,同族,122222,数学类
物理|本科批|江苏师范大学|江苏师范大学23,理学基础,数学组,低,同族,122223,数学类
物理|本科批|江苏师范大学|江苏师范大学24,理学基础、化材药、生环食品,理学基础组（含化学/生物科学）,中,相近混合,122224,物理学类、化学类、生物科学类
物理|本科批|江苏师范大学|江苏师范大学25,机械能源、带电工科,带电+机械组,低,相近混合,122225,机械类、电气类、电子信息类、自动化类
物理|本科批|江苏师范大学|江苏师范大学26,生环食品、化材药,生环食品组（含材料/化工制药）,低,相近混合,122226,生物科学类、材料类、化工与制药类、生物工程类、食品科学与工程类
物理|本科批|江苏师范大学|江苏师范大学27,带电工科,计算机电子组,低,同族,122227,电子信息类、计算机类
物理|本科批|江苏师范大学|江苏师范大学28,理学基础、带电工科,带电+理学组,低,相近混合,122228,统计学类、计算机类
物理|本科批|江苏师范大学|江苏师范大学29,土建测绘,测绘组,中,同族,122229,测绘类
物理|本科批|江苏师范大学|江苏师范大学30,带电工科,自动化组,低,同族,122230,自动化类
物理|本科批|江苏师范大学|江苏师范大学31,机械能源、带电工科,带电+机械组,低,相近混合,122231,机械类、电子信息类
物理|本科批|江苏师范大学|江苏师范大学32,文法教育,马理论组,低,同族,122232,马克思主义理论类
物理|本科批|江苏师范大学|江苏师范大学33,理学基础,地理科学组,低,同族,122233,地理科学类
历史|本科批|徐州医科大学|徐州医科大学01,经管商贸,经管商贸组,低,同族,122301,公共管理类、图书情报与档案管理类
物理|提前本科批|徐州医科大学|徐州医科大学02,医药护理,临床组,低,同族,122302,临床医学类
物理|本科批|徐州医科大学|徐州医科大学03,经管商贸,经管商贸组,低,同族,122303,公共管理类、图书情报与档案管理类
物理|本科批|徐州医科大学|徐州医科大学04,医药护理、生环食品,医药护理组（含生物科学）,中,相近混合,122304,基础医学类、医学技术类、生物科学类、护理学类
物理|本科批|徐州医科大学|徐州医科大学05,医药护理,临床组,低,同族,122305,临床医学类
物理|本科批|徐州医科大学|徐州医科大学06,医药护理、试验班、带电工科,带电+医药混合组,低,跨界混合,122306,生物医学工程类、交叉学科类、计算机类、电子信息类
物理|本科批|徐州医科大学|徐州医科大学07,医药护理,医药护理组,低,同族,122307,临床医学类、公共卫生与预防医学类
物理|本科批|徐州医科大学|徐州医科大学08,化材药,药学组,低,同族,122308,药学类
物理|本科批|徐州医科大学|徐州医科大学09,医药护理,临床口腔组,低,同族,122309,口腔医学类、临床医学类
物理|本科批|徐州医科大学|徐州医科大学10,医药护理,医药护理组,低,同族,122310,医学技术类、公共卫生与预防医学类
物理|本科批|徐州医科大学|徐州医科大学11,医药护理,临床组,低,同族,122311,临床医学类
历史|本科批|徐州工程学院|徐州工程学院01,文法教育,文法教育组,低,同族,122401,教育学类、中国语言文学类、外国语言文学类、新闻传播学类
历史|本科批|徐州工程学院|徐州工程学院02,经管商贸,经管商贸组,低,同族,122402,金融学类、工商管理类、经济与贸易类、电子商务类
物理|本科批|徐州工程学院|徐州工程学院03,经管商贸,经管商贸组,低,同族,122403,管理科学与工程类、物流管理与工程类
物理|本科批|徐州工程学院|徐州工程学院04,经管商贸,经管商贸组,低,同族,122404,经济学类、金融学类、工商管理类、电子商务类
物理|本科批|徐州工程学院|徐州工程学院05,文法教育,文法教育组,低,同族,122405,教育学类、中国语言文学类、外国语言文学类、新闻传播学类
物理|本科批|徐州工程学院|徐州工程学院06,机械能源、带电工科,带电+机械组,低,相近混合,122406,机械类、自动化类
物理|本科批|徐州工程学院|徐州工程学院07,带电工科,带电工科组,低,同族,122407,电子信息类、计算机类、电气类
物理|本科批|徐州工程学院|徐州工程学院08,机械能源、带电工科、化材药,带电工科组（夹化工制药）,中,跨界混合,122408,能源动力类、电子信息类、化工与制药类
物理|本科批|徐州工程学院|徐州工程学院09,土建测绘、地矿安全、生环食品,生环食品组（含土木/安全工程）,中,跨界混合,122409,土木类、安全科学与工程类、环境科学与工程类
物理|本科批|徐州工程学院|徐州工程学院10,生环食品,生环食品组,低,同族,122410,食品科学与工程类、生物工程类
物理|本科批|徐州工程学院|徐州工程学院11,理学基础,数理基础组,低,同族,122411,数学类、统计学类
物理|本科批|徐州工程学院|徐州工程学院12,化材药、生环食品,化材药组（含轻工）,中,相近混合,122412,材料类、化工与制药类、轻工类
物理|本科批|徐州工程学院|徐州工程学院13,化材药、带电工科、生环食品,带电工科组（夹材料/环境）,高,冷热混放,122413,材料类、电子信息类、环境科学与工程类、自动化类
物理|本科批|徐州工程学院|徐州工程学院14,带电工科、机械能源,带电+机械组,低,相近混合,122414,电气类、机械类
物理|本科批|江苏建筑职业技术大学|江苏建筑职业技术大学04,土建测绘、交通航空,土建测绘+交通组,中,相近混合,123004,建筑设计类、土建施工类、建筑设备类、建设工程管理类、道路运输类
物理|本科批|江苏建筑职业技术大学|江苏建筑职业技术大学05,机械能源,机电设备组,低,同族,123005,机电设备类
历史|本科批|常州大学|常州大学01,文法教育、经管商贸,文商组,中,大杂烩,124201,法学类、公共管理类、经济与贸易类、中国语言文学类、工商管理类、金融学类、外国语言文学类、社会学类、物流管理与工程类
历史|本科批|常州大学|常州大学02,文法教育,政治学组,低,同族,124202,政治学类
历史|本科批|常州大学|常州大学03,经管商贸,工商管理组,低,同族,124203,工商管理类
历史|本科批|常州大学|常州大学04,文法教育,法学组,低,同族,124204,法学类
物理|本科批|常州大学|常州大学05,文法教育、经管商贸,文商组,中,大杂烩,124205,法学类、公共管理类、经济与贸易类、中国语言文学类、工商管理类、金融学类、外国语言文学类、社会学类、物流管理与工程类、管理科学与工程类
物理|本科批|常州大学|常州大学06,带电工科、理学基础,带电+理学组,低,相近混合,124206,计算机类、电子信息类、数学类
物理|本科批|常州大学|常州大学07,带电工科,带电工科组,低,同族,124207,电子信息类、自动化类
物理|本科批|常州大学|常州大学08,带电工科,计算机电子组,低,同族,124208,计算机类、电子信息类
物理|本科批|常州大学|常州大学09,带电工科、机械能源、化材药、土建测绘,大理工组（夹化工制药/土木）,高,大杂烩,124209,电气类、机械类、化工与制药类、能源动力类、土木类
物理|本科批|常州大学|常州大学10,化材药、地矿安全,化材药组（含矿业）,中,跨界混合,124210,化工与制药类、化学类、矿业类、材料类
物理|本科批|常州大学|常州大学11,化材药,化工制药组,低,同族,124211,化工与制药类
物理|本科批|常州大学|常州大学12,机械能源,机械组,低,同族,124212,机械类
物理|本科批|常州大学|常州大学13,地矿安全、军警安全、生环食品、化材药、土建测绘,大理工组（含安全工程/环境/土木）,高,大杂烩,124213,安全科学与工程类、公安技术类、环境科学与工程类、化工与制药类、土木类
物理|本科批|常州大学|常州大学14,化材药、生环食品、医药护理,化材药组（含食品工程/生物工程）,中,相近混合,124214,化工与制药类、药学类、食品科学与工程类、生物工程类、生物医学工程类
物理|本科批|常州大学|常州大学15,医药护理,护理组,中,同族,124215,护理学类
物理|本科批|常州大学|常州大学16,带电工科、化材药,带电工科组（夹化工制药）,中,跨界混合,124216,计算机类、电子信息类、化工与制药类
物理|本科批|常州大学|常州大学17,经管商贸,管工组,低,同族,124217,管理科学与工程类
物理|本科批|常州大学|常州大学18,经管商贸,工商管理组,低,同族,124218,工商管理类
物理|本科批|常州大学|常州大学19,文法教育,法学组,低,同族,124219,法学类
物理|本科批|常州大学|常州大学20,化材药、带电工科,带电工科组（夹化工制药/材料）,中,跨界混合,124220,化工与制药类、材料类、计算机类、自动化类
历史|本科批|常州工学院|常州工学院01,文法教育,中文组,低,同族,124301,中国语言文学类
历史|本科批|常州工学院|常州工学院02,经管商贸、文法教育、艺术传媒,文法教育组（夹工商管理）,中,跨界混合,124302,工商管理类、经济与贸易类、中国语言文学类、戏剧与影视学类、外国语言文学类、教育学类
历史|本科批|常州工学院|常州工学院03,经管商贸,工商管理组,低,同族,124303,工商管理类
物理|提前本科批|常州工学院|常州工学院04,交通航空,交通运输组,低,同族,124304,交通运输类
物理|本科批|常州工学院|常州工学院05,经管商贸、艺术传媒、文法教育、土建测绘,工管/文混合组（含建筑）,高,大杂烩,124305,工商管理类、电子商务类、物流管理与工程类、经济与贸易类、管理科学与工程类、戏剧与影视学类、教育学类、建筑类
物理|本科批|常州工学院|常州工学院06,经管商贸,工商管理组,低,同族,124306,工商管理类
物理|本科批|常州工学院|常州工学院07,带电工科,电气组,低,同族,124307,电气类
物理|本科批|常州工学院|常州工学院08,带电工科,计算机电子组,低,同族,124308,计算机类、电子信息类
物理|本科批|常州工学院|常州工学院09,带电工科、机械能源、交通航空、理学基础、土建测绘、化材药、生环食品,大理工组（夹土木/材料/化工制药/生物工程）,高,大杂烩,124309,自动化类、电子信息类、计算机类、机械类、航空航天类、能源动力类、仪器类、数学类、统计学类、土木类、材料类、交通运输类、化工与制药类、生物工程类
物理|本科批|常州工学院|常州工学院10,带电工科,计算机组,低,同族,124310,计算机类
物理|本科批|常州工学院|常州工学院11,带电工科、机械能源,带电+机械组,低,相近混合,124311,电气类、自动化类、机械类、电子信息类
历史|本科批|江苏理工学院|江苏理工学院01,经管商贸,工商管理组,低,同族,124401,工商管理类
历史|本科批|江苏理工学院|江苏理工学院02,经管商贸,经管商贸组,低,同族,124402,金融学类、经济与贸易类、电子商务类
历史|本科批|江苏理工学院|江苏理工学院03,文法教育,外语组,低,同族,124403,外国语言文学类
历史|本科批|江苏理工学院|江苏理工学院04,文法教育,外语组,低,同族,124404,外国语言文学类
历史|本科批|江苏理工学院|江苏理工学院05,文法教育,文法教育组,低,同族,124405,教育学类、心理学类
历史|本科批|江苏理工学院|江苏理工学院06,文法教育,中文组,低,同族,124406,中国语言文学类
历史|本科批|江苏理工学院|江苏理工学院07,经管商贸,旅游管理组,中,同族,124407,旅游管理类
历史|本科批|江苏理工学院|江苏理工学院08,经管商贸,工商管理组,低,同族,124408,工商管理类
物理|本科批|江苏理工学院|江苏理工学院09,经管商贸,管理组,低,同族,124409,工商管理类、管理科学与工程类
物理|本科批|江苏理工学院|江苏理工学院10,经管商贸,经管商贸组,低,同族,124410,金融学类、经济与贸易类、经济学类、电子商务类
物理|本科批|江苏理工学院|江苏理工学院11,文法教育,外语组,低,同族,124411,外国语言文学类
物理|本科批|江苏理工学院|江苏理工学院12,文法教育,外语组,低,同族,124412,外国语言文学类
物理|本科批|江苏理工学院|江苏理工学院13,文法教育,文法教育组,低,同族,124413,教育学类、心理学类
物理|本科批|江苏理工学院|江苏理工学院14,文法教育,中文组,低,同族,124414,中国语言文学类
物理|本科批|江苏理工学院|江苏理工学院15,经管商贸,旅游管理组,中,同族,124415,旅游管理类
物理|本科批|江苏理工学院|江苏理工学院16,经管商贸,金融组,低,同族,124416,金融学类
物理|本科批|江苏理工学院|江苏理工学院17,经管商贸,工商管理组,低,同族,124417,工商管理类
物理|本科批|江苏理工学院|江苏理工学院18,机械能源、带电工科,带电+机械组,低,相近混合,124418,机械类、自动化类
物理|本科批|江苏理工学院|江苏理工学院19,带电工科,电气组,低,同族,124419,电气类
物理|本科批|江苏理工学院|江苏理工学院20,带电工科,带电工科组,低,同族,124420,电子信息类、自动化类
物理|本科批|江苏理工学院|江苏理工学院21,带电工科,计算机组,低,同族,124421,计算机类
物理|本科批|江苏理工学院|江苏理工学院22,带电工科,计算机电子组,低,同族,124422,电子信息类、计算机类
物理|本科批|江苏理工学院|江苏理工学院23,机械能源,机械组,低,同族,124423,机械类
物理|本科批|江苏理工学院|江苏理工学院24,理学基础,数理基础组,低,同族,124424,数学类、统计学类
物理|本科批|江苏理工学院|江苏理工学院25,化材药,材料组,低,同族,124425,材料类
物理|本科批|江苏理工学院|江苏理工学院26,化材药,化材药组,低,同族,124426,化学类、化工与制药类、材料类
物理|本科批|江苏理工学院|江苏理工学院27,机械能源,能源动力组,低,同族,124427,能源动力类
物理|本科批|江苏理工学院|江苏理工学院28,生环食品、化材药,生环食品组（含化工制药）,中,相近混合,124428,环境科学与工程类、化工与制药类、生物工程类
物理|本科批|江苏理工学院|江苏理工学院29,机械能源、化材药,机械能源组（含材料）,低,跨界混合,124429,机械类、材料类
物理|本科批|江苏理工学院|江苏理工学院30,机械能源、生环食品,机械能源组（含环境）,中,跨界混合,124430,机械类、环境科学与工程类
物理|本科批|江苏理工学院|江苏理工学院31,带电工科,计算机组,低,同族,124431,计算机类
物理|本科批|江苏理工学院|江苏理工学院32,带电工科,自动化组,低,同族,124432,自动化类
物理|本科批|江苏理工学院|江苏理工学院33,带电工科,计算机组,低,同族,124433,计算机类
历史|本科批|常州信息职业技术大学|常州信息职业技术大学01,经管商贸,工商管理组,低,同族,125001,工商管理类
物理|本科批|常州信息职业技术大学|常州信息职业技术大学05,机械能源、带电工科,带电+机械组,低,相近混合,125005,机械设计制造类、自动化类、电子信息类、计算机类
历史|提前本科批|苏州大学|苏州大学01,文法教育,新闻传播组,低,同族,126101,新闻传播学类
历史|提前本科批|苏州大学|苏州大学02,文法教育,社会学组,低,同族,126102,社会学类
历史|提前本科批|苏州大学|苏州大学03,文法教育,外语组,低,同族,126103,外国语言文学类
历史|提前本科批|苏州大学|苏州大学04,经管商贸,公管组,低,同族,126104,公共管理类
历史|提前本科批|苏州大学|苏州大学05,文法教育,外语组,低,同族,126105,外国语言文学类
历史|提前本科批|苏州大学|苏州大学06,土建测绘,建筑组,中,同族,126106,建筑类
历史|本科批|苏州大学|苏州大学07,文法教育,中文组,低,同族,126107,中国语言文学类
历史|本科批|苏州大学|苏州大学08,文法教育,法学组,低,同族,126108,法学类
历史|本科批|苏州大学|苏州大学09,经管商贸,财政组,低,同族,126109,财政学类
历史|本科批|苏州大学|苏州大学10,文法教育,中文组,低,同族,126110,中国语言文学类
历史|本科批|苏州大学|苏州大学11,文法教育,马理论组,低,同族,126111,马克思主义理论类
历史|本科批|苏州大学|苏州大学12,文法教育,新闻传播组,低,同族,126112,新闻传播学类
历史|本科批|苏州大学|苏州大学13,文法教育,社会学组,低,同族,126113,社会学类
历史|本科批|苏州大学|苏州大学14,文法教育、经管商贸,经管+文法组,低,相近混合,126114,历史学类、图书情报与档案管理类
历史|本科批|苏州大学|苏州大学15,文法教育、经管商贸,经管+文法组,低,相近混合,126115,哲学类、工商管理类、公共管理类、物流管理与工程类
历史|本科批|苏州大学|苏州大学16,文法教育,教育组,低,同族,126116,教育学类
历史|本科批|苏州大学|苏州大学17,文法教育,外语组,低,同族,126117,外国语言文学类
历史|本科批|苏州大学|苏州大学18,土建测绘,建筑组,中,同族,126118,建筑类
历史|本科批|苏州大学|苏州大学19,经管商贸,金融组,低,同族,126119,金融学类
物理|提前本科批|苏州大学|苏州大学20,文法教育,新闻传播组,低,同族,126120,新闻传播学类
物理|提前本科批|苏州大学|苏州大学21,文法教育,心理组,低,同族,126121,心理学类
物理|提前本科批|苏州大学|苏州大学22,化材药,化材药组,低,同族,126122,化学类、化工与制药类
物理|提前本科批|苏州大学|苏州大学23,生环食品,纺织组,中,同族,126123,纺织类
物理|提前本科批|苏州大学|苏州大学24,化材药,材料组,低,同族,126124,材料类
物理|提前本科批|苏州大学|苏州大学25,医药护理,医药护理组,低,同族,126125,临床医学类、公共卫生与预防医学类、医学技术类
物理|提前本科批|苏州大学|苏州大学26,经管商贸,经管商贸组,低,同族,126126,工商管理类、物流管理与工程类
物理|提前本科批|苏州大学|苏州大学27,土建测绘,建筑组,中,同族,126127,建筑类
物理|提前本科批|苏州大学|苏州大学28,化材药,材料组,低,同族,126128,材料类
物理|提前本科批|苏州大学|苏州大学29,生环食品、化材药,化材药组（含生物工程）,低,相近混合,126129,生物工程类、药学类
物理|提前本科批|苏州大学|苏州大学30,化材药,材料组,低,同族,126130,材料类
物理|提前本科批|苏州大学|苏州大学31,生环食品,生环食品组,中,同族,126131,纺织类、轻工类
物理|提前本科批|苏州大学|苏州大学32,医药护理,法医学组,低,同族,126132,法医学类
物理|提前本科批|苏州大学|苏州大学33,医药护理,护理组,中,同族,126133,护理学类
物理|提前本科批|苏州大学|苏州大学34,医药护理,临床组,低,同族,126134,临床医学类
物理|本科批|苏州大学|苏州大学35,化材药,化学组,低,同族,126135,化学类
物理|本科批|苏州大学|苏州大学36,化材药,药学组,低,同族,126136,药学类
物理|本科批|苏州大学|苏州大学37,医药护理,临床组,低,同族,126137,临床医学类
物理|本科批|苏州大学|苏州大学38,化材药,材料组,低,同族,126138,材料类
物理|本科批|苏州大学|苏州大学39,带电工科,计算机组,低,同族,126139,计算机类
物理|本科批|苏州大学|苏州大学40,带电工科、机械能源,带电+机械组,低,相近混合,126140,电子信息类、机械类、计算机类、自动化类
物理|本科批|苏州大学|苏州大学41,化材药,化学组,低,同族,126141,化学类
物理|本科批|苏州大学|苏州大学42,经管商贸,经管商贸组,低,同族,126142,金融学类、工商管理类
物理|本科批|苏州大学|苏州大学43,文法教育、经管商贸,经管+文法组,低,相近混合,126143,法学类、金融学类、经济学类、财政学类
物理|本科批|苏州大学|苏州大学44,文法教育,心理组,低,同族,126144,心理学类
物理|本科批|苏州大学|苏州大学45,土建测绘,建筑组,中,同族,126145,建筑类
物理|本科批|苏州大学|苏州大学46,经管商贸,金融组,低,同族,126146,金融学类
物理|本科批|苏州大学|苏州大学47,理学基础,数理基础组,低,同族,126147,数学类、统计学类
物理|本科批|苏州大学|苏州大学48,带电工科、化材药、机械能源、理学基础,大理工组（夹材料）,中,大杂烩,126148,电子信息类、材料类、能源动力类、电气类、机械类、物理学类
物理|本科批|苏州大学|苏州大学49,带电工科、交通航空、机械能源、土建测绘,大理工组（夹土木）,高,大杂烩,126149,电气类、交通运输类、机械类、土木类
物理|本科批|苏州大学|苏州大学50,化材药,化材药组,低,同族,126150,材料类、化学类、化工与制药类
物理|本科批|苏州大学|苏州大学51,化材药,材料组,低,同族,126151,材料类
物理|本科批|苏州大学|苏州大学52,生环食品,生环食品组,中,同族,126152,轻工类、纺织类
物理|本科批|苏州大学|苏州大学53,医药护理,临床口腔组,低,同族,126153,临床医学类、口腔医学类
物理|本科批|苏州大学|苏州大学54,生环食品、化材药,化材药组（含生物工程）,低,相近混合,126154,生物工程类、药学类
物理|本科批|苏州大学|苏州大学55,生环食品、医药护理,医药护理组（含生物科学）,低,相近混合,126155,生物科学类、法医学类、公共卫生与预防医学类、医学技术类
物理|本科批|苏州大学|苏州大学56,化材药,材料组,低,同族,126156,材料类
物理|本科批|苏州大学|苏州大学57,生环食品,生物工程组,低,同族,126157,生物工程类
物理|本科批|苏州大学|苏州大学58,化材药,药学组,低,同族,126158,药学类
物理|本科批|苏州大学|苏州大学59,医药护理,护理组,中,同族,126159,护理学类
历史|本科批|苏州科技大学|苏州科技大学01,文法教育、经管商贸、土建测绘,工管/文混合组（夹工商管理/物流/建筑）,高,大杂烩,126201,中国语言文学类、工商管理类、物流管理与工程类、新闻传播学类、历史学类、社会学类、外国语言文学类、建筑类
历史|本科批|苏州科技大学|苏州科技大学02,经管商贸,物流组,低,同族,126202,物流管理与工程类
历史|本科批|苏州科技大学|苏州科技大学03,文法教育,马理论组,低,同族,126203,马克思主义理论类
历史|本科批|苏州科技大学|苏州科技大学04,理学基础,地理科学组,低,同族,126204,地理科学类
物理|本科批|苏州科技大学|苏州科技大学05,带电工科,带电工科组,低,同族,126205,电气类、计算机类、电子信息类
物理|本科批|苏州科技大学|苏州科技大学06,带电工科、理学基础,带电+理学组,低,相近混合,126206,电子信息类、计算机类、数学类
物理|本科批|苏州科技大学|苏州科技大学07,带电工科、土建测绘,带电工科组（夹土木）,高,冷热混放,126207,电子信息类、土木类
物理|本科批|苏州科技大学|苏州科技大学08,理学基础、化材药、生环食品,理学基础组（含化学/生物科学）,中,相近混合,126208,数学类、物理学类、化学类、生物科学类、统计学类
物理|本科批|苏州科技大学|苏州科技大学09,带电工科、机械能源,带电+机械组,低,相近混合,126209,自动化类、机械类
物理|本科批|苏州科技大学|苏州科技大学10,生环食品、化材药,化材药组（含生物工程）,低,相近混合,126210,生物工程类、化学类、材料类
物理|本科批|苏州科技大学|苏州科技大学11,生环食品、土建测绘,土建测绘组（含环境）,中,跨界混合,126211,环境科学与工程类、土木类、测绘类
物理|本科批|苏州科技大学|苏州科技大学12,土建测绘、理学基础、交通航空,理学基础组（含土木）,中,跨界混合,126212,土木类、力学类、交通运输类
物理|本科批|苏州科技大学|苏州科技大学13,土建测绘、机械能源,机械能源组（含土木）,中,相近混合,126213,土木类、机械类
物理|本科批|苏州科技大学|苏州科技大学14,土建测绘、经管商贸、文法教育,工管/文混合组（夹建筑）,高,大杂烩,126214,建筑类、管理科学与工程类、工商管理类、物流管理与工程类、金融学类、经济学类、新闻传播学类、心理学类、外国语言文学类
物理|本科批|苏州科技大学|苏州科技大学15,经管商贸,经管商贸组,低,同族,126215,物流管理与工程类、管理科学与工程类
物理|本科批|苏州科技大学|苏州科技大学16,文法教育,马理论组,低,同族,126216,马克思主义理论类
物理|本科批|苏州科技大学|苏州科技大学17,理学基础,地理科学组,低,同族,126217,地理科学类
历史|本科批|苏州工学院|苏州工学院01,文法教育、经管商贸,经管+文法组,中,相近混合,126301,中国语言文学类、教育学类、外国语言文学类、工商管理类、金融学类、物流管理与工程类
历史|本科批|苏州工学院|苏州工学院02,文法教育,文法教育组,低,同族,126302,中国语言文学类、教育学类、外国语言文学类
历史|本科批|苏州工学院|苏州工学院03,经管商贸,金融组,低,同族,126303,金融学类
物理|本科批|苏州工学院|苏州工学院04,文法教育、经管商贸,文商组,中,大杂烩,126304,中国语言文学类、教育学类、外国语言文学类、工商管理类、管理科学与工程类、金融学类、物流管理与工程类、经济学类
物理|本科批|苏州工学院|苏州工学院05,文法教育,文法教育组,低,同族,126305,中国语言文学类、教育学类、外国语言文学类
物理|本科批|苏州工学院|苏州工学院06,理学基础,数学组,低,同族,126306,数学类
物理|本科批|苏州工学院|苏州工学院07,机械能源、生环食品、化材药、地矿安全,大理工组（夹纺织/材料/安全工程）,高,大杂烩,126307,能源动力类、机械类、纺织类、材料类、安全科学与工程类
物理|本科批|苏州工学院|苏州工学院08,带电工科、理学基础、机械能源,带电+理学+机械组,中,相近混合,126308,电子信息类、数学类、计算机类、自动化类、仪器类、电气类
物理|本科批|苏州工学院|苏州工学院09,生环食品、化材药,生环食品组（含化学）,低,相近混合,126309,生物工程类、食品科学与工程类、化学类
物理|本科批|苏州工学院|苏州工学院10,带电工科、机械能源,带电+机械组,低,相近混合,126310,电子信息类、机械类、电气类
物理|本科批|苏州工学院|苏州工学院11,带电工科、化材药、生环食品,带电工科组（夹材料/食品工程）,中,跨界混合,126311,自动化类、材料类、食品科学与工程类
物理|本科批|苏州工学院|苏州工学院12,带电工科,带电工科组,低,同族,126312,计算机类、自动化类
物理|本科批|苏州工学院|苏州工学院13,化材药,化学组,低,同族,126313,化学类
历史|提前本科批|中国人民大学(苏州校区)|中国人民大学(苏州校区)01,文法教育,外语组,低,同族,126501,外国语言文学类
历史|本科批|中国人民大学(苏州校区)|中国人民大学(苏州校区)02,经管商贸、文法教育,经管+文法组,低,相近混合,126502,经济学类、金融学类、工商管理类、新闻传播学类
物理|本科批|中国人民大学(苏州校区)|中国人民大学(苏州校区)03,经管商贸,金融组,低,同族,126503,金融学类
物理|本科批|中国人民大学(苏州校区)|中国人民大学(苏州校区)04,带电工科,电子信息组,低,同族,126504,电子信息类
物理|本科批|中国人民大学(苏州校区)|中国人民大学(苏州校区)05,理学基础、带电工科,带电+理学组,低,相近混合,126505,数学类、计算机类
历史|本科批|苏州城市学院|苏州城市学院01,文法教育,文新外语组,低,同族,126701,新闻传播学类、中国语言文学类、外国语言文学类
历史|本科批|苏州城市学院|苏州城市学院02,文法教育、经管商贸,经管+文法组,低,相近混合,126702,法学类、工商管理类、图书情报与档案管理类、心理学类、公共管理类
历史|本科批|苏州城市学院|苏州城市学院03,经管商贸,经管商贸组,中,同族,126703,工商管理类、金融学类、经济与贸易类、旅游管理类
物理|本科批|苏州城市学院|苏州城市学院04,文法教育,文新外语组,低,同族,126704,新闻传播学类、外国语言文学类
物理|本科批|苏州城市学院|苏州城市学院05,文法教育、经管商贸,经管+文法组,低,相近混合,126705,法学类、工商管理类、图书情报与档案管理类、心理学类、公共管理类
物理|本科批|苏州城市学院|苏州城市学院06,经管商贸,经管商贸组,中,同族,126706,工商管理类、金融学类、经济与贸易类、旅游管理类、经济学类、管理科学与工程类
物理|本科批|苏州城市学院|苏州城市学院07,带电工科,计算机电子组,低,同族,126707,计算机类、电子信息类
物理|本科批|苏州城市学院|苏州城市学院08,带电工科,电子信息组,低,同族,126708,电子信息类
物理|本科批|苏州城市学院|苏州城市学院09,化材药,材料组,低,同族,126709,材料类
物理|本科批|苏州城市学院|苏州城市学院10,带电工科、机械能源、土建测绘,带电工科组（夹土木）,高,冷热混放,126710,电气类、机械类、土木类
历史|本科批|苏州职业技术大学|苏州职业技术大学01,经管商贸、文法教育,经管+文法组,低,相近混合,127001,财务会计类、金融类、新闻出版类
物理|本科批|苏州职业技术大学|苏州职业技术大学03,机械能源、带电工科,带电+机械组,低,相近混合,127003,机械设计制造类、自动化类、航空装备类、计算机类、集成电路类
历史|本科批|南通大学|南通大学01,文法教育,文法教育组,低,同族,130101,中国语言文学类、历史学类、教育学类、外国语言文学类
历史|本科批|南通大学|南通大学02,文法教育、经管商贸,文商组（夹工商管理/公管）,中,大杂烩,130102,中国语言文学类、新闻传播学类、法学类、经济与贸易类、工商管理类、公共管理类、金融学类、心理学类、外国语言文学类
历史|本科批|南通大学|南通大学03,经管商贸,金融组,低,同族,130103,金融学类
历史|本科批|南通大学|南通大学04,文法教育,外语组,低,同族,130104,外国语言文学类
历史|本科批|南通大学|南通大学05,文法教育,马理论组,低,同族,130105,马克思主义理论类
物理|提前本科批|南通大学|南通大学06,化材药、机械能源、带电工科、生环食品、医药护理、交通航空、土建测绘、试验班,大理工组（夹化学/纺织/轻工/公卫等）,高,大杂烩,130106,化学类、机械类、自动化类、电气类、纺织类、轻工类、公共卫生与预防医学类、医学技术类、交通运输类、土木类、交叉学科类
物理|提前本科批|南通大学|南通大学07,医药护理,临床组,低,同族,130107,临床医学类
物理|本科批|南通大学|南通大学08,文法教育,文法教育组,低,同族,130108,中国语言文学类、历史学类、教育学类、外国语言文学类
物理|本科批|南通大学|南通大学09,文法教育,文法教育组,低,同族,130109,中国语言文学类、新闻传播学类、法学类、心理学类、外国语言文学类
物理|本科批|南通大学|南通大学10,经管商贸,经管商贸组,低,同族,130110,经济与贸易类、工商管理类、公共管理类、管理科学与工程类、金融学类
物理|本科批|南通大学|南通大学11,生环食品、土建测绘、经管商贸,经管商贸组（含纺织/建筑）,中,跨界混合,130111,纺织类、建筑类、管理科学与工程类
物理|本科批|南通大学|南通大学12,经管商贸,工商管理组,低,同族,130112,工商管理类
物理|本科批|南通大学|南通大学13,经管商贸,金融组,低,同族,130113,金融学类
物理|本科批|南通大学|南通大学14,文法教育,外语组,低,同族,130114,外国语言文学类
物理|本科批|南通大学|南通大学15,理学基础,数理基础组,低,同族,130115,数学类、统计学类
物理|本科批|南通大学|南通大学16,理学基础、化材药、生环食品,理学基础组（含化学/生物科学）,中,相近混合,130116,数学类、物理学类、化学类、生物科学类
物理|本科批|南通大学|南通大学17,带电工科,计算机电子组,低,同族,130117,电子信息类、计算机类
物理|本科批|南通大学|南通大学18,机械能源、化材药,机械能源组（含材料/化学）,低,跨界混合,130118,机械类、仪器类、材料类、化学类
物理|本科批|南通大学|南通大学19,带电工科,电气自动化组,低,同族,130119,自动化类、电气类
物理|本科批|南通大学|南通大学20,带电工科,计算机电子组,低,同族,130120,电子信息类、计算机类
物理|本科批|南通大学|南通大学21,交通航空,交通运输组,低,同族,130121,交通运输类
物理|本科批|南通大学|南通大学22,生环食品、化材药、土建测绘,生环食品组（含材料/土木）,中,跨界混合,130122,环境科学与工程类、纺织类、轻工类、材料类、土木类
物理|本科批|南通大学|南通大学23,医药护理,临床口腔组,低,同族,130123,临床医学类、口腔医学类
物理|本科批|南通大学|南通大学24,医药护理,医药护理组,低,同族,130124,临床医学类、基础医学类
物理|本科批|南通大学|南通大学25,医药护理,医药护理组,中,同族,130125,医学技术类、护理学类
物理|本科批|南通大学|南通大学26,生环食品、医药护理、化材药、试验班,医药护理组（含生物科学）,中,相近混合,130126,生物科学类、医学技术类、公共卫生与预防医学类、药学类、交叉学科类
物理|本科批|南通大学|南通大学27,带电工科,计算机组,低,同族,130127,计算机类
物理|本科批|南通大学|南通大学28,理学基础,统计组,低,同族,130128,统计学类
物理|本科批|南通大学|南通大学29,生环食品、带电工科、理学基础,带电工科组（夹生物科学）,中,跨界混合,130129,生物科学类、自动化类、数学类
物理|本科批|南通大学|南通大学30,带电工科,计算机组,低,同族,130130,计算机类
物理|本科批|南通大学|南通大学31,文法教育,马理论组,低,同族,130131,马克思主义理论类
物理|本科批|南通大学|南通大学32,理学基础,地理科学组,低,同族,130132,地理科学类
历史|本科批|江苏海洋大学|江苏海洋大学01,经管商贸,经管商贸组,低,同族,132101,工商管理类、公共管理类、物流管理与工程类、金融学类、经济与贸易类
历史|本科批|江苏海洋大学|江苏海洋大学02,文法教育、土建测绘,文法教育组（夹建筑）,高,冷热混放,132102,法学类、新闻传播学类、外国语言文学类、建筑类、中国语言文学类
历史|本科批|江苏海洋大学|江苏海洋大学03,理学基础,地理科学组,低,同族,132103,地理科学类
物理|本科批|江苏海洋大学|江苏海洋大学04,经管商贸,经管商贸组,低,同族,132104,工商管理类、公共管理类、经济与贸易类、金融学类、物流管理与工程类
物理|本科批|江苏海洋大学|江苏海洋大学05,文法教育、土建测绘,文法教育组（夹建筑）,高,冷热混放,132105,中国语言文学类、新闻传播学类、外国语言文学类、建筑类、法学类
物理|本科批|江苏海洋大学|江苏海洋大学06,理学基础、交通航空、土建测绘、机械能源、带电工科、地矿安全、农林动物、生环食品、化材药,大理工组（夹水利/安全工程/水产/化工制药等）,高,大杂烩,132106,数学类、海洋工程类、水利类、机械类、电子信息类、安全科学与工程类、水产类、食品科学与工程类、化工与制药类、大气科学类、海洋科学类、能源动力类、测绘类、生物科学类、土木类、自动化类、电气类、材料类、环境科学与工程类、生物工程类、药学类
物理|本科批|江苏海洋大学|江苏海洋大学07,带电工科,带电工科组,低,同族,132107,计算机类、电子信息类、自动化类
物理|本科批|江苏海洋大学|江苏海洋大学08,带电工科、交通航空,带电+交通组,低,相近混合,132108,自动化类、海洋工程类
物理|本科批|江苏海洋大学|江苏海洋大学09,带电工科,计算机组,低,同族,132109,计算机类
物理|本科批|江苏海洋大学|江苏海洋大学10,理学基础,地理科学组,低,同族,132110,地理科学类
历史|本科批|连云港师范学院|连云港师范学院01,文法教育,文法教育组,低,同族,133001,教育学类、中国语言文学类、外国语言文学类、新闻传播学类
物理|本科批|连云港师范学院|连云港师范学院03,经管商贸、文法教育,文法+经管组,低,相近混合,133003,经济学类、教育学类、中国语言文学类、外国语言文学类、新闻传播学类
物理|本科批|连云港师范学院|连云港师范学院04,理学基础、带电工科、化材药,带电工科组（夹化学/化工制药）,中,跨界混合,133004,数学类、物理学类、自动化类、化学类、计算机类、化工与制药类
历史|本科批|淮阴师范学院|淮阴师范学院01,文法教育、经管商贸、艺术传媒,文商组（夹公管）,中,大杂烩,134101,新闻传播学类、历史学类、法学类、心理学类、公共管理类、社会学类、戏剧与影视学类、教育学类、中国语言文学类、外国语言文学类
历史|本科批|淮阴师范学院|淮阴师范学院02,文法教育,马理论组,低,同族,134102,马克思主义理论类
历史|本科批|淮阴师范学院|淮阴师范学院03,理学基础,地理科学组,低,同族,134103,地理科学类
物理|本科批|淮阴师范学院|淮阴师范学院04,文法教育、经管商贸、艺术传媒,文商组（夹工商管理/公管）,中,大杂烩,134104,法学类、工商管理类、社会学类、公共管理类、教育学类、戏剧与影视学类、中国语言文学类、经济学类、外国语言文学类、新闻传播学类、心理学类、管理科学与工程类
物理|本科批|淮阴师范学院|淮阴师范学院05,生环食品,生环食品组,低,同族,134105,生物工程类、生物科学类、食品科学与工程类
物理|本科批|淮阴师范学院|淮阴师范学院06,理学基础,数理基础组,低,同族,134106,数学类、统计学类
物理|本科批|淮阴师范学院|淮阴师范学院07,化材药、机械能源,化材药+机械混合组,低,跨界混合,134107,化学类、材料类、化工与制药类、能源动力类
物理|本科批|淮阴师范学院|淮阴师范学院08,带电工科,计算机电子组,低,同族,134108,计算机类、电子信息类
物理|本科批|淮阴师范学院|淮阴师范学院09,理学基础、带电工科,带电+理学组,低,相近混合,134109,物理学类、电气类、电子信息类
物理|本科批|淮阴师范学院|淮阴师范学院10,文法教育,马理论组,低,同族,134110,马克思主义理论类
物理|本科批|淮阴师范学院|淮阴师范学院11,理学基础,地理科学组,低,同族,134111,地理科学类
历史|本科批|淮安大学|淮安大学01,经管商贸、文法教育,经管+文法组,低,相近混合,134201,工商管理类、金融学类、社会学类、公共管理类、外国语言文学类
物理|本科批|淮安大学|淮安大学02,经管商贸、文法教育、土建测绘,工管/文混合组（夹建筑）,高,大杂烩,134202,工商管理类、金融学类、社会学类、公共管理类、管理科学与工程类、外国语言文学类、建筑类、物流管理与工程类
物理|本科批|淮安大学|淮安大学03,经管商贸,物流组,低,同族,134203,物流管理与工程类
物理|本科批|淮安大学|淮安大学04,机械能源、化材药、带电工科、土建测绘、生环食品、农林动物、交通航空、理学基础,大理工组（夹材料/土木/化工制药/环境等）,高,大杂烩,134204,机械类、材料类、自动化类、电气类、仪器类、电子信息类、计算机类、土木类、化工与制药类、环境科学与工程类、食品科学与工程类、生物工程类、植物生产类、交通运输类、数学类、物理学类
物理|本科批|淮安大学|淮安大学05,带电工科,带电工科组,低,同族,134205,电气类、电子信息类、计算机类
历史|本科批|盐城工学院|盐城工学院01,经管商贸、文法教育,经管+文法组,中,相近混合,136101,工商管理类、经济与贸易类、中国语言文学类、旅游管理类、外国语言文学类
物理|本科批|盐城工学院|盐城工学院02,经管商贸、生环食品、文法教育,经管商贸组（夹纺织）,高,冷热混放,136102,工商管理类、经济与贸易类、金融学类、管理科学与工程类、旅游管理类、纺织类、外国语言文学类
物理|本科批|盐城工学院|盐城工学院03,机械能源、带电工科、理学基础,带电+机械+理学组,中,相近混合,136103,能源动力类、自动化类、电子信息类、计算机类、电气类、统计学类
物理|本科批|盐城工学院|盐城工学院04,化材药、机械能源、生环食品、土建测绘、理学基础,大理工组（含材料/土木/化工制药）,高,大杂烩,136104,材料类、机械类、纺织类、轻工类、环境科学与工程类、土木类、海洋科学类、食品科学与工程类、化工与制药类
物理|本科批|盐城工学院|盐城工学院05,带电工科、生环食品、土建测绘、理学基础、农林动物、化材药、地矿安全、机械能源、交通航空,大理工组（夹土木/水产/化学/化工制药等）,高,大杂烩,136105,计算机类、轻工类、土木类、环境科学与工程类、物理学类、水产类、化学类、生物工程类、化工与制药类、海洋科学类、安全科学与工程类、食品科学与工程类、机械类、能源动力类、材料类、交通运输类
物理|本科批|盐城工学院|盐城工学院06,带电工科、机械能源,带电+机械组,低,相近混合,136106,电气类、机械类
历史|本科批|盐城师范学院|盐城师范学院01,文法教育、经管商贸,文商组（夹公管/工商管理/物流/电商）,中,大杂烩,136201,中国语言文学类、法学类、历史学类、公共管理类、外国语言文学类、心理学类、教育学类、工商管理类、物流管理与工程类、电子商务类
历史|本科批|盐城师范学院|盐城师范学院02,文法教育,马理论组,低,同族,136202,马克思主义理论类
历史|本科批|盐城师范学院|盐城师范学院03,理学基础,地理科学组,低,同族,136203,地理科学类
物理|本科批|盐城师范学院|盐城师范学院04,文法教育、经管商贸,经管+文法组,中,相近混合,136204,法学类、管理科学与工程类、金融学类、经济学类、工商管理类、电子商务类
物理|本科批|盐城师范学院|盐城师范学院05,文法教育、经管商贸,文法教育组（夹公管）,中,相近混合,136205,中国语言文学类、公共管理类、外国语言文学类、心理学类、教育学类
物理|本科批|盐城师范学院|盐城师范学院06,带电工科、理学基础,带电+理学组,低,相近混合,136206,电气类、电子信息类、统计学类、计算机类
物理|本科批|盐城师范学院|盐城师范学院07,生环食品、化材药、医药护理,生环食品组（含化工制药）,中,相近混合,136207,生物工程类、食品科学与工程类、化工与制药类、生物医学工程类
物理|本科批|盐城师范学院|盐城师范学院08,机械能源、化材药、生环食品、交通航空,大理工组（夹化学/环境）,高,大杂烩,136208,能源动力类、化学类、环境科学与工程类、海洋工程类
物理|本科批|盐城师范学院|盐城师范学院09,理学基础、化材药、生环食品,理学基础组（含化学/生物科学）,中,相近混合,136209,数学类、物理学类、化学类、生物科学类
物理|本科批|盐城师范学院|盐城师范学院10,带电工科,带电工科组,低,同族,136210,计算机类、电气类
物理|本科批|盐城师范学院|盐城师范学院11,农林动物,自然保护组,低,同族,136211,自然保护与环境生态类
物理|本科批|盐城师范学院|盐城师范学院12,文法教育,马理论组,低,同族,136212,马克思主义理论类
物理|本科批|盐城师范学院|盐城师范学院13,理学基础,地理科学组,低,同族,136213,地理科学类
历史|提前本科批|扬州大学|扬州大学01,文法教育,文法教育组,低,同族,138101,教育学类、中国语言文学类、新闻传播学类
历史|提前本科批|扬州大学|扬州大学02,经管商贸,经管商贸组,中,同族,138102,经济学类、工商管理类、公共管理类、旅游管理类
历史|提前本科批|扬州大学|扬州大学03,文法教育,文法教育组,低,同族,138103,外国语言文学类、历史学类
历史|本科批|扬州大学|扬州大学04,文法教育,中文组,低,同族,138104,中国语言文学类
历史|本科批|扬州大学|扬州大学05,文法教育,新闻传播组,低,同族,138105,新闻传播学类
历史|本科批|扬州大学|扬州大学06,文法教育,法学组,低,同族,138106,法学类
历史|本科批|扬州大学|扬州大学07,文法教育,中文组,低,同族,138107,中国语言文学类
历史|本科批|扬州大学|扬州大学08,经管商贸,农经管组,低,同族,138108,农业经济管理类
历史|本科批|扬州大学|扬州大学09,文法教育,文法教育组,低,同族,138109,外国语言文学类、教育学类、历史学类
历史|本科批|扬州大学|扬州大学10,经管商贸,经管商贸组,低,同族,138110,工商管理类、金融学类、经济学类
历史|本科批|扬州大学|扬州大学11,经管商贸,经管商贸组,中,同族,138111,工商管理类、公共管理类、旅游管理类
历史|本科批|扬州大学|扬州大学12,文法教育、经管商贸,文法教育组（夹图情档案）,中,相近混合,138112,教育学类、中国语言文学类、哲学类、图书情报与档案管理类、新闻传播学类
历史|本科批|扬州大学|扬州大学13,文法教育,外语组,低,同族,138113,外国语言文学类
历史|本科批|扬州大学|扬州大学14,文法教育,外语组,低,同族,138114,外国语言文学类
历史|本科批|扬州大学|扬州大学15,经管商贸,工商管理组,低,同族,138115,工商管理类
历史|本科批|扬州大学|扬州大学16,文法教育,马理论组,低,同族,138116,马克思主义理论类
物理|提前本科批|扬州大学|扬州大学17,经管商贸、土建测绘,经管商贸组（含建筑）,中,跨界混合,138117,管理科学与工程类、建筑类
物理|提前本科批|扬州大学|扬州大学18,理学基础、机械能源、带电工科、土建测绘,大理工组（夹水利）,高,大杂烩,138118,统计学类、仪器类、机械类、自动化类、能源动力类、水利类
物理|提前本科批|扬州大学|扬州大学19,化材药、生环食品,化材药组（含生物科学/生物工程）,低,相近混合,138119,化工与制药类、生物科学类、生物工程类、化学类
物理|提前本科批|扬州大学|扬州大学20,医药护理、化材药,医药+化材药组,低,相近混合,138120,中西医结合类、药学类、医学技术类、公共卫生与预防医学类
物理|提前本科批|扬州大学|扬州大学21,医药护理,临床组,低,同族,138121,临床医学类
物理|本科批|扬州大学|扬州大学22,文法教育,中文组,低,同族,138122,中国语言文学类
物理|本科批|扬州大学|扬州大学23,文法教育,中文组,低,同族,138123,中国语言文学类
物理|本科批|扬州大学|扬州大学24,文法教育,法学组,低,同族,138124,法学类
物理|本科批|扬州大学|扬州大学25,文法教育,外语组,低,同族,138125,外国语言文学类
物理|本科批|扬州大学|扬州大学26,经管商贸,农经管组,低,同族,138126,农业经济管理类
物理|本科批|扬州大学|扬州大学27,经管商贸,农经管组,低,同族,138127,农业经济管理类
物理|本科批|扬州大学|扬州大学28,文法教育,心理组,低,同族,138128,心理学类
物理|本科批|扬州大学|扬州大学29,文法教育,文法教育组,低,同族,138129,教育学类、外国语言文学类
物理|本科批|扬州大学|扬州大学30,经管商贸,经管商贸组,中,同族,138130,公共管理类、旅游管理类、工商管理类
物理|本科批|扬州大学|扬州大学31,文法教育,教育组,低,同族,138131,教育学类
物理|本科批|扬州大学|扬州大学32,经管商贸,经管商贸组,低,同族,138132,经济学类、工商管理类、金融学类
物理|本科批|扬州大学|扬州大学33,文法教育,外语组,低,同族,138133,外国语言文学类
物理|本科批|扬州大学|扬州大学34,文法教育、经管商贸,文法教育组（夹图情档案）,中,相近混合,138134,心理学类、中国语言文学类、哲学类、图书情报与档案管理类、新闻传播学类
物理|本科批|扬州大学|扬州大学35,土建测绘、经管商贸,经管商贸组（含建筑）,中,跨界混合,138135,建筑类、管理科学与工程类
物理|本科批|扬州大学|扬州大学36,经管商贸,管工组,低,同族,138136,管理科学与工程类
物理|本科批|扬州大学|扬州大学37,经管商贸,工商管理组,低,同族,138137,工商管理类
物理|本科批|扬州大学|扬州大学38,文法教育,外语组,低,同族,138138,外国语言文学类
物理|本科批|扬州大学|扬州大学39,化材药,化学组,低,同族,138139,化学类
物理|本科批|扬州大学|扬州大学40,理学基础,数学组,低,同族,138140,数学类
物理|本科批|扬州大学|扬州大学41,农林动物,动物医学组,低,同族,138141,动物医学类
物理|本科批|扬州大学|扬州大学42,带电工科,电气组,低,同族,138142,电气类
物理|本科批|扬州大学|扬州大学43,机械能源,机械组,低,同族,138143,机械类
物理|本科批|扬州大学|扬州大学44,农林动物,动物生产组,低,同族,138144,动物生产类
物理|本科批|扬州大学|扬州大学45,农林动物,动物生产组,低,同族,138145,动物生产类
物理|本科批|扬州大学|扬州大学46,生环食品,生物工程组,低,同族,138146,生物工程类
物理|本科批|扬州大学|扬州大学47,医药护理,护理组,中,同族,138147,护理学类
物理|本科批|扬州大学|扬州大学48,医药护理,临床组,低,同族,138148,临床医学类
物理|本科批|扬州大学|扬州大学49,理学基础、化材药,理学基础组（含化学）,低,相近混合,138149,物理学类、化学类
物理|本科批|扬州大学|扬州大学50,带电工科,带电工科组,低,同族,138150,电子信息类、自动化类、计算机类
物理|本科批|扬州大学|扬州大学51,机械能源,机械能源组,低,同族,138151,机械类、能源动力类、仪器类
物理|本科批|扬州大学|扬州大学52,带电工科,电子信息组,低,同族,138152,电子信息类
物理|本科批|扬州大学|扬州大学53,化材药,化材药组,低,同族,138153,材料类、化工与制药类、化学类
物理|本科批|扬州大学|扬州大学54,生环食品,环境组,中,同族,138154,环境科学与工程类
物理|本科批|扬州大学|扬州大学55,土建测绘、农林动物、机械能源,机械能源组（含土木/农业工程）,中,跨界混合,138155,土木类、农业工程类、机械类
物理|本科批|扬州大学|扬州大学56,交通航空、土建测绘,土建测绘+交通组,中,相近混合,138156,交通运输类、土木类
物理|本科批|扬州大学|扬州大学57,理学基础,数理基础组,低,同族,138157,统计学类、数学类
物理|本科批|扬州大学|扬州大学58,医药护理、化材药,医药+化材药组,低,相近混合,138158,中西医结合类、药学类、医学技术类、公共卫生与预防医学类
物理|本科批|扬州大学|扬州大学59,农林动物,动物医学组,低,同族,138159,动物医学类
物理|本科批|扬州大学|扬州大学60,农林动物,植物生产组,低,同族,138160,植物生产类
物理|本科批|扬州大学|扬州大学61,农林动物,农林动物组,低,同族,138161,草学类、植物生产类
物理|本科批|扬州大学|扬州大学62,生环食品,生物科学组,低,同族,138162,生物科学类
物理|本科批|扬州大学|扬州大学63,土建测绘、农林动物,土建测绘组（含农业工程）,中,跨界混合,138163,土木类、农业工程类、水利类
物理|本科批|扬州大学|扬州大学64,生环食品,食品工程组,低,同族,138164,食品科学与工程类
物理|本科批|扬州大学|扬州大学65,机械能源、带电工科,带电+机械组,低,相近混合,138165,机械类、计算机类
物理|本科批|扬州大学|扬州大学66,机械能源,机械组,低,同族,138166,机械类
物理|本科批|扬州大学|扬州大学67,带电工科,电子信息组,低,同族,138167,电子信息类
物理|本科批|扬州大学|扬州大学68,农林动物,动物生产组,低,同族,138168,动物生产类
物理|本科批|扬州大学|扬州大学69,农林动物,动物生产组,低,同族,138169,动物生产类
物理|本科批|扬州大学|扬州大学70,农林动物,草学组,低,同族,138170,草学类
物理|本科批|扬州大学|扬州大学71,化材药,化工制药组,低,同族,138171,化工与制药类
物理|本科批|扬州大学|扬州大学72,化材药,化学组,低,同族,138172,化学类
物理|本科批|扬州大学|扬州大学73,生环食品,生物科学组,低,同族,138173,生物科学类
物理|本科批|扬州大学|扬州大学74,农林动物,植物生产组,低,同族,138174,植物生产类
物理|本科批|扬州大学|扬州大学75,化材药,化工制药组,低,同族,138175,化工与制药类
物理|本科批|扬州大学|扬州大学76,交通航空,交通运输组,低,同族,138176,交通运输类
物理|本科批|扬州大学|扬州大学77,生环食品,环境组,中,同族,138177,环境科学与工程类
物理|本科批|扬州大学|扬州大学78,农林动物,林学组,低,同族,138178,林学类
历史|本科批|扬州职业技术大学|扬州职业技术大学01,生环食品、农林动物、医药护理,医药护理组（含纺织服装/农业）,中,跨界混合,139001,纺织服装类、农业类、健康管理与促进类
物理|本科批|扬州职业技术大学|扬州职业技术大学04,机械能源、带电工科,机械+带电组,低,相近混合,139004,机械设计制造类、自动化类、汽车制造类
物理|本科批|扬州职业技术大学|扬州职业技术大学05,带电工科、土建测绘、生环食品、化材药、农林动物、医药护理,大理工组（夹测绘地信/农业/健康管理）,高,大杂烩,139005,电子信息类、测绘地理信息类、环境保护类、药品与医疗器械类、纺织服装类、农业类、健康管理与促进类
物理|本科批|扬州职业技术大学|扬州职业技术大学06,机械能源,机械制造组,低,同族,139006,机械设计制造类
历史|本科批|江苏大学|江苏大学01,文法教育、经管商贸,经管+文法组,中,相近混合,140101,中国语言文学类、工商管理类、公共管理类、经济与贸易类、法学类、金融学类、外国语言文学类
历史|本科批|江苏大学|江苏大学02,经管商贸,金融组,低,同族,140102,金融学类
历史|本科批|江苏大学|江苏大学03,文法教育,马理论组,低,同族,140103,马克思主义理论类
物理|提前本科批|江苏大学|江苏大学04,带电工科,计算机组,低,同族,140104,计算机类
物理|提前本科批|江苏大学|江苏大学05,医药护理,医药护理组,低,同族,140105,临床医学类、医学技术类
物理|提前本科批|江苏大学|江苏大学06,化材药,化材药组,低,同族,140106,化工与制药类、药学类
物理|提前本科批|江苏大学|江苏大学07,带电工科、农林动物,带电工科组（夹农业工程）,中,跨界混合,140107,电气类、农业工程类
物理|提前本科批|江苏大学|江苏大学08,机械能源、化材药,机械能源组（含材料）,低,跨界混合,140108,机械类、材料类
物理|提前本科批|江苏大学|江苏大学09,化材药,材料组,低,同族,140109,材料类
物理|提前本科批|江苏大学|江苏大学10,化材药,化材药组,低,同族,140110,化工与制药类、化学类
物理|提前本科批|江苏大学|江苏大学11,机械能源、生环食品,机械能源组（含食品工程）,低,跨界混合,140111,能源动力类、食品科学与工程类
物理|提前本科批|江苏大学|江苏大学12,农林动物,农业工程组,低,同族,140112,农业工程类
物理|提前本科批|江苏大学|江苏大学13,地矿安全、生环食品,生环食品组（含安全工程）,中,跨界混合,140113,安全科学与工程类、环境科学与工程类
物理|提前本科批|江苏大学|江苏大学14,医药护理,临床组,低,同族,140114,临床医学类
物理|本科批|江苏大学|江苏大学15,带电工科,计算机组,低,同族,140115,计算机类
物理|本科批|江苏大学|江苏大学16,医药护理,临床组,低,同族,140116,临床医学类
物理|本科批|江苏大学|江苏大学17,医药护理,临床组,低,同族,140117,临床医学类
物理|本科批|江苏大学|江苏大学18,医药护理,口腔组,低,同族,140118,口腔医学类
物理|本科批|江苏大学|江苏大学19,带电工科,计算机电子组,低,同族,140119,计算机类、电子信息类
物理|本科批|江苏大学|江苏大学20,带电工科,带电工科组,低,同族,140120,电气类、电子信息类、自动化类
物理|本科批|江苏大学|江苏大学21,机械能源、交通航空,机械+交通组,低,相近混合,140121,机械类、仪器类、交通运输类
物理|本科批|江苏大学|江苏大学22,机械能源,能源动力组,低,同族,140122,能源动力类
物理|本科批|江苏大学|江苏大学23,医药护理、化材药,医药护理组（夹化工制药）,中,相近混合,140123,公共卫生与预防医学类、化工与制药类、药学类、临床医学类、医学技术类
物理|本科批|江苏大学|江苏大学24,生环食品、化材药、机械能源,化材药组（含食品工程）,中,跨界混合,140124,食品科学与工程类、化工与制药类、化学类、材料类、机械类
物理|本科批|江苏大学|江苏大学25,生环食品、理学基础、土建测绘、地矿安全,大理工组（夹环境/土木/安全工程）,高,大杂烩,140125,环境科学与工程类、力学类、土木类、安全科学与工程类
物理|本科批|江苏大学|江苏大学26,农林动物,农业工程组,低,同族,140126,农业工程类
物理|本科批|江苏大学|江苏大学27,理学基础,数理基础组,低,同族,140127,数学类、物理学类、统计学类
物理|本科批|江苏大学|江苏大学28,文法教育,法学组,低,同族,140128,法学类
物理|本科批|江苏大学|江苏大学29,经管商贸、机械能源,经管+机械混合组,低,跨界混合,140129,工商管理类、金融学类、管理科学与工程类、工业工程类
物理|本科批|江苏大学|江苏大学30,经管商贸,经管商贸组,低,同族,140130,管理科学与工程类、金融学类
物理|本科批|江苏大学|江苏大学31,理学基础,数学组,低,同族,140131,数学类
物理|本科批|江苏大学|江苏大学32,生环食品,生物科学组,低,同族,140132,生物科学类
物理|本科批|江苏大学|江苏大学33,带电工科、机械能源、化材药,带电工科组（夹材料）,中,跨界混合,140133,计算机类、电气类、能源动力类、机械类、材料类
历史|本科批|江苏科技大学|江苏科技大学01,文法教育、经管商贸,经管+文法组,低,相近混合,140201,外国语言文学类、公共管理类、工商管理类、物流管理与工程类
历史|本科批|江苏科技大学|江苏科技大学02,经管商贸,经管商贸组,低,同族,140202,工商管理类、经济与贸易类
历史|本科批|江苏科技大学|江苏科技大学03,经管商贸,工商管理组,低,同族,140203,工商管理类
物理|本科批|江苏科技大学|江苏科技大学04,经管商贸、文法教育、机械能源,经管+文法+机械组,中,跨界混合,140204,管理科学与工程类、外国语言文学类、金融学类、工业工程类、公共管理类、工商管理类、物流管理与工程类
物理|本科批|江苏科技大学|江苏科技大学05,经管商贸,工商管理组,低,同族,140205,工商管理类
物理|本科批|江苏科技大学|江苏科技大学06,经管商贸,管工组,低,同族,140206,管理科学与工程类
物理|本科批|江苏科技大学|江苏科技大学07,经管商贸,经管商贸组,低,同族,140207,工商管理类、经济与贸易类
物理|本科批|江苏科技大学|江苏科技大学08,交通航空、带电工科、机械能源,带电+交通+机械组,中,相近混合,140208,海洋工程类、电子信息类、机械类、电气类、自动化类
物理|本科批|江苏科技大学|江苏科技大学09,带电工科、机械能源,带电+机械组,低,相近混合,140209,计算机类、电子信息类、仪器类、能源动力类
物理|本科批|江苏科技大学|江苏科技大学10,理学基础、土建测绘、机械能源、交通航空,大理工组（夹水利）,高,大杂烩,140210,数学类、力学类、水利类、机械类、物理学类、交通运输类、统计学类
物理|本科批|江苏科技大学|江苏科技大学11,化材药、生环食品、机械能源、带电工科,大理工组（夹材料/化工制药/化学）,高,大杂烩,140211,材料类、食品科学与工程类、化工与制药类、机械类、电子信息类、化学类、生物工程类、生物科学类、环境科学与工程类
物理|本科批|江苏科技大学|江苏科技大学12,带电工科、机械能源、化材药,带电工科组（夹材料）,中,跨界混合,140212,自动化类、计算机类、机械类、材料类
物理|本科批|江苏科技大学|江苏科技大学13,交通航空,海洋工程组,低,同族,140213,海洋工程类
物理|本科批|江苏科技大学|江苏科技大学14,带电工科、机械能源,带电+机械组,低,相近混合,140214,电子信息类、能源动力类
历史|本科批|泰州学院|泰州学院01,文法教育、经管商贸,文法教育组（夹物流/工商管理）,中,相近混合,142101,中国语言文学类、法学类、新闻传播学类、外国语言文学类、物流管理与工程类、工商管理类、金融学类
历史|本科批|泰州学院|泰州学院02,经管商贸,工商管理组,低,同族,142102,工商管理类
物理|本科批|泰州学院|泰州学院03,文法教育、经管商贸,文商组,中,大杂烩,142103,中国语言文学类、法学类、新闻传播学类、外国语言文学类、物流管理与工程类、工商管理类、金融学类、经济学类、管理科学与工程类
物理|本科批|泰州学院|泰州学院04,经管商贸,工商管理组,低,同族,142104,工商管理类
物理|本科批|泰州学院|泰州学院05,理学基础、带电工科、机械能源、试验班、化材药、生环食品,大理工组（夹化工制药/生物工程/食品工程/化学等）,高,大杂烩,142105,数学类、统计学类、计算机类、电子信息类、机械类、电气类、自动化类、交叉学科类、药学类、化工与制药类、生物工程类、食品科学与工程类、化学类、环境科学与工程类、材料类
物理|本科批|泰州学院|泰州学院06,带电工科,计算机组,低,同族,142106,计算机类
物理|本科批|泰州学院|泰州学院07,带电工科、化材药,带电+化材药混合组,低,跨界混合,142107,通信类、药品与医疗器械类
历史|本科批|宿迁学院|宿迁学院01,经管商贸、文法教育,文商组,中,大杂烩,142601,电子商务类、公共管理类、物流管理与工程类、工商管理类、法学类、教育学类、中国语言文学类、外国语言文学类
历史|本科批|宿迁学院|宿迁学院02,文法教育,马理论组,低,同族,142602,马克思主义理论类
物理|本科批|宿迁学院|宿迁学院03,经管商贸、文法教育,文商组,中,大杂烩,142603,电子商务类、公共管理类、物流管理与工程类、管理科学与工程类、工商管理类、法学类、经济学类、金融学类、教育学类、外国语言文学类
物理|本科批|宿迁学院|宿迁学院04,机械能源、带电工科,带电+机械组,低,相近混合,142604,机械类、自动化类、计算机类
物理|本科批|宿迁学院|宿迁学院05,带电工科、机械能源、理学基础、化材药、生环食品、土建测绘、交通航空,大理工组（夹材料/生物工程/化学/测绘等）,高,大杂烩,142605,电子信息类、机械类、物理学类、数学类、计算机类、材料类、生物工程类、化学类、测绘类、土木类、交通运输类
物理|本科批|宿迁学院|宿迁学院06,带电工科,计算机电子组,低,同族,142606,电子信息类、计算机类
物理|本科批|宿迁学院|宿迁学院07,农林动物,林学组,低,同族,142607,林学类
物理|本科批|宿迁学院|宿迁学院08,文法教育,马理论组,低,同族,142608,马克思主义理论类
历史|本科批|东南大学成贤学院|东南大学成贤学院01,经管商贸,工商管理组,低,同族,180201,工商管理类
历史|本科批|东南大学成贤学院|东南大学成贤学院02,土建测绘、经管商贸,经管商贸组（含建筑）,中,跨界混合,180202,建筑类、财政学类、工商管理类、物流管理与工程类、经济与贸易类、电子商务类
物理|本科批|东南大学成贤学院|东南大学成贤学院03,经管商贸,工商管理组,低,同族,180203,工商管理类
物理|本科批|东南大学成贤学院|东南大学成贤学院04,土建测绘、经管商贸,经管商贸组（含建筑）,中,跨界混合,180204,建筑类、管理科学与工程类
物理|本科批|东南大学成贤学院|东南大学成贤学院05,经管商贸,经管商贸组,低,同族,180205,工商管理类、财政学类、物流管理与工程类、经济与贸易类、电子商务类
物理|本科批|东南大学成贤学院|东南大学成贤学院06,医药护理,护理组,中,同族,180206,护理学类
物理|本科批|东南大学成贤学院|东南大学成贤学院07,带电工科,计算机组,低,同族,180207,计算机类
物理|本科批|东南大学成贤学院|东南大学成贤学院08,带电工科,电气组,低,同族,180208,电气类
物理|本科批|东南大学成贤学院|东南大学成贤学院09,带电工科,电子信息组,低,同族,180209,电子信息类
物理|本科批|东南大学成贤学院|东南大学成贤学院10,带电工科、机械能源,带电+机械组,低,相近混合,180210,自动化类、机械类
物理|本科批|东南大学成贤学院|东南大学成贤学院11,土建测绘、交通航空,土建测绘+交通组,中,相近混合,180211,土木类、交通运输类
物理|本科批|东南大学成贤学院|东南大学成贤学院12,化材药,化材药组,低,同族,180212,化工与制药类、材料类
历史|本科批|南京航空航天大学金城学院|南京航空航天大学金城学院01,经管商贸,工商管理组,低,同族,180301,工商管理类
历史|本科批|南京航空航天大学金城学院|南京航空航天大学金城学院02,经管商贸、艺术传媒、文法教育,文商组,中,大杂烩,180302,工商管理类、电子商务类、金融学类、经济与贸易类、公共管理类、戏剧与影视学类、外国语言文学类、中国语言文学类、心理学类
历史|本科批|南京航空航天大学金城学院|南京航空航天大学金城学院03,文法教育,马理论组,低,同族,180303,马克思主义理论类
物理|提前本科批|南京航空航天大学金城学院|南京航空航天大学金城学院04,交通航空,交通运输组,低,同族,180304,交通运输类
物理|本科批|南京航空航天大学金城学院|南京航空航天大学金城学院05,经管商贸、艺术传媒、文法教育,文商组,中,大杂烩,180305,工商管理类、电子商务类、金融学类、经济与贸易类、管理科学与工程类、公共管理类、戏剧与影视学类、外国语言文学类、中国语言文学类、心理学类
物理|本科批|南京航空航天大学金城学院|南京航空航天大学金城学院06,带电工科,带电工科组,低,同族,180306,电气类、计算机类
物理|本科批|南京航空航天大学金城学院|南京航空航天大学金城学院07,机械能源、带电工科、交通航空、土建测绘,大理工组（夹土木）,高,大杂烩,180307,机械类、自动化类、计算机类、电子信息类、航空航天类、土木类
物理|本科批|南京航空航天大学金城学院|南京航空航天大学金城学院08,文法教育,马理论组,低,同族,180308,马克思主义理论类
历史|本科批|南京理工大学紫金学院|南京理工大学紫金学院01,文法教育,法学组,低,同族,180401,法学类
历史|本科批|南京理工大学紫金学院|南京理工大学紫金学院02,经管商贸,工商管理组,低,同族,180402,工商管理类
历史|本科批|南京理工大学紫金学院|南京理工大学紫金学院03,经管商贸、文法教育,经管+文法组,中,相近混合,180403,经济与贸易类、金融学类、工商管理类、外国语言文学类、公共管理类、新闻传播学类
物理|本科批|南京理工大学紫金学院|南京理工大学紫金学院04,机械能源、经管商贸,经管+机械混合组,低,跨界混合,180404,工业工程类、金融学类、管理科学与工程类、经济与贸易类、工商管理类
物理|本科批|南京理工大学紫金学院|南京理工大学紫金学院05,文法教育、经管商贸,文法教育组（夹公管）,中,相近混合,180405,法学类、外国语言文学类、公共管理类、新闻传播学类
物理|本科批|南京理工大学紫金学院|南京理工大学紫金学院06,带电工科,电气组,低,同族,180406,电气类
物理|本科批|南京理工大学紫金学院|南京理工大学紫金学院07,带电工科,计算机组,低,同族,180407,计算机类
物理|本科批|南京理工大学紫金学院|南京理工大学紫金学院08,带电工科,电子信息组,低,同族,180408,电子信息类
物理|本科批|南京理工大学紫金学院|南京理工大学紫金学院09,带电工科,计算机电子组,低,同族,180409,计算机类、电子信息类
物理|本科批|南京理工大学紫金学院|南京理工大学紫金学院10,带电工科,带电工科组,低,同族,180410,自动化类、计算机类
物理|本科批|南京理工大学紫金学院|南京理工大学紫金学院11,机械能源、土建测绘,机械能源组（含土木）,中,相近混合,180411,机械类、土木类、仪器类
历史|本科批|南京审计大学金审学院|南京审计大学金审学院01,经管商贸,经管商贸组,中,同族,180701,工商管理类、金融学类、经济与贸易类、财政学类、物流管理与工程类、公共管理类
历史|本科批|南京审计大学金审学院|南京审计大学金审学院02,经管商贸,管理组,低,同族,180702,工商管理类、公共管理类
物理|本科批|南京审计大学金审学院|南京审计大学金审学院03,经管商贸,经管商贸组,中,同族,180703,工商管理类、金融学类、经济与贸易类、财政学类、物流管理与工程类、公共管理类、管理科学与工程类
物理|本科批|南京审计大学金审学院|南京审计大学金审学院04,经管商贸,管理组,低,同族,180704,工商管理类、公共管理类
物理|本科批|南京审计大学金审学院|南京审计大学金审学院05,带电工科、医药护理,带电工科组（夹医学技术）,中,跨界混合,180705,计算机类、电子信息类、医学技术类
物理|本科批|南京审计大学金审学院|南京审计大学金审学院06,带电工科,计算机组,低,同族,180706,计算机类
历史|本科批|南京工业大学浦江学院|南京工业大学浦江学院01,经管商贸,经管商贸组,低,同族,181001,工商管理类、经济与贸易类、财政学类、公共管理类
历史|本科批|南京工业大学浦江学院|南京工业大学浦江学院02,经管商贸、文法教育,经管+文法组,中,相近混合,181002,工商管理类、公共管理类、旅游管理类、外国语言文学类
历史|本科批|南京工业大学浦江学院|南京工业大学浦江学院03,经管商贸,旅游管理组,中,同族,181003,旅游管理类
物理|本科批|南京工业大学浦江学院|南京工业大学浦江学院04,经管商贸,经管商贸组,低,同族,181004,工商管理类、经济与贸易类、财政学类
物理|本科批|南京工业大学浦江学院|南京工业大学浦江学院05,土建测绘、经管商贸,经管商贸组（含建筑）,中,跨界混合,181005,建筑类、旅游管理类、管理科学与工程类
物理|本科批|南京工业大学浦江学院|南京工业大学浦江学院06,经管商贸,旅游管理组,中,同族,181006,旅游管理类
物理|本科批|南京工业大学浦江学院|南京工业大学浦江学院07,带电工科,带电工科组,低,同族,181007,自动化类、计算机类、电子信息类
物理|本科批|南京工业大学浦江学院|南京工业大学浦江学院08,带电工科、机械能源,带电+机械组,低,相近混合,181008,电气类、机械类、自动化类
物理|本科批|南京工业大学浦江学院|南京工业大学浦江学院09,生环食品、土建测绘、交通航空,生环食品组（含土木）,中,跨界混合,181009,食品科学与工程类、土木类、交通运输类
历史|本科批|南京财经大学红山学院|南京财经大学红山学院01,经管商贸、文法教育,文商组,中,大杂烩,181601,经济与贸易类、法学类、外国语言文学类、工商管理类、金融学类、财政学类、电子商务类、物流管理与工程类
物理|本科批|南京财经大学红山学院|南京财经大学红山学院02,经管商贸、文法教育,文商组,中,大杂烩,181602,经济与贸易类、法学类、外国语言文学类、工商管理类、金融学类、财政学类、电子商务类、物流管理与工程类
历史|本科批|中国矿业大学徐海学院|中国矿业大学徐海学院01,经管商贸、文法教育,经管+文法组,中,相近混合,182601,金融学类、经济与贸易类、中国语言文学类、外国语言文学类、工商管理类、公共管理类、电子商务类
物理|本科批|中国矿业大学徐海学院|中国矿业大学徐海学院02,经管商贸,经管商贸组,低,同族,182602,金融学类、工商管理类、电子商务类
物理|本科批|中国矿业大学徐海学院|中国矿业大学徐海学院03,机械能源、化材药、带电工科、土建测绘、地矿安全、经管商贸,大理工组（夹材料/土木/安全工程）,高,大杂烩,182603,机械类、材料类、能源动力类、电气类、电子信息类、自动化类、土木类、安全科学与工程类、管理科学与工程类
物理|本科批|中国矿业大学徐海学院|中国矿业大学徐海学院04,带电工科,计算机电子组,低,同族,182604,计算机类、电子信息类
历史|本科批|江苏师范大学科文学院|江苏师范大学科文学院01,经管商贸,经管商贸组,低,同族,182701,经济与贸易类、工商管理类、电子商务类
历史|本科批|江苏师范大学科文学院|江苏师范大学科文学院02,文法教育、经管商贸,经管+文法组,中,相近混合,182702,社会学类、中国语言文学类、旅游管理类、公共管理类
历史|本科批|江苏师范大学科文学院|江苏师范大学科文学院03,文法教育、艺术传媒,文法+艺术组,低,相近混合,182703,新闻传播学类、戏剧与影视学类
历史|本科批|江苏师范大学科文学院|江苏师范大学科文学院04,文法教育,外语组,低,同族,182704,外国语言文学类
历史|本科批|江苏师范大学科文学院|江苏师范大学科文学院05,理学基础,地理科学组,低,同族,182705,地理科学类
物理|本科批|江苏师范大学科文学院|江苏师范大学科文学院06,经管商贸,财经组,低,同族,182706,经济学类、金融学类
物理|本科批|江苏师范大学科文学院|江苏师范大学科文学院07,经管商贸,经管商贸组,低,同族,182707,经济与贸易类、工商管理类、电子商务类
物理|本科批|江苏师范大学科文学院|江苏师范大学科文学院08,文法教育、经管商贸,经管+文法组,中,相近混合,182708,社会学类、中国语言文学类、旅游管理类、公共管理类
物理|本科批|江苏师范大学科文学院|江苏师范大学科文学院09,文法教育、艺术传媒,文法+艺术组,低,相近混合,182709,新闻传播学类、戏剧与影视学类
物理|本科批|江苏师范大学科文学院|江苏师范大学科文学院10,文法教育,外语组,低,同族,182710,外国语言文学类
物理|本科批|江苏师范大学科文学院|江苏师范大学科文学院11,机械能源、带电工科,带电+机械组,低,相近混合,182711,机械类、自动化类
物理|本科批|江苏师范大学科文学院|江苏师范大学科文学院12,带电工科,带电工科组,低,同族,182712,电气类、电子信息类
物理|本科批|江苏师范大学科文学院|江苏师范大学科文学院13,带电工科,计算机组,低,同族,182713,计算机类
物理|本科批|江苏师范大学科文学院|江苏师范大学科文学院14,理学基础,地理科学组,低,同族,182714,地理科学类
历史|本科批|苏州大学应用技术学院|苏州大学应用技术学院01,经管商贸,经管商贸组,低,同族,183401,工商管理类、物流管理与工程类、金融学类
历史|本科批|苏州大学应用技术学院|苏州大学应用技术学院02,经管商贸、文法教育,经管+文法组,低,相近混合,183402,工商管理类、经济与贸易类、电子商务类、新闻传播学类
物理|本科批|苏州大学应用技术学院|苏州大学应用技术学院03,经管商贸,经管商贸组,低,同族,183403,工商管理类、物流管理与工程类、金融学类
物理|本科批|苏州大学应用技术学院|苏州大学应用技术学院04,经管商贸、文法教育,经管+文法组,低,相近混合,183404,工商管理类、经济与贸易类、电子商务类、新闻传播学类
物理|本科批|苏州大学应用技术学院|苏州大学应用技术学院05,带电工科、机械能源,带电+机械组,低,相近混合,183405,电气类、机械类
物理|本科批|苏州大学应用技术学院|苏州大学应用技术学院06,带电工科,计算机组,低,同族,183406,计算机类
物理|本科批|苏州大学应用技术学院|苏州大学应用技术学院07,带电工科,电子信息组,低,同族,183407,电子信息类
物理|本科批|苏州大学应用技术学院|苏州大学应用技术学院08,带电工科,计算机组,低,同族,183408,计算机类
历史|本科批|苏州科技大学天平学院|苏州科技大学天平学院01,土建测绘、经管商贸、文法教育,经管商贸组（夹建筑）,高,冷热混放,183501,建筑类、物流管理与工程类、工商管理类、电子商务类、中国语言文学类、外国语言文学类
物理|本科批|苏州科技大学天平学院|苏州科技大学天平学院02,土建测绘、经管商贸、文法教育,经管商贸组（夹建筑）,高,冷热混放,183502,建筑类、管理科学与工程类、物流管理与工程类、工商管理类、电子商务类、中国语言文学类、外国语言文学类
物理|本科批|苏州科技大学天平学院|苏州科技大学天平学院03,生环食品、土建测绘、理学基础,理学基础组（含环境/土木）,中,跨界混合,183503,环境科学与工程类、土木类、地理科学类
物理|本科批|苏州科技大学天平学院|苏州科技大学天平学院04,带电工科、机械能源,带电+机械组,低,相近混合,183504,电子信息类、计算机类、电气类、机械类
历史|本科批|江苏科技大学苏州理工学院|江苏科技大学苏州理工学院01,经管商贸、文法教育,经管+文法组,低,相近混合,183701,物流管理与工程类、经济与贸易类、工商管理类、外国语言文学类
物理|本科批|江苏科技大学苏州理工学院|江苏科技大学苏州理工学院02,经管商贸、文法教育,经管+文法组,中,相近混合,183702,管理科学与工程类、经济学类、物流管理与工程类、经济与贸易类、工商管理类、外国语言文学类
物理|本科批|江苏科技大学苏州理工学院|江苏科技大学苏州理工学院03,交通航空、土建测绘、机械能源、带电工科、化材药,大理工组（夹土木/材料）,高,大杂烩,183703,海洋工程类、土木类、机械类、能源动力类、自动化类、计算机类、电气类、电子信息类、材料类
历史|本科批|南通大学杏林学院|南通大学杏林学院01,文法教育、经管商贸、生环食品,工管/文混合组（夹纺织）,高,大杂烩,183801,中国语言文学类、新闻传播学类、外国语言文学类、心理学类、旅游管理类、公共管理类、工商管理类、物流管理与工程类、经济与贸易类、纺织类
历史|本科批|南通大学杏林学院|南通大学杏林学院02,医药护理,护理组,中,同族,183802,护理学类
物理|本科批|南通大学杏林学院|南通大学杏林学院03,文法教育、经管商贸、生环食品,工管/文混合组（夹纺织）,高,大杂烩,183803,中国语言文学类、新闻传播学类、外国语言文学类、心理学类、旅游管理类、公共管理类、工商管理类、物流管理与工程类、经济与贸易类、管理科学与工程类、纺织类
物理|本科批|南通大学杏林学院|南通大学杏林学院04,经管商贸、带电工科、理学基础、机械能源、土建测绘、化材药,大理工组（夹土木/化工制药）,高,大杂烩,183804,经济学类、电子信息类、海洋科学类、计算机类、机械类、土木类、自动化类、化工与制药类
物理|本科批|南通大学杏林学院|南通大学杏林学院05,医药护理、化材药,医药+化材药组,中,相近混合,183805,护理学类、医学技术类、药学类
物理|本科批|南通大学杏林学院|南通大学杏林学院06,医药护理,临床组,低,同族,183806,临床医学类
历史|本科批|扬州大学广陵学院|扬州大学广陵学院01,文法教育、经管商贸,文法教育组（夹工商管理）,中,相近混合,184401,法学类、中国语言文学类、外国语言文学类、新闻传播学类、经济与贸易类、工商管理类
物理|本科批|扬州大学广陵学院|扬州大学广陵学院02,文法教育、经管商贸,文法教育组（夹工商管理）,中,相近混合,184402,法学类、中国语言文学类、工商管理类
物理|本科批|扬州大学广陵学院|扬州大学广陵学院03,文法教育、经管商贸,经管+文法组,低,相近混合,184403,外国语言文学类、新闻传播学类、经济与贸易类、工商管理类
物理|本科批|扬州大学广陵学院|扬州大学广陵学院04,机械能源、带电工科、医药护理,带电工科组（夹护理）,高,冷热混放,184404,机械类、电子信息类、计算机类、电气类、护理学类
物理|本科批|扬州大学广陵学院|扬州大学广陵学院05,带电工科、土建测绘、机械能源、化材药、生环食品,大理工组（夹水利/土木/环境/生物工程）,高,大杂烩,184405,电子信息类、水利类、能源动力类、材料类、土木类、化工与制药类、环境科学与工程类、生物工程类
物理|本科批|扬州大学广陵学院|扬州大学广陵学院06,农林动物,林学组,低,同族,184406,林学类
历史|本科批|江苏大学京江学院|江苏大学京江学院01,经管商贸、文法教育,经管+文法组,中,相近混合,184501,工商管理类、外国语言文学类、公共管理类、经济与贸易类、经济学类、物流管理与工程类
历史|本科批|江苏大学京江学院|江苏大学京江学院02,医药护理,护理组,中,同族,184502,护理学类
物理|本科批|江苏大学京江学院|江苏大学京江学院03,经管商贸、文法教育、机械能源,工管/文混合组,中,大杂烩,184503,工商管理类、外国语言文学类、经济学类、物流管理与工程类、工业工程类、管理科学与工程类、经济与贸易类、公共管理类
物理|本科批|江苏大学京江学院|江苏大学京江学院04,医药护理,医学技术组,低,同族,184504,医学技术类
物理|本科批|江苏大学京江学院|江苏大学京江学院05,带电工科、生环食品、理学基础,带电工科组（夹食品工程）,中,跨界混合,184505,计算机类、电子信息类、食品科学与工程类、统计学类
物理|本科批|江苏大学京江学院|江苏大学京江学院06,带电工科、机械能源、化材药,带电工科组（夹材料）,中,跨界混合,184506,电子信息类、电气类、机械类、材料类
物理|本科批|江苏大学京江学院|江苏大学京江学院07,机械能源,机械能源组,低,同族,184507,机械类、能源动力类
物理|本科批|江苏大学京江学院|江苏大学京江学院08,医药护理,护理组,中,同族,184508,护理学类
历史|本科批|南京医科大学康达学院|南京医科大学康达学院01,经管商贸、文法教育,经管+文法组,低,相近混合,184601,公共管理类、外国语言文学类
历史|本科批|南京医科大学康达学院|南京医科大学康达学院02,医药护理,护理组,中,同族,184602,护理学类
物理|提前本科批|南京医科大学康达学院|南京医科大学康达学院03,医药护理,医药护理组,低,同族,184603,公共卫生与预防医学类、临床医学类
物理|本科批|南京医科大学康达学院|南京医科大学康达学院04,经管商贸,公管组,低,同族,184604,公共管理类
物理|本科批|南京医科大学康达学院|南京医科大学康达学院05,医药护理,临床组,低,同族,184605,临床医学类
物理|本科批|南京医科大学康达学院|南京医科大学康达学院06,医药护理、化材药、带电工科,医药护理组（夹化工制药）,中,跨界混合,184606,公共卫生与预防医学类、医学技术类、药学类、化工与制药类、电子信息类
物理|本科批|南京医科大学康达学院|南京医科大学康达学院07,医药护理,护理组,中,同族,184607,护理学类
历史|本科批|南京师范大学泰州学院|南京师范大学泰州学院01,经管商贸、文法教育,经管+文法组,低,相近混合,184701,经济与贸易类、工商管理类、法学类、公共管理类
历史|本科批|南京师范大学泰州学院|南京师范大学泰州学院02,文法教育,文法教育组,低,同族,184702,教育学类、中国语言文学类、历史学类、外国语言文学类
物理|本科批|南京师范大学泰州学院|南京师范大学泰州学院03,经管商贸、文法教育,文法教育组（夹工商管理）,中,相近混合,184703,经济与贸易类、工商管理类、法学类、教育学类、中国语言文学类、外国语言文学类
物理|本科批|南京师范大学泰州学院|南京师范大学泰州学院04,理学基础、带电工科,带电+理学组,低,相近混合,184704,数学类、计算机类、电子信息类
物理|本科批|南京师范大学泰州学院|南京师范大学泰州学院05,带电工科、土建测绘,带电工科组（夹土木）,高,冷热混放,184705,电气类、自动化类、土木类
物理|本科批|南京师范大学泰州学院|南京师范大学泰州学院06,化材药、生环食品,化材药组（含生物科学/生物工程）,低,相近混合,184706,化学类、生物科学类、化工与制药类、生物工程类
历史|本科批|南京理工大学泰州科技学院|南京理工大学泰州科技学院01,经管商贸、文法教育,经管+文法组,低,相近混合,184801,金融学类、经济与贸易类、工商管理类、外国语言文学类
物理|本科批|南京理工大学泰州科技学院|南京理工大学泰州科技学院02,经管商贸、文法教育,经管+文法组,低,相近混合,184802,金融学类、经济与贸易类、工商管理类、外国语言文学类
物理|本科批|南京理工大学泰州科技学院|南京理工大学泰州科技学院03,经管商贸,管工组,低,同族,184803,管理科学与工程类
物理|本科批|南京理工大学泰州科技学院|南京理工大学泰州科技学院04,机械能源、带电工科、土建测绘、化材药、生环食品,大理工组（夹土木/化工制药/环境）,高,大杂烩,184804,机械类、自动化类、计算机类、电气类、电子信息类、土木类、化工与制药类、环境科学与工程类
历史|本科批|南京邮电大学通达学院|南京邮电大学通达学院01,文法教育、经管商贸,经管+文法组,低,相近混合,185001,新闻传播学类、工商管理类
物理|本科批|南京邮电大学通达学院|南京邮电大学通达学院02,经管商贸、文法教育,经管+文法组,低,相近混合,185002,管理科学与工程类、金融学类、新闻传播学类、工商管理类
物理|本科批|南京邮电大学通达学院|南京邮电大学通达学院03,带电工科,带电工科组,低,同族,185003,电子信息类、电气类、自动化类
物理|本科批|南京邮电大学通达学院|南京邮电大学通达学院04,带电工科,计算机电子组,低,同族,185004,计算机类、电子信息类
历史|本科批|常州大学怀德学院|常州大学怀德学院01,经管商贸,经管商贸组,低,同族,185501,经济与贸易类、工商管理类、物流管理与工程类、电子商务类
历史|本科批|常州大学怀德学院|常州大学怀德学院02,文法教育,外语组,低,同族,185502,外国语言文学类
物理|本科批|常州大学怀德学院|常州大学怀德学院03,经管商贸,经管商贸组,低,同族,185503,经济与贸易类、工商管理类、物流管理与工程类、电子商务类、管理科学与工程类
物理|本科批|常州大学怀德学院|常州大学怀德学院04,机械能源、生环食品、土建测绘、带电工科、化材药,大理工组（夹环境/土木/材料）,高,大杂烩,185504,机械类、环境科学与工程类、土木类、计算机类、电子信息类、材料类、自动化类、电气类
历史|本科批|南京师范大学中北学院|南京师范大学中北学院01,文法教育、经管商贸,文商组（含旅游管理/电商/工商管理/公管）,高,大杂烩,1858C1,中国语言文学类、新闻传播学类、外国语言文学类、旅游管理类、经济与贸易类、电子商务类、金融学类、法学类、工商管理类、公共管理类
历史|本科批|南京师范大学中北学院|南京师范大学中北学院02,艺术传媒,戏剧影视组,低,同族,185802,戏剧与影视学类
物理|本科批|南京师范大学中北学院|南京师范大学中北学院03,文法教育、经管商贸,文商组（含旅游管理/电商/工商管理/公管）,高,大杂烩,185803,中国语言文学类、新闻传播学类、外国语言文学类、旅游管理类、经济与贸易类、电子商务类、金融学类、法学类、工商管理类、公共管理类
物理|本科批|南京师范大学中北学院|南京师范大学中北学院04,艺术传媒,戏剧影视组,低,同族,185804,戏剧与影视学类
物理|本科批|南京师范大学中北学院|南京师范大学中北学院05,带电工科、机械能源、生环食品、医药护理,大理工组（夹生物科学/环境/医学技术）,高,大杂烩,185805,电子信息类、能源动力类、电气类、机械类、计算机类、生物科学类、环境科学与工程类、医学技术类
历史|本科批|南京传媒学院|南京传媒学院01,艺术传媒、文法教育、经管商贸,经管+艺术+文法组,中,跨界混合,190101,戏剧与影视学类、新闻传播学类、中国语言文学类、电子商务类、工商管理类
历史|本科批|南京传媒学院|南京传媒学院02,文法教育,新闻传播组,低,同族,190102,新闻传播学类
物理|本科批|南京传媒学院|南京传媒学院03,艺术传媒、文法教育、经管商贸,经管+艺术+文法组,中,跨界混合,190103,戏剧与影视学类、新闻传播学类、电子商务类、工商管理类、经济学类
物理|本科批|南京传媒学院|南京传媒学院04,文法教育,新闻传播组,低,同族,190104,新闻传播学类
物理|本科批|南京传媒学院|南京传媒学院05,机械能源、带电工科,带电+机械组,低,相近混合,190105,机械类、电子信息类、计算机类
物理|本科批|南京传媒学院|南京传媒学院06,带电工科,计算机组,低,同族,190106,计算机类
历史|本科批|三江学院|三江学院01,经管商贸、文法教育、艺术传媒、土建测绘,工管/文混合组（夹建筑）,高,大杂烩,191101,电子商务类、外国语言文学类、新闻传播学类、戏剧与影视学类、中国语言文学类、物流管理与工程类、法学类、工商管理类、经济与贸易类、金融学类、设计学类、建筑类、艺术学理论类、旅游管理类
物理|本科批|三江学院|三江学院02,经管商贸、文法教育、艺术传媒、土建测绘,工管/文混合组（夹建筑）,高,大杂烩,191102,电子商务类、外国语言文学类、新闻传播学类、戏剧与影视学类、中国语言文学类、物流管理与工程类、法学类、工商管理类、经济与贸易类、金融学类、设计学类、建筑类、管理科学与工程类、艺术学理论类、旅游管理类
物理|本科批|三江学院|三江学院03,经管商贸、带电工科、机械能源、土建测绘,大理工组（夹土木）,高,大杂烩,191103,金融学类、计算机类、机械类、自动化类、电气类、土木类、电子信息类
历史|本科批|无锡太湖学院|无锡太湖学院01,经管商贸、文法教育,文商组（含工商管理/旅游管理/电商/物流）,高,大杂烩,191501,金融学类、经济与贸易类、工商管理类、旅游管理类、电子商务类、物流管理与工程类、外国语言文学类、中国语言文学类、法学类、社会学类
历史|本科批|无锡太湖学院|无锡太湖学院02,医药护理,护理组,中,同族,191502,护理学类
物理|本科批|无锡太湖学院|无锡太湖学院03,经管商贸、文法教育,文商组（含工商管理/旅游管理/电商/物流）,高,大杂烩,191503,金融学类、经济与贸易类、工商管理类、旅游管理类、电子商务类、物流管理与工程类、外国语言文学类、中国语言文学类、法学类、管理科学与工程类、社会学类
物理|本科批|无锡太湖学院|无锡太湖学院04,经管商贸,管工组,低,同族,191504,管理科学与工程类
物理|本科批|无锡太湖学院|无锡太湖学院05,带电工科、机械能源、土建测绘、化材药、医药护理,大理工组（夹土木/医学技术）,高,大杂烩,191505,计算机类、电子信息类、机械类、自动化类、土木类、药学类、医学技术类
物理|本科批|无锡太湖学院|无锡太湖学院06,带电工科,计算机电子组,低,同族,191506,计算机类、电子信息类
物理|本科批|无锡太湖学院|无锡太湖学院07,医药护理,护理组,中,同族,191507,护理学类
历史|本科批|西交利物浦大学|西交利物浦大学01,经管商贸,工商管理组,低,同族,192101,工商管理类
物理|本科批|西交利物浦大学|西交利物浦大学02,经管商贸,金融组,低,同族,192102,金融学类
物理|本科批|西交利物浦大学|西交利物浦大学03,带电工科,电子信息组,低,同族,192103,电子信息类
历史|提前本科批|昆山杜克大学|昆山杜克大学01,艺术传媒,设计组,低,同族,192201,设计学类
物理|提前本科批|昆山杜克大学|昆山杜克大学02,文法教育,心理组,低,同族,192202,心理学类
历史|本科批|南通理工学院|南通理工学院01,经管商贸,经管商贸组,低,同族,192801,公共管理类、电子商务类、物流管理与工程类、工商管理类
物理|本科批|南通理工学院|南通理工学院02,经管商贸、机械能源,工管/文混合组,中,大杂烩,192802,公共管理类、管理科学与工程类、电子商务类、经济学类、物流管理与工程类、工商管理类、工业工程类、金融学类
物理|本科批|南通理工学院|南通理工学院03,机械能源、化材药、带电工科、交通航空、土建测绘、地矿安全,大理工组（夹材料/土木/测绘/安全工程等）,高,大杂烩,192803,机械类、材料类、自动化类、能源动力类、电气类、海洋工程类、交通运输类、土木类、测绘类、安全科学与工程类、化工与制药类、计算机类、电子信息类
物理|本科批|南通理工学院|南通理工学院04,医药护理,医药护理组,中,同族,192804,护理学类、医学技术类
历史|提前本科批|复旦大学|复旦大学01,文法教育,外语组,低,同族,210101,外国语言文学类
历史|提前本科批|复旦大学|复旦大学02,文法教育,马理论组,低,同族,210102,马克思主义理论类
历史|提前本科批|复旦大学|复旦大学03,文法教育、试验班,文法组,低,同族,210103,外国语言文学类、历史学类、哲学类、社会科学试验班类
历史|本科批|复旦大学|复旦大学04,文法教育、试验班、经管商贸,文商组,中,大杂烩,210104,中国语言文学类、外国语言文学类、历史学类、哲学类、新闻传播学类、社会科学试验班类、法学类、经济学类
物理|提前本科批|复旦大学|复旦大学05,经管商贸、试验班、生环食品、化材药、理学基础、带电工科,大理工组（夹材料）,高,大杂烩,210105,金融学类、经济管理试验班类、生物科学类、材料类、环境科学与工程类、大气科学类、计算机类、工科试验班类
物理|本科批|复旦大学|复旦大学06,理学基础,物理组,低,同族,210106,物理学类
物理|本科批|复旦大学|复旦大学07,经管商贸、试验班、理学基础、化材药、机械能源、带电工科,大理工组（夹化学）,中,大杂烩,210107,金融学类、经济管理试验班类、理科试验班类、数学类、化学类、核工程类、计算机类、工科试验班类
历史|本科批|同济大学|同济大学01,试验班、文法教育,文法组,低,同族,210201,人文科学试验班类、法学类
历史|本科批|同济大学|同济大学02,艺术传媒,戏剧影视组,低,同族,210202,戏剧与影视学类
历史|本科批|同济大学|同济大学03,文法教育,政治学组,低,同族,210203,政治学类
物理|提前本科批|同济大学|同济大学04,地矿安全、试验班、土建测绘,土建测绘组（含地质工程）,中,相近混合,210204,地质类、工科试验班类、测绘类
物理|本科批|同济大学|同济大学05,试验班,工科试验班组,低,同族,210205,工科试验班类
物理|本科批|同济大学|同济大学06,机械能源,机械组,低,同族,210206,机械类
物理|本科批|同济大学|同济大学07,医药护理,医药护理组,低,同族,210207,医学试验班类、临床医学类
物理|本科批|同济大学|同济大学08,试验班,试验班组,低,同族,210208,工科试验班类、理科试验班类
历史|提前本科批|上海交通大学|上海交通大学01,艺术传媒,戏剧影视组,低,同族,210301,戏剧与影视学类
历史|提前本科批|上海交通大学|上海交通大学02,文法教育,外语组,低,同族,210302,外国语言文学类
历史|本科批|上海交通大学|上海交通大学03,试验班,法学试验班组,低,同族,210303,法学试验班类
物理|提前本科批|上海交通大学|上海交通大学04,机械能源、化材药、试验班,机械+化材药混合组,低,跨界混合,210304,核工程类、药学类、机械类、工科试验班类
物理|本科批|上海交通大学|上海交通大学05,带电工科,电子信息组,低,同族,210305,电子信息类
物理|本科批|上海交通大学|上海交通大学06,带电工科、试验班、机械能源、交通航空、化材药、生环食品、经管商贸,大理工组（夹材料/生物科学）,中,大杂烩,210306,电子信息类、交叉学科类、自动化类、电气类、机械类、海洋工程类、材料类、生物科学类、经济管理试验班类、金融学类、工科试验班类、理科试验班类
物理|本科批|上海交通大学|上海交通大学07,带电工科、机械能源,带电+机械组,低,相近混合,210307,电子信息类、机械类
历史|本科批|华东理工大学|华东理工大学01,经管商贸、土建测绘、文法教育,经管商贸组（夹建筑）,高,冷热混放,210401,经济学类、工商管理类、物流管理与工程类、公共管理类、建筑类、外国语言文学类、法学类
物理|提前本科批|华东理工大学|华东理工大学02,带电工科、机械能源、理学基础、化材药、生环食品,大理工组（夹化工制药/生物工程/食品工程/材料）,中,大杂烩,210402,计算机类、机械类、数学类、化工与制药类、生物工程类、食品科学与工程类、材料类、能源动力类
物理|本科批|华东理工大学|华东理工大学03,试验班、带电工科、机械能源、理学基础、经管商贸、化材药、生环食品,大理工组（夹生物工程）,中,大杂烩,210403,工科试验班类、电子信息类、计算机类、机械类、数学类、物理学类、管理科学与工程类、化学类、生物工程类、化工与制药类、药学类、材料类、能源动力类
历史|本科批|东华大学|东华大学01,经管商贸、试验班、文法教育,文法+经管组,低,相近混合,210501,经济与贸易类、经济管理试验班类、新闻传播学类、社会科学试验班类、外国语言文学类
物理|提前本科批|东华大学|东华大学02,经管商贸、机械能源、生环食品、土建测绘、化材药,大理工组（含土木/化学/材料）,高,大杂烩,210502,管理科学与工程类、机械类、环境科学与工程类、土木类、纺织类、生物工程类、化学类、材料类
物理|本科批|东华大学|东华大学03,生环食品、医药护理、化材药、试验班,化材药组（含生物工程/纺织）,中,相近混合,210503,生物工程类、生物医学工程类、化学类、材料类、纺织类、理科试验班类
物理|本科批|东华大学|东华大学04,经管商贸、带电工科、理学基础、机械能源、生环食品、试验班,大理工组（夹环境）,高,大杂烩,210504,管理科学与工程类、计算机类、电子信息类、物理学类、数学类、机械类、环境科学与工程类、理科试验班类
历史|提前本科批|华东师范大学|华东师范大学01,文法教育、经管商贸,经管+文法组,低,相近混合,210601,外国语言文学类、工商管理类、社会学类、公共管理类
历史|提前本科批|华东师范大学|华东师范大学02,文法教育,法政组,低,同族,210602,政治学类、马克思主义理论类
历史|本科批|华东师范大学|华东师范大学03,文法教育、经管商贸,文商组（夹工商管理）,中,大杂烩,210603,中国语言文学类、外国语言文学类、金融学类、工商管理类、新闻传播学类、历史学类、哲学类、法学类、社会学类
历史|本科批|华东师范大学|华东师范大学04,文法教育,政治学组,低,同族,210604,政治学类
物理|提前本科批|华东师范大学|华东师范大学05,文法教育、理学基础、化材药、生环食品、医药护理、经管商贸,大理工组（夹化学/生物科学/医学技术）,中,大杂烩,210605,心理学类、物理学类、化学类、生物科学类、医学技术类、地理科学类、管理科学与工程类
物理|本科批|华东师范大学|华东师范大学06,文法教育、理学基础、带电工科、化材药、生环食品、土建测绘、经管商贸,大理工组（夹化学/生物科学/测绘）,高,大杂烩,210606,心理学类、数学类、统计学类、物理学类、电子信息类、计算机类、化学类、生物科学类、地理科学类、测绘类、管理科学与工程类
历史|本科批|华东政法大学|华东政法大学01,文法教育,法学组,低,同族,210701,法学类
历史|本科批|华东政法大学|华东政法大学02,文法教育,法学组,低,同族,210702,法学类
历史|本科批|华东政法大学|华东政法大学03,文法教育、经管商贸,文法教育组（夹公管）,中,相近混合,210703,新闻传播学类、外国语言文学类、经济学类、公共管理类、法学类
物理|本科批|华东政法大学|华东政法大学04,经管商贸、文法教育,经管+文法组,低,相近混合,210704,经济学类、法学类
物理|本科批|华东政法大学|华东政法大学05,文法教育,法学组,低,同族,210705,法学类
物理|本科批|华东政法大学|华东政法大学06,文法教育,法学组,低,同族,210706,法学类
历史|提前本科批|上海外国语大学|上海外国语大学01,文法教育,外语组,低,同族,210901,外国语言文学类
历史|提前本科批|上海外国语大学|上海外国语大学02,经管商贸,经贸组,低,同族,210902,经济与贸易类
历史|提前本科批|上海外国语大学|上海外国语大学03,文法教育,政治学组,低,同族,210903,政治学类
历史|本科批|上海外国语大学|上海外国语大学04,经管商贸、文法教育,文法教育组（夹工商管理）,中,相近混合,210904,金融学类、法学类、工商管理类、中国语言文学类、新闻传播学类
历史|本科批|上海外国语大学|上海外国语大学05,文法教育,外语组,低,同族,210905,外国语言文学类
历史|本科批|上海外国语大学|上海外国语大学06,文法教育,政治学组,低,同族,210906,政治学类
物理|提前本科批|上海外国语大学|上海外国语大学07,文法教育,外语组,低,同族,210907,外国语言文学类
物理|提前本科批|上海外国语大学|上海外国语大学08,经管商贸、文法教育,经管+文法组,低,相近混合,210908,经济与贸易类、教育学类
物理|本科批|上海外国语大学|上海外国语大学09,文法教育,外语组,低,同族,210909,外国语言文学类
物理|本科批|上海外国语大学|上海外国语大学10,经管商贸、文法教育,经管+文法组,低,相近混合,210910,金融学类、法学类、工商管理类、管理科学与工程类、新闻传播学类
物理|本科批|上海外国语大学|上海外国语大学11,带电工科,计算机组,低,同族,210911,计算机类
历史|本科批|上海财经大学|上海财经大学01,经管商贸、文法教育,经管+文法组,中,相近混合,211001,工商管理类、金融学类、经济学类、法学类、财政学类、公共管理类、外国语言文学类
历史|本科批|上海财经大学|上海财经大学02,文法教育,马理论组,低,同族,211002,马克思主义理论类
物理|提前本科批|上海财经大学|上海财经大学03,经管商贸,管工组,低,同族,211003,管理科学与工程类
物理|提前本科批|上海财经大学|上海财经大学04,理学基础、带电工科,理学+带电组,低,相近混合,211004,统计学类、计算机类、数学类
物理|本科批|上海财经大学|上海财经大学05,经管商贸、文法教育,经管+文法组,中,相近混合,211005,工商管理类、金融学类、经济与贸易类、经济学类、法学类、财政学类
物理|本科批|上海财经大学|上海财经大学06,理学基础、带电工科,带电+理学组,低,相近混合,211006,统计学类、数学类、电子信息类、计算机类
历史|本科批|上海师范大学|上海师范大学01,经管商贸,经济组,低,同族,211101,经济学类
历史|本科批|上海师范大学|上海师范大学02,艺术传媒,戏剧影视组,低,同族,211102,戏剧与影视学类
历史|本科批|上海师范大学|上海师范大学03,文法教育、经管商贸,经管+文法组,中,相近混合,211103,历史学类、工商管理类、旅游管理类
历史|本科批|上海师范大学|上海师范大学04,文法教育,文法教育组,低,同族,211104,中国语言文学类、外国语言文学类、教育学类
物理|本科批|上海师范大学|上海师范大学05,经管商贸,经管商贸组,低,同族,211105,工商管理类、金融学类
物理|本科批|上海师范大学|上海师范大学06,理学基础、带电工科、土建测绘,理学基础组（夹土木）,高,冷热混放,211106,数学类、物理学类、电子信息类、土木类
物理|本科批|上海师范大学|上海师范大学07,理学基础、生环食品,理学基础组（含生物科学）,低,相近混合,211107,数学类、生物科学类
物理|本科批|上海师范大学|上海师范大学08,化材药、生环食品,化材药组（含环境）,中,相近混合,211108,化学类、化工与制药类、环境科学与工程类
物理|本科批|上海师范大学|上海师范大学09,机械能源、土建测绘,机械能源组（含土木）,中,相近混合,211109,机械类、土木类
历史|本科批|上海大学|上海大学01,艺术传媒,艺术传媒组,低,同族,211201,艺术学理论类、戏剧与影视学类
历史|本科批|上海大学|上海大学02,试验班、文法教育,文法组,低,同族,211202,人文科学试验班类、外国语言文学类
物理|提前本科批|上海大学|上海大学03,化材药,材料组,低,同族,211203,材料类
物理|本科批|上海大学|上海大学04,经管商贸,经济组,低,同族,211204,经济学类
物理|本科批|上海大学|上海大学05,经管商贸,经管商贸组,低,同族,211205,经济与贸易类、管理科学与工程类、金融学类
物理|本科批|上海大学|上海大学06,试验班、带电工科、化材药,带电工科组（夹材料）,中,跨界混合,211206,理科试验班类、电气类、材料类、电子信息类
物理|本科批|上海大学|上海大学07,机械能源、带电工科、土建测绘、生环食品,大理工组（夹土木/环境）,高,大杂烩,211207,机械类、电子信息类、电气类、土木类、环境科学与工程类
物理|本科批|上海中医药大学|上海中医药大学01,医药护理,中医组,低,同族,211301,中医学类
物理|本科批|上海中医药大学|上海中医药大学02,化材药、试验班,化材药组,低,同族,211302,中药学类、交叉学科类
物理|本科批|上海中医药大学|上海中医药大学03,化材药,药学组,低,同族,211303,药学类
物理|本科批|上海中医药大学|上海中医药大学04,医药护理,中医药组,低,同族,211304,中医学类、中西医结合类
物理|本科批|上海中医药大学|上海中医药大学05,医药护理,公卫组,低,同族,211305,公共卫生与预防医学类
历史|本科批|上海对外经贸大学|上海对外经贸大学01,经管商贸、文法教育,经管+文法组,低,相近混合,211401,经济与贸易类、外国语言文学类、工商管理类、法学类
历史|本科批|上海对外经贸大学|上海对外经贸大学02,经管商贸,经管商贸组,中,同族,211402,工商管理类、旅游管理类
物理|本科批|上海对外经贸大学|上海对外经贸大学03,经管商贸、文法教育,经管+文法组,低,相近混合,211403,经济与贸易类、金融学类、法学类
物理|本科批|上海对外经贸大学|上海对外经贸大学04,经管商贸,经管商贸组,低,同族,211404,物流管理与工程类、工商管理类、金融学类
物理|本科批|上海对外经贸大学|上海对外经贸大学05,带电工科、理学基础,带电+理学组,低,相近混合,211405,计算机类、电子信息类、数学类
历史|本科批|上海理工大学|上海理工大学01,经管商贸,经管商贸组,低,同族,211501,工商管理类、经济与贸易类
历史|本科批|上海理工大学|上海理工大学02,试验班、文法教育,文法组,低,同族,211502,经济管理试验班类、新闻传播学类、外国语言文学类
物理|本科批|上海理工大学|上海理工大学03,机械能源、带电工科,带电+机械组,低,相近混合,211503,机械类、电子信息类、电气类
物理|本科批|上海理工大学|上海理工大学04,试验班,试验班组,低,同族,211504,工科试验班类、理科试验班类
历史|本科批|上海海洋大学|上海海洋大学01,经管商贸,经管商贸组,低,同族,211601,工商管理类、金融学类、经济与贸易类
物理|本科批|上海海洋大学|上海海洋大学02,经管商贸,管工组,低,同族,211602,管理科学与工程类
物理|本科批|上海海洋大学|上海海洋大学03,机械能源、带电工科,带电+机械组,低,相近混合,211603,机械类、仪器类、自动化类、计算机类、电子信息类
物理|本科批|上海海洋大学|上海海洋大学04,农林动物、生环食品、理学基础,生环食品组（含水产）,中,跨界混合,211604,水产类、生物科学类、海洋科学类、环境科学与工程类
历史|本科批|上海海事大学|上海海事大学01,经管商贸、文法教育,经管+文法组,中,相近混合,211701,公共管理类、旅游管理类、法学类
物理|提前本科批|上海海事大学|上海海事大学02,交通航空,交通运输组,低,同族,211702,交通运输类
物理|本科批|上海海事大学|上海海事大学03,经管商贸、文法教育,经管+文法组,低,相近混合,211703,物流管理与工程类、公共管理类、法学类
物理|本科批|上海海事大学|上海海事大学04,交通航空、带电工科、土建测绘,带电工科组（夹水利）,高,冷热混放,211704,交通运输类、电气类、计算机类、海洋工程类、水利类
历史|本科批|上海电力大学|上海电力大学01,经管商贸、文法教育,经管+文法组,低,相近混合,211801,工商管理类、经济与贸易类、外国语言文学类
物理|本科批|上海电力大学|上海电力大学02,机械能源、化材药、带电工科、理学基础,大理工组（夹材料）,中,大杂烩,211802,能源动力类、机械类、核工程类、材料类、电气类、自动化类、计算机类、电子信息类、物理学类
物理|本科批|上海电力大学|上海电力大学03,带电工科,电气组,低,同族,211803,电气类
历史|本科批|上海体育大学|上海体育大学01,文法教育,新闻传播组,低,同族,211901,新闻传播学类
历史|本科批|上海体育大学|上海体育大学02,经管商贸,工商管理组,低,同族,211902,工商管理类
物理|本科批|上海体育大学|上海体育大学03,经管商贸,工商管理组,低,同族,211903,工商管理类
物理|本科批|上海体育大学|上海体育大学04,文法教育,体育组,低,同族,211904,体育学类
物理|本科批|上海体育大学|上海体育大学05,带电工科,计算机组,低,同族,211905,计算机类
历史|本科批|上海工程技术大学|上海工程技术大学01,经管商贸、文法教育,经管+文法组,低,相近混合,212001,工商管理类、公共管理类、外国语言文学类
物理|本科批|上海工程技术大学|上海工程技术大学02,机械能源、带电工科、化材药、交通航空、试验班、土建测绘、理学基础,大理工组（夹材料/土木）,高,大杂烩,212002,机械类、能源动力类、电子信息类、药学类、材料类、航空航天类、交叉学科类、自动化类、交通运输类、土木类、数学类
历史|本科批|上海应用技术大学|上海应用技术大学01,经管商贸、文法教育,经管+文法组,低,相近混合,212301,经济与贸易类、外国语言文学类
物理|本科批|上海应用技术大学|上海应用技术大学02,经管商贸,管工组,低,同族,212302,管理科学与工程类
物理|本科批|上海应用技术大学|上海应用技术大学03,生环食品,轻工组,中,同族,212303,轻工类
物理|本科批|上海应用技术大学|上海应用技术大学04,化材药、机械能源、带电工科、理学基础,大理工组（夹材料/化学）,中,大杂烩,212304,材料类、机械类、电气类、电子信息类、计算机类、化学类、数学类
历史|本科批|上海第二工业大学|上海第二工业大学01,文法教育,文新外语组,低,同族,212401,外国语言文学类、中国语言文学类
物理|本科批|上海第二工业大学|上海第二工业大学02,机械能源、经管商贸,经管+机械混合组,低,跨界混合,212402,工业工程类、电子商务类
物理|本科批|上海第二工业大学|上海第二工业大学03,机械能源,机械组,低,同族,212403,机械类
物理|本科批|上海第二工业大学|上海第二工业大学04,机械能源、带电工科、理学基础,机械+带电+理学组,中,相近混合,212404,机械类、自动化类、仪器类、计算机类、能源动力类、统计学类
历史|本科批|上海政法学院|上海政法学院01,艺术传媒,戏剧影视组,低,同族,212501,戏剧与影视学类
历史|本科批|上海政法学院|上海政法学院02,文法教育,法学组,低,同族,212502,法学类
历史|本科批|上海政法学院|上海政法学院03,经管商贸、文法教育,经管+文法组,低,相近混合,212503,金融学类、工商管理类、公共管理类、中国语言文学类、新闻传播学类
物理|本科批|上海政法学院|上海政法学院04,经管商贸、文法教育,经管+文法组,低,相近混合,212504,经济与贸易类、经济学类、工商管理类、心理学类、新闻传播学类
物理|本科批|上海政法学院|上海政法学院05,艺术传媒,戏剧影视组,低,同族,212505,戏剧与影视学类
物理|本科批|上海政法学院|上海政法学院06,文法教育,法学组,低,同族,212506,法学类
物理|提前本科批|复旦大学医学院|复旦大学医学院01,医药护理、经管商贸、化材药,医药护理组（含公管）,中,跨界混合,212801,公共卫生与预防医学类、公共管理类、药学类
物理|本科批|复旦大学医学院|复旦大学医学院02,医药护理,临床组,低,同族,212802,临床医学类
物理|本科批|复旦大学医学院|复旦大学医学院03,医药护理、经管商贸、化材药,医药护理组（夹公管）,中,跨界混合,212803,临床医学类、口腔医学类、基础医学类、公共卫生与预防医学类、公共管理类、药学类
物理|本科批|复旦大学医学院|复旦大学医学院04,医药护理,护理组,中,同族,212804,护理学类
物理|提前本科批|上海科技大学|上海科技大学01,理学基础、化材药、生环食品、带电工科、医药护理、机械能源,大理工组（夹化学/材料/生物科学）,中,大杂烩,212901,物理学类、化学类、材料类、生物科学类、计算机类、电子信息类、生物医学工程类、机械类、数学类
历史|提前本科批|上海海关学院|上海海关学院01,经管商贸,管理组,低,同族,213101,公共管理类、工商管理类
历史|提前本科批|上海海关学院|上海海关学院02,经管商贸,管理组,低,同族,213102,公共管理类、工商管理类
历史|本科批|上海海关学院|上海海关学院03,经管商贸、文法教育,经管+文法组,低,相近混合,213103,工商管理类、外国语言文学类、财政学类
物理|提前本科批|上海海关学院|上海海关学院04,经管商贸,管理组,低,同族,213104,公共管理类、工商管理类
物理|提前本科批|上海海关学院|上海海关学院05,经管商贸,公管组,低,同族,213105,公共管理类
物理|本科批|上海海关学院|上海海关学院06,经管商贸、文法教育,经管+文法组,低,相近混合,213106,物流管理与工程类、财政学类、外国语言文学类、工商管理类
物理|本科批|上海健康医学院|上海健康医学院01,经管商贸,公管组,低,同族,213501,公共管理类
物理|本科批|上海健康医学院|上海健康医学院02,医药护理,临床组,低,同族,213502,临床医学类
物理|本科批|上海健康医学院|上海健康医学院03,医药护理、试验班,医药组,低,同族,213503,生物医学工程类、交叉学科类
物理|本科批|上海健康医学院|上海健康医学院04,化材药,药学组,低,同族,213504,药学类
物理|本科批|上海健康医学院|上海健康医学院05,医药护理,医药护理组,低,同族,213505,公共卫生与预防医学类、医学技术类
物理|本科批|上海健康医学院|上海健康医学院06,医药护理,护理组,中,同族,213506,护理学类
物理|本科批|上海健康医学院|上海健康医学院07,医药护理、带电工科,带电工科组（夹医学技术）,中,跨界混合,213507,医学技术类、计算机类
历史|本科批|上海电机学院|上海电机学院01,经管商贸,经贸组,低,同族,213601,经济与贸易类
物理|本科批|上海电机学院|上海电机学院02,带电工科、交通航空、机械能源、化材药、理学基础,大理工组（夹材料）,中,大杂烩,213602,电气类、自动化类、航空航天类、机械类、材料类、物理学类、计算机类
物理|本科批|上海电机学院|上海电机学院03,带电工科、机械能源,带电+机械组,低,相近混合,213603,电气类、机械类
历史|本科批|上海立信会计金融学院|上海立信会计金融学院01,经管商贸、文法教育,文商组,中,大杂烩,213701,工商管理类、金融学类、物流管理与工程类、经济学类、经济与贸易类、财政学类、外国语言文学类、法学类、中国语言文学类
物理|本科批|上海立信会计金融学院|上海立信会计金融学院02,经管商贸、文法教育,文商组,中,大杂烩,213702,工商管理类、金融学类、物流管理与工程类、经济学类、经济与贸易类、财政学类、外国语言文学类、法学类
物理|本科批|上海立信会计金融学院|上海立信会计金融学院03,理学基础、带电工科,理学+带电组,低,相近混合,213703,统计学类、数学类、计算机类
物理|提前本科批|上海交通大学医学院|上海交通大学医学院01,医药护理,医药护理组,低,同族,213901,临床医学类、公共卫生与预防医学类
物理|本科批|上海交通大学医学院|上海交通大学医学院02,医药护理,临床组,低,同族,213902,临床医学类
物理|本科批|上海交通大学医学院|上海交通大学医学院03,医药护理,临床口腔组,低,同族,213903,临床医学类、口腔医学类
物理|本科批|上海交通大学医学院|上海交通大学医学院04,医药护理,医学技术组,低,同族,213904,医学技术类
历史|本科批|上海商学院|上海商学院01,文法教育、经管商贸,经管+文法组,中,相近混合,214101,社会学类、外国语言文学类、工商管理类、旅游管理类
历史|本科批|上海商学院|上海商学院02,经管商贸,经管商贸组,中,同族,214102,电子商务类、旅游管理类
物理|本科批|上海商学院|上海商学院03,文法教育、经管商贸,经管+文法组,中,相近混合,214103,社会学类、外国语言文学类、工商管理类、电子商务类、旅游管理类
物理|本科批|上海商学院|上海商学院04,经管商贸,经管商贸组,中,同族,214104,电子商务类、旅游管理类
物理|本科批|上海商学院|上海商学院05,带电工科、生环食品,带电工科组（夹食品工程）,中,跨界混合,214105,计算机类、食品科学与工程类
历史|提前本科批|上海纽约大学|上海纽约大学01,试验班,人文试验班组,低,同族,216801,人文科学试验班类
物理|提前本科批|上海纽约大学|上海纽约大学02,试验班,自然科学试验班组,低,同族,216802,自然科学试验班类
历史|提前本科批|浙江大学|浙江大学01,文法教育,外语组,低,同族,220101,外国语言文学类
历史|提前本科批|浙江大学|浙江大学02,试验班,试验班组,低,同族,220102,人文科学试验班类、社会科学试验班类
历史|本科批|浙江大学|浙江大学03,试验班、文法教育,文法组,低,同族,220103,人文科学试验班类、外国语言文学类、社会科学试验班类、法学类
物理|提前本科批|浙江大学|浙江大学04,试验班、带电工科、交通航空,带电+交通组,低,相近混合,220104,理科试验班类、工科试验班类、电子信息类、航空航天类、计算机类
物理|本科批|浙江大学|浙江大学05,试验班,工科试验班组,低,同族,220105,工科试验班类
物理|本科批|浙江大学|浙江大学06,农林动物,农林动物组,低,同族,220106,自然保护与环境生态类、农业工程类
历史|本科批|中国计量大学|中国计量大学01,文法教育、经管商贸,经管+文法组,低,相近混合,220201,法学类、公共管理类
物理|本科批|中国计量大学|中国计量大学02,机械能源、经管商贸,经管+机械混合组,低,跨界混合,220202,工业工程类、管理科学与工程类、金融学类
物理|本科批|中国计量大学|中国计量大学03,机械能源、带电工科,带电+机械组,低,相近混合,220203,仪器类、自动化类
物理|本科批|中国计量大学|中国计量大学04,带电工科、机械能源,带电+机械组,低,相近混合,220204,自动化类、机械类、电子信息类
物理|本科批|中国计量大学|中国计量大学05,带电工科、机械能源、化材药、理学基础,大理工组（夹材料）,中,大杂烩,220205,自动化类、电气类、机械类、仪器类、电子信息类、计算机类、材料类、物理学类
历史|本科批|浙江理工大学|浙江理工大学01,经管商贸、文法教育,经管+文法组,低,相近混合,220301,经济与贸易类、工商管理类、外国语言文学类
物理|本科批|浙江理工大学|浙江理工大学02,生环食品,纺织组,中,同族,220302,纺织类
物理|本科批|浙江理工大学|浙江理工大学03,生环食品,纺织组,中,同族,220303,纺织类
物理|本科批|浙江理工大学|浙江理工大学04,土建测绘,建筑组,中,同族,220304,建筑类
物理|本科批|浙江理工大学|浙江理工大学05,理学基础、生环食品、化材药、土建测绘、机械能源,大理工组（含纺织/轻工/土木/生物科学）,高,大杂烩,220305,数学类、纺织类、轻工类、材料类、土木类、生物科学类、化学类、机械类、仪器类、化工与制药类
历史|本科批|浙江工业大学|浙江工业大学01,文法教育,法学组,低,同族,220401,法学类
物理|本科批|浙江工业大学|浙江工业大学02,文法教育,法学组,低,同族,220402,法学类
物理|本科批|浙江工业大学|浙江工业大学03,化材药、生环食品,化材药组（含生物工程/食品工程）,低,相近混合,220403,化工与制药类、生物工程类、材料类、食品科学与工程类、药学类
物理|本科批|浙江工业大学|浙江工业大学04,机械能源、带电工科,带电+机械组,低,相近混合,220404,能源动力类、计算机类
物理|本科批|浙江工业大学|浙江工业大学05,机械能源、带电工科、土建测绘,带电工科组（夹土木）,高,冷热混放,220405,机械类、电子信息类、计算机类、土木类、能源动力类
历史|本科批|中国美术学院|中国美术学院01,艺术传媒、土建测绘,艺术传媒组（含建筑）,中,跨界混合,220501,艺术学理论类、建筑类、设计学类
物理|本科批|中国美术学院|中国美术学院02,土建测绘,建筑组,中,同族,220502,建筑类
物理|本科批|中国美术学院|中国美术学院03,机械能源,机械组,低,同族,220503,机械类
历史|本科批|浙江师范大学|浙江师范大学01,文法教育,外语组,低,同族,220601,外国语言文学类
历史|本科批|浙江师范大学|浙江师范大学02,文法教育,外语组,低,同族,220602,外国语言文学类
历史|本科批|浙江师范大学|浙江师范大学03,文法教育、艺术传媒,文法+艺术组,低,相近混合,220603,中国语言文学类、戏剧与影视学类
历史|本科批|浙江师范大学|浙江师范大学04,文法教育,教育组,低,同族,220604,教育学类
物理|本科批|浙江师范大学|浙江师范大学05,文法教育,文法教育组,低,同族,220605,心理学类、中国语言文学类
物理|本科批|浙江师范大学|浙江师范大学06,文法教育,教育组,低,同族,220606,教育学类
物理|本科批|浙江师范大学|浙江师范大学07,带电工科,计算机组,低,同族,220607,计算机类
物理|本科批|浙江师范大学|浙江师范大学08,理学基础,数学组,低,同族,220608,数学类
历史|本科批|浙江工商大学|浙江工商大学01,经管商贸、文法教育,文商组（含工商管理/公管/旅游管理）,高,大杂烩,220701,经济学类、法学类、新闻传播学类、工商管理类、公共管理类、旅游管理类、金融学类、中国语言文学类、外国语言文学类
物理|本科批|浙江工商大学|浙江工商大学02,经管商贸,经管商贸组,低,同族,220702,经济学类、金融学类、管理科学与工程类
物理|本科批|浙江工商大学|浙江工商大学03,文法教育、经管商贸、土建测绘,工管/文混合组（夹建筑）,高,大杂烩,220703,法学类、新闻传播学类、工商管理类、公共管理类、电子商务类、旅游管理类、金融学类、中国语言文学类、外国语言文学类、建筑类
物理|本科批|浙江工商大学|浙江工商大学04,带电工科、生环食品,生环+带电混合组,中,跨界混合,220704,电子信息类、环境科学与工程类、食品科学与工程类
物理|本科批|杭州电子科技大学|杭州电子科技大学01,经管商贸、文法教育,经管+文法组,低,相近混合,220801,工商管理类、金融学类、外国语言文学类
物理|本科批|杭州电子科技大学|杭州电子科技大学02,经管商贸、机械能源,经管+机械混合组,低,跨界混合,220802,经济学类、管理科学与工程类、工业工程类
物理|本科批|杭州电子科技大学|杭州电子科技大学03,带电工科、化材药、理学基础、机械能源,大理工组（夹材料）,中,大杂烩,220803,电子信息类、计算机类、自动化类、材料类、统计学类、机械类
物理|本科批|杭州电子科技大学|杭州电子科技大学04,带电工科,带电工科组,低,同族,220804,自动化类、计算机类
物理|本科批|杭州电子科技大学|杭州电子科技大学05,带电工科,电子信息组,低,同族,220805,电子信息类
物理|本科批|杭州师范大学|杭州师范大学01,经管商贸、文法教育,经管+文法组,低,相近混合,220901,金融学类、电子商务类、管理科学与工程类、教育学类
物理|本科批|杭州师范大学|杭州师范大学02,经管商贸、文法教育,经管+文法组,低,相近混合,220902,经济学类、心理学类
物理|本科批|杭州师范大学|杭州师范大学03,理学基础、带电工科、文法教育、机械能源,大理工组,中,大杂烩,220903,数学类、计算机类、物理学类、教育学类、机械类
物理|本科批|杭州师范大学|杭州师范大学04,医药护理,医药护理组,低,同族,220904,基础医学类、公共卫生与预防医学类、临床医学类
物理|本科批|杭州师范大学|杭州师范大学05,化材药、生环食品、带电工科,化材药组（夹生物科学）,中,跨界混合,220905,化学类、化工与制药类、材料类、生物科学类、计算机类、药学类
历史|本科批|浙江传媒学院|浙江传媒学院01,艺术传媒,艺术传媒组,低,同族,221101,戏剧与影视学类、设计学类、美术学类
历史|本科批|浙江传媒学院|浙江传媒学院02,文法教育,新闻传播组,低,同族,221102,新闻传播学类
历史|本科批|浙江传媒学院|浙江传媒学院03,文法教育、经管商贸,经管+文法组,中,相近混合,221103,新闻传播学类、外国语言文学类、工商管理类、旅游管理类、公共管理类、中国语言文学类
物理|本科批|浙江传媒学院|浙江传媒学院04,文法教育,新闻传播组,低,同族,221104,新闻传播学类
物理|本科批|浙江传媒学院|浙江传媒学院05,艺术传媒,艺术传媒组,低,同族,221105,戏剧与影视学类、设计学类、美术学类
物理|本科批|浙江传媒学院|浙江传媒学院06,文法教育、经管商贸,文法教育组（夹工商管理）,中,相近混合,221106,新闻传播学类、外国语言文学类、工商管理类、中国语言文学类
物理|本科批|浙江传媒学院|浙江传媒学院07,带电工科,计算机组,低,同族,221107,计算机类
物理|本科批|浙江传媒学院|浙江传媒学院08,带电工科,计算机电子组,低,同族,221108,计算机类、电子信息类
物理|本科批|浙江传媒学院|浙江传媒学院09,带电工科,计算机组,低,同族,221109,计算机类
历史|本科批|浙江科技大学|浙江科技大学01,文法教育,外语组,低,同族,221201,外国语言文学类
历史|本科批|浙江科技大学|浙江科技大学02,经管商贸,经济组,低,同族,221202,经济学类
历史|本科批|浙江科技大学|浙江科技大学03,土建测绘、生环食品、经管商贸,经管商贸组（含建筑/纺织）,中,跨界混合,221203,建筑类、纺织类、经济学类、经济与贸易类、工商管理类
物理|本科批|浙江科技大学|浙江科技大学04,机械能源,工业工程组,低,同族,221204,工业工程类
物理|本科批|浙江科技大学|浙江科技大学05,机械能源、土建测绘、化材药、生环食品、理学基础,大理工组（含土木/化工制药）,高,大杂烩,221205,能源动力类、土木类、化工与制药类、生物工程类、轻工类、环境科学与工程类、机械类、数学类、物理学类
物理|本科批|浙江科技大学|浙江科技大学06,土建测绘,土木组,中,同族,221206,土木类
物理|本科批|浙江科技大学|浙江科技大学07,带电工科,计算机组,低,同族,221207,计算机类
历史|本科批|浙江财经大学|浙江财经大学01,经管商贸、文法教育,经管+文法组,低,相近混合,221301,工商管理类、法学类、金融学类
历史|本科批|浙江财经大学|浙江财经大学02,经管商贸、土建测绘、文法教育,工管/文混合组（夹建筑）,高,大杂烩,221302,公共管理类、建筑类、工商管理类、金融学类、经济学类、经济与贸易类、外国语言文学类、中国语言文学类、新闻传播学类
历史|本科批|浙江财经大学|浙江财经大学03,经管商贸,工商管理组,低,同族,221303,工商管理类
历史|本科批|浙江财经大学|浙江财经大学04,经管商贸,金融组,低,同族,221304,金融学类
物理|本科批|浙江财经大学|浙江财经大学05,经管商贸、文法教育,经管+文法组,低,相近混合,221305,工商管理类、法学类、金融学类、经济学类
物理|本科批|浙江财经大学|浙江财经大学06,经管商贸、土建测绘、文法教育,工管/文混合组（夹建筑）,高,大杂烩,221306,财政学类、公共管理类、管理科学与工程类、建筑类、工商管理类、金融学类、经济学类、经济与贸易类、法学类、外国语言文学类
物理|本科批|浙江财经大学|浙江财经大学07,经管商贸,工商管理组,低,同族,221307,工商管理类
物理|本科批|浙江财经大学|浙江财经大学08,经管商贸,金融组,低,同族,221308,金融学类
物理|本科批|浙江财经大学|浙江财经大学09,带电工科、理学基础,带电+理学组,低,相近混合,221309,电子信息类、计算机类、统计学类
历史|本科批|浙江农林大学|浙江农林大学01,经管商贸,经管商贸组,低,同族,221401,经济与贸易类、工商管理类、公共管理类
历史|本科批|浙江农林大学|浙江农林大学02,文法教育,外语组,低,同族,221402,外国语言文学类
物理|本科批|浙江农林大学|浙江农林大学03,土建测绘、经管商贸,经管商贸组（含建筑）,中,跨界混合,221403,建筑类、经济学类
物理|本科批|浙江农林大学|浙江农林大学04,农林动物、生环食品、土建测绘、化材药、带电工科,大理工组（夹环境/测绘/化学/材料）,高,大杂烩,221404,林学类、动物医学类、植物生产类、环境科学与工程类、测绘类、林业工程类、化学类、材料类、计算机类、电子信息类
物理|本科批|浙江农林大学|浙江农林大学05,农林动物,林学组,低,同族,221405,林学类
历史|本科批|浙江中医药大学|浙江中医药大学01,经管商贸,公管组,低,同族,221601,公共管理类
物理|本科批|浙江中医药大学|浙江中医药大学02,医药护理,医药护理组,低,同族,221602,临床医学类、公共卫生与预防医学类、口腔医学类
物理|本科批|浙江中医药大学|浙江中医药大学03,医药护理,护理组,中,同族,221603,护理学类
物理|本科批|浙江中医药大学|浙江中医药大学04,医药护理,中医组,低,同族,221604,中医学类
物理|本科批|浙江中医药大学|浙江中医药大学05,化材药、生环食品,化材药组（含生物科学）,低,相近混合,221605,中药学类、生物科学类
物理|本科批|浙江中医药大学|浙江中医药大学06,生环食品,生物科学组,低,同族,221606,生物科学类
物理|本科批|浙江中医药大学|浙江中医药大学07,医药护理,医学技术组,低,同族,221607,医学技术类
物理|本科批|浙江中医药大学|浙江中医药大学08,带电工科,计算机组,低,同族,221608,计算机类
物理|本科批|宁波大学|宁波大学01,土建测绘,建筑组,中,同族,222101,建筑类
物理|本科批|宁波大学|宁波大学02,理学基础,数学组,低,同族,222102,数学类
物理|本科批|宁波大学|宁波大学03,带电工科、理学基础、医药护理,医药+带电+理学组,中,跨界混合,222103,电子信息类、物理学类、数学类、临床医学类、口腔医学类
物理|本科批|宁波工程学院|宁波工程学院01,经管商贸,金融组,低,同族,222201,金融学类
物理|本科批|宁波工程学院|宁波工程学院02,带电工科、交通航空、土建测绘、机械能源、化材药、理学基础,大理工组（夹土木/材料）,高,大杂烩,222202,电子信息类、自动化类、交通运输类、土木类、机械类、材料类、统计学类、计算机类
物理|本科批|宁波工程学院|宁波工程学院03,化材药,化材药组,低,同族,222203,化工与制药类、化学类
物理|本科批|宁波工程学院|宁波工程学院04,机械能源、理学基础,机械+理学组,低,相近混合,222204,机械类、数学类
历史|本科批|绍兴大学|绍兴大学01,文法教育,教育组,低,同族,222301,教育学类
物理|本科批|绍兴大学|绍兴大学02,医药护理、带电工科,带电+医药混合组,低,跨界混合,222302,临床医学类、电子信息类
历史|本科批|温州大学|温州大学01,文法教育,外语组,低,同族,222801,外国语言文学类
历史|本科批|温州大学|温州大学02,文法教育,法学组,低,同族,222802,法学类
历史|本科批|温州大学|温州大学03,文法教育,外语组,低,同族,222803,外国语言文学类
物理|本科批|温州大学|温州大学04,经管商贸,金融组,低,同族,222804,金融学类
物理|本科批|温州大学|温州大学05,生环食品、带电工科、机械能源、土建测绘,大理工组（夹生物科学/土木）,高,大杂烩,222805,生物科学类、电气类、机械类、土木类
物理|本科批|温州大学|温州大学06,机械能源,机械组,低,同族,222806,机械类
物理|本科批|温州大学|温州大学07,化材药,化学组,低,同族,222807,化学类
物理|本科批|温州大学|温州大学08,带电工科,计算机组,低,同族,222808,计算机类
物理|本科批|嘉兴大学|嘉兴大学01,机械能源,机械组,低,同族,223101,机械类
物理|本科批|嘉兴大学|嘉兴大学02,带电工科、机械能源、试验班、医药护理、化材药、生环食品、土建测绘,大理工组（夹纺织/土木）,高,大杂烩,223102,自动化类、机械类、电子信息类、交叉学科类、计算机类、临床医学类、药学类、化工与制药类、化学类、纺织类、材料类、土木类
历史|本科批|浙江外国语学院|浙江外国语学院01,文法教育、经管商贸,经管+文法组,中,相近混合,224001,外国语言文学类、旅游管理类
历史|本科批|浙江外国语学院|浙江外国语学院02,文法教育,外语组,低,同族,224002,外国语言文学类
物理|本科批|浙江外国语学院|浙江外国语学院03,文法教育,外语组,低,同族,224003,外国语言文学类
物理|本科批|浙江外国语学院|浙江外国语学院04,文法教育、经管商贸,经管+文法组,中,相近混合,224004,外国语言文学类、旅游管理类、金融学类、电子商务类、经济与贸易类、教育学类
物理|本科批|浙江外国语学院|浙江外国语学院05,带电工科,计算机组,低,同族,224005,计算机类
物理|本科批|温州医科大学|温州医科大学01,医药护理,医药护理组,低,同族,224101,临床医学类、基础医学类、口腔医学类
物理|本科批|温州医科大学|温州医科大学02,医药护理,生医工程组,低,同族,224102,生物医学工程类
物理|本科批|温州医科大学|温州医科大学03,医药护理,临床组,低,同族,224103,临床医学类
物理|本科批|浙江大学医学院|浙江大学医学院01,医药护理,基础医学组,低,同族,224201,基础医学类
物理|本科批|浙江大学医学院|浙江大学医学院02,医药护理,医药护理组,低,同族,224202,医学试验班类、临床医学类、口腔医学类
历史|本科批|宁波诺丁汉大学|宁波诺丁汉大学01,经管商贸,经管商贸组,低,同族,224501,工商管理类、经济学类
历史|本科批|宁波诺丁汉大学|宁波诺丁汉大学02,文法教育,政治学组,低,同族,224502,政治学类
物理|本科批|宁波诺丁汉大学|宁波诺丁汉大学03,经管商贸,经管商贸组,低,同族,224503,工商管理类、经济学类、金融学类
物理|本科批|宁波诺丁汉大学|宁波诺丁汉大学04,理学基础、带电工科、化材药,带电工科组（夹化学）,中,跨界混合,224504,数学类、计算机类、电气类、化学类
历史|本科批|温州肯恩大学|温州肯恩大学01,经管商贸、文法教育,经管+文法组,中,相近混合,224801,经济学类、金融学类、工商管理类、外国语言文学类、心理学类、新闻传播学类
物理|本科批|温州肯恩大学|温州肯恩大学02,经管商贸、文法教育,经管+文法组,中,相近混合,224802,经济学类、金融学类、工商管理类、心理学类、新闻传播学类、管理科学与工程类
物理|本科批|温州肯恩大学|温州肯恩大学03,生环食品、理学基础、带电工科,生环+理学+带电组,中,跨界混合,224803,生物科学类、数学类、计算机类、环境科学与工程类
历史|本科批|浙大城市学院|浙大城市学院01,经管商贸、文法教育,经管+文法组,中,相近混合,224901,金融学类、工商管理类、旅游管理类、新闻传播学类
历史|本科批|浙大城市学院|浙大城市学院02,经管商贸,金融组,低,同族,224902,金融学类
物理|本科批|浙大城市学院|浙大城市学院03,土建测绘、经管商贸,经管商贸组（含建筑）,中,跨界混合,224903,建筑类、经济学类
物理|本科批|浙大城市学院|浙大城市学院04,机械能源,机械组,低,同族,224904,机械类
物理|本科批|浙大城市学院|浙大城市学院05,带电工科、理学基础、土建测绘、机械能源、化材药,大理工组（夹土木）,高,大杂烩,224905,计算机类、统计学类、电子信息类、自动化类、土木类、机械类、能源动力类、药学类
历史|本科批|浙大宁波理工学院|浙大宁波理工学院01,经管商贸,财经组,低,同族,225001,金融学类、经济与贸易类
物理|本科批|浙大宁波理工学院|浙大宁波理工学院02,经管商贸、土建测绘,经管商贸组（含建筑）,中,跨界混合,225002,经济学类、管理科学与工程类、建筑类
物理|本科批|浙大宁波理工学院|浙大宁波理工学院03,化材药、机械能源、带电工科、理学基础、土建测绘、生环食品,大理工组（夹材料/土木/化工制药/生物工程）,高,大杂烩,225003,材料类、机械类、能源动力类、电气类、电子信息类、自动化类、数学类、计算机类、土木类、化工与制药类、生物工程类
物理|提前本科批|浙江海洋大学|浙江海洋大学01,交通航空,交通运输组,低,同族,225101,交通运输类
物理|本科批|浙江海洋大学|浙江海洋大学02,经管商贸,经济组,低,同族,225102,经济学类
物理|本科批|浙江海洋大学|浙江海洋大学03,理学基础、交通航空、生环食品、农林动物、化材药、机械能源、土建测绘、地矿安全,大理工组（含水产/土木/水利/矿业等）,高,大杂烩,225103,海洋科学类、海洋工程类、生物科学类、水产类、食品科学与工程类、药学类、交通运输类、能源动力类、机械类、土木类、水利类、矿业类、化工与制药类、环境科学与工程类、安全科学与工程类、数学类
物理|本科批|浙江海洋大学|浙江海洋大学04,交通航空,海洋工程组,低,同族,225104,海洋工程类
物理|本科批|浙江海洋大学|浙江海洋大学05,医药护理,护理组,中,同族,225105,护理学类
历史|本科批|湖州师范大学|湖州师范大学01,经管商贸、文法教育,经管+文法组,低,相近混合,226101,经济与贸易类、公共管理类、外国语言文学类
物理|本科批|湖州师范大学|湖州师范大学02,文法教育,教育组,低,同族,226102,教育学类
物理|本科批|湖州师范大学|湖州师范大学03,理学基础、带电工科、化材药、农林动物、医药护理、机械能源、生环食品,大理工组（夹材料/水产/护理/生物科学）,高,大杂烩,226103,数学类、计算机类、材料类、电气类、水产类、临床医学类、护理学类、机械类、生物科学类、电子信息类
历史|本科批|丽水学院|丽水学院01,文法教育、经管商贸,经管+文法组,低,相近混合,226801,教育学类、工商管理类、电子商务类、中国语言文学类
历史|本科批|丽水学院|丽水学院02,文法教育,马理论组,低,同族,226802,马克思主义理论类
物理|本科批|丽水学院|丽水学院03,经管商贸,经济组,低,同族,226803,经济学类
物理|本科批|丽水学院|丽水学院04,医药护理,临床口腔组,低,同族,226804,口腔医学类、临床医学类
物理|本科批|丽水学院|丽水学院05,医药护理,护理组,中,同族,226805,护理学类
物理|本科批|丽水学院|丽水学院06,带电工科、化材药、生环食品、农林动物、机械能源、土建测绘、医药护理,大理工组（夹材料/环境/生物工程/植物生产等）,高,大杂烩,226806,电子信息类、材料类、电气类、环境科学与工程类、生物工程类、植物生产类、机械类、土木类、计算机类、护理学类
物理|本科批|浙江水利水电学院|浙江水利水电学院01,经管商贸,管工组,低,同族,227201,管理科学与工程类
物理|本科批|浙江水利水电学院|浙江水利水电学院02,土建测绘、带电工科、机械能源,带电工科组（夹水利/测绘/土木）,高,冷热混放,227202,水利类、测绘类、土木类、电气类、机械类、计算机类、电子信息类
物理|本科批|浙江水利水电学院|浙江水利水电学院03,理学基础,地理科学组,低,同族,227203,地理科学类
历史|本科批|湖州学院|湖州学院01,经管商贸、文法教育,经管+文法组,低,相近混合,227501,金融学类、电子商务类、物流管理与工程类、中国语言文学类、新闻传播学类
物理|本科批|湖州学院|湖州学院02,化材药、带电工科、机械能源,带电工科组（夹材料）,中,跨界混合,227502,材料类、电气类、机械类、计算机类、电子信息类
物理|本科批|温州理工学院|温州理工学院01,理学基础、带电工科、机械能源、土建测绘,大理工组（夹土木）,高,大杂烩,227601,数学类、计算机类、机械类、土木类
历史|本科批|嘉兴南湖学院|嘉兴南湖学院01,文法教育、经管商贸,经管+文法组,低,相近混合,227701,法学类、外国语言文学类、金融学类、电子商务类
物理|本科批|嘉兴南湖学院|嘉兴南湖学院02,经管商贸,管工组,低,同族,227702,管理科学与工程类
物理|本科批|嘉兴南湖学院|嘉兴南湖学院03,机械能源、带电工科、生环食品、土建测绘、化材药,大理工组（夹纺织/土木/材料/化工制药等）,高,大杂烩,227703,机械类、电气类、自动化类、电子信息类、纺织类、土木类、材料类、化工与制药类、环境科学与工程类、生物工程类
物理|本科批|衢州学院|衢州学院01,土建测绘、经管商贸,经管商贸组（夹建筑）,高,冷热混放,227801,建筑类、金融学类
物理|本科批|衢州学院|衢州学院02,生环食品、化材药、机械能源、土建测绘,大理工组（夹环境/材料/土木）,高,大杂烩,227802,环境科学与工程类、材料类、机械类、土木类
历史|本科批|绍兴理工学院|绍兴理工学院01,文法教育、经管商贸、生环食品,经管商贸组（夹纺织）,高,冷热混放,227901,外国语言文学类、工商管理类、电子商务类、经济与贸易类、法学类、纺织类
物理|本科批|绍兴理工学院|绍兴理工学院02,文法教育、经管商贸、生环食品,经管商贸组（夹纺织）,高,冷热混放,227902,外国语言文学类、电子商务类、法学类、纺织类、管理科学与工程类
物理|本科批|绍兴理工学院|绍兴理工学院03,生环食品、带电工科、机械能源、土建测绘,大理工组（夹纺织/土木）,高,大杂烩,227903,纺织类、计算机类、机械类、电子信息类、土木类
物理|提前本科批|中国科学技术大学|中国科学技术大学01,化材药、试验班,化材药组,低,同族,230101,化学类、经济管理试验班类
物理|本科批|中国科学技术大学|中国科学技术大学02,试验班、机械能源、化材药、带电工科、地矿安全、理学基础、生环食品,大理工组（夹化学/地球物理/生物科学）,高,大杂烩,230102,工科试验班类、核工程类、化学类、计算机类、地球物理学类、理科试验班类、力学类、生物科学类、数学类、物理学类、电子信息类
历史|本科批|合肥工业大学|合肥工业大学01,文法教育,外语组,低,同族,230201,外国语言文学类
历史|本科批|合肥工业大学|合肥工业大学02,文法教育,法政组,低,同族,230202,马克思主义理论类、法学类
物理|提前本科批|合肥工业大学|合肥工业大学03,土建测绘、生环食品、化材药,土建测绘组（含食品工程/化工制药）,中,跨界混合,230203,测绘类、土木类、食品科学与工程类、化工与制药类
物理|本科批|合肥工业大学|合肥工业大学04,经管商贸、机械能源、土建测绘,经管商贸组（含建筑）,中,跨界混合,230204,工商管理类、工业工程类、经济学类、电子商务类、管理科学与工程类、建筑类
物理|本科批|合肥工业大学|合肥工业大学05,经管商贸,经济组,低,同族,230205,经济学类
物理|本科批|合肥工业大学|合肥工业大学06,化材药、交通航空、带电工科、机械能源、医药护理、理学基础、生环食品,大理工组（夹材料/化工制药/食品工程）,中,大杂烩,230206,材料类、交通运输类、电气类、机械类、自动化类、航空航天类、计算机类、电子信息类、化工与制药类、生物医学工程类、数学类、统计学类、仪器类、物理学类、食品科学与工程类
历史|本科批|安徽大学|安徽大学01,文法教育、经管商贸,文商组（夹工商管理/公管）,中,大杂烩,230301,中国语言文学类、历史学类、新闻传播学类、经济学类、工商管理类、外国语言文学类、法学类、公共管理类
物理|本科批|安徽大学|安徽大学02,经管商贸、文法教育,经管+文法组,中,相近混合,230302,管理科学与工程类、经济学类、金融学类、工商管理类、外国语言文学类、法学类
物理|本科批|安徽大学|安徽大学03,理学基础、带电工科,理学+带电组,低,相近混合,230303,物理学类、统计学类、计算机类
物理|本科批|安徽大学|安徽大学04,理学基础、带电工科、化材药、试验班、机械能源、土建测绘,大理工组（夹材料/测绘）,高,大杂烩,230304,物理学类、电子信息类、材料类、计算机类、交叉学科类、自动化类、机械类、测绘类
历史|本科批|安徽医科大学|安徽医科大学01,文法教育,法学组,低,同族,230401,法学类
物理|本科批|安徽医科大学|安徽医科大学02,经管商贸,公管组,低,同族,230402,公共管理类
物理|本科批|安徽医科大学|安徽医科大学03,文法教育、经管商贸,经管+文法组,低,相近混合,230403,心理学类、公共管理类
物理|本科批|安徽医科大学|安徽医科大学04,医药护理、试验班、生环食品、化材药,医工混合组（夹生物科学/化学）,高,大杂烩,230404,临床医学类、法医学类、公共卫生与预防医学类、交叉学科类、生物科学类、生物医学工程类、化学类、护理学类
历史|本科批|安徽建筑大学|安徽建筑大学01,经管商贸、文法教育,经管+文法组,低,相近混合,230501,工商管理类、外国语言文学类、法学类、公共管理类
物理|本科批|安徽建筑大学|安徽建筑大学02,土建测绘、经管商贸、文法教育,工管/文混合组（夹建筑）,高,大杂烩,230502,建筑类、经济学类、金融学类、管理科学与工程类、工商管理类、外国语言文学类、法学类、公共管理类
物理|本科批|安徽建筑大学|安徽建筑大学03,土建测绘、地矿安全、交通航空、机械能源、生环食品、带电工科、化材药、理学基础、军警安全,大理工组（夹土木/水利/测绘/地质工程等）,高,大杂烩,230503,土木类、水利类、测绘类、地质类、交通运输类、能源动力类、环境科学与工程类、电子信息类、计算机类、化学类、材料类、化工与制药类、数学类、物理学类、统计学类、机械类、仪器类、电气类、安全科学与工程类、公安技术类
物理|本科批|安徽建筑大学|安徽建筑大学04,理学基础,地理科学组,低,同族,230504,地理科学类
历史|本科批|安徽农业大学|安徽农业大学01,文法教育、经管商贸,文法+经管组,低,相近混合,230601,法学类、社会学类、外国语言文学类、农业经济管理类
物理|本科批|安徽农业大学|安徽农业大学02,农林动物、生环食品、土建测绘、机械能源、化材药、带电工科,大理工组（夹食品工程/生物科学/生物工程/测绘等）,高,大杂烩,230602,植物生产类、林学类、动物生产类、水产类、动物医学类、食品科学与工程类、生物科学类、生物工程类、测绘类、环境科学与工程类、自然保护与环境生态类、机械类、纺织类、材料类、林业工程类、计算机类
物理|本科批|安徽农业大学|安徽农业大学03,农林动物,林学组,低,同族,230603,林学类
历史|本科批|安徽中医药大学|安徽中医药大学01,医药护理,中医组,低,同族,230701,中医学类
历史|本科批|安徽中医药大学|安徽中医药大学02,文法教育,心理组,低,同族,230702,心理学类
物理|本科批|安徽中医药大学|安徽中医药大学03,文法教育,心理组,低,同族,230703,心理学类
物理|本科批|安徽中医药大学|安徽中医药大学04,医药护理,中医组,低,同族,230704,中医学类
物理|本科批|安徽中医药大学|安徽中医药大学05,经管商贸,管工组,低,同族,230705,管理科学与工程类
物理|本科批|安徽中医药大学|安徽中医药大学06,医药护理,中西医组,低,同族,230706,中西医结合类
物理|本科批|安徽中医药大学|安徽中医药大学07,医药护理,护理组,中,同族,230707,护理学类
物理|本科批|安徽工程大学|安徽工程大学01,机械能源、化材药、生环食品、土建测绘,大理工组（含生物工程/食品工程/土木）,高,大杂烩,230801,仪器类、材料类、机械类、生物工程类、化学类、食品科学与工程类、土木类、化工与制药类
历史|提前本科批|安徽师范大学|安徽师范大学01,文法教育,马理论组,低,同族,230901,马克思主义理论类
历史|本科批|安徽师范大学|安徽师范大学02,文法教育、经管商贸,文商组（夹旅游管理）,高,大杂烩,230902,中国语言文学类、法学类、社会学类、历史学类、教育学类、外国语言文学类、旅游管理类、新闻传播学类
历史|本科批|安徽师范大学|安徽师范大学03,文法教育,马理论组,低,同族,230903,马克思主义理论类
物理|本科批|安徽师范大学|安徽师范大学04,经管商贸、文法教育,经管+文法组,中,相近混合,230904,经济学类、金融学类、工商管理类、物流管理与工程类、教育学类、心理学类、公共管理类
物理|本科批|安徽师范大学|安徽师范大学05,理学基础、带电工科、化材药、生环食品,大理工组（夹材料/化工制药）,高,大杂烩,230905,数学类、统计学类、计算机类、电子信息类、材料类、化工与制药类、地理科学类、生物科学类、食品科学与工程类、生物工程类、环境科学与工程类
物理|本科批|安徽师范大学|安徽师范大学06,理学基础,地理科学组,低,同族,230906,地理科学类
物理|本科批|安徽科技工程大学|安徽科技工程大学01,经管商贸、机械能源,经管+机械混合组,低,跨界混合,231001,经济与贸易类、物流管理与工程类、工业工程类
物理|本科批|安徽科技工程大学|安徽科技工程大学02,农林动物、生环食品、化材药,大理工组（含植物生产/动物生产/农业工程）,高,大杂烩,231002,植物生产类、动物生产类、环境科学与工程类、生物工程类、中药学类、药学类、农业工程类、食品科学与工程类
物理|本科批|安徽科技工程大学|安徽科技工程大学03,土建测绘、理学基础,理学基础组（含建筑）,中,跨界混合,231003,建筑类、地理科学类
历史|本科批|安徽财经大学|安徽财经大学01,经管商贸,经管商贸组,低,同族,232101,经济学类、金融学类、工商管理类、财政学类
历史|本科批|安徽财经大学|安徽财经大学02,文法教育,文法教育组,低,同族,232102,法学类、新闻传播学类、外国语言文学类
物理|本科批|安徽财经大学|安徽财经大学03,经管商贸,经管商贸组,低,同族,232103,经济与贸易类、管理科学与工程类、工商管理类、财政学类、经济学类
物理|本科批|安徽财经大学|安徽财经大学04,理学基础、带电工科,带电+理学组,低,相近混合,232104,统计学类、数学类、计算机类、电子信息类
历史|本科批|合肥大学|合肥大学01,经管商贸,物流组,低,同族,232701,物流管理与工程类
历史|本科批|合肥大学|合肥大学02,经管商贸、文法教育,文商组（含工商管理/物流/旅游管理）,高,大杂烩,232702,经济学类、经济与贸易类、工商管理类、物流管理与工程类、中国语言文学类、新闻传播学类、旅游管理类、教育学类
物理|本科批|合肥大学|合肥大学03,经管商贸,经济组,低,同族,232703,经济学类
物理|本科批|合肥大学|合肥大学04,理学基础、机械能源,机械+理学组,低,相近混合,232704,数学类、机械类
物理|本科批|合肥大学|合肥大学05,机械能源、理学基础、生环食品,生环+机械+理学组,中,跨界混合,232705,机械类、数学类、统计学类、环境科学与工程类、食品科学与工程类、生物工程类
历史|本科批|阜阳师范大学|阜阳师范大学01,文法教育,文法教育组,低,同族,233101,中国语言文学类、新闻传播学类、外国语言文学类、历史学类
物理|本科批|阜阳师范大学|阜阳师范大学02,经管商贸、文法教育,经管+文法组,低,相近混合,233102,电子商务类、金融学类、经济学类、心理学类
物理|本科批|阜阳师范大学|阜阳师范大学03,理学基础、带电工科,带电+理学组,低,相近混合,233103,数学类、计算机类
物理|本科批|蚌埠医科大学|蚌埠医科大学01,生环食品、医药护理,医药护理组（夹生物科学）,中,相近混合,233201,生物科学类、临床医学类、医学技术类、护理学类
物理|本科批|皖西学院|皖西学院01,机械能源、医药护理,医药+机械混合组,低,跨界混合,233301,机械类、公共卫生与预防医学类
历史|本科批|安徽理工大学|安徽理工大学01,文法教育,文新外语组,低,同族,234101,外国语言文学类、新闻传播学类
物理|本科批|安徽理工大学|安徽理工大学02,土建测绘、经管商贸,经管商贸组（含建筑）,中,跨界混合,234102,建筑类、管理科学与工程类
物理|本科批|安徽理工大学|安徽理工大学03,经管商贸,经管商贸组,低,同族,234103,金融学类、工商管理类
物理|本科批|安徽理工大学|安徽理工大学04,理学基础、机械能源、化材药、带电工科、土建测绘、地矿安全、交通航空、军警安全、生环食品、医药护理,大理工组（夹材料/土木/水利/测绘等）,高,大杂烩,234104,数学类、物理学类、统计学类、力学类、机械类、材料类、能源动力类、电气类、电子信息类、计算机类、土木类、水利类、测绘类、化工与制药类、地质类、矿业类、交通运输类、兵器类、环境科学与工程类、安全科学与工程类、公安技术类、临床医学类、公共卫生与预防医学类、医学技术类、护理学类
物理|本科批|安徽理工大学|安徽理工大学05,机械能源,机械组,低,同族,234105,机械类
历史|本科批|宿州学院|宿州学院01,文法教育,中文组,低,同族,234201,中国语言文学类
历史|本科批|宿州学院|宿州学院02,理学基础,地理科学组,低,同族,234202,地理科学类
物理|本科批|宿州学院|宿州学院03,化材药、机械能源、土建测绘、生环食品、带电工科、地矿安全,大理工组（夹化工制药/测绘/地质工程/水利）,高,大杂烩,234203,化工与制药类、机械类、测绘类、生物科学类、食品科学与工程类、计算机类、地质类、水利类
历史|本科批|安庆师范大学|安庆师范大学01,经管商贸,工商管理组,低,同族,234301,工商管理类
物理|本科批|安庆师范大学|安庆师范大学02,理学基础,数学组,低,同族,234302,数学类
物理|本科批|蚌埠学院|蚌埠学院01,机械能源,机械组,低,同族,234701,机械类
历史|本科批|池州学院|池州学院01,文法教育、经管商贸,经管+文法组,中,相近混合,234801,中国语言文学类、旅游管理类
物理|本科批|池州学院|池州学院02,理学基础、化材药,理学基础组（含材料）,低,相近混合,234802,数学类、材料类
物理|本科批|皖南医科大学|皖南医科大学01,医药护理、化材药,医药+化材药组,中,相近混合,234901,口腔医学类、临床医学类、法医学类、公共卫生与预防医学类、药学类、医学技术类、护理学类
历史|本科批|淮北师范大学|淮北师范大学01,文法教育、经管商贸,经管+文法组,中,相近混合,235101,教育学类、经济学类、工商管理类、旅游管理类、外国语言文学类
历史|本科批|淮北师范大学|淮北师范大学02,文法教育,历史组,低,同族,235102,历史学类
历史|本科批|淮北师范大学|淮北师范大学03,文法教育,法政组,低,同族,235103,法学类、马克思主义理论类
历史|本科批|淮北师范大学|淮北师范大学04,文法教育,文法教育组,低,同族,235104,中国语言文学类、新闻传播学类、社会学类
物理|本科批|淮北师范大学|淮北师范大学05,文法教育、经管商贸,经管+文法组,低,相近混合,235105,教育学类、物流管理与工程类、金融学类、电子商务类
物理|本科批|淮北师范大学|淮北师范大学06,理学基础、生环食品,理学基础组（含生物工程）,低,相近混合,235106,数学类、统计学类、生物工程类
物理|本科批|淮北师范大学|淮北师范大学07,带电工科、理学基础、化材药、生环食品、农林动物、文法教育,大理工组（夹生物科学/生物工程/环境/植物生产）,高,大杂烩,235107,计算机类、物理学类、材料类、电子信息类、化学类、化工与制药类、生物科学类、生物工程类、环境科学与工程类、植物生产类、心理学类
历史|本科批|铜陵学院|铜陵学院01,经管商贸,工商管理组,低,同族,235601,工商管理类
物理|本科批|铜陵学院|铜陵学院02,土建测绘,土木组,中,同族,235602,土木类
历史|本科批|合肥师范学院|合肥师范学院01,文法教育,外语组,低,同族,235901,外国语言文学类
历史|本科批|安徽工业大学|安徽工业大学01,经管商贸、文法教育,经管+文法组,低,相近混合,236101,经济学类、工商管理类、外国语言文学类
物理|本科批|安徽工业大学|安徽工业大学02,文法教育、经管商贸,经管+文法组,低,相近混合,236102,法学类、金融学类
物理|本科批|安徽工业大学|安徽工业大学03,机械能源、化材药、带电工科、土建测绘、生环食品,大理工组（夹材料/土木/化工制药/环境等）,高,大杂烩,236103,机械类、材料类、仪器类、电气类、电子信息类、土木类、化工与制药类、环境科学与工程类、自动化类、计算机类、能源动力类、化学类
历史|本科批|淮南师范学院|淮南师范学院01,文法教育,文新外语组,低,同族,236201,中国语言文学类、外国语言文学类、新闻传播学类
历史|本科批|淮南师范学院|淮南师范学院02,文法教育,马理论组,低,同族,236202,马克思主义理论类
物理|本科批|淮南师范学院|淮南师范学院03,文法教育、经管商贸,经管+文法组,中,相近混合,236203,外国语言文学类、教育学类、心理学类、经济学类、金融学类、管理科学与工程类
物理|本科批|淮南师范学院|淮南师范学院04,化材药、带电工科、理学基础、生环食品,大理工组（夹材料/化学/生物科学）,中,大杂烩,236204,材料类、电气类、电子信息类、计算机类、数学类、物理学类、化学类、生物科学类
历史|本科批|巢湖学院|巢湖学院01,经管商贸,旅游管理组,中,同族,236701,旅游管理类
物理|本科批|巢湖学院|巢湖学院02,经管商贸、文法教育,经管+文法组,中,相近混合,236702,经济与贸易类、金融学类、旅游管理类、外国语言文学类
物理|本科批|巢湖学院|巢湖学院03,带电工科、化材药、机械能源、生环食品,大理工组（夹化工制药/生物工程）,中,大杂烩,236703,自动化类、化工与制药类、机械类、生物工程类
历史|本科批|滁州学院|滁州学院01,文法教育、经管商贸,经管+文法组,中,相近混合,237201,新闻传播学类、旅游管理类、工商管理类、经济与贸易类、外国语言文学类、教育学类
历史|本科批|黄山学院|黄山学院01,文法教育、经管商贸,经管+文法组,中,相近混合,238101,外国语言文学类、工商管理类、旅游管理类
历史|本科批|黄山学院|黄山学院02,艺术传媒,戏剧影视组,低,同族,238102,戏剧与影视学类
历史|本科批|黄山学院|黄山学院03,经管商贸,旅游管理组,中,同族,238103,旅游管理类
物理|本科批|黄山学院|黄山学院04,经管商贸,工商管理组,低,同族,238104,工商管理类
物理|本科批|黄山学院|黄山学院05,经管商贸,旅游管理组,中,同族,238105,旅游管理类
物理|本科批|黄山学院|黄山学院06,化材药、生环食品,化材药组（含食品工程）,低,相近混合,238106,材料类、化工与制药类、食品科学与工程类
历史|本科批|合肥工业大学(宣城校区)|合肥工业大学(宣城校区)01,文法教育,外语组,低,同族,238301,外国语言文学类
物理|提前本科批|合肥工业大学(宣城校区)|合肥工业大学(宣城校区)02,土建测绘、生环食品,生环食品组（含土木）,中,跨界混合,238302,土木类、环境科学与工程类、食品科学与工程类
物理|本科批|合肥工业大学(宣城校区)|合肥工业大学(宣城校区)03,经管商贸,经管商贸组,低,同族,238303,经济学类、物流管理与工程类
物理|本科批|合肥工业大学(宣城校区)|合肥工业大学(宣城校区)04,机械能源、化材药、带电工科,带电工科组（夹材料）,中,跨界混合,238304,机械类、材料类、电气类、计算机类
历史|本科批|福州大学|福州大学01,经管商贸、文法教育,文法教育组（夹物流）,中,相近混合,240101,物流管理与工程类、外国语言文学类、法学类
物理|提前本科批|福州大学|福州大学02,化材药,材料组,低,同族,240102,材料类
物理|本科批|福州大学|福州大学03,土建测绘、经管商贸,经管商贸组（含建筑）,中,跨界混合,240103,建筑类、工商管理类
物理|本科批|福州大学|福州大学04,带电工科、机械能源、理学基础、土建测绘,大理工组（夹土木）,高,大杂烩,240104,电气类、机械类、统计学类、土木类、计算机类、电子信息类、能源动力类
物理|本科批|福州大学|福州大学05,化材药,化材药组,低,同族,240105,化工与制药类、化学类、材料类、药学类
物理|本科批|福州大学|福州大学06,带电工科,带电工科组,低,同族,240106,自动化类、电子信息类
物理|本科批|福建农林大学|福建农林大学01,农林动物、理学基础、生环食品,农林动物组（含生物科学）,中,跨界混合,240201,植物生产类、动物医学类、林业工程类、海洋科学类、生物科学类
历史|本科批|福建理工大学|福建理工大学01,文法教育,新闻传播组,低,同族,240501,新闻传播学类
物理|本科批|福建理工大学|福建理工大学02,经管商贸,物流组,低,同族,240502,物流管理与工程类
物理|本科批|福建理工大学|福建理工大学03,机械能源、化材药、带电工科、理学基础、交通航空,大理工组（夹材料）,中,大杂烩,240503,机械类、材料类、计算机类、数学类、海洋工程类
物理|本科批|福建医科大学|福建医科大学01,经管商贸、文法教育,经管+文法组,低,相近混合,240601,公共管理类、心理学类
物理|本科批|福建医科大学|福建医科大学02,医药护理,护理组,中,同族,240602,护理学类
物理|本科批|福建医科大学|福建医科大学03,化材药、生环食品、医药护理,医药护理组（含生物工程）,中,相近混合,240603,药学类、生物工程类、医学技术类
物理|本科批|福建医科大学|福建医科大学04,医药护理,临床组,低,同族,240604,临床医学类
物理|本科批|福建医科大学|福建医科大学05,医药护理,医学技术组,低,同族,240605,医学技术类
物理|本科批|福建医科大学|福建医科大学06,医药护理,临床口腔组,低,同族,240606,临床医学类、口腔医学类
物理|本科批|福建医科大学|福建医科大学07,生环食品、试验班,生环组,低,同族,240607,生物科学类、交叉学科类
物理|本科批|福建医科大学|福建医科大学08,医药护理,临床组,低,同族,240608,临床医学类
物理|本科批|福建中医药大学|福建中医药大学01,医药护理,临床组,低,同族,240701,临床医学类
物理|本科批|福建中医药大学|福建中医药大学02,医药护理,中西医组,低,同族,240702,中西医结合类
物理|本科批|福建中医药大学|福建中医药大学03,医药护理,医学技术组,低,同族,240703,医学技术类
物理|本科批|福建中医药大学|福建中医药大学04,医药护理,中医组,低,同族,240704,中医学类
物理|本科批|龙岩学院|龙岩学院01,文法教育,体育组,低,同族,240801,体育学类
物理|本科批|龙岩学院|龙岩学院02,理学基础、带电工科、化材药,带电工科组（夹化学）,中,跨界混合,240802,数学类、计算机类、化学类
物理|本科批|龙岩学院|龙岩学院03,化材药,材料组,低,同族,240803,材料类
历史|本科批|闽江大学|闽江大学01,经管商贸、文法教育,文法教育组（夹旅游管理）,高,冷热混放,240901,旅游管理类、新闻传播学类、法学类
物理|本科批|闽江大学|闽江大学02,经管商贸,经管商贸组,低,同族,240902,工商管理类、金融学类
物理|本科批|闽江大学|闽江大学03,带电工科,带电工科组,低,同族,240903,计算机类、自动化类
物理|本科批|三明学院|三明学院01,经管商贸,电商组,低,同族,241001,电子商务类
物理|本科批|三明学院|三明学院02,带电工科、机械能源、化材药、生环食品,大理工组（夹材料/环境）,高,大杂烩,241002,计算机类、电子信息类、机械类、材料类、环境科学与工程类、电气类
历史|提前本科批|厦门大学|厦门大学01,文法教育,新闻传播组,低,同族,241101,新闻传播学类
历史|本科批|厦门大学|厦门大学02,试验班、文法教育、经管商贸、艺术传媒,文法教育组（夹工商管理）,中,跨界混合,241102,人文科学试验班类、新闻传播学类、法学类、社会学类、经济学类、工商管理类、戏剧与影视学类
历史|本科批|厦门大学|厦门大学03,文法教育、经管商贸,文法教育组（夹工商管理）,中,相近混合,241103,中国语言文学类、新闻传播学类、金融学类、工商管理类、外国语言文学类
物理|提前本科批|厦门大学|厦门大学04,理学基础,物理组,低,同族,241104,物理学类
物理|本科批|厦门大学|厦门大学05,文法教育、经管商贸,经管+文法组,低,相近混合,241105,法学类、经济学类、金融学类、工商管理类
物理|本科批|厦门大学|厦门大学06,经管商贸,经管商贸组,低,同族,241106,金融学类、工商管理类
物理|本科批|厦门大学|厦门大学07,试验班、理学基础、机械能源,机械+理学组,低,相近混合,241107,工科试验班类、物理学类、能源动力类
物理|本科批|厦门大学|厦门大学08,理学基础、试验班、化材药,理学基础组（含化学）,低,相近混合,241108,统计学类、理科试验班类、数学类、化学类、工科试验班类
物理|本科批|厦门大学|厦门大学09,化材药、理学基础、机械能源、带电工科、医药护理,大理工组（夹化工制药）,中,大杂烩,241109,化工与制药类、海洋科学类、能源动力类、计算机类、电子信息类、中医学类、数学类、物理学类、统计学类、自动化类
历史|本科批|集美大学|集美大学01,经管商贸、文法教育,经管+文法组,低,相近混合,241201,金融学类、工商管理类、外国语言文学类、社会学类
物理|提前本科批|集美大学|集美大学02,交通航空,交通运输组,低,同族,241202,交通运输类
物理|提前本科批|集美大学|集美大学03,交通航空,交通运输组,低,同族,241203,交通运输类
物理|本科批|集美大学|集美大学04,经管商贸,经管商贸组,低,同族,241204,财政学类、金融学类、工商管理类、管理科学与工程类
物理|本科批|集美大学|集美大学05,带电工科、理学基础,带电+理学组,低,相近混合,241205,电子信息类、计算机类、物理学类
物理|本科批|集美大学|集美大学06,交通航空、生环食品、土建测绘,生环食品组（含水利）,中,跨界混合,241206,交通运输类、海洋工程类、食品科学与工程类、生物工程类、水利类
物理|本科批|集美大学|集美大学07,机械能源、土建测绘,机械能源组（含土木）,中,相近混合,241207,机械类、能源动力类、土木类
物理|本科批|集美大学|集美大学08,农林动物,水产组,低,同族,241208,水产类
物理|本科批|集美大学|集美大学09,理学基础,地理科学组,低,同族,241209,地理科学类
历史|本科批|厦门理工学院|厦门理工学院01,文法教育、经管商贸,文法教育组（含工商管理）,低,相近混合,241301,外国语言文学类、工商管理类、新闻传播学类
物理|本科批|厦门理工学院|厦门理工学院02,经管商贸,金融组,低,同族,241302,金融学类
物理|本科批|厦门理工学院|厦门理工学院03,机械能源、化材药、带电工科、土建测绘,大理工组（夹材料/土木/水利）,高,大杂烩,241303,机械类、材料类、电子信息类、计算机类、土木类、水利类
物理|本科批|厦门理工学院|厦门理工学院04,带电工科,电子信息组,低,同族,241304,电子信息类
历史|本科批|莆田学院|莆田学院01,经管商贸,工商管理组,低,同族,242101,工商管理类
物理|本科批|莆田学院|莆田学院02,经管商贸,公管组,低,同族,242102,公共管理类
物理|本科批|莆田学院|莆田学院03,医药护理,临床组,低,同族,242103,临床医学类
历史|本科批|华侨大学|华侨大学01,文法教育、经管商贸,文商组（含工商管理/公管/旅游管理）,高,大杂烩,242201,新闻传播学类、金融学类、经济与贸易类、法学类、中国语言文学类、工商管理类、公共管理类、旅游管理类
物理|本科批|华侨大学|华侨大学02,文法教育、土建测绘、经管商贸,经管商贸组（夹建筑）,高,冷热混放,242202,新闻传播学类、建筑类、金融学类、工商管理类、公共管理类
物理|本科批|华侨大学|华侨大学03,化材药、生环食品,化材药组（含环境/生物工程）,中,相近混合,242203,化学类、材料类、化工与制药类、环境科学与工程类、生物工程类、药学类
物理|本科批|华侨大学|华侨大学04,机械能源、理学基础、带电工科、土建测绘、经管商贸,大理工组（夹土木）,高,大杂烩,242204,机械类、物理学类、电气类、电子信息类、计算机类、土木类、管理科学与工程类、数学类
历史|本科批|武夷学院|武夷学院01,经管商贸、文法教育,经管+文法组,中,相近混合,243701,旅游管理类、工商管理类、中国语言文学类
物理|本科批|武夷学院|武夷学院02,土建测绘、经管商贸,经管商贸组（夹建筑）,高,冷热混放,243702,建筑类、金融学类、经济与贸易类、物流管理与工程类
物理|本科批|武夷学院|武夷学院03,农林动物、医药护理、地矿安全、机械能源、带电工科、化材药、土建测绘,大理工组（夹植物生产/医学技术/地质工程/化工制药等）,高,大杂烩,243703,植物生产类、医学技术类、地质类、机械类、电子信息类、化工与制药类、土木类、计算机类
物理|本科批|宁德师范学院|宁德师范学院01,化材药、带电工科,带电工科组（夹材料）,中,跨界混合,244201,材料类、电气类
物理|本科批|泉州师范学院|泉州师范学院01,文法教育,教育组,低,同族,244301,教育学类
物理|本科批|泉州师范学院|泉州师范学院02,化材药、机械能源、带电工科、交通航空,大理工组（夹化学/化工制药）,中,大杂烩,244302,化学类、机械类、电子信息类、计算机类、化工与制药类、海洋工程类
物理|本科批|泉州师范学院|泉州师范学院03,理学基础,地理科学组,低,同族,244303,地理科学类
历史|本科批|闽南师范大学|闽南师范大学01,文法教育,外语组,低,同族,244801,外国语言文学类
历史|本科批|闽南师范大学|闽南师范大学02,艺术传媒,戏剧影视组,低,同族,244802,戏剧与影视学类
历史|本科批|闽南师范大学|闽南师范大学03,文法教育,历史组,低,同族,244803,历史学类
物理|本科批|闽南师范大学|闽南师范大学04,文法教育,中文组,低,同族,244804,中国语言文学类
物理|本科批|闽南师范大学|闽南师范大学05,经管商贸,经济组,低,同族,244805,经济学类
物理|本科批|闽南师范大学|闽南师范大学06,文法教育,心理组,低,同族,244806,心理学类
物理|本科批|闽南师范大学|闽南师范大学07,生环食品、带电工科,生环+带电混合组,中,跨界混合,244807,环境科学与工程类、食品科学与工程类、电子信息类
物理|本科批|闽南师范大学|闽南师范大学08,农林动物,林学组,低,同族,244808,林学类
历史|本科批|福建商学院|福建商学院01,试验班,预科组,低,同族,245601,预科班类
物理|本科批|福建商学院|福建商学院02,试验班,预科组,低,同族,245602,预科班类
历史|本科批|江西财经大学|江西财经大学01,经管商贸、文法教育,经管+文法组,中,相近混合,250101,工商管理类、财政学类、公共管理类、经济与贸易类、经济学类、法学类
历史|本科批|江西财经大学|江西财经大学02,经管商贸,经管商贸组,低,同族,250102,工商管理类、金融学类
物理|本科批|江西财经大学|江西财经大学03,经管商贸、文法教育,经管+文法组,中,相近混合,250103,工商管理类、经济与贸易类、经济学类、金融学类、管理科学与工程类、法学类
物理|本科批|江西财经大学|江西财经大学04,经管商贸,经管商贸组,低,同族,250104,工商管理类、金融学类
物理|本科批|江西财经大学|江西财经大学05,经管商贸,经济组,低,同族,250105,经济学类
物理|本科批|江西财经大学|江西财经大学06,经管商贸,管工组,低,同族,250106,管理科学与工程类
物理|本科批|江西财经大学|江西财经大学07,理学基础、带电工科,带电+理学组,低,相近混合,250107,统计学类、计算机类、电子信息类、数学类
物理|本科批|江西财经大学|江西财经大学08,带电工科,计算机组,低,同族,250108,计算机类
物理|本科批|江西财经大学|江西财经大学09,带电工科,计算机组,低,同族,250109,计算机类
物理|本科批|江西财经大学|江西财经大学10,带电工科,计算机组,低,同族,250110,计算机类
历史|本科批|华东交通大学|华东交通大学01,经管商贸,工商管理组,低,同族,250201,工商管理类
历史|本科批|华东交通大学|华东交通大学02,经管商贸、文法教育,经管+文法组,低,相近混合,250202,金融学类、工商管理类、外国语言文学类、法学类
历史|本科批|华东交通大学|华东交通大学03,土建测绘,建筑组,中,同族,250203,建筑类
物理|本科批|华东交通大学|华东交通大学04,土建测绘,建筑组,中,同族,250204,建筑类
物理|本科批|华东交通大学|华东交通大学05,经管商贸,经管商贸组,低,同族,250205,经济学类、物流管理与工程类、工商管理类
物理|本科批|华东交通大学|华东交通大学06,经管商贸,管工组,低,同族,250206,管理科学与工程类
物理|本科批|华东交通大学|华东交通大学07,经管商贸,工商管理组,低,同族,250207,工商管理类
物理|本科批|华东交通大学|华东交通大学08,带电工科,电气组,低,同族,250208,电气类
物理|本科批|华东交通大学|华东交通大学09,机械能源、理学基础、带电工科、化材药,大理工组（夹材料）,中,大杂烩,250209,机械类、数学类、计算机类、材料类
物理|本科批|华东交通大学|华东交通大学10,土建测绘、生环食品、机械能源、带电工科、交通航空,大理工组（夹土木/环境/测绘）,高,大杂烩,250210,土木类、环境科学与工程类、机械类、仪器类、电气类、自动化类、交通运输类、测绘类、电子信息类
历史|本科批|江西中医药大学|江西中医药大学01,医药护理,中医组,低,同族,250401,中医学类
历史|本科批|江西中医药大学|江西中医药大学02,文法教育,外语组,低,同族,250402,外国语言文学类
历史|本科批|江西中医药大学|江西中医药大学03,医药护理,护理组,中,同族,250403,护理学类
物理|本科批|江西中医药大学|江西中医药大学04,医药护理,中医组,低,同族,250404,中医学类
物理|本科批|江西中医药大学|江西中医药大学05,化材药、生环食品,化材药组（含食品工程）,低,相近混合,250405,中药学类、药学类、食品科学与工程类
物理|本科批|江西中医药大学|江西中医药大学06,医药护理,中西医组,低,同族,250406,中西医结合类
物理|本科批|江西中医药大学|江西中医药大学07,医药护理,护理组,中,同族,250407,护理学类
历史|本科批|南昌大学|南昌大学01,文法教育、经管商贸,经管+文法组,中,相近混合,250501,中国语言文学类、外国语言文学类、法学类、公共管理类、工商管理类、旅游管理类
物理|本科批|南昌大学|南昌大学02,经管商贸、机械能源、土建测绘,经管商贸组（夹建筑）,高,冷热混放,250502,管理科学与工程类、工业工程类、金融学类、建筑类、经济学类、工商管理类
物理|本科批|南昌大学|南昌大学03,理学基础、化材药、生环食品、机械能源、土建测绘、带电工科,大理工组（夹材料/生物科学/食品工程/土木）,高,大杂烩,250503,数学类、材料类、生物科学类、食品科学与工程类、仪器类、机械类、土木类、计算机类
物理|本科批|南昌大学|南昌大学04,医药护理、化材药,医药+化材药组,低,相近混合,250504,基础医学类、临床医学类、药学类、医学技术类
物理|本科批|南昌大学|南昌大学05,医药护理,临床组,低,同族,250505,临床医学类
物理|本科批|南昌大学|南昌大学06,带电工科,带电工科组,低,同族,250506,电子信息类、自动化类
物理|本科批|南昌大学|南昌大学07,带电工科,计算机组,低,同族,250507,计算机类
物理|本科批|南昌大学|南昌大学08,带电工科,计算机组,低,同族,250508,计算机类
物理|本科批|南昌大学|南昌大学09,医药护理,医学技术组,低,同族,250509,医学技术类
物理|本科批|南昌大学|南昌大学10,医药护理,口腔组,低,同族,250510,口腔医学类
历史|本科批|南昌航空大学|南昌航空大学01,经管商贸、文法教育,经管+文法组,低,相近混合,250601,经济学类、电子商务类、法学类、公共管理类
历史|本科批|南昌航空大学|南昌航空大学02,文法教育,外语组,低,同族,250602,外国语言文学类
物理|本科批|南昌航空大学|南昌航空大学03,经管商贸、土建测绘、机械能源,经管商贸组（含建筑）,中,跨界混合,250603,管理科学与工程类、建筑类、工业工程类
物理|本科批|南昌航空大学|南昌航空大学04,机械能源、带电工科,带电+机械组,低,相近混合,250604,机械类、计算机类
物理|本科批|南昌航空大学|南昌航空大学05,化材药、带电工科、机械能源、生环食品、土建测绘、交通航空、理学基础、医药护理,大理工组（夹材料/化学/环境/土木）,高,大杂烩,250605,材料类、电子信息类、机械类、化学类、环境科学与工程类、土木类、计算机类、电气类、能源动力类、航空航天类、数学类、生物医学工程类
物理|本科批|南昌航空大学|南昌航空大学06,带电工科、医药护理,带电+医药混合组,低,跨界混合,250606,电子信息类、生物医学工程类
物理|本科批|南昌航空大学|南昌航空大学07,化材药、机械能源、交通航空、带电工科,大理工组（夹材料）,中,大杂烩,250607,材料类、机械类、航空航天类、电子信息类、自动化类、仪器类
物理|本科批|南昌航空大学|南昌航空大学08,带电工科,计算机组,低,同族,250608,计算机类
物理|本科批|南昌航空大学|南昌航空大学09,带电工科,计算机组,低,同族,250609,计算机类
历史|本科批|江西科技师范大学|江西科技师范大学01,文法教育、经管商贸,文法教育组（夹工商管理/旅游管理）,高,冷热混放,250701,外国语言文学类、历史学类、工商管理类、法学类、中国语言文学类、旅游管理类
物理|本科批|江西科技师范大学|江西科技师范大学02,文法教育、经管商贸,经管+文法组,中,相近混合,250702,外国语言文学类、工商管理类、经济学类、法学类、旅游管理类
物理|本科批|江西科技师范大学|江西科技师范大学03,带电工科,计算机组,低,同族,250703,计算机类
物理|本科批|江西科技师范大学|江西科技师范大学04,化材药、理学基础、机械能源、土建测绘、生环食品、带电工科,大理工组（夹土木/生物工程/生物科学/食品工程）,高,大杂烩,250704,化学类、数学类、仪器类、化工与制药类、土木类、生物工程类、药学类、材料类、机械类、计算机类、物理学类、生物科学类、食品科学与工程类
历史|本科批|江西农业大学|江西农业大学01,文法教育,外语组,低,同族,250801,外国语言文学类
历史|本科批|江西农业大学|江西农业大学02,经管商贸,经管商贸组,中,同族,250802,金融学类、工商管理类、旅游管理类
物理|本科批|江西农业大学|江西农业大学03,经管商贸、文法教育,文法教育组（含公管）,低,相近混合,250803,公共管理类、外国语言文学类、教育学类
物理|本科批|江西农业大学|江西农业大学04,土建测绘、经管商贸,经管商贸组（夹建筑）,高,冷热混放,250804,建筑类、工商管理类、金融学类、经济学类
物理|本科批|江西农业大学|江西农业大学05,化材药、生环食品、农林动物,生环食品组（含化学/林业工程）,中,跨界混合,250805,化学类、生物科学类、食品科学与工程类、林业工程类
物理|本科批|江西农业大学|江西农业大学06,农林动物、机械能源、生环食品、土建测绘、经管商贸、带电工科,大理工组（夹林学/环境/测绘/电商）,高,大杂烩,250806,林学类、机械类、环境科学与工程类、测绘类、电子商务类、计算机类
物理|本科批|江西农业大学|江西农业大学07,农林动物,农林动物组,低,同族,250807,植物生产类、动物医学类、水产类、自然保护与环境生态类
历史|提前本科批|江西师范大学|江西师范大学01,文法教育,马理论组,低,同族,251001,马克思主义理论类
历史|本科批|江西师范大学|江西师范大学02,文法教育、经管商贸、土建测绘,文法教育组（夹公管/建筑/工商管理）,高,冷热混放,251002,法学类、新闻传播学类、社会学类、公共管理类、建筑类、工商管理类、外国语言文学类
历史|本科批|江西师范大学|江西师范大学03,文法教育、经管商贸,文法教育组（夹公管）,中,相近混合,251003,中国语言文学类、历史学类、外国语言文学类、教育学类、公共管理类
历史|本科批|江西师范大学|江西师范大学04,文法教育,中文组,低,同族,251004,中国语言文学类
历史|本科批|江西师范大学|江西师范大学05,艺术传媒,戏剧影视组,低,同族,251005,戏剧与影视学类
历史|本科批|江西师范大学|江西师范大学06,经管商贸,经管商贸组,低,同族,251006,工商管理类、经济学类、经济与贸易类
历史|本科批|江西师范大学|江西师范大学07,文法教育,马理论组,低,同族,251007,马克思主义理论类
历史|本科批|江西师范大学|江西师范大学08,理学基础,地理科学组,低,同族,251008,地理科学类
物理|本科批|江西师范大学|江西师范大学09,文法教育,文法教育组,低,同族,251009,心理学类、教育学类
物理|本科批|江西师范大学|江西师范大学10,经管商贸,经管商贸组,低,同族,251010,工商管理类、金融学类、经济学类、经济与贸易类
物理|本科批|江西师范大学|江西师范大学11,文法教育、土建测绘、经管商贸,经管商贸组（夹建筑）,高,冷热混放,251011,法学类、社会学类、建筑类、工商管理类、管理科学与工程类
物理|本科批|江西师范大学|江西师范大学12,带电工科,计算机电子组,低,同族,251012,计算机类、电子信息类
物理|本科批|江西师范大学|江西师范大学13,带电工科,电子信息组,低,同族,251013,电子信息类
物理|本科批|江西师范大学|江西师范大学14,带电工科,计算机组,低,同族,251014,计算机类
物理|本科批|江西师范大学|江西师范大学15,理学基础,数学组,低,同族,251015,数学类
物理|本科批|江西师范大学|江西师范大学16,理学基础、生环食品,理学基础组（含生物科学）,低,相近混合,251016,数学类、物理学类、生物科学类
物理|本科批|江西师范大学|江西师范大学17,理学基础,数学组,低,同族,251017,数学类
物理|本科批|江西师范大学|江西师范大学18,带电工科、理学基础、化材药、机械能源、生环食品,大理工组（夹化工制药/生物工程）,中,大杂烩,251018,计算机类、电子信息类、统计学类、化工与制药类、机械类、生物工程类、药学类
物理|本科批|江西师范大学|江西师范大学19,理学基础,地理科学组,低,同族,251019,地理科学类
历史|本科批|江西水利电力大学|江西水利电力大学01,经管商贸、文法教育,经管+文法组,低,相近混合,251101,经济与贸易类、工商管理类、外国语言文学类
物理|本科批|江西水利电力大学|江西水利电力大学02,经管商贸,管理组,低,同族,251102,管理科学与工程类、工商管理类
物理|本科批|江西水利电力大学|江西水利电力大学03,带电工科、土建测绘,带电工科组（夹土木）,高,冷热混放,251103,电气类、土木类
物理|本科批|江西水利电力大学|江西水利电力大学04,土建测绘、农林动物、机械能源、带电工科、理学基础、化材药,大理工组（夹水利/农业工程/自然保护/土木等）,高,大杂烩,251104,水利类、农业工程类、自然保护与环境生态类、土木类、机械类、自动化类、电气类、能源动力类、计算机类、电子信息类、统计学类、材料类
物理|本科批|江西水利电力大学|江西水利电力大学05,农林动物,林学组,低,同族,251105,林学类
历史|本科批|江西警察学院|江西警察学院01,文法教育,法学组,低,同族,251201,法学类
物理|本科批|江西警察学院|江西警察学院02,文法教育,法学组,低,同族,251202,法学类
物理|本科批|江西警察学院|江西警察学院03,带电工科、交通航空、地矿安全,带电工科组（夹安全工程）,高,冷热混放,251203,计算机类、航空航天类、安全科学与工程类
历史|本科批|江西理工大学|江西理工大学01,文法教育、土建测绘、经管商贸,文法教育组（夹建筑/工商管理）,高,冷热混放,252101,法学类、建筑类、工商管理类、金融学类、中国语言文学类、外国语言文学类
物理|本科批|江西理工大学|江西理工大学02,经管商贸,经管商贸组,低,同族,252102,管理科学与工程类、经济学类
物理|本科批|江西理工大学|江西理工大学03,化材药、带电工科、机械能源、理学基础、土建测绘、地矿安全、生环食品,大理工组（夹材料/化工制药/化学/土木等）,高,大杂烩,252103,材料类、电气类、化工与制药类、化学类、机械类、数学类、能源动力类、自动化类、计算机类、土木类、测绘类、电子信息类、安全科学与工程类、矿业类、环境科学与工程类、生物工程类
物理|本科批|江西理工大学|江西理工大学04,机械能源、化材药、带电工科、生环食品,大理工组（夹材料/环境）,高,大杂烩,252104,机械类、材料类、电子信息类、环境科学与工程类
物理|本科批|江西理工大学|江西理工大学05,带电工科,电子信息组,低,同族,252105,电子信息类
物理|本科批|江西理工大学|江西理工大学06,理学基础,地理科学组,低,同族,252106,地理科学类
物理|本科批|赣南医科大学|赣南医科大学01,经管商贸,公管组,低,同族,252201,公共管理类
物理|本科批|赣南医科大学|赣南医科大学02,化材药、医药护理,化材药组（含基础医学）,低,相近混合,252202,药学类、化工与制药类、基础医学类
物理|本科批|赣南医科大学|赣南医科大学03,试验班、医药护理,医药组,低,同族,252203,交叉学科类、医学技术类
物理|本科批|赣南医科大学|赣南医科大学04,医药护理,医学技术组,低,同族,252204,医学技术类
物理|本科批|赣南医科大学|赣南医科大学05,医药护理,口腔组,低,同族,252205,口腔医学类
物理|本科批|赣南医科大学|赣南医科大学06,带电工科、医药护理、生环食品,带电工科组（夹生物科学）,中,跨界混合,252206,计算机类、生物医学工程类、生物科学类
物理|本科批|赣南医科大学|赣南医科大学07,医药护理,医药护理组,低,同族,252207,临床医学类、公共卫生与预防医学类
历史|本科批|赣南师范大学|赣南师范大学01,文法教育,心理组,低,同族,252301,心理学类
历史|本科批|赣南师范大学|赣南师范大学02,艺术传媒,戏剧影视组,低,同族,252302,戏剧与影视学类
历史|本科批|赣南师范大学|赣南师范大学03,文法教育,教育组,低,同族,252303,教育学类
历史|本科批|赣南师范大学|赣南师范大学04,文法教育,文新外语组,低,同族,252304,中国语言文学类、新闻传播学类
历史|本科批|赣南师范大学|赣南师范大学05,经管商贸、文法教育,文法教育组（夹旅游管理）,高,冷热混放,252305,旅游管理类、法学类、社会学类
历史|本科批|赣南师范大学|赣南师范大学06,文法教育,历史组,低,同族,252306,历史学类
历史|本科批|赣南师范大学|赣南师范大学07,文法教育,外语组,低,同族,252307,外国语言文学类
历史|本科批|赣南师范大学|赣南师范大学08,文法教育,马理论组,低,同族,252308,马克思主义理论类
物理|本科批|赣南师范大学|赣南师范大学09,文法教育,教育组,低,同族,252309,教育学类
物理|本科批|赣南师范大学|赣南师范大学10,经管商贸,经管商贸组,低,同族,252310,管理科学与工程类、金融学类
物理|本科批|赣南师范大学|赣南师范大学11,经管商贸,经管商贸组,低,同族,252311,工商管理类、金融学类
物理|本科批|赣南师范大学|赣南师范大学12,文法教育,文法教育组,低,同族,252312,教育学类、心理学类
物理|本科批|赣南师范大学|赣南师范大学13,带电工科、理学基础,带电+理学组,低,相近混合,252313,电气类、电子信息类、物理学类
物理|本科批|赣南师范大学|赣南师范大学14,生环食品、机械能源、农林动物,机械能源组（含环境/自然保护）,中,跨界混合,252314,环境科学与工程类、能源动力类、自然保护与环境生态类
物理|本科批|赣南师范大学|赣南师范大学15,化材药,材料组,低,同族,252315,材料类
物理|本科批|赣南师范大学|赣南师范大学16,带电工科、理学基础,理学+带电组,低,相近混合,252316,计算机类、数学类、统计学类
物理|本科批|赣南师范大学|赣南师范大学17,化材药,化材药组,低,同族,252317,材料类、化学类、化工与制药类
物理|本科批|赣南师范大学|赣南师范大学18,生环食品、农林动物,生环食品组（含植物生产）,低,相近混合,252318,生物科学类、植物生产类
物理|本科批|赣南师范大学|赣南师范大学19,农林动物,植物生产组,低,同族,252319,植物生产类
物理|本科批|赣南师范大学|赣南师范大学20,理学基础,地理科学组,低,同族,252320,地理科学类
历史|本科批|新余学院|新余学院01,文法教育,外语组,低,同族,252701,外国语言文学类
历史|本科批|新余学院|新余学院02,文法教育、经管商贸,经管+文法组,低,相近混合,252702,中国语言文学类、新闻传播学类、工商管理类、电子商务类
物理|本科批|新余学院|新余学院03,化材药、机械能源、带电工科,带电工科组（夹材料）,中,跨界混合,252703,材料类、能源动力类、机械类、电子信息类、计算机类
物理|本科批|新余学院|新余学院04,带电工科,计算机组,低,同族,252704,计算机类
历史|本科批|景德镇陶瓷大学|景德镇陶瓷大学01,经管商贸、文法教育,文法教育组（夹工商管理）,中,相近混合,253101,工商管理类、经济与贸易类、法学类、外国语言文学类、中国语言文学类、历史学类
历史|本科批|景德镇陶瓷大学|景德镇陶瓷大学02,文法教育,教育组,低,同族,253102,教育学类
物理|本科批|景德镇陶瓷大学|景德镇陶瓷大学03,经管商贸,工商管理组,低,同族,253103,工商管理类
物理|本科批|景德镇陶瓷大学|景德镇陶瓷大学04,带电工科、化材药、机械能源、理学基础、文法教育,大理工组（夹材料）,中,大杂烩,253104,计算机类、材料类、能源动力类、机械类、电子信息类、自动化类、数学类、统计学类、历史学类
物理|本科批|东华理工大学|东华理工大学01,地矿安全、机械能源、土建测绘、生环食品、化材药、带电工科,大理工组（夹地质工程/地质学/地球物理/水利等）,高,大杂烩,254101,地质类、地质学类、地球物理学类、仪器类、水利类、环境科学与工程类、测绘类、化学类、化工与制药类、材料类、核工程类、电子信息类、土木类
物理|本科批|东华理工大学|东华理工大学02,理学基础、带电工科,带电+理学组,低,相近混合,254102,数学类、电子信息类、自动化类
物理|本科批|东华理工大学|东华理工大学03,机械能源、带电工科,带电+机械组,低,相近混合,254103,机械类、计算机类
历史|本科批|萍乡学院|萍乡学院01,文法教育、经管商贸,文法教育组（含电商）,低,相近混合,254201,历史学类、新闻传播学类、电子商务类
物理|本科批|萍乡学院|萍乡学院02,带电工科、土建测绘、化材药,带电工科组（夹土木/化学）,高,冷热混放,254202,计算机类、土木类、化学类
历史|本科批|南昌师范学院|南昌师范学院01,文法教育,外语组,低,同族,254301,外国语言文学类
历史|本科批|南昌师范学院|南昌师范学院02,文法教育,中文组,低,同族,254302,中国语言文学类
物理|本科批|南昌师范学院|南昌师范学院03,文法教育、经管商贸,经管+文法组,中,相近混合,254303,教育学类、旅游管理类、电子商务类
物理|本科批|南昌师范学院|南昌师范学院04,理学基础、带电工科,带电+理学组,低,相近混合,254304,数学类、计算机类、电子信息类
物理|本科批|江西飞行学院|江西飞行学院01,交通航空、机械能源,机械+交通组,低,相近混合,254701,航空航天类、机械类
历史|本科批|宜春学院|宜春学院01,文法教育,文新外语组,低,同族,255101,中国语言文学类、新闻传播学类、外国语言文学类
历史|本科批|宜春学院|宜春学院02,文法教育、经管商贸,经管+文法组,低,相近混合,255102,法学类、工商管理类、经济与贸易类
历史|本科批|宜春学院|宜春学院03,农林动物,林学组,低,同族,255103,林学类
物理|本科批|宜春学院|宜春学院04,文法教育、经管商贸,经管+文法组,低,相近混合,255104,法学类、经济学类、工商管理类、经济与贸易类、外国语言文学类
物理|本科批|宜春学院|宜春学院05,化材药、农林动物,化材药组（含动物医学）,低,跨界混合,255105,药学类、动物医学类
物理|本科批|宜春学院|宜春学院06,带电工科,计算机组,低,同族,255106,计算机类
物理|本科批|宜春学院|宜春学院07,化材药、带电工科、机械能源、理学基础,大理工组（夹材料/化学）,中,大杂烩,255107,材料类、自动化类、化学类、机械类、数学类、电子信息类
物理|本科批|宜春学院|宜春学院08,生环食品、农林动物,农林动物组（含食品工程/环境）,中,相近混合,255108,食品科学与工程类、环境科学与工程类、植物生产类、动物生产类、自然保护与环境生态类
物理|本科批|宜春学院|宜春学院09,医药护理,医药护理组,低,同族,255109,临床医学类、公共卫生与预防医学类
物理|本科批|宜春学院|宜春学院10,农林动物,林学组,低,同族,255110,林学类
物理|本科批|宜春学院|宜春学院11,医药护理,护理组,中,同族,255111,护理学类
历史|本科批|九江学院|九江学院01,文法教育、土建测绘、经管商贸,经管商贸组（夹建筑）,高,冷热混放,256101,法学类、新闻传播学类、外国语言文学类、建筑类、工商管理类、物流管理与工程类、旅游管理类
物理|本科批|九江学院|九江学院02,经管商贸,财经组,低,同族,256102,金融学类、经济学类
物理|本科批|九江学院|九江学院03,化材药、机械能源、带电工科、生环食品、医药护理,大理工组（夹化工制药/环境/医学技术）,高,大杂烩,256103,化工与制药类、机械类、电子信息类、自动化类、计算机类、环境科学与工程类、医学技术类、药学类
物理|本科批|九江学院|九江学院04,理学基础,数学组,低,同族,256104,数学类
历史|本科批|上饶师范学院|上饶师范学院01,文法教育、经管商贸,文法教育组（含旅游管理）,中,相近混合,257101,外国语言文学类、经济与贸易类、历史学类、新闻传播学类、旅游管理类
历史|本科批|上饶师范学院|上饶师范学院02,文法教育,马理论组,低,同族,257102,马克思主义理论类
物理|本科批|上饶师范学院|上饶师范学院03,文法教育、艺术传媒,文法+艺术组,低,相近混合,257103,教育学类、外国语言文学类、心理学类、戏剧与影视学类
物理|本科批|上饶师范学院|上饶师范学院04,带电工科、理学基础、化材药、农林动物,大理工组（夹材料/化学/植物生产）,中,大杂烩,257104,计算机类、电子信息类、物理学类、材料类、化学类、植物生产类、数学类
物理|本科批|上饶师范学院|上饶师范学院05,生环食品,生物科学组,低,同族,257105,生物科学类
物理|本科批|上饶师范学院|上饶师范学院06,农林动物,林学组,低,同族,257106,林学类
历史|本科批|赣东学院|赣东学院01,经管商贸、文法教育,经管+文法组,低,相近混合,257201,工商管理类、经济与贸易类、新闻传播学类
物理|本科批|赣东学院|赣东学院02,经管商贸,管工组,低,同族,257202,管理科学与工程类
物理|本科批|赣东学院|赣东学院03,化材药、土建测绘、带电工科、机械能源,大理工组（夹化工制药/测绘/土木）,高,大杂烩,257203,化工与制药类、测绘类、土木类、计算机类、电子信息类、自动化类、机械类
历史|本科批|赣南科技学院|赣南科技学院01,经管商贸、文法教育,经管+文法组,低,相近混合,257301,电子商务类、工商管理类、经济与贸易类、外国语言文学类
物理|本科批|赣南科技学院|赣南科技学院02,经管商贸,经济组,低,同族,257302,经济学类
物理|本科批|赣南科技学院|赣南科技学院03,机械能源、带电工科、地矿安全、化材药,大理工组（夹矿业/材料）,高,大杂烩,257303,机械类、电气类、自动化类、矿业类、材料类、电子信息类、计算机类
历史|本科批|南昌医学院|南昌医学院01,医药护理,护理组,中,同族,257401,护理学类
物理|本科批|南昌医学院|南昌医学院02,医药护理,临床组,低,同族,257402,临床医学类
物理|本科批|南昌医学院|南昌医学院03,医药护理,中西医组,低,同族,257403,中西医结合类
物理|本科批|南昌医学院|南昌医学院04,医药护理,公卫组,低,同族,257404,公共卫生与预防医学类
物理|本科批|南昌医学院|南昌医学院05,医药护理,口腔组,低,同族,257405,口腔医学类
物理|本科批|南昌医学院|南昌医学院06,医药护理,护理组,中,同族,257406,护理学类
物理|本科批|南昌医学院|南昌医学院07,医药护理,中医组,低,同族,257407,中医学类
历史|本科批|井冈山大学|井冈山大学01,艺术传媒、文法教育、经管商贸,文法教育组（夹旅游管理）,高,冷热混放,258101,戏剧与影视学类、教育学类、旅游管理类、中国语言文学类
物理|本科批|井冈山大学|井冈山大学02,艺术传媒、文法教育、经管商贸,文法+艺术+经管组,中,跨界混合,258102,戏剧与影视学类、教育学类、管理科学与工程类、金融学类、外国语言文学类、中国语言文学类
物理|本科批|井冈山大学|井冈山大学03,生环食品、化材药,化材药组（含环境）,中,相近混合,258103,环境科学与工程类、化工与制药类、材料类
物理|本科批|井冈山大学|井冈山大学04,医药护理,医药护理组,中,同族,258104,护理学类、公共卫生与预防医学类
物理|本科批|井冈山大学|井冈山大学05,带电工科、机械能源,带电+机械组,低,相近混合,258105,计算机类、机械类
物理|本科批|井冈山大学|井冈山大学06,带电工科、机械能源,带电+机械组,低,相近混合,258106,电子信息类、机械类
物理|本科批|井冈山大学|井冈山大学07,带电工科,计算机组,低,同族,258107,计算机类
物理|本科批|井冈山大学|井冈山大学08,生环食品、化材药,化材药组（含生物科学）,低,相近混合,258108,生物科学类、化学类
物理|本科批|井冈山大学|井冈山大学09,医药护理,临床口腔组,低,同族,258109,口腔医学类、临床医学类
历史|本科批|景德镇学院|景德镇学院01,文法教育,文法教育组,低,同族,259601,教育学类、中国语言文学类
物理|本科批|景德镇学院|景德镇学院02,文法教育,教育组,低,同族,259602,教育学类
物理|本科批|景德镇学院|景德镇学院03,带电工科,计算机组,低,同族,259603,计算机类
历史|提前本科批|山东大学|山东大学01,文法教育,外语组,低,同族,260101,外国语言文学类
历史|提前本科批|山东大学|山东大学02,文法教育,马理论组,低,同族,260102,马克思主义理论类
历史|提前本科批|山东大学|山东大学03,文法教育,社会学组,低,同族,260103,社会学类
历史|本科批|山东大学|山东大学04,文法教育、经管商贸,经管+文法组,低,相近混合,260104,法学类、公共管理类、经济学类、工商管理类、新闻传播学类
历史|本科批|山东大学|山东大学05,文法教育,文法教育组,低,同族,260105,中国语言文学类、历史学类、哲学类、外国语言文学类
物理|提前本科批|山东大学|山东大学06,经管商贸、土建测绘、化材药、生环食品,大理工组（夹土木/环境）,高,大杂烩,260106,管理科学与工程类、土木类、药学类、环境科学与工程类
物理|本科批|山东大学|山东大学07,带电工科、土建测绘,带电工科组（夹土木）,高,冷热混放,260107,计算机类、电子信息类、土木类
物理|本科批|山东大学|山东大学08,带电工科、机械能源、化材药、经管商贸、土建测绘,大理工组（夹材料/土木）,高,大杂烩,260108,自动化类、能源动力类、材料类、仪器类、管理科学与工程类、土木类
物理|本科批|山东大学|山东大学09,医药护理、试验班、化材药,医药+化材药组,低,相近混合,260109,口腔医学类、交叉学科类、药学类
物理|本科批|山东大学|山东大学10,理学基础、化材药、生环食品,理学基础组（含化学/生物科学）,中,相近混合,260110,数学类、化学类、生物科学类、物理学类、力学类
物理|本科批|山东大学|山东大学11,医药护理,临床组,低,同族,260111,临床医学类
物理|本科批|山东大学|山东大学12,医药护理,护理组,中,同族,260112,护理学类
历史|本科批|济南大学|济南大学01,文法教育、经管商贸,文商组（夹公管/旅游管理/工商管理）,高,大杂烩,260201,中国语言文学类、历史学类、新闻传播学类、外国语言文学类、公共管理类、旅游管理类、工商管理类、教育学类
物理|本科批|济南大学|济南大学02,经管商贸、土建测绘,经管商贸组（夹建筑）,高,冷热混放,260202,金融学类、建筑类
物理|本科批|济南大学|济南大学03,理学基础、带电工科、机械能源、化材药、土建测绘、生环食品,大理工组（夹材料/化学/化工制药/土木等）,高,大杂烩,260203,数学类、计算机类、能源动力类、材料类、化学类、化工与制药类、机械类、土木类、自动化类、电气类、仪器类、电子信息类、环境科学与工程类、生物工程类
历史|本科批|北京交通大学(威海校区)|北京交通大学(威海校区)01,经管商贸,工商管理组,低,同族,260301,工商管理类
物理|本科批|北京交通大学(威海校区)|北京交通大学(威海校区)02,经管商贸,工商管理组,低,同族,260302,工商管理类
物理|本科批|北京交通大学(威海校区)|北京交通大学(威海校区)03,带电工科、生环食品,带电工科组（夹环境）,高,冷热混放,260303,电子信息类、计算机类、环境科学与工程类
物理|本科批|山东中医药大学|山东中医药大学01,医药护理、化材药,医工混合组（夹化工制药）,高,大杂烩,260501,中医学类、中西医结合类、中药学类、药学类、化工与制药类、护理学类、生物医学工程类、医学技术类、公共卫生与预防医学类、临床医学类
物理|本科批|山东中医药大学|山东中医药大学02,医药护理,医学技术组,低,同族,260502,医学技术类
历史|本科批|山东财经大学|山东财经大学01,经管商贸、文法教育,经管+文法组,中,相近混合,260601,经济学类、财政学类、金融学类、经济与贸易类、工商管理类、公共管理类、外国语言文学类
物理|本科批|山东财经大学|山东财经大学02,经管商贸、文法教育,经管+文法组,中,相近混合,260602,财政学类、金融学类、经济与贸易类、工商管理类、公共管理类、外国语言文学类
物理|本科批|山东财经大学|山东财经大学03,经管商贸,经管商贸组,低,同族,260603,经济学类、金融学类、管理科学与工程类
物理|本科批|山东财经大学|山东财经大学04,带电工科、理学基础,带电+理学组,低,相近混合,260604,计算机类、数学类、电子信息类
历史|本科批|山东建筑大学|山东建筑大学01,文法教育,社会学组,低,同族,260701,社会学类
物理|本科批|山东建筑大学|山东建筑大学02,经管商贸,经济组,低,同族,260702,经济学类
物理|本科批|山东建筑大学|山东建筑大学03,土建测绘,建筑组,中,同族,260703,建筑类
物理|本科批|山东建筑大学|山东建筑大学04,土建测绘、机械能源、带电工科、交通航空,大理工组（夹土木/测绘）,高,大杂烩,260704,土木类、能源动力类、机械类、计算机类、交通运输类、测绘类
物理|本科批|山东建筑大学|山东建筑大学05,土建测绘、机械能源、带电工科,带电工科组（夹土木）,高,冷热混放,260705,土木类、机械类、电气类、计算机类
历史|本科批|山东工艺美术学院|山东工艺美术学院01,艺术传媒,艺术传媒组,低,同族,260801,设计学类、艺术学理论类
历史|本科批|山东工艺美术学院|山东工艺美术学院02,艺术传媒,艺术理论组,低,同族,260802,艺术学理论类
历史|本科批|山东工艺美术学院|山东工艺美术学院03,艺术传媒,戏剧影视组,低,同族,260803,戏剧与影视学类
物理|本科批|山东工艺美术学院|山东工艺美术学院04,生环食品,纺织组,中,同族,260804,纺织类
物理|本科批|山东工艺美术学院|山东工艺美术学院05,土建测绘,建筑组,中,同族,260805,建筑类
物理|本科批|山东工艺美术学院|山东工艺美术学院06,农林动物、机械能源、带电工科,带电工科组（夹林业工程）,中,跨界混合,260806,林业工程类、机械类、计算机类、自动化类
历史|本科批|山东交通学院|山东交通学院01,经管商贸、文法教育,经管+文法组,低,相近混合,260901,金融学类、外国语言文学类
物理|提前本科批|山东交通学院|山东交通学院02,交通航空,交通运输组,低,同族,260902,交通运输类
物理|本科批|山东交通学院|山东交通学院03,经管商贸,经管商贸组,低,同族,260903,物流管理与工程类、经济学类、金融学类
物理|本科批|山东交通学院|山东交通学院04,机械能源、土建测绘、带电工科、交通航空、理学基础,大理工组（夹水利/土木）,高,大杂烩,260904,机械类、水利类、土木类、电气类、计算机类、航空航天类、自动化类、物理学类
物理|本科批|山东交通学院|山东交通学院05,带电工科、土建测绘,带电工科组（夹土木）,高,冷热混放,260905,计算机类、土木类
历史|本科批|齐鲁工业大学|齐鲁工业大学01,经管商贸、文法教育,经管+文法组,低,相近混合,261001,工商管理类、外国语言文学类
物理|本科批|齐鲁工业大学|齐鲁工业大学02,带电工科、生环食品、化材药、机械能源、理学基础,大理工组（夹材料）,高,大杂烩,261002,计算机类、轻工类、食品科学与工程类、环境科学与工程类、药学类、材料类、电子信息类、能源动力类、海洋科学类
历史|本科批|山东理工大学|山东理工大学01,经管商贸,工商管理组,低,同族,261101,工商管理类
物理|本科批|山东理工大学|山东理工大学02,化材药、理学基础、机械能源、带电工科、土建测绘、生环食品,大理工组（夹化学/化工制药/土木/纺织）,高,大杂烩,261102,化学类、统计学类、机械类、电气类、电子信息类、计算机类、化工与制药类、土木类、纺织类
历史|本科批|山东艺术学院|山东艺术学院01,艺术传媒,戏剧影视组,低,同族,261201,戏剧与影视学类
物理|本科批|枣庄学院|枣庄学院01,经管商贸,财经组,低,同族,261301,金融学类、经济学类
物理|本科批|枣庄学院|枣庄学院02,带电工科、生环食品、化材药,带电工科组（夹生物科学/化工制药）,中,跨界混合,261302,电子信息类、生物科学类、化工与制药类、计算机类
物理|本科批|山东第二医科大学|山东第二医科大学01,医药护理、化材药,医药+化材药组,低,相近混合,261401,公共卫生与预防医学类、中医学类、药学类
物理|本科批|山东第二医科大学|山东第二医科大学02,医药护理、试验班,医药组,低,同族,261402,口腔医学类、医学技术类、交叉学科类
物理|本科批|山东第二医科大学|山东第二医科大学03,医药护理、生环食品,生环+医药组,低,相近混合,261403,临床医学类、生物工程类、食品科学与工程类
历史|提前本科批|中国海洋大学|中国海洋大学01,文法教育,外语组,低,同族,262101,外国语言文学类
历史|提前本科批|中国海洋大学|中国海洋大学02,文法教育,外语组,低,同族,262102,外国语言文学类
历史|本科批|中国海洋大学|中国海洋大学03,文法教育,法学组,低,同族,262103,法学类
历史|本科批|中国海洋大学|中国海洋大学04,文法教育、经管商贸,文法教育组（夹公管）,中,相近混合,262104,外国语言文学类、中国语言文学类、新闻传播学类、法学类、公共管理类
历史|本科批|中国海洋大学|中国海洋大学05,经管商贸,工商管理组,低,同族,262105,工商管理类
历史|本科批|中国海洋大学|中国海洋大学06,文法教育,政治学组,低,同族,262106,政治学类
物理|提前本科批|中国海洋大学|中国海洋大学07,交通航空,交通运输组,低,同族,262107,交通运输类
物理|提前本科批|中国海洋大学|中国海洋大学08,理学基础、土建测绘,理学基础组（含水利）,中,跨界混合,262108,海洋科学类、水利类
物理|本科批|中国海洋大学|中国海洋大学09,经管商贸,经管商贸组,低,同族,262109,工商管理类、经济与贸易类、金融学类、经济学类
物理|本科批|中国海洋大学|中国海洋大学10,理学基础,海洋科学组,低,同族,262110,海洋科学类
物理|本科批|中国海洋大学|中国海洋大学11,带电工科,计算机组,低,同族,262111,计算机类
物理|本科批|中国海洋大学|中国海洋大学12,理学基础,物理组,低,同族,262112,物理学类
物理|本科批|中国海洋大学|中国海洋大学13,带电工科、交通航空、土建测绘、机械能源、化材药、试验班,大理工组（夹水利/材料）,高,大杂烩,262113,计算机类、海洋工程类、水利类、机械类、自动化类、材料类、交叉学科类、电子信息类
物理|本科批|中国海洋大学|中国海洋大学14,生环食品,食品工程组,低,同族,262114,食品科学与工程类
物理|本科批|中国海洋大学|中国海洋大学15,理学基础,海洋科学组,低,同族,262115,海洋科学类
物理|本科批|中国海洋大学|中国海洋大学16,带电工科,电子信息组,低,同族,262116,电子信息类
物理|本科批|中国海洋大学|中国海洋大学17,理学基础、带电工科、化材药、地矿安全、生环食品、农林动物、交通航空,大理工组（夹化学/地质工程/生物科学/水产等）,高,大杂烩,262117,海洋科学类、大气科学类、电子信息类、物理学类、化学类、地质类、生物科学类、水产类、食品科学与工程类、海洋工程类、药学类、数学类、生物工程类
历史|本科批|青岛理工大学|青岛理工大学01,经管商贸、文法教育,文法+经管组,低,相近混合,262201,经济与贸易类、外国语言文学类、社会学类、新闻传播学类
物理|本科批|青岛理工大学|青岛理工大学02,土建测绘、经管商贸,经管商贸组（含建筑）,中,跨界混合,262202,建筑类、管理科学与工程类、物流管理与工程类
物理|本科批|青岛理工大学|青岛理工大学03,土建测绘,建筑组,中,同族,262203,建筑类
物理|本科批|青岛理工大学|青岛理工大学04,经管商贸、土建测绘,经管商贸组（含建筑）,中,跨界混合,262204,工商管理类、建筑类、经济学类
物理|本科批|青岛理工大学|青岛理工大学05,带电工科,计算机电子组,低,同族,262205,计算机类、电子信息类
物理|本科批|青岛理工大学|青岛理工大学06,机械能源、土建测绘、地矿安全、带电工科、理学基础、生环食品、化材药,大理工组（夹土木/安全工程/环境/材料）,高,大杂烩,262206,机械类、土木类、能源动力类、安全科学与工程类、计算机类、电子信息类、电气类、统计学类、环境科学与工程类、材料类、力学类、物理学类
物理|本科批|青岛科技大学|青岛科技大学01,机械能源、带电工科、化材药、生环食品,大理工组（夹生物工程）,中,大杂烩,262301,机械类、能源动力类、自动化类、电子信息类、化学类、材料类、化工与制药类、生物工程类
历史|本科批|青岛大学|青岛大学01,文法教育,文法教育组,低,同族,262401,法学类、中国语言文学类、外国语言文学类
物理|本科批|青岛大学|青岛大学02,经管商贸,财经组,低,同族,262402,经济学类、财政学类、金融学类
物理|本科批|青岛大学|青岛大学03,化材药、机械能源、带电工科、生环食品、医药护理,大理工组（夹化学/材料/纺织/环境）,高,大杂烩,262403,化学类、材料类、机械类、电子信息类、计算机类、纺织类、环境科学与工程类、临床医学类
历史|本科批|山东农业大学|山东农业大学01,经管商贸、文法教育,经管+文法组,低,相近混合,263101,农业经济管理类、外国语言文学类、工商管理类、法学类
物理|本科批|山东农业大学|山东农业大学02,机械能源,机械组,低,同族,263102,机械类
物理|本科批|山东农业大学|山东农业大学03,农林动物、生环食品、土建测绘、带电工科、化材药、机械能源,大理工组（夹食品工程/生物科学/生物工程/水利等）,高,大杂烩,263103,植物生产类、自然保护与环境生态类、林学类、动物生产类、动物医学类、农业工程类、食品科学与工程类、生物科学类、生物工程类、水利类、土木类、计算机类、化工与制药类、化学类、能源动力类
物理|本科批|山东科技大学|山东科技大学01,经管商贸,管工组,低,同族,263301,管理科学与工程类
物理|本科批|山东科技大学|山东科技大学02,经管商贸,经管商贸组,低,同族,263302,金融学类、管理科学与工程类
物理|本科批|山东科技大学|山东科技大学03,带电工科、机械能源,带电+机械组,低,相近混合,263303,电气类、机械类、计算机类
物理|本科批|山东科技大学|山东科技大学04,化材药、带电工科、土建测绘、地矿安全、交通航空,大理工组（夹材料/土木/测绘/地质工程等）,高,大杂烩,263304,材料类、自动化类、土木类、测绘类、地质类、矿业类、交通运输类、海洋工程类、电子信息类
物理|本科批|山东科技大学|山东科技大学05,理学基础,地理科学组,低,同族,263305,地理科学类
历史|本科批|潍坊学院|潍坊学院01,文法教育、经管商贸,文法教育组（含物流）,低,相近混合,263501,外国语言文学类、物流管理与工程类、心理学类
历史|本科批|潍坊学院|潍坊学院02,文法教育,法学组,低,同族,263502,法学类
物理|本科批|潍坊学院|潍坊学院03,理学基础、带电工科、化材药、生环食品、农林动物、机械能源,大理工组（夹化学/化工制药/生物科学/植物生产等）,中,大杂烩,263503,数学类、统计学类、物理学类、电子信息类、化学类、化工与制药类、生物科学类、植物生产类、自动化类、计算机类、材料类、能源动力类、机械类
物理|本科批|潍坊学院|潍坊学院04,生环食品,食品工程组,低,同族,263504,食品科学与工程类
历史|本科批|中国石油大学(华东)|中国石油大学(华东)01,土建测绘、经管商贸、文法教育,经管商贸组（含建筑）,中,跨界混合,264101,建筑类、工商管理类、外国语言文学类
物理|提前本科批|中国石油大学(华东)|中国石油大学(华东)02,地矿安全、化材药,化材药组（含矿业）,中,跨界混合,264102,矿业类、化工与制药类
物理|本科批|中国石油大学(华东)|中国石油大学(华东)03,经管商贸,工商管理组,低,同族,264103,工商管理类
物理|本科批|中国石油大学(华东)|中国石油大学(华东)04,地矿安全、化材药、机械能源、交通航空、土建测绘、带电工科、理学基础、经管商贸,大理工组（夹化工制药/土木/材料/测绘）,高,大杂烩,264104,地球物理学类、地质学类、地质类、矿业类、化工与制药类、机械类、海洋工程类、安全科学与工程类、土木类、材料类、能源动力类、电气类、电子信息类、测绘类、自动化类、计算机类、数学类、物理学类、管理科学与工程类
历史|本科批|聊城大学|聊城大学01,艺术传媒,戏剧影视组,低,同族,264201,戏剧与影视学类
历史|本科批|聊城大学|聊城大学02,文法教育,中文组,低,同族,264202,中国语言文学类
物理|本科批|聊城大学|聊城大学03,文法教育,教育组,低,同族,264203,教育学类
物理|本科批|聊城大学|聊城大学04,理学基础,物理组,低,同族,264204,物理学类
物理|本科批|聊城大学|聊城大学05,农林动物,植物生产组,低,同族,264205,植物生产类
物理|本科批|聊城大学|聊城大学06,土建测绘,土木组,中,同族,264206,土木类
物理|本科批|聊城大学|聊城大学07,化材药,化材药组,低,同族,264207,材料类、化工与制药类
物理|本科批|聊城大学|聊城大学08,化材药,化学组,低,同族,264208,化学类
物理|本科批|聊城大学|聊城大学09,生环食品,生物工程组,低,同族,264209,生物工程类
物理|本科批|青岛农业大学|青岛农业大学01,农林动物、理学基础,农林+理学混合组,低,跨界混合,264301,植物生产类、海洋科学类、水产类、草学类
历史|本科批|临沂大学|临沂大学01,文法教育,文新外语组,低,同族,264501,新闻传播学类、外国语言文学类
物理|本科批|临沂大学|临沂大学02,经管商贸,财经组,低,同族,264502,金融学类、经济学类
物理|本科批|临沂大学|临沂大学03,经管商贸,工商管理组,低,同族,264503,工商管理类
物理|本科批|临沂大学|临沂大学04,理学基础、生环食品、化材药、医药护理、带电工科、土建测绘、农林动物、机械能源,大理工组（夹生物科学/医学技术/土木/植物生产）,高,大杂烩,264504,物理学类、生物科学类、化学类、医学技术类、电气类、土木类、植物生产类、能源动力类、化工与制药类
物理|本科批|临沂大学|临沂大学05,农林动物、生环食品、机械能源,生环食品组（含动物生产）,中,跨界混合,264505,动物生产类、生物科学类、食品科学与工程类、机械类
历史|本科批|山东航空学院|山东航空学院01,经管商贸,工商管理组,低,同族,265001,工商管理类
物理|本科批|山东航空学院|山东航空学院02,经管商贸,工商管理组,低,同族,265002,工商管理类
物理|本科批|山东航空学院|山东航空学院03,交通航空,交通运输组,低,同族,265003,交通运输类
物理|本科批|山东航空学院|山东航空学院04,机械能源、带电工科,带电+机械组,低,相近混合,265004,机械类、自动化类
物理|本科批|山东航空学院|山东航空学院05,交通航空,航空航天组,低,同族,265005,航空航天类
历史|本科批|烟台大学|烟台大学01,试验班,预科组,低,同族,265101,预科班类
历史|本科批|烟台大学|烟台大学02,文法教育,文法教育组,低,同族,265102,新闻传播学类、法学类、外国语言文学类
物理|本科批|烟台大学|烟台大学03,试验班,预科组,低,同族,265103,预科班类
物理|本科批|烟台大学|烟台大学04,经管商贸、土建测绘,经管商贸组（含建筑）,中,跨界混合,265104,经济学类、建筑类、管理科学与工程类
物理|本科批|烟台大学|烟台大学05,机械能源、农林动物、化材药、生环食品、土建测绘、带电工科,大理工组（夹水产/环境/土木/生物工程等）,高,大杂烩,265105,机械类、水产类、核工程类、材料类、环境科学与工程类、土木类、化学类、化工与制药类、生物工程类、计算机类、食品科学与工程类
历史|本科批|山东工商学院|山东工商学院01,经管商贸、文法教育,文法教育组（夹工商管理）,中,相近混合,265201,金融学类、法学类、工商管理类、新闻传播学类、中国语言文学类、外国语言文学类
物理|本科批|山东工商学院|山东工商学院02,经管商贸、文法教育,经管+文法组,中,相近混合,265202,经济学类、金融学类、法学类、工商管理类、公共管理类、电子商务类
物理|本科批|山东工商学院|山东工商学院03,经管商贸、机械能源,经管+机械混合组,低,跨界混合,265203,经济学类、工业工程类、管理科学与工程类
物理|本科批|山东工商学院|山东工商学院04,理学基础、带电工科、地矿安全,带电工科组（夹安全工程）,高,冷热混放,265204,统计学类、数学类、电气类、电子信息类、安全科学与工程类
历史|本科批|鲁东大学|鲁东大学01,文法教育,文法教育组,低,同族,265301,中国语言文学类、外国语言文学类、法学类
物理|本科批|鲁东大学|鲁东大学02,经管商贸,经济组,低,同族,265302,经济学类
物理|本科批|鲁东大学|鲁东大学03,理学基础、带电工科、化材药、生环食品、机械能源、地矿安全、农林动物、土建测绘,大理工组（夹环境/安全工程/植物生产/水产等）,高,大杂烩,265303,物理学类、电子信息类、材料类、化工与制药类、环境科学与工程类、机械类、安全科学与工程类、植物生产类、水产类、水利类、生物工程类、土木类
物理|本科批|鲁东大学|鲁东大学04,交通航空、生环食品,生环+交通混合组,低,跨界混合,265304,海洋工程类、食品科学与工程类
历史|本科批|山东大学威海分校|山东大学威海分校01,文法教育、经管商贸,文法+经管组,低,相近混合,266101,中国语言文学类、外国语言文学类、经济学类
历史|本科批|山东大学威海分校|山东大学威海分校02,经管商贸,经管商贸组,低,同族,266102,经济与贸易类、物流管理与工程类
物理|本科批|山东大学威海分校|山东大学威海分校03,经管商贸,经济组,低,同族,266103,经济学类
物理|本科批|山东大学威海分校|山东大学威海分校04,经管商贸,经管商贸组,低,同族,266104,经济学类、经济与贸易类、物流管理与工程类
物理|本科批|山东大学威海分校|山东大学威海分校05,理学基础、带电工科,理学+带电组,低,相近混合,266105,海洋科学类、物理学类、数学类、电子信息类
物理|提前本科批|哈尔滨工业大学(威海)|哈尔滨工业大学(威海)01,试验班,工科试验班组,低,同族,266201,工科试验班类
物理|本科批|哈尔滨工业大学(威海)|哈尔滨工业大学(威海)02,交通航空,海洋工程组,低,同族,266202,海洋工程类
物理|本科批|哈尔滨工业大学(威海)|哈尔滨工业大学(威海)03,试验班、带电工科,带电组,低,同族,266203,工科试验班类、计算机类
物理|本科批|哈尔滨工业大学(威海)|哈尔滨工业大学(威海)04,试验班,工科试验班组,低,同族,266204,工科试验班类
历史|本科批|菏泽学院|菏泽学院01,文法教育,心理组,低,同族,266901,心理学类
物理|本科批|菏泽学院|菏泽学院02,文法教育,心理组,低,同族,266902,心理学类
物理|本科批|菏泽学院|菏泽学院03,化材药、农林动物,化材药组（含植物生产）,低,跨界混合,266903,化学类、植物生产类
历史|本科批|曲阜师范大学|曲阜师范大学01,文法教育,文法教育组,中,同族,267101,新闻传播学类、外国语言文学类、教育学类、历史学类、哲学类、中国语言文学类
物理|本科批|曲阜师范大学|曲阜师范大学02,文法教育、经管商贸,经管+文法组,低,相近混合,267102,教育学类、工商管理类、心理学类、经济学类、经济与贸易类
物理|本科批|曲阜师范大学|曲阜师范大学03,生环食品、化材药、理学基础,化材药组（含生物科学）,中,相近混合,267103,生物科学类、化学类、材料类、数学类
物理|本科批|曲阜师范大学|曲阜师范大学04,带电工科、机械能源、理学基础,带电+机械+理学组,中,相近混合,267104,电气类、仪器类、统计学类、电子信息类、计算机类
物理|本科批|曲阜师范大学|曲阜师范大学05,理学基础,地理科学组,低,同族,267105,地理科学类
历史|本科批|山东医药大学|山东医药大学01,文法教育,心理组,低,同族,268101,心理学类
物理|本科批|山东医药大学|山东医药大学02,医药护理,临床组,低,同族,268102,临床医学类
物理|本科批|山东医药大学|山东医药大学03,医药护理,医学技术组,低,同族,268103,医学技术类
历史|本科批|德州学院|德州学院01,文法教育,中文组,低,同族,268301,中国语言文学类
物理|本科批|德州学院|德州学院02,化材药,化工制药组,低,同族,268302,化工与制药类
历史|本科批|山东第一医科大学|山东第一医科大学01,经管商贸,公管组,低,同族,269101,公共管理类
历史|本科批|山东第一医科大学|山东第一医科大学02,文法教育,外语组,低,同族,269102,外国语言文学类
物理|本科批|山东第一医科大学|山东第一医科大学03,文法教育,心理组,低,同族,269103,心理学类
物理|本科批|山东第一医科大学|山东第一医科大学04,医药护理,医学技术组,低,同族,269104,医学技术类
物理|本科批|山东第一医科大学|山东第一医科大学05,化材药,药学组,低,同族,269105,药学类
物理|本科批|山东第一医科大学|山东第一医科大学06,医药护理,基础医学组,低,同族,269106,基础医学类
物理|本科批|山东第一医科大学|山东第一医科大学07,医药护理,医学技术组,低,同族,269107,医学技术类
物理|本科批|山东第一医科大学|山东第一医科大学08,农林动物,动物医学组,低,同族,269108,动物医学类
物理|本科批|山东第一医科大学|山东第一医科大学09,医药护理,医学技术组,低,同族,269109,医学技术类
物理|本科批|山东第一医科大学|山东第一医科大学10,医药护理,临床组,低,同族,269110,临床医学类
物理|本科批|山东第一医科大学|山东第一医科大学11,医药护理,临床组,低,同族,269111,临床医学类
物理|本科批|山东第一医科大学|山东第一医科大学12,医药护理,医学技术组,低,同族,269112,医学技术类
物理|本科批|山东第一医科大学|山东第一医科大学13,医药护理,生医工程组,低,同族,269113,生物医学工程类
物理|本科批|山东第一医科大学|山东第一医科大学14,医药护理,护理组,中,同族,269114,护理学类
物理|本科批|山东第一医科大学|山东第一医科大学15,试验班,交叉学科组,低,同族,269115,交叉学科类
物理|本科批|山东第一医科大学|山东第一医科大学16,医药护理,医学技术组,低,同族,269116,医学技术类
物理|本科批|山东第一医科大学|山东第一医科大学17,试验班,交叉学科组,低,同族,269117,交叉学科类
物理|本科批|山东第一医科大学|山东第一医科大学18,医药护理,公卫组,低,同族,269118,公共卫生与预防医学类
物理|本科批|山东第一医科大学|山东第一医科大学19,医药护理,医学技术组,低,同族,269119,医学技术类
物理|本科批|山东第一医科大学|山东第一医科大学20,医药护理,临床组,低,同族,269120,临床医学类
物理|本科批|济宁医学院|济宁医学院01,生环食品、医药护理,生环+医药组,低,相近混合,269501,生物科学类、生物工程类、生物医学工程类
物理|本科批|济宁医学院|济宁医学院02,化材药、医药护理,医药+化材药组,中,相近混合,269502,药学类、中药学类、医学技术类、护理学类
物理|本科批|济宁医学院|济宁医学院03,医药护理、化材药,医药+化材药组,中,相近混合,269503,临床医学类、口腔医学类、公共卫生与预防医学类、中医学类、中西医结合类、药学类、法医学类
历史|本科批|山东女子学院|山东女子学院01,文法教育、经管商贸,文法教育组（含公管）,低,相近混合,270101,教育学类、社会学类、公共管理类、外国语言文学类、经济与贸易类
物理|本科批|山东女子学院|山东女子学院02,文法教育、经管商贸,文法教育组（含公管）,低,相近混合,270102,教育学类、社会学类、公共管理类、外国语言文学类、经济与贸易类
物理|本科批|山东女子学院|山东女子学院03,带电工科,电子信息组,低,同族,270103,电子信息类
物理|本科批|济宁学院|济宁学院01,带电工科,计算机组,低,同族,270201,计算机类
物理|本科批|泰山学院|泰山学院01,化材药,材料组,低,同族,270601,材料类
物理|本科批|泰山学院|泰山学院02,化材药,化工制药组,低,同族,270602,化工与制药类
物理|本科批|泰山学院|泰山学院03,带电工科,计算机组,低,同族,270603,计算机类
物理|本科批|泰山学院|泰山学院04,带电工科,电子信息组,低,同族,270604,电子信息类
物理|本科批|泰山学院|泰山学院05,生环食品,生物科学组,低,同族,270605,生物科学类
物理|本科批|齐鲁师范学院|齐鲁师范学院01,理学基础、带电工科、化材药,带电工科组（夹化工制药）,中,跨界混合,271001,数学类、电子信息类、化工与制药类
物理|本科批|齐鲁师范学院|齐鲁师范学院02,生环食品,生物科学组,低,同族,271002,生物科学类
历史|本科批|山东师范大学|山东师范大学01,经管商贸、文法教育,文商组（含工商管理/旅游管理/公管）,高,大杂烩,271101,金融学类、教育学类、中国语言文学类、外国语言文学类、新闻传播学类、工商管理类、旅游管理类、公共管理类
历史|本科批|山东师范大学|山东师范大学02,艺术传媒,戏剧影视组,低,同族,271102,戏剧与影视学类
历史|本科批|山东师范大学|山东师范大学03,理学基础,地理科学组,低,同族,271103,地理科学类
物理|本科批|山东师范大学|山东师范大学04,经管商贸,经管商贸组,低,同族,271104,金融学类、工商管理类、公共管理类
物理|本科批|山东师范大学|山东师范大学05,经管商贸,工商管理组,低,同族,271105,工商管理类
物理|本科批|山东师范大学|山东师范大学06,理学基础、化材药、生环食品、带电工科,大理工组（夹化学/化工制药/食品工程/生物科学）,中,大杂烩,271106,数学类、物理学类、化学类、化工与制药类、食品科学与工程类、生物科学类、电子信息类
物理|本科批|山东师范大学|山东师范大学07,理学基础,地理科学组,低,同族,271107,地理科学类
物理|本科批|山东青年政治学院|山东青年政治学院01,经管商贸,工商管理组,低,同族,271301,工商管理类
物理|本科批|山东青年政治学院|山东青年政治学院02,带电工科,计算机组,低,同族,271302,计算机类
物理|本科批|康复大学|康复大学01,医药护理,生医工程组,低,同族,272101,生物医学工程类
物理|本科批|康复大学|康复大学02,医药护理,临床组,低,同族,272102,临床医学类
物理|本科批|康复大学|康复大学03,医药护理,医学技术组,低,同族,272103,医学技术类
物理|本科批|康复大学|康复大学04,生环食品,生物科学组,低,同族,272104,生物科学类
历史|本科批|山东石油化工学院|山东石油化工学院01,文法教育,中文组,低,同族,275501,中国语言文学类
历史|本科批|山东石油化工学院|山东石油化工学院02,经管商贸,工商管理组,低,同族,275502,工商管理类
物理|本科批|山东石油化工学院|山东石油化工学院03,地矿安全,地质工程组,中,同族,275503,地质类
物理|本科批|山东石油化工学院|山东石油化工学院04,生环食品,环境组,中,同族,275504,环境科学与工程类
物理|本科批|山东石油化工学院|山东石油化工学院05,带电工科,自动化组,低,同族,275505,自动化类
物理|本科批|山东石油化工学院|山东石油化工学院06,地矿安全,矿业组,中,同族,275506,矿业类
物理|本科批|山东石油化工学院|山东石油化工学院07,带电工科,计算机组,低,同族,275507,计算机类
物理|本科批|山东石油化工学院|山东石油化工学院08,带电工科,电气组,低,同族,275508,电气类
物理|本科批|山东石油化工学院|山东石油化工学院09,地矿安全,矿业组,中,同族,275509,矿业类
物理|本科批|山东石油化工学院|山东石油化工学院10,机械能源,机械组,低,同族,275510,机械类
历史|提前本科批|北京大学|北京大学01,文法教育,外语组,低,同族,310101,外国语言文学类
历史|提前本科批|北京大学|北京大学02,文法教育,马理论组,低,同族,310102,马克思主义理论类
历史|提前本科批|北京大学|北京大学03,文法教育、试验班,文法组,低,同族,310103,中国语言文学类、哲学类、文科试验班类
历史|本科批|北京大学|北京大学04,试验班、文法教育、经管商贸、土建测绘,工管/文混合组（夹工商管理/公管/建筑）,高,大杂烩,310104,文科试验班类、中国语言文学类、历史学类、哲学类、社会学类、法学类、新闻传播学类、经济学类、工商管理类、公共管理类、人文科学试验班类、建筑类、外国语言文学类
物理|提前本科批|北京大学|北京大学05,文法教育,外语组,低,同族,310105,外国语言文学类
物理|提前本科批|北京大学|北京大学06,地矿安全、生环食品、经管商贸、文法教育、试验班,工管/文混合组（夹地球物理/环境）,高,大杂烩,310106,地球物理学类、环境科学与工程类、管理科学与工程类、历史学类、理科试验班类
物理|本科批|北京大学|北京大学07,理学基础、试验班、带电工科、化材药、生环食品、地矿安全、经管商贸、文法教育,大理工组（夹化学/生物科学/地质学/地球物理等）,高,大杂烩,310107,数学类、工科试验班类、物理学类、天文学类、电子信息类、计算机类、化学类、生物科学类、地质学类、地球物理学类、环境科学与工程类、管理科学与工程类、理科试验班类、历史学类
历史|提前本科批|中国人民大学|中国人民大学01,文法教育,外语组,低,同族,310201,外国语言文学类
历史|提前本科批|中国人民大学|中国人民大学02,文法教育,马理论组,低,同族,310202,马克思主义理论类
历史|提前本科批|中国人民大学|中国人民大学03,经管商贸、文法教育,经管+文法组,低,相近混合,310203,农业经济管理类、中国语言文学类
历史|本科批|中国人民大学|中国人民大学04,文法教育、试验班、经管商贸,文商组,中,大杂烩,310204,法学类、新闻传播学类、社会学类、人文科学试验班类、社会科学试验班类、金融学类、财政学类、经济学类、工商管理类、公共管理类
物理|提前本科批|中国人民大学|中国人民大学05,经管商贸,经济组,低,同族,310205,经济学类
物理|本科批|中国人民大学|中国人民大学06,试验班、理学基础、带电工科,带电+理学组,低,相近混合,310206,理科试验班类、统计学类、电子信息类、计算机类
历史|提前本科批|清华大学|清华大学01,艺术传媒,艺术理论组,低,同族,310301,艺术学理论类
历史|提前本科批|清华大学|清华大学02,试验班,文科试验班组,低,同族,310302,文科试验班类
历史|本科批|清华大学|清华大学03,试验班,文科试验班组,低,同族,310303,文科试验班类
物理|提前本科批|清华大学|清华大学04,机械能源,核工程组,低,同族,310304,核工程类
物理|提前本科批|清华大学|清华大学05,试验班、带电工科、医药护理,带电+医药混合组,低,跨界混合,310305,工科试验班类、电子信息类、自动化类、理科试验班类、临床医学类
物理|本科批|清华大学|清华大学06,试验班、带电工科、医药护理,带电+医药混合组,中,跨界混合,310306,工科试验班类、电子信息类、计算机类、自动化类、理科试验班类、临床医学类
历史|提前本科批|北京师范大学|北京师范大学01,文法教育,外语组,低,同族,310401,外国语言文学类
历史|提前本科批|北京师范大学|北京师范大学02,艺术传媒,戏剧影视组,低,同族,310402,戏剧与影视学类
历史|本科批|北京师范大学|北京师范大学03,经管商贸、文法教育,文法教育组（夹工商管理）,中,相近混合,310403,工商管理类、中国语言文学类、新闻传播学类、历史学类
物理|本科批|北京师范大学|北京师范大学04,经管商贸、文法教育,文法教育组（夹公管）,中,相近混合,310404,金融学类、中国语言文学类、新闻传播学类、教育学类、哲学类、公共管理类
物理|本科批|北京师范大学|北京师范大学05,理学基础、化材药、生环食品、文法教育,大理工组（夹化学/生物科学）,中,大杂烩,310405,数学类、物理学类、化学类、地理科学类、生物科学类、心理学类
历史|提前本科批|北京交通大学|北京交通大学01,文法教育,外语组,低,同族,310501,外国语言文学类
历史|本科批|北京交通大学|北京交通大学02,土建测绘,建筑组,中,同族,310502,建筑类
历史|本科批|北京交通大学|北京交通大学03,试验班、文法教育,文法组,低,同族,310503,文科试验班类、法学类
物理|提前本科批|北京交通大学|北京交通大学04,带电工科,计算机组,低,同族,310504,计算机类
物理|提前本科批|北京交通大学|北京交通大学05,土建测绘,土木组,中,同族,310505,土木类
物理|本科批|北京交通大学|北京交通大学06,试验班,理科试验班组,低,同族,310506,理科试验班类
物理|本科批|北京交通大学|北京交通大学07,试验班,理科试验班组,低,同族,310507,理科试验班类
物理|本科批|北京交通大学|北京交通大学08,带电工科,自动化组,低,同族,310508,自动化类
物理|本科批|北京交通大学|北京交通大学09,带电工科、交通航空、试验班,带电+交通组,低,相近混合,310509,自动化类、电子信息类、计算机类、交通运输类、理科试验班类
物理|本科批|北京交通大学|北京交通大学10,化材药,材料组,低,同族,310510,材料类
物理|本科批|北京交通大学|北京交通大学11,机械能源,机械组,低,同族,310511,机械类
历史|本科批|北京航空航天大学|北京航空航天大学01,试验班,社科试验班组,低,同族,310601,社会科学试验班类
物理|提前本科批|北京航空航天大学|北京航空航天大学02,试验班,试验班组,低,同族,310602,工科试验班类、理科试验班类
物理|本科批|北京航空航天大学|北京航空航天大学03,试验班、带电工科、理学基础,带电+理学组,低,相近混合,310603,工科试验班类、计算机类、物理学类、理科试验班类
物理|本科批|北京航空航天大学|北京航空航天大学04,试验班,工科试验班组,低,同族,310604,工科试验班类
物理|本科批|北京航空航天大学|北京航空航天大学05,试验班,工科试验班组,低,同族,310605,工科试验班类
历史|本科批|北京理工大学|北京理工大学01,试验班,社科试验班组,低,同族,310701,社会科学试验班类
物理|提前本科批|北京理工大学|北京理工大学02,试验班,理科试验班组,低,同族,310702,理科试验班类
物理|本科批|北京理工大学|北京理工大学03,经管商贸,工商管理组,低,同族,310703,工商管理类
物理|本科批|北京理工大学|北京理工大学04,试验班、机械能源,机械组,低,同族,310704,工科试验班类、理科试验班类、机械类
物理|本科批|北京理工大学|北京理工大学05,交通航空、机械能源,机械+交通组,低,相近混合,310705,航空航天类、能源动力类
物理|本科批|北京理工大学|北京理工大学06,机械能源,机械组,低,同族,310706,机械类
历史|本科批|北京科技大学|北京科技大学01,经管商贸、试验班、文法教育,经管+文法组,低,相近混合,310801,工商管理类、社会科学试验班类、外国语言文学类
物理|提前本科批|北京科技大学|北京科技大学02,化材药、土建测绘,化材药组（含土木）,中,跨界混合,310802,材料类、土木类
物理|本科批|北京科技大学|北京科技大学03,经管商贸,管工组,低,同族,310803,管理科学与工程类
物理|本科批|北京科技大学|北京科技大学04,化材药、试验班,化材药组,低,同族,310804,材料类、理科试验班类
物理|本科批|北京科技大学|北京科技大学05,试验班,工科试验班组,低,同族,310805,工科试验班类
物理|本科批|北京科技大学|北京科技大学06,试验班,理科试验班组,低,同族,310806,理科试验班类
物理|本科批|北京科技大学|北京科技大学07,化材药、带电工科、理学基础、生环食品,大理工组（夹材料/化学/生物科学）,中,大杂烩,310807,材料类、电子信息类、数学类、物理学类、化学类、生物科学类
物理|本科批|北京科技大学|北京科技大学08,试验班、化材药、带电工科、机械能源,带电工科组（夹材料）,中,跨界混合,310808,工科试验班类、材料类、自动化类、计算机类、电子信息类、机械类、能源动力类
历史|本科批|北京化工大学|北京化工大学01,经管商贸、文法教育,经管+文法组,低,相近混合,310901,工商管理类、法学类、公共管理类
物理|提前本科批|北京化工大学|北京化工大学02,试验班,试验班组,低,同族,310902,理科试验班类、工科试验班类
物理|本科批|北京化工大学|北京化工大学03,化材药、生环食品,化材药组（含生物工程）,低,相近混合,310903,化工与制药类、生物工程类
物理|本科批|北京化工大学|北京化工大学04,试验班、化材药、生环食品,化材药组（含生物工程）,低,相近混合,310904,工科试验班类、理科试验班类、化工与制药类、材料类、生物工程类
物理|本科批|北京化工大学|北京化工大学05,化材药、试验班,化材药组,低,同族,310905,化工与制药类、工科试验班类、材料类、理科试验班类
物理|本科批|北京化工大学|北京化工大学06,试验班、带电工科、经管商贸,带电+经管混合组,低,跨界混合,310906,工科试验班类、计算机类、自动化类、理科试验班类、经济学类
历史|本科批|中国农业大学|中国农业大学01,经管商贸、文法教育,经管+文法组,中,相近混合,311001,经济学类、法学类、社会学类、新闻传播学类、农业经济管理类、工商管理类
历史|本科批|中国农业大学|中国农业大学02,经管商贸,农经管组,低,同族,311002,农业经济管理类
历史|本科批|中国农业大学|中国农业大学03,文法教育,新闻传播组,低,同族,311003,新闻传播学类
历史|本科批|中国农业大学|中国农业大学04,经管商贸,经贸组,低,同族,311004,经济与贸易类
物理|提前本科批|中国农业大学|中国农业大学05,农林动物,林学组,低,同族,311005,林学类
物理|本科批|中国农业大学|中国农业大学06,试验班、农林动物、机械能源、带电工科、土建测绘、理学基础,大理工组（夹农业工程/水利）,高,大杂烩,311006,理科试验班类、农业工程类、机械类、电子信息类、计算机类、水利类、数学类、力学类
物理|本科批|中国农业大学|中国农业大学07,试验班、农林动物、生环食品,农林动物组（含生物科学/食品工程）,中,相近混合,311007,理科试验班类、植物生产类、生物科学类、动物生产类、动物医学类、食品科学与工程类
物理|本科批|中国农业大学|中国农业大学08,带电工科,计算机电子组,低,同族,311008,电子信息类、计算机类
历史|本科批|中国地质大学(北京)|中国地质大学(北京)01,文法教育、经管商贸,经管+文法组,低,相近混合,311101,外国语言文学类、公共管理类
物理|提前本科批|中国地质大学(北京)|中国地质大学(北京)02,理学基础,海洋科学组,低,同族,311102,海洋科学类
物理|本科批|中国地质大学(北京)|中国地质大学(北京)03,经管商贸,经管商贸组,低,同族,311103,管理科学与工程类、经济学类、工商管理类、公共管理类
物理|本科批|中国地质大学(北京)|中国地质大学(北京)04,经管商贸,经济组,低,同族,311104,经济学类
物理|本科批|中国地质大学(北京)|中国地质大学(北京)05,经管商贸,管工组,低,同族,311105,管理科学与工程类
物理|本科批|中国地质大学(北京)|中国地质大学(北京)06,地矿安全,地矿安全组,中,同族,311106,地质学类、地球物理学类
物理|本科批|中国地质大学(北京)|中国地质大学(北京)07,地矿安全、土建测绘,土建测绘组（含地质工程）,中,相近混合,311107,地质类、土木类、水利类
物理|本科批|中国地质大学(北京)|中国地质大学(北京)08,理学基础、带电工科、生环食品、交通航空,大理工组（夹环境）,高,大杂烩,311108,地理科学类、计算机类、电子信息类、环境科学与工程类、海洋科学类、海洋工程类、数学类
物理|本科批|中国地质大学(北京)|中国地质大学(北京)09,地矿安全、化材药、带电工科、机械能源、土建测绘、农林动物,大理工组（夹安全工程/材料/测绘/农业工程）,高,大杂烩,311109,安全科学与工程类、材料类、计算机类、电气类、仪器类、测绘类、农业工程类
历史|提前本科批|中国政法大学|中国政法大学01,文法教育,法学组,低,同族,311201,法学类
历史|本科批|中国政法大学|中国政法大学02,文法教育、经管商贸,文法教育组（夹工商管理）,中,相近混合,311202,哲学类、法学类、社会学类、中国语言文学类、外国语言文学类、工商管理类
历史|本科批|中国政法大学|中国政法大学03,文法教育,法学组,低,同族,311203,法学类
历史|本科批|中国政法大学|中国政法大学04,经管商贸、文法教育,经管+文法组,低,相近混合,311204,工商管理类、外国语言文学类
历史|本科批|中国政法大学|中国政法大学05,文法教育,政治学组,低,同族,311205,政治学类
物理|本科批|中国政法大学|中国政法大学06,文法教育,法学组,低,同族,311206,法学类
物理|本科批|中国政法大学|中国政法大学07,文法教育、经管商贸,经管+文法组,低,相近混合,311207,法学类、新闻传播学类、工商管理类、金融学类、管理科学与工程类
物理|本科批|中国政法大学|中国政法大学08,经管商贸,工商管理组,低,同族,311208,工商管理类
物理|提前本科批|北京邮电大学|北京邮电大学01,经管商贸,电商组,低,同族,311301,电子商务类
物理|提前本科批|北京邮电大学|北京邮电大学02,试验班,理科试验班组,低,同族,311302,理科试验班类
物理|本科批|北京邮电大学|北京邮电大学03,带电工科,计算机电子组,低,同族,311303,计算机类、电子信息类
物理|本科批|北京邮电大学|北京邮电大学04,带电工科,带电工科组,低,同族,311304,电子信息类、计算机类、自动化类
物理|本科批|北京邮电大学|北京邮电大学05,带电工科,计算机电子组,低,同族,311305,电子信息类、计算机类
物理|本科批|北京邮电大学|北京邮电大学06,理学基础、带电工科、试验班,带电+理学组,低,相近混合,311306,数学类、计算机类、交叉学科类
历史|本科批|北京林业大学|北京林业大学01,经管商贸、文法教育,文法教育组（夹工商管理）,中,相近混合,311401,工商管理类、金融学类、法学类、心理学类、外国语言文学类
历史|本科批|北京林业大学|北京林业大学02,土建测绘,建筑组,中,同族,311402,建筑类
历史|本科批|北京林业大学|北京林业大学03,土建测绘、经管商贸,经管商贸组（含建筑）,中,跨界混合,311403,建筑类、农业经济管理类
历史|本科批|北京林业大学|北京林业大学04,理学基础,地理科学组,低,同族,311404,地理科学类
物理|提前本科批|北京林业大学|北京林业大学05,农林动物、机械能源,机械能源组（含林学）,低,跨界混合,311405,林学类、机械类
物理|本科批|北京林业大学|北京林业大学06,经管商贸、文法教育,经管+文法组,中,相近混合,311406,工商管理类、经济与贸易类、金融学类、经济学类、管理科学与工程类、心理学类、外国语言文学类
物理|本科批|北京林业大学|北京林业大学07,土建测绘,建筑组,中,同族,311407,建筑类
物理|本科批|北京林业大学|北京林业大学08,土建测绘、文法教育,文法教育组（夹建筑）,高,冷热混放,311408,建筑类、法学类
物理|本科批|北京林业大学|北京林业大学09,机械能源、带电工科、理学基础,带电+机械+理学组,中,相近混合,311409,机械类、自动化类、电气类、计算机类、电子信息类、数学类
物理|本科批|北京林业大学|北京林业大学10,农林动物、生环食品、机械能源,农林动物组（含食品工程/环境）,中,跨界混合,311410,林学类、食品科学与工程类、林业工程类、能源动力类、自然保护与环境生态类、环境科学与工程类
物理|本科批|北京林业大学|北京林业大学11,农林动物,农林动物组,低,同族,311411,林学类、自然保护与环境生态类、林业工程类、草学类
物理|本科批|北京林业大学|北京林业大学12,生环食品、农林动物,生环食品组（含植物生产）,低,相近混合,311412,生物科学类、植物生产类
物理|本科批|北京林业大学|北京林业大学13,农林动物,林学组,低,同族,311413,林学类
物理|本科批|北京林业大学|北京林业大学14,理学基础,地理科学组,低,同族,311414,地理科学类
历史|本科批|北京大学医学部|北京大学医学部01,文法教育,外语组,低,同族,311501,外国语言文学类
物理|本科批|北京大学医学部|北京大学医学部02,文法教育,外语组,低,同族,311502,外国语言文学类
物理|本科批|北京大学医学部|北京大学医学部03,医药护理、化材药,医药+化材药组,低,相近混合,311503,基础医学类、临床医学类、口腔医学类、公共卫生与预防医学类、药学类
物理|本科批|北京大学医学部|北京大学医学部04,医药护理,临床口腔组,低,同族,311504,临床医学类、口腔医学类
历史|提前本科批|北京外国语大学|北京外国语大学01,文法教育,外语组,低,同族,311601,外国语言文学类
历史|提前本科批|北京外国语大学|北京外国语大学02,文法教育,外语组,低,同族,311602,外国语言文学类
历史|本科批|北京外国语大学|北京外国语大学03,文法教育、经管商贸,经管+文法组,低,相近混合,311603,外国语言文学类、工商管理类
历史|本科批|北京外国语大学|北京外国语大学04,文法教育,政治学组,低,同族,311604,政治学类
历史|本科批|北京外国语大学|北京外国语大学05,文法教育,政治学组,低,同族,311605,政治学类
物理|提前本科批|北京外国语大学|北京外国语大学06,文法教育,外语组,低,同族,311606,外国语言文学类
物理|提前本科批|北京外国语大学|北京外国语大学07,经管商贸,工商管理组,低,同族,311607,工商管理类
物理|本科批|北京外国语大学|北京外国语大学08,经管商贸、文法教育,经管+文法组,低,相近混合,311608,经济学类、经济与贸易类、外国语言文学类、工商管理类
物理|本科批|北京外国语大学|北京外国语大学09,经管商贸,管工组,低,同族,311609,管理科学与工程类
历史|提前本科批|北京语言大学|北京语言大学01,文法教育,外语组,低,同族,311701,外国语言文学类
历史|本科批|北京语言大学|北京语言大学02,经管商贸、文法教育,文法教育组（夹工商管理）,中,相近混合,311702,工商管理类、外国语言文学类、新闻传播学类、中国语言文学类、法学类、教育学类
历史|本科批|北京语言大学|北京语言大学03,经管商贸,经贸组,低,同族,311703,经济与贸易类
历史|本科批|北京语言大学|北京语言大学04,文法教育,政治学组,低,同族,311704,政治学类
物理|提前本科批|北京语言大学|北京语言大学05,文法教育,外语组,低,同族,311705,外国语言文学类
物理|本科批|北京语言大学|北京语言大学06,经管商贸、文法教育,文法+经管组,中,相近混合,311706,金融学类、外国语言文学类、新闻传播学类、经济学类、管理科学与工程类、心理学类、中国语言文学类
物理|本科批|北京语言大学|北京语言大学07,经管商贸,管工组,低,同族,311707,管理科学与工程类
物理|本科批|北京语言大学|北京语言大学08,医药护理,医学技术组,低,同族,311708,医学技术类
物理|本科批|北京语言大学|北京语言大学09,带电工科,计算机组,低,同族,311709,计算机类
物理|本科批|北京语言大学|北京语言大学10,文法教育,政治学组,低,同族,311710,政治学类
历史|本科批|中国石油大学(北京)|中国石油大学(北京)01,文法教育,马理论组,低,同族,311801,马克思主义理论类
物理|本科批|中国石油大学(北京)|中国石油大学(北京)02,经管商贸,经管商贸组,低,同族,311802,经济学类、工商管理类、管理科学与工程类
物理|本科批|中国石油大学(北京)|中国石油大学(北京)03,经管商贸,经济组,低,同族,311803,经济学类
物理|本科批|中国石油大学(北京)|中国石油大学(北京)04,地矿安全、化材药、生环食品、机械能源、带电工科、理学基础,大理工组（夹地质工程/矿业/化工制药/环境等）,高,大杂烩,311804,地质类、矿业类、化工与制药类、环境科学与工程类、机械类、能源动力类、安全科学与工程类、材料类、自动化类、电子信息类、计算机类、化学类、数学类
物理|本科批|中国石油大学(北京)|中国石油大学(北京)05,地矿安全、化材药、带电工科,带电工科组（夹矿业/化工制药）,高,冷热混放,311805,矿业类、化工与制药类、计算机类
历史|提前本科批|对外经济贸易大学|对外经济贸易大学01,文法教育,外语组,低,同族,311901,外国语言文学类
历史|提前本科批|对外经济贸易大学|对外经济贸易大学02,文法教育、经管商贸,经管+文法组,低,相近混合,311902,外国语言文学类、公共管理类
历史|本科批|对外经济贸易大学|对外经济贸易大学03,经管商贸、文法教育,经管+文法组,中,相近混合,311903,工商管理类、法学类、外国语言文学类、公共管理类、经济与贸易类、经济学类、金融学类
历史|本科批|对外经济贸易大学|对外经济贸易大学04,经管商贸,金融组,低,同族,311904,金融学类
物理|提前本科批|对外经济贸易大学|对外经济贸易大学05,文法教育,外语组,低,同族,311905,外国语言文学类
物理|提前本科批|对外经济贸易大学|对外经济贸易大学06,经管商贸、文法教育,经管+文法组,低,相近混合,311906,物流管理与工程类、外国语言文学类
物理|本科批|对外经济贸易大学|对外经济贸易大学07,经管商贸、文法教育,经管+文法组,低,相近混合,311907,金融学类、工商管理类、法学类、经济学类
物理|本科批|对外经济贸易大学|对外经济贸易大学08,经管商贸,金融组,低,同族,311908,金融学类
物理|本科批|对外经济贸易大学|对外经济贸易大学09,带电工科、理学基础,带电+理学组,低,相近混合,311909,计算机类、统计学类
物理|本科批|对外经济贸易大学|对外经济贸易大学10,带电工科,计算机组,低,同族,311910,计算机类
历史|提前本科批|中央财经大学|中央财经大学01,文法教育,新闻传播组,低,同族,312001,新闻传播学类
历史|本科批|中央财经大学|中央财经大学02,经管商贸、文法教育,经管+文法组,中,相近混合,312002,财政学类、金融学类、工商管理类、经济与贸易类、经济学类、法学类、中国语言文学类
历史|本科批|中央财经大学|中央财经大学03,经管商贸,经贸组,低,同族,312003,经济与贸易类
物理|提前本科批|中央财经大学|中央财经大学04,带电工科,计算机组,低,同族,312004,计算机类
物理|本科批|中央财经大学|中央财经大学05,经管商贸,金融组,低,同族,312005,金融学类
物理|本科批|中央财经大学|中央财经大学06,经管商贸,经管商贸组,中,同族,312006,财政学类、金融学类、工商管理类、经济学类、管理科学与工程类、公共管理类
物理|本科批|中央财经大学|中央财经大学07,经管商贸,经贸组,低,同族,312007,经济与贸易类
物理|本科批|中央财经大学|中央财经大学08,带电工科,计算机组,低,同族,312008,计算机类
历史|本科批|北京中医药大学|北京中医药大学01,医药护理、经管商贸、文法教育,文法教育组（夹公管）,中,跨界混合,312101,中医学类、公共管理类、法学类、外国语言文学类
物理|提前本科批|北京中医药大学|北京中医药大学02,医药护理,中医组,低,同族,312102,中医学类
物理|本科批|北京中医药大学|北京中医药大学03,医药护理,中医组,低,同族,312103,中医学类
物理|本科批|北京中医药大学|北京中医药大学04,化材药、医药护理、生环食品、经管商贸,工管/文混合组（夹生物工程）,中,大杂烩,312104,中药学类、中医学类、药学类、生物工程类、管理科学与工程类
物理|本科批|北京中医药大学|北京中医药大学05,医药护理,中医药组,低,同族,312105,中医学类、中西医结合类
历史|本科批|中国矿业大学(北京)|中国矿业大学(北京)01,文法教育、经管商贸,经管+文法组,低,相近混合,312201,外国语言文学类、公共管理类
物理|本科批|中国矿业大学(北京)|中国矿业大学(北京)02,经管商贸、土建测绘,经管商贸组（含建筑）,中,跨界混合,312202,工商管理类、管理科学与工程类、建筑类
物理|本科批|中国矿业大学(北京)|中国矿业大学(北京)03,机械能源、地矿安全、土建测绘、生环食品、化材药、带电工科、理学基础,大理工组（夹矿业/安全工程/地质工程/测绘等）,高,大杂烩,312203,能源动力类、矿业类、安全科学与工程类、地质类、测绘类、地球物理学类、环境科学与工程类、化工与制药类、材料类、电气类、机械类、自动化类、计算机类、电子信息类、力学类、土木类、数学类
历史|提前本科批|中国传媒大学|中国传媒大学01,文法教育,外语组,低,同族,312301,外国语言文学类
历史|本科批|中国传媒大学|中国传媒大学02,文法教育、经管商贸,经管+文法组,低,相近混合,312302,中国语言文学类、工商管理类
历史|本科批|中国传媒大学|中国传媒大学03,文法教育,新闻传播组,低,同族,312303,新闻传播学类
历史|本科批|中国传媒大学|中国传媒大学04,艺术传媒,戏剧影视组,低,同族,312304,戏剧与影视学类
历史|本科批|中国传媒大学|中国传媒大学05,文法教育,新闻传播组,低,同族,312305,新闻传播学类
物理|提前本科批|中国传媒大学|中国传媒大学06,带电工科,计算机组,低,同族,312306,计算机类
物理|本科批|中国传媒大学|中国传媒大学07,文法教育,新闻传播组,低,同族,312307,新闻传播学类
物理|本科批|中国传媒大学|中国传媒大学08,艺术传媒,戏剧影视组,低,同族,312308,戏剧与影视学类
物理|本科批|中国传媒大学|中国传媒大学09,经管商贸,经管商贸组,低,同族,312309,管理科学与工程类、经济学类
物理|本科批|中国传媒大学|中国传媒大学10,经管商贸,经济组,低,同族,312310,经济学类
物理|本科批|中国传媒大学|中国传媒大学11,带电工科,电子信息组,低,同族,312311,电子信息类
物理|本科批|中国传媒大学|中国传媒大学12,带电工科,计算机电子组,低,同族,312312,电子信息类、计算机类
物理|本科批|中国传媒大学|中国传媒大学13,带电工科,带电工科组,低,同族,312313,自动化类、计算机类
物理|本科批|中国传媒大学|中国传媒大学14,带电工科,计算机组,低,同族,312314,计算机类
历史|本科批|中央美术学院|中央美术学院01,艺术传媒,美术组,低,同族,312401,美术学类
历史|本科批|中央美术学院|中央美术学院02,土建测绘、艺术传媒,土建测绘+艺术混合组,中,跨界混合,312402,建筑类、艺术学理论类
历史|本科批|中央美术学院|中央美术学院03,艺术传媒,艺术理论组,低,同族,312403,艺术学理论类
物理|本科批|中央美术学院|中央美术学院04,艺术传媒,艺术理论组,低,同族,312404,艺术学理论类
物理|本科批|中央美术学院|中央美术学院05,艺术传媒,艺术理论组,低,同族,312405,艺术学理论类
物理|本科批|中央美术学院|中央美术学院06,机械能源,机械组,低,同族,312406,机械类
历史|本科批|中央戏剧学院|中央戏剧学院01,艺术传媒,艺术传媒组,低,同族,312501,戏剧与影视学类、艺术学理论类
历史|本科批|北京体育大学|北京体育大学01,文法教育、经管商贸,经管+文法组,中,相近混合,312701,体育学类、旅游管理类
历史|本科批|北京体育大学|北京体育大学02,文法教育,文新外语组,低,同族,312702,中国语言文学类、外国语言文学类、新闻传播学类
历史|本科批|北京体育大学|北京体育大学03,经管商贸,工商管理组,低,同族,312703,工商管理类
历史|本科批|北京体育大学|北京体育大学04,文法教育,马理论组,低,同族,312704,马克思主义理论类
物理|本科批|北京体育大学|北京体育大学05,文法教育,文法教育组,低,同族,312705,体育学类、心理学类
物理|本科批|北京体育大学|北京体育大学06,经管商贸,工商管理组,低,同族,312706,工商管理类
物理|本科批|北京体育大学|北京体育大学07,文法教育,体育组,低,同族,312707,体育学类
物理|本科批|北京体育大学|北京体育大学08,文法教育、经管商贸,经管+文法组,中,相近混合,312708,体育学类、旅游管理类
物理|本科批|北京体育大学|北京体育大学09,带电工科,计算机组,低,同族,312709,计算机类
物理|本科批|北京体育大学|北京体育大学10,医药护理,医学技术组,低,同族,312710,医学技术类
历史|本科批|华北电力大学(北京)|华北电力大学(北京)01,文法教育、经管商贸,文法教育组（夹公管）,中,相近混合,312801,法学类、新闻传播学类、公共管理类、外国语言文学类
物理|提前本科批|华北电力大学(北京)|华北电力大学(北京)02,带电工科、机械能源、土建测绘,带电工科组（夹水利）,高,冷热混放,312802,电子信息类、自动化类、能源动力类、核工程类、水利类
物理|本科批|华北电力大学(北京)|华北电力大学(北京)03,经管商贸,经管商贸组,低,同族,312803,工商管理类、管理科学与工程类、物流管理与工程类、金融学类
物理|本科批|华北电力大学(北京)|华北电力大学(北京)04,带电工科,电气组,低,同族,312804,电气类
物理|本科批|华北电力大学(北京)|华北电力大学(北京)05,带电工科、理学基础,带电+理学组,低,相近混合,312805,电气类、电子信息类、计算机类、自动化类、物理学类
物理|本科批|华北电力大学(北京)|华北电力大学(北京)06,机械能源、地矿安全、生环食品、土建测绘,大理工组（夹矿业/环境/水利）,高,大杂烩,312806,机械类、能源动力类、核工程类、矿业类、环境科学与工程类、水利类
历史|本科批|中央民族大学|中央民族大学01,经管商贸、文法教育,文法教育组（夹工商管理/公管）,中,相近混合,312901,经济学类、法学类、社会学类、民族学类、教育学类、工商管理类、公共管理类
历史|本科批|中央民族大学|中央民族大学02,文法教育,文法教育组,低,同族,312902,哲学类、历史学类、中国语言文学类、新闻传播学类、外国语言文学类
物理|本科批|中央民族大学|中央民族大学03,经管商贸、文法教育,经管+文法组,低,相近混合,312903,经济学类、法学类、工商管理类、外国语言文学类
物理|本科批|中央民族大学|中央民族大学04,生环食品,环境组,中,同族,312904,环境科学与工程类
物理|本科批|中央民族大学|中央民族大学05,理学基础、化材药、带电工科、生环食品,大理工组（夹材料/生物科学/环境）,高,大杂烩,312905,数学类、统计学类、材料类、电子信息类、计算机类、生物科学类、环境科学与工程类
物理|本科批|中央民族大学|中央民族大学06,带电工科,计算机组,低,同族,312906,计算机类
物理|本科批|北京协和医学院|北京协和医学院01,医药护理,护理组,中,同族,313001,护理学类
历史|提前本科批|外交学院|外交学院01,文法教育,文法教育组,低,同族,313101,外国语言文学类、法学类
历史|提前本科批|外交学院|外交学院02,文法教育,政治学组,低,同族,313102,政治学类
物理|提前本科批|外交学院|外交学院03,文法教育,法学组,低,同族,313103,法学类
历史|本科批|北京第二外国语学院|北京第二外国语学院01,文法教育、经管商贸,经管+文法组,中,相近混合,313201,外国语言文学类、旅游管理类、工商管理类、经济与贸易类、中国语言文学类
物理|本科批|北京第二外国语学院|北京第二外国语学院02,文法教育、经管商贸,经管+文法组,低,相近混合,313202,外国语言文学类、工商管理类
历史|本科批|首都师范大学|首都师范大学01,文法教育,文新外语组,低,同族,313301,中国语言文学类、外国语言文学类
物理|本科批|首都师范大学|首都师范大学02,带电工科,电子信息组,低,同族,313302,电子信息类
物理|本科批|首都师范大学|首都师范大学03,理学基础,数学组,低,同族,313303,数学类
物理|本科批|北京工业大学|北京工业大学01,带电工科、理学基础、机械能源,带电+理学+机械组,中,相近混合,313401,电子信息类、数学类、机械类
物理|本科批|首都医科大学|首都医科大学01,医药护理、试验班,医药组,低,同族,313501,基础医学类、交叉学科类、医学技术类
物理|本科批|首都医科大学|首都医科大学02,医药护理,临床口腔组,低,同族,313502,临床医学类、口腔医学类
历史|本科批|北京物资学院|北京物资学院01,经管商贸,经管商贸组,低,同族,313601,经济学类、物流管理与工程类
物理|本科批|北京物资学院|北京物资学院02,经管商贸,金融组,低,同族,313602,金融学类
物理|本科批|北京物资学院|北京物资学院03,经管商贸,管工组,低,同族,313603,管理科学与工程类
物理|本科批|北京物资学院|北京物资学院04,带电工科,计算机组,低,同族,313604,计算机类
物理|本科批|北京物资学院|北京物资学院05,带电工科,电子信息组,低,同族,313605,电子信息类
物理|本科批|北京信息科技大学|北京信息科技大学01,经管商贸,管工组,低,同族,313701,管理科学与工程类
物理|本科批|北京信息科技大学|北京信息科技大学02,机械能源、带电工科、理学基础,带电+机械+理学组,中,相近混合,313702,机械类、自动化类、仪器类、计算机类、数学类、电气类
物理|本科批|北京服装学院|北京服装学院01,生环食品、化材药,化材药组（含纺织）,中,相近混合,313801,纺织类、材料类
历史|本科批|北京印刷学院|北京印刷学院01,文法教育、经管商贸,经管+文法组,低,相近混合,313901,新闻传播学类、工商管理类
物理|本科批|北京印刷学院|北京印刷学院02,生环食品,轻工组,中,同族,313902,轻工类
历史|本科批|北京石油化工学院|北京石油化工学院01,经管商贸,工商管理组,低,同族,314101,工商管理类
历史|本科批|北京石油化工学院|北京石油化工学院02,经管商贸,工商管理组,低,同族,314102,工商管理类
物理|本科批|北京石油化工学院|北京石油化工学院03,经管商贸,金融组,低,同族,314103,金融学类
物理|本科批|北京石油化工学院|北京石油化工学院04,化材药、机械能源、生环食品、带电工科,大理工组（夹环境）,高,大杂烩,314104,化工与制药类、材料类、机械类、环境科学与工程类、电子信息类
历史|本科批|北京工商大学|北京工商大学01,文法教育,文法教育组,低,同族,314201,法学类、外国语言文学类
物理|本科批|北京工商大学|北京工商大学02,经管商贸,经管商贸组,低,同族,314202,物流管理与工程类、工商管理类、经济学类、金融学类
物理|本科批|北京工商大学|北京工商大学03,带电工科、机械能源,带电+机械组,低,相近混合,314203,电子信息类、计算机类、机械类
历史|本科批|北京联合大学|北京联合大学01,经管商贸,工商管理组,低,同族,314401,工商管理类
历史|本科批|北京联合大学|北京联合大学02,文法教育,历史组,低,同族,314402,历史学类
物理|本科批|北京联合大学|北京联合大学03,带电工科,电子信息组,低,同族,314403,电子信息类
物理|本科批|北京联合大学|北京联合大学04,理学基础,地理科学组,低,同族,314404,地理科学类
物理|本科批|北京建筑大学|北京建筑大学01,土建测绘、交通航空、机械能源、试验班,土建测绘+交通+机械组,中,相近混合,314501,土木类、交通运输类、能源动力类、交叉学科类、测绘类
历史|本科批|中国社会科学院大学|中国社会科学院大学01,文法教育、经管商贸,文法教育组（含工商管理）,中,相近混合,314701,历史学类、工商管理类、社会学类、外国语言文学类、新闻传播学类、经济学类
历史|本科批|中国社会科学院大学|中国社会科学院大学02,文法教育,法政组,低,同族,314702,马克思主义理论类、政治学类
历史|本科批|北京电影学院|北京电影学院01,经管商贸,工商管理组,低,同族,314801,工商管理类
历史|本科批|北京电影学院|北京电影学院02,艺术传媒,戏剧影视组,低,同族,314802,戏剧与影视学类
历史|本科批|北京电影学院|北京电影学院03,艺术传媒,戏剧影视组,低,同族,314803,戏剧与影视学类
历史|本科批|北京电影学院|北京电影学院04,艺术传媒,戏剧影视组,低,同族,314804,戏剧与影视学类
历史|本科批|北京电影学院|北京电影学院05,艺术传媒,戏剧影视组,低,同族,314805,戏剧与影视学类
历史|本科批|北京电影学院|北京电影学院06,艺术传媒,戏剧影视组,低,同族,314806,戏剧与影视学类
物理|本科批|北京电影学院|北京电影学院07,艺术传媒,戏剧影视组,低,同族,314807,戏剧与影视学类
物理|本科批|北京电影学院|北京电影学院08,艺术传媒,戏剧影视组,低,同族,314808,戏剧与影视学类
物理|本科批|北京电影学院|北京电影学院09,艺术传媒,戏剧影视组,低,同族,314809,戏剧与影视学类
物理|本科批|北京电影学院|北京电影学院10,带电工科,计算机组,低,同族,314810,计算机类
历史|本科批|应急管理大学|应急管理大学01,文法教育,文法教育组,低,同族,315301,中国语言文学类、法学类
历史|本科批|应急管理大学|应急管理大学02,经管商贸、文法教育,文法+经管组,低,相近混合,315302,经济与贸易类、新闻传播学类、外国语言文学类
历史|本科批|应急管理大学|应急管理大学03,经管商贸,工商管理组,低,同族,315303,工商管理类
物理|本科批|应急管理大学|应急管理大学04,经管商贸,经管商贸组,低,同族,315304,公共管理类、物流管理与工程类
物理|本科批|应急管理大学|应急管理大学05,地矿安全、经管商贸,经管商贸组（含安全工程）,中,跨界混合,315305,安全科学与工程类、管理科学与工程类
物理|本科批|应急管理大学|应急管理大学06,机械能源、带电工科,带电+机械组,低,相近混合,315306,机械类、电气类、电子信息类、自动化类
物理|本科批|应急管理大学|应急管理大学07,理学基础、土建测绘,理学基础组（含水利）,中,跨界混合,315307,地理科学类、大气科学类、水利类
物理|本科批|应急管理大学|应急管理大学08,带电工科,计算机组,低,同族,315308,计算机类
历史|本科批|首都经济贸易大学|首都经济贸易大学01,经管商贸、文法教育,经管+文法组,低,相近混合,315401,工商管理类、外国语言文学类
物理|本科批|首都经济贸易大学|首都经济贸易大学02,机械能源,工业工程组,低,同族,315402,工业工程类
物理|本科批|首都经济贸易大学|首都经济贸易大学03,理学基础、带电工科,带电+理学组,低,相近混合,315403,数学类、电子信息类
物理|本科批|首都经济贸易大学|首都经济贸易大学04,理学基础,统计组,低,同族,315404,统计学类
物理|提前本科批|中国科学院大学|中国科学院大学01,理学基础、化材药、生环食品、文法教育、带电工科、交通航空,大理工组（夹化学/生物科学/材料/环境）,高,大杂烩,315601,数学类、物理学类、化学类、天文学类、地理科学类、生物科学类、心理学类、力学类、材料类、电气类、电子信息类、计算机类、航空航天类、环境科学与工程类
物理|本科批|中国科学院大学|中国科学院大学02,理学基础、带电工科,带电+理学组,低,相近混合,315602,物理学类、电子信息类
历史|本科批|中国劳动关系学院|中国劳动关系学院01,经管商贸、文法教育、艺术传媒,文商组（含工商管理/公管/旅游管理）,高,大杂烩,316901,工商管理类、法学类、经济学类、公共管理类、中国语言文学类、戏剧与影视学类、教育学类、旅游管理类
物理|本科批|中国劳动关系学院|中国劳动关系学院02,经管商贸、文法教育,经管+文法组,中,相近混合,316902,工商管理类、法学类、经济学类、公共管理类、教育学类、旅游管理类
物理|本科批|中国劳动关系学院|中国劳动关系学院03,理学基础、地矿安全、带电工科,带电工科组（夹安全工程）,高,冷热混放,316903,统计学类、安全科学与工程类、计算机类
历史|本科批|民政职业大学|民政职业大学01,医药护理、经管商贸、文法教育,经管商贸组（含健康管理）,中,跨界混合,317601,健康管理与促进类、公共事业类、公共管理类、公共服务类
物理|本科批|民政职业大学|民政职业大学03,医药护理、经管商贸、文法教育,经管商贸组（含康复）,中,跨界混合,317603,康复治疗类、公共事业类、公共管理类、公共服务类
物理|本科批|民政职业大学|民政职业大学04,医药护理,康复组,中,同族,317604,康复治疗类
历史|提前本科批|南开大学|南开大学01,文法教育,外语组,低,同族,320101,外国语言文学类
历史|提前本科批|南开大学|南开大学02,经管商贸,工商管理组,低,同族,320102,工商管理类
历史|本科批|南开大学|南开大学03,经管商贸、文法教育,经管+文法组,中,相近混合,320103,经济学类、工商管理类、公共管理类、中国语言文学类、法学类、历史学类
物理|本科批|南开大学|南开大学04,试验班,试验班组,低,同族,320104,工科试验班类、理科试验班类
历史|本科批|天津大学|天津大学01,经管商贸,物流组,低,同族,320201,物流管理与工程类
历史|本科批|天津大学|天津大学02,土建测绘、试验班,土建测绘组,中,同族,320202,建筑类、社会科学试验班类
物理|提前本科批|天津大学|天津大学03,试验班,理科试验班组,低,同族,320203,理科试验班类
物理|本科批|天津大学|天津大学04,试验班,试验班组,低,同族,320204,工科试验班类、理科试验班类
物理|本科批|天津大学|天津大学05,带电工科,计算机组,低,同族,320205,计算机类
物理|本科批|天津医科大学|天津医科大学01,医药护理、化材药、试验班,医药+化材药组,低,相近混合,320301,公共卫生与预防医学类、药学类、交叉学科类、生物医学工程类
物理|本科批|天津医科大学|天津医科大学02,医药护理,临床组,低,同族,320302,临床医学类
物理|本科批|天津医科大学|天津医科大学03,医药护理,临床口腔组,低,同族,320303,口腔医学类、临床医学类
物理|本科批|天津医科大学|天津医科大学04,医药护理,临床口腔组,低,同族,320304,临床医学类、口腔医学类
物理|本科批|天津医科大学|天津医科大学05,医药护理,临床组,低,同族,320305,临床医学类
物理|本科批|天津医科大学|天津医科大学06,医药护理,基础医学组,低,同族,320306,基础医学类
历史|提前本科批|天津师范大学|天津师范大学01,文法教育,马理论组,低,同族,320401,马克思主义理论类
历史|本科批|天津师范大学|天津师范大学02,文法教育、经管商贸,文法教育组（夹工商管理）,中,相近混合,320402,中国语言文学类、新闻传播学类、历史学类、教育学类、法学类、外国语言文学类、工商管理类
历史|本科批|天津师范大学|天津师范大学03,艺术传媒,戏剧影视组,低,同族,320403,戏剧与影视学类
历史|本科批|天津师范大学|天津师范大学04,文法教育,法政组,低,同族,320404,政治学类、马克思主义理论类
历史|本科批|天津师范大学|天津师范大学05,理学基础,地理科学组,低,同族,320405,地理科学类
物理|本科批|天津师范大学|天津师范大学06,文法教育、经管商贸,文商组,中,大杂烩,320406,心理学类、教育学类、外国语言文学类、管理科学与工程类、工商管理类、物流管理与工程类、经济与贸易类、经济学类、金融学类
物理|本科批|天津师范大学|天津师范大学07,化材药、生环食品、带电工科、理学基础,大理工组（夹化学/生物科学）,中,大杂烩,320407,化学类、生物科学类、计算机类、电子信息类、数学类、物理学类
物理|本科批|天津师范大学|天津师范大学08,带电工科,计算机组,低,同族,320408,计算机类
物理|本科批|天津师范大学|天津师范大学09,理学基础,地理科学组,低,同族,320409,地理科学类
历史|本科批|中国民航大学|中国民航大学01,文法教育、经管商贸,经管+文法组,低,相近混合,320501,法学类、外国语言文学类、工商管理类、公共管理类
历史|本科批|中国民航大学|中国民航大学02,文法教育,马理论组,低,同族,320502,马克思主义理论类
物理|本科批|中国民航大学|中国民航大学03,经管商贸,经管商贸组,低,同族,320503,公共管理类、物流管理与工程类
物理|本科批|中国民航大学|中国民航大学04,理学基础、带电工科、试验班,理学+带电组,低,相近混合,320504,数学类、大气科学类、统计学类、计算机类、工科试验班类
物理|本科批|中国民航大学|中国民航大学05,试验班、化材药、交通航空,化材药+交通混合组,低,跨界混合,320505,工科试验班类、材料类、航空航天类
历史|本科批|天津工业大学|天津工业大学01,艺术传媒,戏剧影视组,低,同族,320601,戏剧与影视学类
历史|本科批|天津工业大学|天津工业大学02,经管商贸、文法教育,经管+文法组,低,相近混合,320602,金融学类、工商管理类、法学类、中国语言文学类
物理|本科批|天津工业大学|天津工业大学03,生环食品、机械能源、经管商贸,经管商贸组（含纺织）,中,跨界混合,320603,纺织类、工业工程类、管理科学与工程类
物理|本科批|天津工业大学|天津工业大学04,机械能源、交通航空、医药护理、理学基础、带电工科,大理工组,中,大杂烩,320604,机械类、航空航天类、生物医学工程类、数学类、电子信息类、物理学类
物理|本科批|天津工业大学|天津工业大学05,生环食品、化材药,化材药组（含纺织/轻工/环境）,中,相近混合,320605,纺织类、轻工类、材料类、化学类、化工与制药类、环境科学与工程类
物理|本科批|天津工业大学|天津工业大学06,带电工科、试验班,带电组,低,同族,320606,电气类、电子信息类、自动化类、计算机类、交叉学科类
历史|本科批|天津商业大学|天津商业大学01,经管商贸、文法教育,文法教育组（夹工商管理）,中,相近混合,320701,工商管理类、法学类、外国语言文学类
物理|本科批|天津商业大学|天津商业大学02,经管商贸、文法教育,经管+文法组,低,相近混合,320702,经济学类、法学类、电子商务类
物理|本科批|天津商业大学|天津商业大学03,经管商贸,工商管理组,低,同族,320703,工商管理类
物理|本科批|天津商业大学|天津商业大学04,机械能源、土建测绘、试验班、带电工科,带电工科组（夹土木）,高,冷热混放,320704,能源动力类、土木类、交叉学科类、计算机类
历史|本科批|天津科技大学|天津科技大学01,经管商贸、文法教育,经管+文法组,中,相近混合,320801,工商管理类、公共管理类、经济与贸易类、法学类、中国语言文学类、外国语言文学类
物理|本科批|天津科技大学|天津科技大学02,经管商贸、文法教育,经管+文法组,低,相近混合,320802,金融学类、物流管理与工程类、工商管理类、法学类
物理|本科批|天津科技大学|天津科技大学03,带电工科,计算机组,低,同族,320803,计算机类
物理|本科批|天津科技大学|天津科技大学04,机械能源、带电工科,带电+机械组,低,相近混合,320804,机械类、仪器类、电子信息类、自动化类、计算机类
物理|本科批|天津科技大学|天津科技大学05,生环食品、化材药、理学基础,生环食品组（含化工制药/材料）,中,相近混合,320805,食品科学与工程类、生物工程类、化工与制药类、材料类、轻工类、海洋科学类、环境科学与工程类
历史|本科批|天津财经大学|天津财经大学01,文法教育,法学组,低,同族,320901,法学类
历史|本科批|天津财经大学|天津财经大学02,经管商贸,公管组,低,同族,320902,公共管理类
历史|本科批|天津财经大学|天津财经大学03,经管商贸,财经组,低,同族,320903,财政学类、金融学类、经济与贸易类
历史|本科批|天津财经大学|天津财经大学04,经管商贸,工商管理组,低,同族,320904,工商管理类
历史|本科批|天津财经大学|天津财经大学05,文法教育,外语组,低,同族,320905,外国语言文学类
物理|本科批|天津财经大学|天津财经大学06,经管商贸,工商管理组,低,同族,320906,工商管理类
物理|本科批|天津财经大学|天津财经大学07,经管商贸,工商管理组,低,同族,320907,工商管理类
物理|本科批|天津财经大学|天津财经大学08,经管商贸,财经组,低,同族,320908,财政学类、金融学类
物理|本科批|天津财经大学|天津财经大学09,经管商贸,经管商贸组,低,同族,320909,管理科学与工程类、电子商务类
物理|本科批|天津财经大学|天津财经大学10,经管商贸,财经组,低,同族,320910,经济学类、金融学类
物理|本科批|天津财经大学|天津财经大学11,理学基础、带电工科,带电+理学组,低,相近混合,320911,数学类、计算机类
物理|本科批|天津财经大学|天津财经大学12,带电工科,电子信息组,低,同族,320912,电子信息类
历史|本科批|天津城建大学|天津城建大学01,土建测绘,建筑组,中,同族,321001,建筑类
历史|本科批|天津城建大学|天津城建大学02,土建测绘、经管商贸、文法教育,经管商贸组（含建筑）,中,跨界混合,321002,建筑类、公共管理类、工商管理类、外国语言文学类
物理|本科批|天津城建大学|天津城建大学03,经管商贸,经管商贸组,低,同族,321003,管理科学与工程类、金融学类
物理|本科批|天津城建大学|天津城建大学04,土建测绘、生环食品,生环食品组（含土木）,中,跨界混合,321004,土木类、环境科学与工程类
物理|本科批|天津城建大学|天津城建大学05,土建测绘、交通航空、机械能源、化材药、生环食品、带电工科、地矿安全、理学基础,大理工组（夹土木/水利/材料/环境等）,高,大杂烩,321005,土木类、水利类、交通运输类、能源动力类、材料类、环境科学与工程类、电子信息类、计算机类、测绘类、地质类、机械类、电气类、自动化类、物理学类、化学类
物理|本科批|天津城建大学|天津城建大学06,理学基础,地理科学组,低,同族,321006,地理科学类
历史|本科批|天津外国语大学|天津外国语大学01,文法教育,外语组,低,同族,321101,外国语言文学类
历史|本科批|天津外国语大学|天津外国语大学02,经管商贸,经济组,低,同族,321102,经济学类
历史|本科批|天津外国语大学|天津外国语大学03,经管商贸、文法教育,文法教育组（夹工商管理）,中,相近混合,321103,经济与贸易类、工商管理类、中国语言文学类、新闻传播学类、法学类
历史|本科批|天津外国语大学|天津外国语大学04,文法教育,外语组,低,同族,321104,外国语言文学类
历史|本科批|天津外国语大学|天津外国语大学05,文法教育,政治学组,低,同族,321105,政治学类
物理|本科批|天津外国语大学|天津外国语大学06,经管商贸,经管商贸组,低,同族,321106,金融学类、经济学类、工商管理类、管理科学与工程类
物理|本科批|天津外国语大学|天津外国语大学07,文法教育,外语组,低,同族,321107,外国语言文学类
物理|本科批|天津外国语大学|天津外国语大学08,文法教育,外语组,低,同族,321108,外国语言文学类
物理|本科批|天津外国语大学|天津外国语大学09,文法教育,文法教育组,低,同族,321109,新闻传播学类、法学类
物理|本科批|天津外国语大学|天津外国语大学10,经管商贸,经济组,低,同族,321110,经济学类
物理|本科批|天津外国语大学|天津外国语大学11,带电工科,计算机组,低,同族,321111,计算机类
物理|本科批|天津外国语大学|天津外国语大学12,文法教育,政治学组,低,同族,321112,政治学类
历史|本科批|天津中医药大学|天津中医药大学01,文法教育,文法教育组,低,同族,321201,心理学类、中国语言文学类、新闻传播学类
物理|本科批|天津中医药大学|天津中医药大学02,医药护理,医药护理组,低,同族,321202,医学技术类、公共卫生与预防医学类
物理|本科批|天津中医药大学|天津中医药大学03,医药护理,临床组,低,同族,321203,临床医学类
物理|本科批|天津中医药大学|天津中医药大学04,医药护理,中医组,低,同族,321204,中医学类
物理|本科批|天津中医药大学|天津中医药大学05,化材药,化材药组,低,同族,321205,药学类、中药学类、化工与制药类
物理|本科批|天津中医药大学|天津中医药大学06,化材药,药学组,低,同族,321206,药学类
物理|本科批|天津中医药大学|天津中医药大学07,带电工科、理学基础,带电+理学组,低,相近混合,321207,电子信息类、统计学类
物理|本科批|天津中医药大学|天津中医药大学08,化材药,中药学组,低,同族,321208,中药学类
历史|本科批|天津农学院|天津农学院01,经管商贸、文法教育,经管+文法组,低,相近混合,321301,工商管理类、农业经济管理类、公共管理类、新闻传播学类
物理|本科批|天津农学院|天津农学院02,经管商贸,管工组,低,同族,321302,管理科学与工程类
物理|本科批|天津农学院|天津农学院03,经管商贸、文法教育,经管+文法组,低,相近混合,321303,物流管理与工程类、新闻传播学类
物理|本科批|天津农学院|天津农学院04,机械能源、带电工科、土建测绘,带电工科组（夹水利）,高,冷热混放,321304,仪器类、电气类、自动化类、计算机类、水利类
物理|本科批|天津农学院|天津农学院05,生环食品、农林动物、化材药,大理工组（含环境/食品工程/生物工程/材料）,高,大杂烩,321305,环境科学与工程类、植物生产类、动物生产类、动物医学类、水产类、食品科学与工程类、生物工程类、材料类
物理|本科批|天津农学院|天津农学院06,农林动物,林学组,低,同族,321306,林学类
物理|本科批|天津理工大学|天津理工大学01,经管商贸,工商管理组,低,同族,321401,工商管理类
物理|本科批|天津理工大学|天津理工大学02,经管商贸、文法教育,经管+文法组,低,相近混合,321402,工商管理类、外国语言文学类、金融学类、管理科学与工程类
物理|本科批|天津理工大学|天津理工大学03,机械能源、带电工科、理学基础、交通航空、土建测绘,大理工组（夹土木）,高,大杂烩,321403,机械类、能源动力类、自动化类、物理学类、交通运输类、土木类
物理|本科批|天津理工大学|天津理工大学04,化材药、生环食品、地矿安全,化材药组（含环境/安全工程）,中,跨界混合,321404,化学类、化工与制药类、药学类、环境科学与工程类、安全科学与工程类
物理|本科批|天津理工大学|天津理工大学05,生环食品,环境组,中,同族,321405,环境科学与工程类
物理|本科批|天津理工大学|天津理工大学06,带电工科,计算机电子组,低,同族,321406,计算机类、电子信息类
物理|本科批|天津理工大学|天津理工大学07,机械能源,机械组,低,同族,321407,机械类
历史|本科批|天津体育学院|天津体育学院01,经管商贸、文法教育,经管+文法组,低,相近混合,321701,公共管理类、心理学类
物理|本科批|天津体育学院|天津体育学院02,经管商贸、文法教育,经管+文法组,低,相近混合,321702,公共管理类、心理学类、管理科学与工程类、体育学类
历史|本科批|天津职业技术师范大学|天津职业技术师范大学01,文法教育、经管商贸,经管+文法组,低,相近混合,321801,外国语言文学类、工商管理类
物理|本科批|天津职业技术师范大学|天津职业技术师范大学02,机械能源、带电工科、交通航空,带电+机械+交通组,中,相近混合,321802,机械类、自动化类、电子信息类、电气类、仪器类、计算机类、航空航天类
历史|本科批|石家庄铁道大学|石家庄铁道大学01,经管商贸,工商管理组,低,同族,330101,工商管理类
历史|本科批|石家庄铁道大学|石家庄铁道大学02,土建测绘,建筑组,中,同族,330102,建筑类
物理|本科批|石家庄铁道大学|石家庄铁道大学03,经管商贸,管理组,低,同族,330103,管理科学与工程类、工商管理类
物理|本科批|石家庄铁道大学|石家庄铁道大学04,土建测绘,建筑组,中,同族,330104,建筑类
物理|本科批|石家庄铁道大学|石家庄铁道大学05,土建测绘、带电工科、机械能源、交通航空、地矿安全,大理工组（夹土木/矿业）,高,大杂烩,330105,土木类、电气类、机械类、交通运输类、电子信息类、计算机类、矿业类、能源动力类
物理|本科批|石家庄铁道大学|石家庄铁道大学06,交通航空、带电工科,带电+交通组,低,相近混合,330106,交通运输类、计算机类
历史|本科批|河北科技师范学院|河北科技师范学院01,文法教育,文法教育组,低,同族,330201,法学类、中国语言文学类
物理|本科批|河北科技师范学院|河北科技师范学院02,文法教育,外语组,低,同族,330202,外国语言文学类
物理|本科批|河北科技师范学院|河北科技师范学院03,理学基础、带电工科、机械能源,带电+理学+机械组,中,相近混合,330203,数学类、计算机类、物理学类、机械类、电子信息类
物理|本科批|河北建筑工程学院|河北建筑工程学院01,经管商贸,管工组,低,同族,330301,管理科学与工程类
物理|本科批|河北建筑工程学院|河北建筑工程学院02,土建测绘、带电工科、机械能源,机械能源组（夹土木）,高,冷热混放,330302,土木类、电气类、能源动力类、机械类
物理|本科批|河北科技大学|河北科技大学01,经管商贸,管工组,低,同族,330401,管理科学与工程类
物理|本科批|河北科技大学|河北科技大学02,带电工科,计算机电子组,低,同族,330402,电子信息类、计算机类
物理|本科批|河北科技大学|河北科技大学03,带电工科,计算机组,低,同族,330403,计算机类
物理|本科批|河北科技大学|河北科技大学04,带电工科,计算机组,低,同族,330404,计算机类
物理|本科批|河北科技大学|河北科技大学05,带电工科,电子信息组,低,同族,330405,电子信息类
物理|本科批|河北科技大学|河北科技大学06,化材药,材料组,低,同族,330406,材料类
物理|本科批|河北科技大学|河北科技大学07,生环食品,环境组,中,同族,330407,环境科学与工程类
历史|本科批|河北地质大学|河北地质大学01,经管商贸、文法教育,经管+文法组,低,相近混合,330501,经济学类、工商管理类、公共管理类、外国语言文学类、中国语言文学类
物理|本科批|河北地质大学|河北地质大学02,经管商贸,经管商贸组,低,同族,330502,管理科学与工程类、经济学类、工商管理类
物理|本科批|河北地质大学|河北地质大学03,地矿安全、理学基础、带电工科,带电工科组（夹地质工程）,高,冷热混放,330503,地质类、地理科学类、计算机类、电子信息类、数学类
历史|本科批|河北工业大学|河北工业大学01,文法教育,文新外语组,低,同族,330701,中国语言文学类、外国语言文学类
物理|本科批|河北工业大学|河北工业大学02,文法教育,文新外语组,低,同族,330702,中国语言文学类、外国语言文学类
物理|本科批|河北工业大学|河北工业大学03,理学基础、生环食品、医药护理,理学基础组（含生物工程）,中,跨界混合,330703,物理学类、生物工程类、海洋科学类、生物医学工程类
物理|本科批|河北工业大学|河北工业大学04,机械能源、土建测绘、化材药,机械能源组（含土木/材料）,中,跨界混合,330704,机械类、土木类、工业工程类、材料类
物理|本科批|河北工业大学|河北工业大学05,理学基础、带电工科、试验班,带电+理学组,低,相近混合,330705,统计学类、电气类、电子信息类、计算机类、交叉学科类
物理|本科批|河北工业大学|河北工业大学06,带电工科,计算机电子组,低,同族,330706,电子信息类、计算机类
历史|本科批|河北经贸大学|河北经贸大学01,经管商贸、文法教育,经管+文法组,中,相近混合,331001,经济与贸易类、金融学类、公共管理类、法学类、中国语言文学类、外国语言文学类、旅游管理类
历史|本科批|河北经贸大学|河北经贸大学02,经管商贸,工商管理组,低,同族,331002,工商管理类
历史|本科批|河北经贸大学|河北经贸大学03,经管商贸,经贸组,低,同族,331003,经济与贸易类
物理|本科批|河北经贸大学|河北经贸大学04,经管商贸,管工组,低,同族,331004,管理科学与工程类
物理|本科批|河北经贸大学|河北经贸大学05,经管商贸、文法教育,文商组（含公管/物流/旅游管理）,高,大杂烩,331005,经济与贸易类、金融学类、公共管理类、物流管理与工程类、法学类、中国语言文学类、外国语言文学类、旅游管理类
物理|本科批|河北经贸大学|河北经贸大学06,经管商贸,工商管理组,低,同族,331006,工商管理类
物理|本科批|河北经贸大学|河北经贸大学07,经管商贸,经贸组,低,同族,331007,经济与贸易类
物理|本科批|河北经贸大学|河北经贸大学08,带电工科、理学基础,理学+带电组,低,相近混合,331008,计算机类、数学类、统计学类
历史|本科批|华北电力大学(保定)|华北电力大学(保定)01,文法教育、经管商贸,文法教育组（夹公管）,中,相近混合,331101,外国语言文学类、法学类、公共管理类、社会学类
物理|提前本科批|华北电力大学(保定)|华北电力大学(保定)02,带电工科、机械能源,带电+机械组,低,相近混合,331102,电子信息类、计算机类、仪器类、能源动力类
物理|本科批|华北电力大学(保定)|华北电力大学(保定)03,经管商贸,经管商贸组,低,同族,331103,工商管理类、管理科学与工程类、经济学类
物理|本科批|华北电力大学(保定)|华北电力大学(保定)04,带电工科,电气组,低,同族,331104,电气类
物理|本科批|华北电力大学(保定)|华北电力大学(保定)05,理学基础、机械能源、化材药、生环食品,大理工组（夹化工制药/环境）,高,大杂烩,331105,物理学类、能源动力类、机械类、化工与制药类、环境科学与工程类
物理|本科批|华北电力大学(保定)|华北电力大学(保定)06,带电工科、理学基础、机械能源,带电+理学+机械组,中,相近混合,331106,电子信息类、数学类、计算机类、机械类
物理|本科批|华北电力大学(保定)|华北电力大学(保定)07,带电工科、机械能源,带电+机械组,低,相近混合,331107,电气类、计算机类、自动化类、仪器类
历史|本科批|河北大学|河北大学01,文法教育,文法教育组,低,同族,331201,中国语言文学类、历史学类、外国语言文学类、法学类
物理|本科批|河北大学|河北大学02,文法教育,文法教育组,低,同族,331202,外国语言文学类、法学类
物理|本科批|河北大学|河北大学03,经管商贸,经济组,低,同族,331203,经济学类
物理|本科批|河北大学|河北大学04,带电工科、土建测绘,带电工科组（夹土木）,高,冷热混放,331204,计算机类、电子信息类、电气类、土木类
物理|本科批|河北大学|河北大学05,化材药,药学组,低,同族,331205,药学类
物理|本科批|河北医科大学|河北医科大学01,医药护理、化材药,医药+化材药组,低,相近混合,331301,公共卫生与预防医学类、中西医结合类、药学类、中药学类、法医学类
物理|本科批|河北医科大学|河北医科大学02,医药护理,临床口腔组,低,同族,331302,临床医学类、口腔医学类
物理|本科批|河北医科大学|河北医科大学03,医药护理,护理组,中,同族,331303,护理学类
历史|本科批|河北师范大学|河北师范大学01,文法教育,中文组,低,同族,331401,中国语言文学类
历史|本科批|河北师范大学|河北师范大学02,文法教育,外语组,低,同族,331402,外国语言文学类
物理|本科批|河北师范大学|河北师范大学03,文法教育,外语组,低,同族,331403,外国语言文学类
物理|本科批|河北师范大学|河北师范大学04,带电工科,计算机电子组,低,同族,331404,计算机类、电子信息类
历史|本科批|河北金融学院|河北金融学院01,文法教育,外语组,低,同族,331501,外国语言文学类
历史|本科批|河北金融学院|河北金融学院02,经管商贸,金融组,低,同族,331502,金融学类
历史|本科批|河北金融学院|河北金融学院03,经管商贸,金融组,低,同族,331503,金融学类
历史|本科批|河北金融学院|河北金融学院04,经管商贸,工商管理组,低,同族,331504,工商管理类
物理|本科批|河北金融学院|河北金融学院05,文法教育,外语组,低,同族,331505,外国语言文学类
物理|本科批|河北金融学院|河北金融学院06,经管商贸,金融组,低,同族,331506,金融学类
物理|本科批|河北金融学院|河北金融学院07,经管商贸,金融组,低,同族,331507,金融学类
物理|本科批|河北金融学院|河北金融学院08,经管商贸,金融组,低,同族,331508,金融学类
物理|本科批|河北金融学院|河北金融学院09,经管商贸,工商管理组,低,同族,331509,工商管理类
物理|本科批|河北金融学院|河北金融学院10,理学基础,数学组,低,同族,331510,数学类
历史|本科批|河北环境工程学院|河北环境工程学院01,经管商贸、文法教育,经管+文法组,中,相近混合,332001,物流管理与工程类、工商管理类、旅游管理类、新闻传播学类
物理|本科批|河北环境工程学院|河北环境工程学院02,经管商贸,管工组,低,同族,332002,管理科学与工程类
物理|本科批|河北环境工程学院|河北环境工程学院03,生环食品、带电工科,带电工科组（夹环境）,高,冷热混放,332003,环境科学与工程类、计算机类
历史|本科批|燕山大学|燕山大学01,经管商贸、文法教育,经管+文法组,低,相近混合,332101,金融学类、法学类、工商管理类、公共管理类
物理|本科批|燕山大学|燕山大学02,理学基础、化材药、机械能源、带电工科、土建测绘、生环食品、试验班,大理工组（夹化学/材料/土木/化工制药等）,高,大杂烩,332102,物理学类、化学类、机械类、仪器类、材料类、电气类、电子信息类、计算机类、土木类、化工与制药类、环境科学与工程类、交叉学科类
物理|本科批|燕山大学|燕山大学03,机械能源、带电工科,带电+机械组,低,相近混合,332103,机械类、自动化类、电子信息类、计算机类
历史|本科批|东北大学秦皇岛分校|东北大学秦皇岛分校01,经管商贸、文法教育,经管+文法组,低,相近混合,332201,经济学类、工商管理类、外国语言文学类
物理|本科批|东北大学秦皇岛分校|东北大学秦皇岛分校02,经管商贸,经管商贸组,低,同族,332202,经济学类、工商管理类、管理科学与工程类、电子商务类
物理|本科批|东北大学秦皇岛分校|东北大学秦皇岛分校03,理学基础、机械能源、化材药、带电工科,大理工组（夹材料）,中,大杂烩,332203,数学类、机械类、材料类、电子信息类、自动化类、仪器类、计算机类
物理|本科批|东北大学秦皇岛分校|东北大学秦皇岛分校04,理学基础,数学组,低,同族,332204,数学类
物理|本科批|东北大学秦皇岛分校|东北大学秦皇岛分校05,带电工科、理学基础,带电+理学组,低,相近混合,332205,计算机类、电子信息类、统计学类
物理|本科批|河北水利电力学院|河北水利电力学院01,土建测绘、带电工科,带电工科组（夹测绘）,高,冷热混放,332601,测绘类、自动化类
历史|本科批|华北理工大学|华北理工大学01,经管商贸、文法教育,经管+文法组,低,相近混合,333201,金融学类、法学类
历史|本科批|华北理工大学|华北理工大学02,经管商贸,公管组,低,同族,333202,公共管理类
历史|本科批|华北理工大学|华北理工大学03,医药护理,中医组,低,同族,333203,中医学类
物理|本科批|华北理工大学|华北理工大学04,机械能源、经管商贸,经管+机械混合组,低,跨界混合,333204,工业工程类、物流管理与工程类
物理|本科批|华北理工大学|华北理工大学05,经管商贸,公管组,低,同族,333205,公共管理类
物理|本科批|华北理工大学|华北理工大学06,文法教育,外语组,低,同族,333206,外国语言文学类
物理|本科批|华北理工大学|华北理工大学07,医药护理,医药护理组,低,同族,333207,公共卫生与预防医学类、医学技术类、中西医结合类、临床医学类
物理|本科批|华北理工大学|华北理工大学08,地矿安全、化材药、机械能源、土建测绘、带电工科、理学基础、交通航空,大理工组（夹矿业/材料/土木/地质工程）,高,大杂烩,333208,矿业类、材料类、机械类、土木类、自动化类、电气类、电子信息类、数学类、计算机类、地质类、交通运输类
物理|本科批|华北理工大学|华北理工大学09,地矿安全、化材药、理学基础,理学基础组（含矿业/材料）,中,跨界混合,333209,矿业类、材料类、物理学类
物理|本科批|华北理工大学|华北理工大学10,医药护理,口腔组,低,同族,333210,口腔医学类
物理|本科批|华北理工大学|华北理工大学11,化材药、生环食品、试验班,化材药组（含生物科学）,低,相近混合,333211,化工与制药类、生物科学类、交叉学科类
物理|本科批|华北理工大学|华北理工大学12,化材药,化材药组,低,同族,333212,药学类、中药学类
物理|本科批|华北理工大学|华北理工大学13,医药护理,临床组,低,同族,333213,临床医学类
物理|本科批|华北理工大学|华北理工大学14,医药护理,中医组,低,同族,333214,中医学类
历史|本科批|衡水学院|衡水学院01,文法教育,外语组,低,同族,333301,外国语言文学类
历史|本科批|衡水学院|衡水学院02,艺术传媒,戏剧影视组,低,同族,333302,戏剧与影视学类
历史|本科批|衡水学院|衡水学院03,文法教育,马理论组,低,同族,333303,马克思主义理论类
物理|本科批|衡水学院|衡水学院04,经管商贸,金融组,低,同族,333304,金融学类
物理|本科批|衡水学院|衡水学院05,经管商贸,工商管理组,低,同族,333305,工商管理类
物理|本科批|衡水学院|衡水学院06,文法教育,教育组,低,同族,333306,教育学类
物理|本科批|衡水学院|衡水学院07,经管商贸,物流组,低,同族,333307,物流管理与工程类
物理|本科批|衡水学院|衡水学院08,机械能源、带电工科、医药护理,带电工科组（夹医学技术）,中,跨界混合,333308,机械类、计算机类、医学技术类
物理|本科批|衡水学院|衡水学院09,化材药、生环食品,化材药组（含生物科学/环境/食品工程）,中,相近混合,333309,化学类、生物科学类、材料类、化工与制药类、环境科学与工程类、食品科学与工程类、中药学类
物理|本科批|衡水学院|衡水学院10,理学基础,数学组,低,同族,333310,数学类
历史|本科批|北华航天工业学院|北华航天工业学院01,经管商贸、文法教育,经管+文法组,低,相近混合,334101,经济学类、社会学类、工商管理类、物流管理与工程类
物理|本科批|北华航天工业学院|北华航天工业学院02,经管商贸、文法教育,经管+文法组,低,相近混合,334102,经济学类、社会学类、工商管理类、物流管理与工程类
物理|本科批|北华航天工业学院|北华航天工业学院03,机械能源、化材药、带电工科、土建测绘、交通航空、经管商贸,大理工组（夹材料/土木/测绘）,高,大杂烩,334103,机械类、材料类、电气类、电子信息类、自动化类、计算机类、土木类、测绘类、航空航天类、管理科学与工程类
历史|本科批|邯郸学院|邯郸学院01,文法教育,文法教育组,低,同族,334401,教育学类、外国语言文学类
物理|本科批|邯郸学院|邯郸学院02,经管商贸,工商管理组,低,同族,334402,工商管理类
物理|本科批|邯郸学院|邯郸学院03,机械能源、带电工科,带电+机械组,低,相近混合,334403,机械类、自动化类、计算机类
物理|本科批|邯郸学院|邯郸学院04,生环食品,环境组,中,同族,334404,环境科学与工程类
物理|本科批|河北中医药大学|河北中医药大学01,医药护理,中医组,低,同族,334801,中医学类
物理|本科批|河北中医药大学|河北中医药大学02,医药护理,中西医组,低,同族,334802,中西医结合类
物理|本科批|河北中医药大学|河北中医药大学03,医药护理,医学技术组,低,同族,334803,医学技术类
物理|本科批|河北中医药大学|河北中医药大学04,医药护理,护理组,中,同族,334804,护理学类
物理|本科批|河北北方学院|河北北方学院01,医药护理,临床组,低,同族,334901,临床医学类
物理|本科批|河北北方学院|河北北方学院02,医药护理,临床组,低,同族,334902,临床医学类
历史|本科批|张家口学院|张家口学院01,文法教育,教育组,低,同族,335001,教育学类
历史|本科批|河北工程大学|河北工程大学01,经管商贸,经管商贸组,低,同族,335101,经济学类、工商管理类
物理|本科批|河北工程大学|河北工程大学02,经管商贸、土建测绘,经管商贸组（夹建筑）,高,冷热混放,335102,经济学类、金融学类、建筑类、管理科学与工程类、工商管理类
物理|本科批|河北工程大学|河北工程大学03,理学基础、机械能源、带电工科、生环食品、土建测绘、交通航空、化材药、地矿安全,大理工组（夹环境/土木/化工制药/地质工程等）,高,大杂烩,335103,统计学类、能源动力类、电气类、电子信息类、自动化类、环境科学与工程类、土木类、力学类、交通运输类、机械类、计算机类、化工与制药类、地质类、食品科学与工程类、安全科学与工程类、仪器类、材料类、测绘类
物理|本科批|河北工程大学|河北工程大学04,带电工科,带电工科组,低,同族,335104,计算机类、电子信息类、自动化类
物理|本科批|承德医学院|承德医学院01,医药护理,临床组,低,同族,335301,临床医学类
历史|本科批|邢台学院|邢台学院01,经管商贸、艺术传媒、文法教育,经管+艺术+文法组,中,跨界混合,336201,工商管理类、戏剧与影视学类、中国语言文学类
物理|本科批|邢台学院|邢台学院02,经管商贸、艺术传媒,经管+艺术混合组,低,跨界混合,336202,金融学类、戏剧与影视学类
物理|本科批|邢台学院|邢台学院03,理学基础、带电工科,带电+理学组,低,相近混合,336203,数学类、电子信息类、计算机类
历史|本科批|沧州师范学院|沧州师范学院01,文法教育、经管商贸,经管+文法组,低,相近混合,336501,中国语言文学类、工商管理类
物理|本科批|沧州师范学院|沧州师范学院02,理学基础、带电工科,带电+理学组,低,相近混合,336502,数学类、计算机类
物理|本科批|沧州师范学院|沧州师范学院03,带电工科,电气组,低,同族,336503,电气类
物理|本科批|河北石油职业技术大学|河北石油职业技术大学01,地矿安全、生环食品、化材药,化材药组（含石油天然气/环保）,中,跨界混合,337801,石油与天然气类、环境保护类、化工技术类
历史|本科批|河北科技工程职业技术大学|河北科技工程职业技术大学01,生环食品,纺织服装组,中,同族,337901,纺织服装类
物理|本科批|河北科技工程职业技术大学|河北科技工程职业技术大学03,带电工科、机械能源,带电+机械组,低,相近混合,337903,自动化类、汽车制造类
物理|本科批|河北工业职业技术大学|河北工业职业技术大学01,机械能源、化材药,机械能源组（含金属材料）,低,跨界混合,338001,机械设计制造类、黑色金属材料类
物理|本科批|河北工业职业技术大学|河北工业职业技术大学02,化材药,金属材料组,低,同族,338002,黑色金属材料类
物理|本科批|河北工业职业技术大学|河北工业职业技术大学03,化材药,化工技术组,低,同族,338003,化工技术类
历史|本科批|山西大学|山西大学01,文法教育,文法教育组,低,同族,340101,中国语言文学类、历史学类、哲学类、法学类
物理|本科批|山西大学|山西大学02,理学基础、带电工科,理学+带电组,低,相近混合,340102,数学类、计算机类、物理学类、电子信息类、统计学类
历史|本科批|中北大学|中北大学01,文法教育,外语组,低,同族,340201,外国语言文学类
物理|本科批|中北大学|中北大学02,经管商贸、机械能源,经管+机械混合组,低,跨界混合,340202,经济学类、工商管理类、工业工程类
物理|本科批|中北大学|中北大学03,机械能源、化材药、生环食品,化材药组（含生物工程）,中,跨界混合,340203,机械类、材料类、化工与制药类、生物工程类
物理|本科批|中北大学|中北大学04,带电工科,计算机电子组,低,同族,340204,电子信息类、计算机类
物理|本科批|中北大学|中北大学05,带电工科、机械能源,带电+机械组,低,相近混合,340205,自动化类、电子信息类、仪器类
物理|本科批|中北大学|中北大学06,带电工科、机械能源,带电+机械组,低,相近混合,340206,电子信息类、仪器类、自动化类
物理|本科批|中北大学|中北大学07,理学基础、交通航空,理学+交通混合组,低,跨界混合,340207,力学类、航空航天类
物理|本科批|中北大学|中北大学08,机械能源、带电工科、交通航空,带电+机械+交通组,中,相近混合,340208,机械类、电气类、自动化类、海洋工程类
物理|本科批|中北大学|中北大学09,化材药、理学基础,理学基础组（含化学）,低,相近混合,340209,化学类、物理学类
物理|本科批|中北大学|中北大学10,土建测绘、军警安全、生环食品、地矿安全、机械能源,大理工组（夹土木/环境/安全工程）,高,大杂烩,340210,土木类、兵器类、环境科学与工程类、安全科学与工程类、机械类、能源动力类
物理|本科批|中北大学|中北大学11,军警安全,兵器组,低,同族,340211,兵器类
历史|本科批|山西财经大学|山西财经大学01,经管商贸,经管商贸组,低,同族,340301,金融学类、工商管理类
历史|本科批|山西财经大学|山西财经大学02,经管商贸、文法教育,文商组,中,大杂烩,340302,经济与贸易类、工商管理类、财政学类、金融学类、法学类、外国语言文学类、公共管理类、新闻传播学类
物理|本科批|山西财经大学|山西财经大学03,经管商贸,经管商贸组,低,同族,340303,经济学类、工商管理类、财政学类、金融学类、管理科学与工程类
物理|本科批|山西财经大学|山西财经大学04,经管商贸,经管商贸组,低,同族,340304,金融学类、工商管理类
物理|本科批|山西财经大学|山西财经大学05,理学基础、带电工科,理学+带电组,低,相近混合,340305,统计学类、计算机类、数学类
物理|本科批|太原科技大学|太原科技大学01,经管商贸、机械能源,经管+机械混合组,低,跨界混合,340401,工商管理类、工业工程类、管理科学与工程类
物理|本科批|太原科技大学|太原科技大学02,机械能源、带电工科、化材药、理学基础、地矿安全、生环食品,大理工组（夹材料/安全工程/环境）,高,大杂烩,340402,机械类、自动化类、材料类、电气类、电子信息类、力学类、计算机类、安全科学与工程类、环境科学与工程类
物理|本科批|太原理工大学|太原理工大学01,机械能源、带电工科,带电+机械组,低,相近混合,340501,能源动力类、自动化类、电子信息类
物理|本科批|太原理工大学|太原理工大学02,理学基础、带电工科,理学+带电组,低,相近混合,340502,数学类、电子信息类、物理学类
物理|本科批|太原理工大学|太原理工大学03,机械能源、化材药、医药护理、生环食品,大理工组（含纺织）,高,大杂烩,340503,机械类、材料类、化工与制药类、生物医学工程类、纺织类
物理|本科批|太原理工大学|太原理工大学04,土建测绘、生环食品,土建测绘组（含环境）,中,跨界混合,340504,水利类、环境科学与工程类、土木类
物理|本科批|太原理工大学|太原理工大学05,带电工科,计算机电子组,低,同族,340505,计算机类、电子信息类
物理|本科批|太原理工大学|太原理工大学06,机械能源、理学基础、带电工科,带电+机械+理学组,中,相近混合,340506,机械类、力学类、自动化类
物理|本科批|太原理工大学|太原理工大学07,带电工科,计算机组,低,同族,340507,计算机类
物理|本科批|太原理工大学|太原理工大学08,理学基础,数理基础组,低,同族,340508,力学类、物理学类
物理|本科批|太原理工大学|太原理工大学09,带电工科,带电工科组,低,同族,340509,计算机类、电气类
历史|本科批|太原工业学院|太原工业学院01,经管商贸,经管商贸组,低,同族,340601,工商管理类、经济与贸易类、经济学类、电子商务类
物理|本科批|太原工业学院|太原工业学院02,机械能源、带电工科、军警安全,带电+机械+军警组,中,跨界混合,340602,机械类、电子信息类、计算机类、兵器类、电气类、自动化类
物理|本科批|太原工业学院|太原工业学院03,化材药、生环食品,化材药组（含环境）,中,相近混合,340603,化工与制药类、环境科学与工程类、材料类
物理|本科批|太原工业学院|太原工业学院04,机械能源,机械组,低,同族,340604,机械类
物理|本科批|山西医科大学|山西医科大学01,医药护理,医学技术组,低,同族,340701,医学技术类
物理|本科批|山西医科大学|山西医科大学02,医药护理,医药护理组,低,同族,340702,公共卫生与预防医学类、法医学类
物理|本科批|山西医科大学|山西医科大学03,医药护理,口腔组,低,同族,340703,口腔医学类
物理|本科批|山西医科大学|山西医科大学04,医药护理,临床组,低,同族,340704,临床医学类
历史|本科批|山西中医药大学|山西中医药大学01,医药护理,中医组,低,同族,340801,中医学类
历史|本科批|山西中医药大学|山西中医药大学02,医药护理,中医组,低,同族,340802,中医学类
物理|本科批|山西中医药大学|山西中医药大学03,医药护理,中医组,低,同族,340803,中医学类
物理|本科批|山西中医药大学|山西中医药大学04,医药护理,中医组,低,同族,340804,中医学类
物理|本科批|山西中医药大学|山西中医药大学05,医药护理、化材药,化材药组（含医学技术）,低,相近混合,340805,医学技术类、中药学类、药学类
物理|本科批|山西中医药大学|山西中医药大学06,医药护理,护理组,中,同族,340806,护理学类
物理|本科批|山西中医药大学|山西中医药大学07,医药护理,中西医组,低,同族,340807,中西医结合类
历史|本科批|太原学院|太原学院01,试验班,预科组,低,同族,340901,预科班类
物理|本科批|太原学院|太原学院02,试验班,预科组,低,同族,340902,预科班类
历史|本科批|山西农业大学|山西农业大学01,经管商贸、土建测绘、文法教育,经管商贸组（含建筑）,中,跨界混合,341001,农业经济管理类、经济与贸易类、物流管理与工程类、工商管理类、建筑类、外国语言文学类
历史|本科批|山西农业大学|山西农业大学02,文法教育、经管商贸,经管+文法组,低,相近混合,341002,法学类、公共管理类、农业经济管理类
物理|本科批|山西农业大学|山西农业大学03,土建测绘,建筑组,中,同族,341003,建筑类
物理|本科批|山西农业大学|山西农业大学04,农林动物、生环食品、理学基础、机械能源、带电工科、化材药、土建测绘,大理工组（夹环境/生物科学/土木/化学）,高,大杂烩,341004,植物生产类、动物生产类、水产类、动物医学类、林学类、自然保护与环境生态类、环境科学与工程类、地理科学类、机械类、电气类、电子信息类、计算机类、自动化类、生物科学类、中药学类、土木类、农业工程类、化学类
物理|本科批|山西农业大学|山西农业大学05,农林动物,林学组,低,同族,341005,林学类
物理|本科批|山西农业大学|山西农业大学06,农林动物、生环食品,生环食品组（含植物生产）,低,相近混合,341006,植物生产类、食品科学与工程类
历史|本科批|山西传媒学院|山西传媒学院01,文法教育、艺术传媒,文法+艺术组,低,相近混合,341201,中国语言文学类、新闻传播学类、戏剧与影视学类、教育学类
物理|本科批|山西传媒学院|山西传媒学院02,艺术传媒、文法教育、经管商贸,经管+艺术+文法组,中,跨界混合,341202,戏剧与影视学类、新闻传播学类、工商管理类、旅游管理类
物理|本科批|山西传媒学院|山西传媒学院03,带电工科,计算机组,低,同族,341203,计算机类
物理|本科批|忻州师范学院|忻州师范学院01,文法教育,文法教育组,低,同族,341301,心理学类、教育学类
物理|本科批|忻州师范学院|忻州师范学院02,经管商贸,经管商贸组,中,同族,341302,工商管理类、管理科学与工程类、旅游管理类
物理|本科批|忻州师范学院|忻州师范学院03,文法教育,外语组,低,同族,341303,外国语言文学类
物理|本科批|忻州师范学院|忻州师范学院04,化材药、带电工科,带电工科组（夹化学）,中,跨界混合,341304,化学类、计算机类、电子信息类
物理|本科批|忻州师范学院|忻州师范学院05,带电工科、理学基础、文法教育,理学+带电+文法组,中,跨界混合,341305,电子信息类、数学类、统计学类、教育学类、物理学类
物理|本科批|忻州师范学院|忻州师范学院06,生环食品,生物科学组,低,同族,341306,生物科学类
物理|本科批|忻州师范学院|忻州师范学院07,理学基础,地理科学组,低,同族,341307,地理科学类
历史|本科批|山西师范大学|山西师范大学01,文法教育、经管商贸、艺术传媒,文法教育组（夹旅游管理）,高,冷热混放,341501,法学类、社会学类、历史学类、新闻传播学类、旅游管理类、戏剧与影视学类、艺术学理论类
历史|本科批|山西师范大学|山西师范大学02,文法教育,马理论组,低,同族,341502,马克思主义理论类
物理|本科批|山西师范大学|山西师范大学03,文法教育,文法教育组,低,同族,341503,教育学类、外国语言文学类、心理学类
物理|本科批|山西师范大学|山西师范大学04,生环食品、带电工科、化材药,生环食品组（夹化学）,中,跨界混合,341504,生物科学类、电子信息类、食品科学与工程类、化学类
物理|本科批|山西师范大学|山西师范大学05,理学基础,地理科学组,低,同族,341505,地理科学类
历史|本科批|太原师范学院|太原师范学院01,文法教育,文法教育组,低,同族,341601,中国语言文学类、外国语言文学类、历史学类
历史|本科批|太原师范学院|太原师范学院02,文法教育,教育组,低,同族,341602,教育学类
历史|本科批|太原师范学院|太原师范学院03,文法教育,法学组,低,同族,341603,法学类
历史|本科批|太原师范学院|太原师范学院04,理学基础,地理科学组,低,同族,341604,地理科学类
物理|本科批|太原师范学院|太原师范学院05,文法教育,文法教育组,低,同族,341605,法学类、心理学类
物理|本科批|太原师范学院|太原师范学院06,理学基础、化材药、带电工科,理学基础组（夹化学）,中,跨界混合,341606,数学类、物理学类、化学类、电子信息类
物理|本科批|太原师范学院|太原师范学院07,理学基础,地理科学组,低,同族,341607,地理科学类
历史|本科批|山西大同大学|山西大同大学01,文法教育,法学组,低,同族,341701,法学类
历史|本科批|山西大同大学|山西大同大学02,文法教育,马理论组,低,同族,341702,马克思主义理论类
物理|本科批|山西大同大学|山西大同大学03,医药护理,临床组,低,同族,341703,临床医学类
物理|本科批|运城学院|运城学院01,带电工科、机械能源,带电+机械组,低,相近混合,341801,计算机类、电子信息类、电气类、能源动力类、机械类
物理|本科批|山西工程科技职业大学|山西工程科技职业大学01,带电工科、机械能源,带电+机械组,低,相近混合,342901,自动化类、汽车制造类、计算机类
历史|本科批|吕梁学院|吕梁学院01,文法教育、经管商贸,经管+文法组,低,相近混合,343101,心理学类、工商管理类
历史|本科批|吕梁学院|吕梁学院02,文法教育,马理论组,低,同族,343102,马克思主义理论类
历史|本科批|吕梁学院|吕梁学院03,土建测绘,建筑组,中,同族,343103,建筑类
物理|本科批|吕梁学院|吕梁学院04,文法教育、经管商贸,经管+文法组,低,相近混合,343104,心理学类、工商管理类
物理|本科批|吕梁学院|吕梁学院05,理学基础、机械能源、生环食品、带电工科、化材药、地矿安全,大理工组（夹食品工程/化工制药/安全工程）,高,大杂烩,343105,物理学类、机械类、食品科学与工程类、计算机类、化工与制药类、安全科学与工程类、自动化类、电子信息类
物理|本科批|吕梁学院|吕梁学院06,农林动物,林学组,低,同族,343106,林学类
物理|本科批|吕梁学院|吕梁学院07,土建测绘,建筑组,中,同族,343107,建筑类
历史|本科批|晋中学院|晋中学院01,文法教育、经管商贸,文法教育组（含旅游管理）,中,相近混合,343201,新闻传播学类、外国语言文学类、教育学类、旅游管理类
物理|本科批|晋中学院|晋中学院02,文法教育、经管商贸,文法教育组（含旅游管理）,中,相近混合,343202,新闻传播学类、外国语言文学类、旅游管理类
物理|本科批|晋中学院|晋中学院03,理学基础、化材药、生环食品、机械能源,大理工组（夹化学/生物科学/材料）,中,大杂烩,343203,数学类、物理学类、化学类、生物科学类、材料类、机械类
历史|本科批|山西工程技术学院|山西工程技术学院01,经管商贸,经管商贸组,低,同族,343301,工商管理类、金融学类
物理|本科批|山西工程技术学院|山西工程技术学院02,经管商贸,管工组,低,同族,343302,管理科学与工程类
物理|本科批|山西工程技术学院|山西工程技术学院03,机械能源、化材药、带电工科,带电工科组（夹材料）,中,跨界混合,343303,机械类、材料类、计算机类、电气类、自动化类
历史|本科批|山西科技学院|山西科技学院01,经管商贸,经管商贸组,低,同族,343401,经济学类、工商管理类
物理|本科批|山西科技学院|山西科技学院02,经管商贸,经管商贸组,低,同族,343402,管理科学与工程类、工商管理类、经济学类
物理|本科批|山西科技学院|山西科技学院03,带电工科,计算机组,低,同族,343403,计算机类
物理|本科批|山西工学院|山西工学院01,机械能源,机械组,低,同族,343901,机械类
物理|本科批|内蒙古大学|内蒙古大学01,经管商贸,经济组,低,同族,350101,经济学类
物理|本科批|内蒙古大学|内蒙古大学02,带电工科,计算机组,低,同族,350102,计算机类
物理|本科批|内蒙古大学|内蒙古大学03,化材药、生环食品,化材药组（含生物科学）,低,相近混合,350103,化学类、生物科学类
物理|本科批|内蒙古大学|内蒙古大学04,理学基础、机械能源、带电工科、土建测绘,大理工组（夹土木）,高,大杂烩,350104,物理学类、机械类、电子信息类、土木类
物理|本科批|内蒙古农业大学|内蒙古农业大学01,经管商贸,经管商贸组,低,同族,350301,农业经济管理类、物流管理与工程类
物理|本科批|内蒙古农业大学|内蒙古农业大学02,农林动物、生环食品,农林动物组（含生物工程）,低,相近混合,350302,水产类、农业工程类、林业工程类、生物工程类
物理|本科批|内蒙古农业大学|内蒙古农业大学03,机械能源、带电工科、土建测绘、农林动物,大理工组（夹水利/林业工程）,高,大杂烩,350303,机械类、电子信息类、计算机类、水利类、林业工程类
物理|本科批|内蒙古农业大学|内蒙古农业大学04,农林动物,林学组,低,同族,350304,林学类
物理|本科批|内蒙古工业大学|内蒙古工业大学01,生环食品,纺织组,中,同族,350401,纺织类
物理|本科批|内蒙古工业大学|内蒙古工业大学02,文法教育,外语组,低,同族,350402,外国语言文学类
历史|本科批|内蒙古民族大学|内蒙古民族大学01,文法教育,新闻传播组,低,同族,350601,新闻传播学类
物理|本科批|内蒙古民族大学|内蒙古民族大学02,机械能源,机械组,低,同族,350602,机械类
物理|本科批|内蒙古民族大学|内蒙古民族大学03,生环食品,食品工程组,低,同族,350603,食品科学与工程类
物理|本科批|内蒙古民族大学|内蒙古民族大学04,理学基础,物理组,低,同族,350604,物理学类
物理|本科批|内蒙古民族大学|内蒙古民族大学05,农林动物,林学组,低,同族,350605,林学类
物理|本科批|内蒙古财经大学|内蒙古财经大学01,经管商贸,金融组,低,同族,350701,金融学类
物理|本科批|内蒙古财经大学|内蒙古财经大学02,带电工科,电子信息组,低,同族,350702,电子信息类
历史|本科批|内蒙古科技大学|内蒙古科技大学01,文法教育,中文组,低,同族,351101,中国语言文学类
历史|本科批|内蒙古科技大学|内蒙古科技大学02,文法教育,马理论组,低,同族,351102,马克思主义理论类
物理|本科批|内蒙古科技大学|内蒙古科技大学03,经管商贸、土建测绘,经管商贸组（夹建筑）,高,冷热混放,351103,金融学类、建筑类、管理科学与工程类
物理|本科批|内蒙古科技大学|内蒙古科技大学04,理学基础、化材药、地矿安全、带电工科、机械能源、交通航空、土建测绘、生环食品,大理工组（夹化学/材料/矿业/土木等）,高,大杂烩,351104,数学类、化学类、材料类、矿业类、电子信息类、仪器类、交通运输类、土木类、环境科学与工程类、能源动力类、化工与制药类、食品科学与工程类、生物工程类、机械类
物理|本科批|赤峰大学|赤峰大学01,理学基础,数学组,低,同族,351501,数学类
物理|本科批|内蒙古医科大学|内蒙古医科大学01,化材药,药学组,低,同族,351601,药学类
物理|本科批|内蒙古医科大学|内蒙古医科大学02,医药护理,临床组,低,同族,351602,临床医学类
物理|本科批|内蒙古医科大学|内蒙古医科大学03,医药护理,临床组,低,同族,351603,临床医学类
历史|本科批|东北大学|东北大学01,经管商贸、文法教育,经管+文法组,低,相近混合,410101,公共管理类、外国语言文学类
物理|提前本科批|东北大学|东北大学02,试验班,经管试验班组,低,同族,410102,经济管理试验班类
物理|提前本科批|东北大学|东北大学03,试验班、化材药,化材药组,低,同族,410103,工科试验班类、材料类
物理|本科批|东北大学|东北大学04,试验班、土建测绘、经管商贸,经管商贸组（含建筑）,中,跨界混合,410104,经济管理试验班类、建筑类、工商管理类
物理|本科批|东北大学|东北大学05,理学基础、化材药、地矿安全、试验班、机械能源、带电工科、医药护理,大理工组（夹化学/矿业/材料）,高,大杂烩,410105,数学类、物理学类、力学类、化学类、矿业类、工科试验班类、材料类、能源动力类、机械类、自动化类、计算机类、电子信息类、生物医学工程类、交叉学科类
物理|本科批|东北大学|东北大学06,化材药,材料组,低,同族,410106,材料类
历史|本科批|辽宁大学|辽宁大学01,文法教育、经管商贸,文法教育组（夹工商管理）,中,相近混合,410201,中国语言文学类、新闻传播学类、金融学类、工商管理类、法学类、外国语言文学类
历史|本科批|辽宁大学|辽宁大学02,经管商贸,工商管理组,低,同族,410202,工商管理类
历史|本科批|辽宁大学|辽宁大学03,经管商贸,工商管理组,低,同族,410203,工商管理类
历史|本科批|辽宁大学|辽宁大学04,经管商贸,金融组,低,同族,410204,金融学类
历史|本科批|辽宁大学|辽宁大学05,经管商贸,工商管理组,低,同族,410205,工商管理类
物理|本科批|辽宁大学|辽宁大学06,经管商贸,金融组,低,同族,410206,金融学类
物理|本科批|辽宁大学|辽宁大学07,经管商贸,工商管理组,低,同族,410207,工商管理类
物理|本科批|辽宁大学|辽宁大学08,经管商贸,工商管理组,低,同族,410208,工商管理类
物理|本科批|辽宁大学|辽宁大学09,经管商贸,工商管理组,低,同族,410209,工商管理类
物理|本科批|辽宁大学|辽宁大学10,经管商贸,经管商贸组,低,同族,410210,经济学类、工商管理类
物理|本科批|辽宁大学|辽宁大学11,理学基础、带电工科、化材药、生环食品,大理工组（夹化学/环境）,高,大杂烩,410211,数学类、自动化类、化学类、力学类、环境科学与工程类、电子信息类、计算机类、电气类
物理|本科批|中国医科大学|中国医科大学01,生环食品、化材药,生环+化材药组,低,相近混合,410301,生物科学类、药学类、食品科学与工程类
物理|本科批|中国医科大学|中国医科大学02,化材药、医药护理,医药+化材药组,低,相近混合,410302,药学类、法医学类
物理|本科批|中国医科大学|中国医科大学03,医药护理,临床口腔组,低,同族,410303,临床医学类、口腔医学类
物理|本科批|中国医科大学|中国医科大学04,医药护理,临床组,低,同族,410304,临床医学类
物理|本科批|沈阳药科大学|沈阳药科大学01,化材药,药学组,低,同族,410401,药学类
物理|本科批|沈阳药科大学|沈阳药科大学02,化材药、生环食品、试验班,化材药组（含生物工程）,低,相近混合,410402,药学类、化学类、中药学类、生物工程类、交叉学科类
物理|本科批|沈阳农业大学|沈阳农业大学01,农林动物、带电工科、生环食品,带电工科组（夹水产/生物科学）,中,跨界混合,410501,水产类、电气类、计算机类、生物科学类
物理|本科批|沈阳化工大学|沈阳化工大学01,经管商贸、文法教育,经管+文法组,低,相近混合,410701,金融学类、经济与贸易类、管理科学与工程类、工商管理类、社会学类
物理|本科批|沈阳化工大学|沈阳化工大学02,化材药、机械能源、地矿安全、生环食品,大理工组（含矿业/环境/生物工程）,高,大杂烩,410702,化工与制药类、化学类、材料类、机械类、矿业类、环境科学与工程类、生物工程类
物理|本科批|沈阳化工大学|沈阳化工大学03,化材药、机械能源、带电工科、地矿安全,大理工组（夹材料/安全工程）,高,大杂烩,410703,材料类、机械类、能源动力类、电子信息类、仪器类、自动化类、计算机类、安全科学与工程类
物理|本科批|沈阳化工大学|沈阳化工大学04,化材药,化工制药组,低,同族,410704,化工与制药类
历史|本科批|沈阳工业大学|沈阳工业大学01,土建测绘、文法教育,文法教育组（夹建筑）,高,冷热混放,410801,建筑类、外国语言文学类、法学类
物理|本科批|沈阳工业大学|沈阳工业大学02,机械能源、经管商贸,经管+机械混合组,低,跨界混合,410802,工业工程类、金融学类、工商管理类
物理|本科批|沈阳工业大学|沈阳工业大学03,带电工科,电子信息组,低,同族,410803,电子信息类
物理|本科批|沈阳工业大学|沈阳工业大学04,机械能源、化材药、带电工科、理学基础、生环食品、土建测绘,大理工组（夹材料/环境/化工制药/土木）,高,大杂烩,410804,机械类、材料类、电气类、自动化类、仪器类、计算机类、数学类、环境科学与工程类、化工与制药类、土木类、电子信息类
物理|本科批|沈阳工业大学|沈阳工业大学05,带电工科,计算机组,低,同族,410805,计算机类
历史|本科批|沈阳理工大学|沈阳理工大学01,文法教育、经管商贸,经管+文法组,低,相近混合,410901,外国语言文学类、工商管理类
物理|本科批|沈阳理工大学|沈阳理工大学02,经管商贸,管工组,低,同族,410902,管理科学与工程类
物理|本科批|沈阳理工大学|沈阳理工大学03,化材药,化工制药组,低,同族,410903,化工与制药类
物理|本科批|沈阳理工大学|沈阳理工大学04,理学基础、化材药、机械能源、带电工科、军警安全、生环食品、地矿安全,大理工组（夹化学/材料/环境/安全工程）,高,大杂烩,410904,数学类、化学类、机械类、仪器类、材料类、电子信息类、自动化类、计算机类、兵器类、环境科学与工程类、安全科学与工程类
物理|本科批|沈阳理工大学|沈阳理工大学05,机械能源、化材药、带电工科,机械能源组（夹材料）,中,跨界混合,410905,机械类、仪器类、材料类、计算机类
物理|本科批|沈阳航空航天大学|沈阳航空航天大学01,带电工科、交通航空、地矿安全、军警安全、机械能源、化材药、试验班,大理工组（夹安全工程/材料）,高,大杂烩,411001,计算机类、电子信息类、航空航天类、安全科学与工程类、公安技术类、机械类、自动化类、材料类、能源动力类、交叉学科类
物理|本科批|沈阳航空航天大学|沈阳航空航天大学02,交通航空,航空航天组,低,同族,411002,航空航天类
物理|本科批|沈阳建筑大学|沈阳建筑大学01,经管商贸,管工组,低,同族,411101,管理科学与工程类
物理|本科批|沈阳建筑大学|沈阳建筑大学02,土建测绘,建筑组,中,同族,411102,建筑类
物理|本科批|沈阳建筑大学|沈阳建筑大学03,经管商贸,管工组,低,同族,411103,管理科学与工程类
物理|本科批|沈阳建筑大学|沈阳建筑大学04,带电工科、土建测绘,带电工科组（夹土木）,高,冷热混放,411104,电气类、土木类
物理|本科批|沈阳建筑大学|沈阳建筑大学05,土建测绘、机械能源、生环食品、带电工科、理学基础、化材药、农林动物,大理工组（夹土木/环境/材料/林业工程）,高,大杂烩,411105,土木类、机械类、环境科学与工程类、能源动力类、电气类、自动化类、计算机类、电子信息类、数学类、材料类、林业工程类
历史|本科批|鞍山师范学院|鞍山师范学院01,文法教育、经管商贸,经管+文法组,中,相近混合,411201,外国语言文学类、旅游管理类、工商管理类、公共管理类
物理|本科批|鞍山师范学院|鞍山师范学院02,经管商贸、文法教育,经管+文法组,中,相近混合,411202,旅游管理类、工商管理类、公共管理类、外国语言文学类
物理|本科批|沈阳医学院|沈阳医学院01,医药护理,医药护理组,低,同族,411301,临床医学类、口腔医学类、公共卫生与预防医学类
物理|本科批|沈阳医学院|沈阳医学院02,生环食品、化材药、医药护理,医药护理组（含生物科学）,中,相近混合,411302,生物科学类、中药学类、医学技术类
物理|本科批|沈阳医学院|沈阳医学院03,医药护理,护理组,中,同族,411303,护理学类
历史|本科批|辽宁中医药大学|辽宁中医药大学01,医药护理,中医组,低,同族,411401,中医学类
物理|本科批|辽宁中医药大学|辽宁中医药大学02,医药护理,中医组,低,同族,411402,中医学类
物理|本科批|辽宁中医药大学|辽宁中医药大学03,经管商贸,管工组,低,同族,411403,管理科学与工程类
物理|本科批|辽宁中医药大学|辽宁中医药大学04,医药护理,中西医组,低,同族,411404,中西医结合类
物理|本科批|辽宁中医药大学|辽宁中医药大学05,带电工科,计算机组,低,同族,411405,计算机类
物理|本科批|辽宁中医药大学|辽宁中医药大学06,医药护理,医学技术组,低,同族,411406,医学技术类
物理|本科批|辽宁中医药大学|辽宁中医药大学07,化材药,化材药组,低,同族,411407,中药学类、药学类
物理|本科批|辽宁工业大学|辽宁工业大学01,机械能源、交通航空、化材药、带电工科、土建测绘,大理工组（夹化工制药/土木）,高,大杂烩,411501,机械类、交通运输类、化工与制药类、自动化类、电气类、电子信息类、计算机类、土木类
物理|本科批|沈阳体育学院|沈阳体育学院01,文法教育,文法教育组,低,同族,411601,体育学类、新闻传播学类
物理|本科批|沈阳体育学院|沈阳体育学院02,经管商贸,工商管理组,低,同族,411602,工商管理类
历史|本科批|沈阳师范大学|沈阳师范大学01,文法教育,教育组,低,同族,411701,教育学类
历史|本科批|沈阳师范大学|沈阳师范大学02,经管商贸,经管商贸组,低,同族,411702,物流管理与工程类、工商管理类
物理|本科批|沈阳师范大学|沈阳师范大学03,文法教育,文法教育组,低,同族,411703,心理学类、教育学类
物理|本科批|沈阳师范大学|沈阳师范大学04,经管商贸,物流组,低,同族,411704,物流管理与工程类
物理|本科批|沈阳师范大学|沈阳师范大学05,生环食品、带电工科、地矿安全、化材药,大理工组（夹环境/地质学/化工制药）,高,大杂烩,411705,环境科学与工程类、计算机类、地质学类、化工与制药类
历史|本科批|沈阳大学|沈阳大学01,经管商贸、文法教育,经管+文法组,中,相近混合,412001,旅游管理类、外国语言文学类
物理|本科批|沈阳大学|沈阳大学02,机械能源、经管商贸、文法教育,经管+机械+文法组,中,跨界混合,412002,工业工程类、管理科学与工程类、外国语言文学类
物理|本科批|沈阳大学|沈阳大学03,机械能源,工业工程组,低,同族,412003,工业工程类
物理|本科批|沈阳大学|沈阳大学04,机械能源、带电工科、土建测绘、生环食品,大理工组（夹土木/环境/生物科学）,高,大杂烩,412004,机械类、电子信息类、自动化类、计算机类、土木类、环境科学与工程类、生物科学类
物理|本科批|沈阳大学|沈阳大学05,带电工科,自动化组,低,同族,412005,自动化类
物理|本科批|沈阳大学|沈阳大学06,理学基础,地理科学组,低,同族,412006,地理科学类
物理|本科批|沈阳工程学院|沈阳工程学院01,带电工科、机械能源,带电+机械组,低,相近混合,412201,电气类、能源动力类、自动化类
物理|本科批|沈阳工程学院|沈阳工程学院02,带电工科,电气组,低,同族,412202,电气类
历史|本科批|辽宁师范大学|辽宁师范大学01,经管商贸,工商管理组,低,同族,412601,工商管理类
历史|本科批|辽宁师范大学|辽宁师范大学02,文法教育,外语组,低,同族,412602,外国语言文学类
物理|本科批|辽宁师范大学|辽宁师范大学03,经管商贸,工商管理组,低,同族,412603,工商管理类
物理|本科批|辽宁师范大学|辽宁师范大学04,文法教育,外语组,低,同族,412604,外国语言文学类
物理|本科批|辽宁师范大学|辽宁师范大学05,经管商贸,管工组,低,同族,412605,管理科学与工程类
历史|本科批|大连理工大学|大连理工大学01,经管商贸、文法教育、土建测绘,文法教育组（含公管/建筑）,中,跨界混合,413101,公共管理类、新闻传播学类、外国语言文学类、哲学类、建筑类
物理|提前本科批|大连理工大学|大连理工大学02,生环食品、土建测绘、化材药,化材药组（含生物工程/土木）,中,跨界混合,413102,生物工程类、土木类、材料类
物理|本科批|大连理工大学|大连理工大学03,带电工科,计算机组,低,同族,413103,计算机类
物理|本科批|大连理工大学|大连理工大学04,带电工科、理学基础、化材药,带电工科组（夹化工制药）,中,跨界混合,413104,电子信息类、计算机类、力学类、化工与制药类
历史|本科批|大连海事大学|大连海事大学01,文法教育,法学组,低,同族,413201,法学类
历史|本科批|大连海事大学|大连海事大学02,经管商贸、文法教育,经管+文法组,低,相近混合,413202,工商管理类、经济学类、公共管理类、法学类
物理|提前本科批|大连海事大学|大连海事大学03,交通航空,交通运输组,低,同族,413203,交通运输类
物理|提前本科批|大连海事大学|大连海事大学04,经管商贸,管工组,低,同族,413204,管理科学与工程类
物理|提前本科批|大连海事大学|大连海事大学05,带电工科、机械能源、理学基础,带电+机械+理学组,中,相近混合,413205,计算机类、机械类、数学类
物理|本科批|大连海事大学|大连海事大学06,经管商贸、文法教育,经管+文法组,中,相近混合,413206,管理科学与工程类、工商管理类、物流管理与工程类、法学类、外国语言文学类、公共管理类
物理|本科批|大连海事大学|大连海事大学07,文法教育,法学组,低,同族,413207,法学类
物理|本科批|大连海事大学|大连海事大学08,带电工科、机械能源、交通航空,带电+机械+交通组,中,相近混合,413208,电子信息类、机械类、海洋工程类
物理|本科批|大连海事大学|大连海事大学09,带电工科、交通航空、机械能源、理学基础,大理工组,中,大杂烩,413209,自动化类、电子信息类、计算机类、交通运输类、机械类、地理科学类
历史|本科批|东北财经大学|东北财经大学01,经管商贸,经管商贸组,低,同族,413301,财政学类、金融学类、工商管理类
历史|本科批|东北财经大学|东北财经大学02,经管商贸,工商管理组,低,同族,413302,工商管理类
历史|本科批|东北财经大学|东北财经大学03,经管商贸,工商管理组,低,同族,413303,工商管理类
物理|本科批|东北财经大学|东北财经大学04,经管商贸,经管商贸组,低,同族,413304,经济学类、财政学类、金融学类、工商管理类
物理|本科批|东北财经大学|东北财经大学05,经管商贸,工商管理组,低,同族,413305,工商管理类
物理|本科批|东北财经大学|东北财经大学06,经管商贸,工商管理组,低,同族,413306,工商管理类
物理|本科批|东北财经大学|东北财经大学07,理学基础,统计组,低,同族,413307,统计学类
物理|本科批|大连医科大学|大连医科大学01,医药护理,临床组,低,同族,413401,临床医学类
物理|本科批|大连医科大学|大连医科大学02,医药护理,临床组,低,同族,413402,临床医学类
历史|本科批|大连外国语大学|大连外国语大学01,文法教育,外语组,低,同族,413501,外国语言文学类
历史|本科批|大连外国语大学|大连外国语大学02,文法教育、经管商贸,文法教育组（夹旅游管理）,高,冷热混放,413502,外国语言文学类、经济与贸易类、中国语言文学类、新闻传播学类、旅游管理类
物理|本科批|大连外国语大学|大连外国语大学03,经管商贸,经济组,低,同族,413503,经济学类
物理|本科批|大连外国语大学|大连外国语大学04,文法教育、经管商贸,文法教育组（含旅游管理）,中,相近混合,413504,外国语言文学类、新闻传播学类、旅游管理类
物理|本科批|大连外国语大学|大连外国语大学05,经管商贸,管工组,低,同族,413505,管理科学与工程类
物理|本科批|大连外国语大学|大连外国语大学06,文法教育,外语组,低,同族,413506,外国语言文学类
物理|本科批|大连外国语大学|大连外国语大学07,带电工科,计算机组,低,同族,413507,计算机类
物理|本科批|大连外国语大学|大连外国语大学08,文法教育,政治学组,低,同族,413508,政治学类
历史|本科批|大连大学|大连大学01,经管商贸、文法教育,经管+文法组,中,相近混合,413601,经济与贸易类、教育学类、旅游管理类、工商管理类
物理|本科批|大连大学|大连大学02,经管商贸、文法教育,经管+文法组,中,相近混合,413602,经济与贸易类、教育学类、旅游管理类、工商管理类
物理|本科批|大连大学|大连大学03,化材药、生环食品、医药护理,医药护理组（夹化工制药/生物工程）,中,相近混合,413603,化工与制药类、生物工程类、临床医学类、护理学类
物理|本科批|大连大学|大连大学04,机械能源、带电工科,带电+机械组,低,相近混合,413604,机械类、计算机类
物理|本科批|大连大学|大连大学05,机械能源,机械组,低,同族,413605,机械类
物理|本科批|大连大学|大连大学06,带电工科,计算机组,低,同族,413606,计算机类
物理|本科批|大连大学|大连大学07,机械能源,机械组,低,同族,413607,机械类
物理|本科批|大连海洋大学|大连海洋大学01,交通航空、土建测绘、农林动物、机械能源、带电工科,大理工组（夹水利）,高,大杂烩,413701,海洋工程类、水利类、水产类、植物生产类、机械类、自动化类
物理|本科批|大连海洋大学|大连海洋大学02,农林动物、生环食品、理学基础,理学基础组（含水产/环境）,中,跨界混合,413702,水产类、环境科学与工程类、海洋科学类
物理|本科批|大连海洋大学|大连海洋大学03,理学基础,物理组,低,同族,413703,物理学类
物理|本科批|大连工业大学|大连工业大学01,生环食品,纺织组,中,同族,413801,纺织类
物理|本科批|大连工业大学|大连工业大学02,生环食品,食品工程组,低,同族,413802,食品科学与工程类
物理|本科批|大连工业大学|大连工业大学03,生环食品,生物工程组,低,同族,413803,生物工程类
物理|本科批|大连工业大学|大连工业大学04,机械能源,机械组,低,同族,413804,机械类
物理|本科批|大连工业大学|大连工业大学05,带电工科,自动化组,低,同族,413805,自动化类
物理|本科批|大连工业大学|大连工业大学06,生环食品,食品工程组,低,同族,413806,食品科学与工程类
物理|本科批|大连工业大学|大连工业大学07,生环食品,生物工程组,低,同族,413807,生物工程类
物理|本科批|大连工业大学|大连工业大学08,生环食品,纺织组,中,同族,413808,纺织类
物理|本科批|大连工业大学|大连工业大学09,带电工科,计算机组,低,同族,413809,计算机类
物理|本科批|大连工业大学|大连工业大学10,生环食品,食品工程组,低,同族,413810,食品科学与工程类
物理|本科批|大连工业大学|大连工业大学11,生环食品,轻工组,中,同族,413811,轻工类
物理|本科批|大连工业大学|大连工业大学12,化材药,材料组,低,同族,413812,材料类
物理|本科批|大连工业大学|大连工业大学13,带电工科,带电工科组,低,同族,413813,电子信息类、电气类
物理|本科批|大连工业大学|大连工业大学14,化材药、生环食品,化材药组（含轻工）,中,相近混合,413814,化学类、轻工类
物理|本科批|大连工业大学|大连工业大学15,机械能源,机械组,低,同族,413815,机械类
历史|本科批|大连交通大学|大连交通大学01,经管商贸,经管商贸组,低,同族,413901,工商管理类、物流管理与工程类
物理|本科批|大连交通大学|大连交通大学02,机械能源,工业工程组,低,同族,413902,工业工程类
物理|本科批|大连交通大学|大连交通大学03,带电工科,计算机电子组,低,同族,413903,电子信息类、计算机类
物理|本科批|大连交通大学|大连交通大学04,机械能源、带电工科、化材药、交通航空、土建测绘、生环食品、地矿安全,大理工组（夹材料/化工制药/土木/环境等）,高,大杂烩,413904,机械类、自动化类、材料类、化工与制药类、交通运输类、土木类、环境科学与工程类、安全科学与工程类、仪器类、电子信息类、电气类
历史|本科批|大连民族大学|大连民族大学01,经管商贸,工商管理组,低,同族,414001,工商管理类
物理|本科批|大连民族大学|大连民族大学02,经管商贸,工商管理组,低,同族,414002,工商管理类
物理|本科批|大连民族大学|大连民族大学03,带电工科,计算机电子组,低,同族,414003,计算机类、电子信息类
物理|本科批|大连民族大学|大连民族大学04,生环食品,生物工程组,低,同族,414004,生物工程类
物理|本科批|锦州医科大学|锦州医科大学01,化材药、医药护理,医药+化材药组,中,相近混合,414101,药学类、护理学类、医学技术类
物理|本科批|锦州医科大学|锦州医科大学02,医药护理,临床口腔组,低,同族,414102,临床医学类、口腔医学类
物理|本科批|锦州医科大学|锦州医科大学03,文法教育,体育组,低,同族,414103,体育学类
历史|本科批|渤海大学|渤海大学01,文法教育,外语组,低,同族,415201,外国语言文学类
物理|本科批|渤海大学|渤海大学02,文法教育,外语组,低,同族,415202,外国语言文学类
物理|本科批|渤海大学|渤海大学03,带电工科,计算机组,低,同族,415203,计算机类
物理|本科批|辽宁工程技术大学|辽宁工程技术大学01,土建测绘、理学基础、机械能源、带电工科、化材药,大理工组（夹测绘/材料）,高,大杂烩,416101,测绘类、力学类、机械类、电气类、材料类、计算机类
物理|本科批|辽宁工程技术大学|辽宁工程技术大学02,机械能源,机械组,低,同族,416102,机械类
物理|本科批|大连理工大学(盘锦校区)|大连理工大学(盘锦校区)01,经管商贸,经济组,低,同族,416201,经济学类
物理|本科批|大连理工大学(盘锦校区)|大连理工大学(盘锦校区)02,化材药、理学基础、生环食品、交通航空,大理工组（含化工制药）,中,大杂烩,416202,化工与制药类、海洋科学类、生物科学类、生物工程类、海洋工程类
物理|本科批|大连理工大学(盘锦校区)|大连理工大学(盘锦校区)03,理学基础、机械能源、化材药、生环食品,大理工组（含环境）,高,大杂烩,416203,数学类、机械类、化学类、药学类、环境科学与工程类
物理|本科批|大连理工大学(盘锦校区)|大连理工大学(盘锦校区)04,带电工科、医药护理,带电+医药混合组,低,跨界混合,416204,计算机类、生物医学工程类
物理|本科批|辽宁科技大学|辽宁科技大学01,机械能源,机械组,低,同族,417101,机械类
物理|本科批|辽宁科技大学|辽宁科技大学02,化材药,材料组,低,同族,417102,材料类
物理|本科批|辽宁科技大学|辽宁科技大学03,带电工科,计算机组,低,同族,417103,计算机类
物理|本科批|辽宁科技大学|辽宁科技大学04,机械能源、化材药、带电工科,机械能源组（夹材料）,中,跨界混合,417104,机械类、材料类、能源动力类、自动化类
物理|本科批|辽宁科技大学|辽宁科技大学05,机械能源,机械组,低,同族,417105,机械类
物理|本科批|辽宁石油化工大学|辽宁石油化工大学01,机械能源、带电工科、化材药、地矿安全,大理工组（夹材料/矿业/化工制药）,高,大杂烩,418101,仪器类、电气类、材料类、机械类、矿业类、化工与制药类、自动化类
物理|本科批|辽宁石油化工大学|辽宁石油化工大学02,化材药,材料组,低,同族,418102,材料类
物理|本科批|辽宁科技学院|辽宁科技学院01,带电工科、化材药、生环食品,带电工科组（夹材料/化工制药/环境）,高,冷热混放,419201,电子信息类、自动化类、材料类、化工与制药类、环境科学与工程类、计算机类
历史|本科批|朝阳师范学院|朝阳师范学院01,文法教育,文法教育组,低,同族,419501,教育学类、中国语言文学类
物理|本科批|朝阳师范学院|朝阳师范学院02,理学基础,数学组,低,同族,419502,数学类
历史|提前本科批|吉林大学|吉林大学01,文法教育,马理论组,低,同族,420101,马克思主义理论类
历史|提前本科批|吉林大学|吉林大学02,文法教育,社会学组,低,同族,420102,社会学类
历史|本科批|吉林大学|吉林大学03,文法教育,外语组,低,同族,420103,外国语言文学类
历史|本科批|吉林大学|吉林大学04,经管商贸,经济组,低,同族,420104,经济学类
历史|本科批|吉林大学|吉林大学05,文法教育、试验班,文法组,中,同族,420105,社会学类、人文科学试验班类、中国语言文学类、新闻传播学类、历史学类、外国语言文学类
历史|本科批|吉林大学|吉林大学06,文法教育,法学组,低,同族,420106,法学类
历史|本科批|吉林大学|吉林大学07,文法教育,政治学组,低,同族,420107,政治学类
物理|提前本科批|吉林大学|吉林大学08,地矿安全、化材药,化材药组（含地质工程）,中,跨界混合,420108,地质类、药学类
物理|本科批|吉林大学|吉林大学09,经管商贸,经管商贸组,低,同族,420109,经济学类、工商管理类、金融学类、物流管理与工程类
物理|本科批|吉林大学|吉林大学10,文法教育,法学组,低,同族,420110,法学类
物理|本科批|吉林大学|吉林大学11,带电工科,带电工科组,低,同族,420111,电子信息类、计算机类、自动化类
物理|本科批|吉林大学|吉林大学12,化材药、生环食品,化材药组（含生物科学）,低,相近混合,420112,化学类、生物科学类
物理|本科批|吉林大学|吉林大学13,医药护理,基础医学组,低,同族,420113,基础医学类
物理|本科批|吉林大学|吉林大学14,带电工科,计算机电子组,低,同族,420114,电子信息类、计算机类
物理|本科批|吉林大学|吉林大学15,理学基础,数学组,低,同族,420115,数学类
物理|本科批|吉林大学|吉林大学16,理学基础,物理组,低,同族,420116,物理学类
物理|本科批|吉林大学|吉林大学17,机械能源、化材药、交通航空、农林动物、生环食品,大理工组（夹材料/农业工程/环境/食品工程）,高,大杂烩,420117,机械类、能源动力类、材料类、交通运输类、农业工程类、环境科学与工程类、食品科学与工程类
物理|本科批|吉林大学|吉林大学18,医药护理,口腔组,低,同族,420118,口腔医学类
物理|本科批|吉林大学|吉林大学19,理学基础,数理基础组,低,同族,420119,数学类、物理学类
物理|本科批|吉林大学|吉林大学20,地矿安全、土建测绘,土建测绘组（含地质工程）,中,相近混合,420120,地质类、土木类
物理|本科批|吉林大学|吉林大学21,机械能源,机械组,低,同族,420121,机械类
物理|本科批|吉林大学|吉林大学22,医药护理,临床组,低,同族,420122,临床医学类
物理|本科批|吉林大学|吉林大学23,试验班,理科试验班组,低,同族,420123,理科试验班类
物理|本科批|吉林大学|吉林大学24,带电工科,计算机组,低,同族,420124,计算机类
物理|本科批|吉林大学|吉林大学25,试验班,理科试验班组,低,同族,420125,理科试验班类
历史|提前本科批|东北师范大学|东北师范大学01,文法教育,新闻传播组,低,同族,420201,新闻传播学类
历史|本科批|东北师范大学|东北师范大学02,文法教育,中文组,低,同族,420202,中国语言文学类
历史|本科批|东北师范大学|东北师范大学03,经管商贸,金融组,低,同族,420203,金融学类
历史|本科批|东北师范大学|东北师范大学04,经管商贸,物流组,低,同族,420204,物流管理与工程类
历史|本科批|东北师范大学|东北师范大学05,文法教育,马理论组,低,同族,420205,马克思主义理论类
物理|提前本科批|东北师范大学|东北师范大学06,生环食品,环境组,中,同族,420206,环境科学与工程类
物理|本科批|东北师范大学|东北师范大学07,经管商贸,物流组,低,同族,420207,物流管理与工程类
物理|本科批|东北师范大学|东北师范大学08,经管商贸,金融组,低,同族,420208,金融学类
物理|本科批|东北师范大学|东北师范大学09,经管商贸,工商管理组,低,同族,420209,工商管理类
物理|本科批|东北师范大学|东北师范大学10,理学基础、带电工科,理学+带电组,低,相近混合,420210,统计学类、计算机类、物理学类
物理|本科批|吉林农业大学|吉林农业大学01,经管商贸,金融组,低,同族,420301,金融学类
物理|本科批|吉林农业大学|吉林农业大学02,化材药、农林动物、生环食品、带电工科,大理工组（夹化学/自然保护/环境/植物生产等）,高,大杂烩,420302,化学类、自然保护与环境生态类、环境科学与工程类、植物生产类、食品科学与工程类、计算机类、电子信息类
物理|本科批|吉林农业大学|吉林农业大学03,农林动物、化材药、生环食品,化材药组（含植物生产/生物科学/生物工程）,中,跨界混合,420303,植物生产类、中药学类、生物科学类、生物工程类、化工与制药类
历史|本科批|长春大学|长春大学01,经管商贸,经贸组,低,同族,420401,经济与贸易类
历史|本科批|长春大学|长春大学02,文法教育,教育组,低,同族,420402,教育学类
历史|本科批|长春大学|长春大学03,文法教育,外语组,低,同族,420403,外国语言文学类
历史|本科批|长春大学|长春大学04,经管商贸,工商管理组,低,同族,420404,工商管理类
历史|本科批|长春大学|长春大学05,经管商贸,工商管理组,低,同族,420405,工商管理类
历史|本科批|长春大学|长春大学06,经管商贸,旅游管理组,中,同族,420406,旅游管理类
物理|本科批|长春大学|长春大学07,经管商贸,工商管理组,低,同族,420407,工商管理类
物理|本科批|长春大学|长春大学08,经管商贸,经贸组,低,同族,420408,经济与贸易类
物理|本科批|长春大学|长春大学09,文法教育,教育组,低,同族,420409,教育学类
物理|本科批|长春大学|长春大学10,带电工科,自动化组,低,同族,420410,自动化类
物理|本科批|长春大学|长春大学11,机械能源,机械组,低,同族,420411,机械类
物理|本科批|长春大学|长春大学12,机械能源,机械组,低,同族,420412,机械类
物理|本科批|长春大学|长春大学13,机械能源,机械组,低,同族,420413,机械类
物理|本科批|长春大学|长春大学14,带电工科,计算机组,低,同族,420414,计算机类
物理|本科批|长春大学|长春大学15,带电工科,电子信息组,低,同族,420415,电子信息类
物理|本科批|长春大学|长春大学16,化材药,材料组,低,同族,420416,材料类
物理|本科批|长春大学|长春大学17,生环食品,食品工程组,低,同族,420417,食品科学与工程类
物理|本科批|长春大学|长春大学18,理学基础、带电工科,带电+理学组,低,相近混合,420418,数学类、计算机类
物理|本科批|长春大学|长春大学19,带电工科,计算机组,低,同族,420419,计算机类
物理|本科批|长春大学|长春大学20,带电工科,电气组,低,同族,420420,电气类
历史|本科批|长春工业大学|长春工业大学01,艺术传媒、文法教育,文法+艺术组,低,相近混合,420501,戏剧与影视学类、新闻传播学类
历史|本科批|长春工业大学|长春工业大学02,文法教育,外语组,低,同族,420502,外国语言文学类
物理|本科批|长春工业大学|长春工业大学03,机械能源、经管商贸,经管+机械混合组,低,跨界混合,420503,工业工程类、经济学类、工商管理类、管理科学与工程类、金融学类
物理|本科批|长春工业大学|长春工业大学04,机械能源,机械组,低,同族,420504,机械类
物理|本科批|长春工业大学|长春工业大学05,带电工科,电气组,低,同族,420505,电气类
物理|本科批|长春工业大学|长春工业大学06,化材药,材料组,低,同族,420506,材料类
物理|本科批|长春工业大学|长春工业大学07,机械能源,机械组,低,同族,420507,机械类
物理|本科批|长春工业大学|长春工业大学08,理学基础,统计组,低,同族,420508,统计学类
物理|本科批|长春工业大学|长春工业大学09,生环食品、化材药,生环食品组（含化工制药/化学）,中,相近混合,420509,环境科学与工程类、化工与制药类、化学类、生物工程类、食品科学与工程类
物理|本科批|长春工业大学|长春工业大学10,带电工科,计算机组,低,同族,420510,计算机类
物理|本科批|长春工业大学|长春工业大学11,机械能源、带电工科,带电+机械组,中,相近混合,420511,机械类、电气类、自动化类、仪器类、计算机类、电子信息类
物理|本科批|长春工业大学|长春工业大学12,理学基础,数理基础组,低,同族,420512,数学类、统计学类
物理|本科批|长春工业大学|长春工业大学13,化材药,化材药组,低,同族,420513,材料类、化工与制药类
物理|本科批|长春工业大学|长春工业大学14,带电工科,电子信息组,低,同族,420514,电子信息类
历史|本科批|吉林财经大学|吉林财经大学01,经管商贸,财经组,低,同族,420601,财政学类、金融学类、经济学类
历史|本科批|吉林财经大学|吉林财经大学02,文法教育,文新外语组,低,同族,420602,外国语言文学类、新闻传播学类
历史|本科批|吉林财经大学|吉林财经大学03,经管商贸,经管商贸组,低,同族,420603,金融学类、工商管理类
历史|本科批|吉林财经大学|吉林财经大学04,经管商贸,工商管理组,低,同族,420604,工商管理类
历史|本科批|吉林财经大学|吉林财经大学05,经管商贸,工商管理组,低,同族,420605,工商管理类
历史|本科批|吉林财经大学|吉林财经大学06,文法教育,法学组,低,同族,420606,法学类
历史|本科批|吉林财经大学|吉林财经大学07,经管商贸,公管组,低,同族,420607,公共管理类
物理|本科批|吉林财经大学|吉林财经大学08,经管商贸,管工组,低,同族,420608,管理科学与工程类
物理|本科批|吉林财经大学|吉林财经大学09,经管商贸,工商管理组,低,同族,420609,工商管理类
物理|本科批|吉林财经大学|吉林财经大学10,文法教育,法学组,低,同族,420610,法学类
物理|本科批|吉林财经大学|吉林财经大学11,经管商贸,经管商贸组,低,同族,420611,金融学类、工商管理类
物理|本科批|吉林财经大学|吉林财经大学12,经管商贸,财经组,低,同族,420612,财政学类、金融学类
物理|本科批|吉林财经大学|吉林财经大学13,带电工科、理学基础,理学+带电组,低,相近混合,420613,计算机类、数学类、统计学类
历史|本科批|长春师范大学|长春师范大学01,艺术传媒,戏剧影视组,低,同族,420701,戏剧与影视学类
历史|本科批|长春师范大学|长春师范大学02,经管商贸,电商组,低,同族,420702,电子商务类
历史|本科批|长春师范大学|长春师范大学03,文法教育,文法教育组,低,同族,420703,外国语言文学类、历史学类
物理|本科批|长春师范大学|长春师范大学04,文法教育,教育组,低,同族,420704,教育学类
物理|本科批|长春师范大学|长春师范大学05,化材药、生环食品、理学基础,理学基础组（含化学/生物科学）,中,相近混合,420705,化学类、生物科学类、物理学类、数学类
物理|本科批|长春师范大学|长春师范大学06,机械能源、带电工科,带电+机械组,低,相近混合,420706,机械类、电子信息类
物理|本科批|长春师范大学|长春师范大学07,带电工科,计算机组,低,同族,420707,计算机类
物理|本科批|长春师范大学|长春师范大学08,理学基础,地理科学组,低,同族,420708,地理科学类
历史|本科批|长春理工大学|长春理工大学01,经管商贸、文法教育,经管+文法组,低,相近混合,420801,工商管理类、新闻传播学类
物理|本科批|长春理工大学|长春理工大学02,经管商贸,经管商贸组,低,同族,420802,金融学类、经济与贸易类、工商管理类、管理科学与工程类
物理|本科批|长春理工大学|长春理工大学03,带电工科,电子信息组,低,同族,420803,电子信息类
物理|本科批|长春理工大学|长春理工大学04,理学基础、带电工科、机械能源、军警安全、化材药,大理工组（夹材料/化学/化工制药）,中,大杂烩,420804,物理学类、电子信息类、仪器类、兵器类、机械类、电气类、计算机类、自动化类、材料类、化学类、化工与制药类、统计学类、数学类
物理|本科批|长春理工大学|长春理工大学05,理学基础、带电工科、机械能源,带电+理学+机械组,中,相近混合,420805,物理学类、电子信息类、仪器类
物理|本科批|长春理工大学|长春理工大学06,带电工科,电子信息组,低,同族,420806,电子信息类
物理|本科批|长春理工大学|长春理工大学07,生环食品,生物科学组,低,同族,420807,生物科学类
历史|本科批|长春工程学院|长春工程学院01,试验班,预科组,低,同族,420901,预科班类
历史|本科批|长春工程学院|长春工程学院02,经管商贸、文法教育,经管+文法组,低,相近混合,420902,工商管理类、外国语言文学类
物理|本科批|长春工程学院|长春工程学院03,试验班,预科组,低,同族,420903,预科班类
物理|本科批|长春工程学院|长春工程学院04,土建测绘,建筑组,中,同族,420904,建筑类
物理|本科批|长春工程学院|长春工程学院05,机械能源,机械能源组,低,同族,420905,航空装备类、汽车制造类
物理|本科批|长春工程学院|长春工程学院06,带电工科、机械能源、化材药、土建测绘、地矿安全,大理工组（夹材料/测绘/安全工程/水利）,高,大杂烩,420906,电子信息类、能源动力类、电气类、计算机类、自动化类、材料类、测绘类、机械类、安全科学与工程类、水利类
历史|本科批|吉林建筑大学|吉林建筑大学01,土建测绘,建筑组,中,同族,421001,建筑类
历史|本科批|吉林建筑大学|吉林建筑大学02,土建测绘、文法教育,文法教育组（含建筑）,中,跨界混合,421002,建筑类、社会学类
物理|本科批|吉林建筑大学|吉林建筑大学03,土建测绘,建筑组,中,同族,421003,建筑类
物理|本科批|吉林建筑大学|吉林建筑大学04,土建测绘、经管商贸,经管商贸组（含建筑）,中,跨界混合,421004,建筑类、管理科学与工程类、经济学类
物理|本科批|吉林建筑大学|吉林建筑大学05,土建测绘、理学基础、化材药、带电工科、地矿安全、军警安全,大理工组（夹土木/材料/地质工程/安全工程等）,高,大杂烩,421005,土木类、力学类、材料类、计算机类、地质类、地理科学类、安全科学与工程类、公安技术类、测绘类
物理|本科批|吉林建筑大学|吉林建筑大学06,土建测绘,土木组,中,同族,421006,土木类
物理|本科批|吉林建筑大学|吉林建筑大学07,带电工科,电气组,低,同族,421007,电气类
物理|本科批|吉林建筑大学|吉林建筑大学08,土建测绘,土木组,中,同族,421008,土木类
物理|本科批|吉林建筑大学|吉林建筑大学09,土建测绘,建筑组,中,同族,421009,建筑类
历史|本科批|吉林工程技术师范学院|吉林工程技术师范学院01,文法教育,文法教育组,低,同族,421201,教育学类、外国语言文学类、新闻传播学类
物理|本科批|吉林工程技术师范学院|吉林工程技术师范学院02,带电工科,电气组,低,同族,421202,电气类
物理|本科批|吉林工程技术师范学院|吉林工程技术师范学院03,带电工科、机械能源、化材药、生环食品、理学基础,大理工组（夹化工制药/食品工程）,中,大杂烩,421203,自动化类、机械类、化工与制药类、食品科学与工程类、计算机类、数学类
物理|本科批|吉林工程技术师范学院|吉林工程技术师范学院04,经管商贸,经济组,低,同族,421204,经济学类
物理|本科批|吉林工程技术师范学院|吉林工程技术师范学院05,理学基础,数学组,低,同族,421205,数学类
历史|本科批|吉林体育学院|吉林体育学院01,文法教育,公共服务组,低,同族,421301,公共服务类
物理|本科批|吉林体育学院|吉林体育学院02,医药护理,康复组,中,同族,421302,康复治疗类
物理|本科批|吉林体育学院|吉林体育学院03,文法教育,公共服务组,低,同族,421303,公共服务类
物理|本科批|长春中医药大学|长春中医药大学01,医药护理,中医组,低,同族,421401,中医学类
物理|本科批|长春中医药大学|长春中医药大学02,医药护理、化材药,化材药+医药组,低,相近混合,421402,临床医学类、药学类、中药学类
历史|本科批|吉林师范大学|吉林师范大学01,文法教育,外语组,低,同族,421501,外国语言文学类
历史|本科批|吉林师范大学|吉林师范大学02,文法教育,外语组,低,同族,421502,外国语言文学类
历史|本科批|吉林师范大学|吉林师范大学03,文法教育、经管商贸,文法教育组（含工商管理）,低,相近混合,421503,民族学类、教育学类、工商管理类
历史|本科批|吉林师范大学|吉林师范大学04,理学基础,地理科学组,低,同族,421504,地理科学类
物理|本科批|吉林师范大学|吉林师范大学05,经管商贸,经贸组,低,同族,421505,经济与贸易类
物理|本科批|吉林师范大学|吉林师范大学06,带电工科、生环食品,带电工科组（夹环境）,高,冷热混放,421506,计算机类、电子信息类、环境科学与工程类
历史|本科批|吉林警察学院|吉林警察学院01,文法教育,法学组,低,同族,422001,法学类
物理|本科批|吉林警察学院|吉林警察学院02,文法教育、经管商贸,经管+文法组,低,相近混合,422002,法学类、工商管理类
物理|本科批|吉林警察学院|吉林警察学院03,带电工科,计算机组,低,同族,422003,计算机类
物理|本科批|长春汽车职业技术大学|长春汽车职业技术大学01,交通航空、机械能源、带电工科、经管商贸,大理工组（夹物流）,中,大杂烩,422201,道路运输类、汽车制造类、机械设计制造类、自动化类、物流类
物理|本科批|吉林农业科技学院|吉林农业科技学院01,生环食品、农林动物,生环食品组（含动物医学）,低,相近混合,422501,食品科学与工程类、动物医学类
物理|本科批|吉林农业科技学院|吉林农业科技学院02,机械能源、带电工科、土建测绘,带电工科组（夹水利）,高,冷热混放,422502,机械类、电气类、水利类
历史|本科批|吉林医药学院|吉林医药学院01,经管商贸,公管组,低,同族,422801,公共管理类
物理|本科批|吉林医药学院|吉林医药学院02,文法教育,心理组,低,同族,422802,心理学类
物理|本科批|吉林医药学院|吉林医药学院03,生环食品、医药护理、化材药、试验班,医工混合组（含生物科学/食品工程）,高,大杂烩,422803,生物科学类、生物医学工程类、食品科学与工程类、药学类、中药学类、医学技术类、交叉学科类、护理学类
物理|本科批|吉林医药学院|吉林医药学院04,生环食品,生物工程组,低,同族,422804,生物工程类
物理|本科批|吉林医药学院|吉林医药学院05,生环食品,生物工程组,低,同族,422805,生物工程类
物理|本科批|吉林医药学院|吉林医药学院06,医药护理,医药护理组,低,同族,422806,临床医学类、公共卫生与预防医学类
物理|本科批|东北电力大学|东北电力大学01,经管商贸,工商管理组,低,同族,423101,工商管理类
物理|本科批|东北电力大学|东北电力大学02,经管商贸,管理组,低,同族,423102,工商管理类、管理科学与工程类
物理|本科批|东北电力大学|东北电力大学03,带电工科,电气组,低,同族,423103,电气类
物理|本科批|东北电力大学|东北电力大学04,带电工科、机械能源,带电+机械组,低,相近混合,423104,电子信息类、能源动力类、核工程类、自动化类、计算机类
物理|本科批|东北电力大学|东北电力大学05,带电工科,自动化组,低,同族,423105,自动化类
物理|本科批|东北电力大学|东北电力大学06,带电工科,计算机组,低,同族,423106,计算机类
物理|本科批|东北电力大学|东北电力大学07,带电工科,电气组,低,同族,423107,电气类
物理|本科批|东北电力大学|东北电力大学08,土建测绘,土木组,中,同族,423108,土木类
历史|本科批|北华大学|北华大学01,文法教育,外语组,低,同族,423201,外国语言文学类
历史|本科批|北华大学|北华大学02,文法教育,文法教育组,低,同族,423202,教育学类、中国语言文学类、外国语言文学类
历史|本科批|北华大学|北华大学03,文法教育,马理论组,低,同族,423203,马克思主义理论类
物理|本科批|北华大学|北华大学04,医药护理,医药护理组,中,同族,423204,口腔医学类、公共卫生与预防医学类、医学技术类、护理学类
物理|本科批|北华大学|北华大学05,带电工科,计算机组,低,同族,423205,计算机类
物理|本科批|北华大学|北华大学06,机械能源、带电工科,带电+机械组,低,相近混合,423206,机械类、电气类、自动化类
物理|本科批|北华大学|北华大学07,理学基础、生环食品,理学基础组（含生物科学）,低,相近混合,423207,数学类、物理学类、生物科学类
物理|本科批|北华大学|北华大学08,带电工科,电子信息组,低,同族,423208,电子信息类
物理|本科批|北华大学|北华大学09,带电工科、化材药、土建测绘,带电工科组（夹土木）,高,冷热混放,423209,计算机类、药学类、土木类
物理|本科批|北华大学|北华大学10,化材药、农林动物、土建测绘,农林动物组（含化学/土木）,中,跨界混合,423210,化学类、林业工程类、土木类、林学类
物理|本科批|北华大学|北华大学11,医药护理,临床组,低,同族,423211,临床医学类
历史|本科批|通化师范学院|通化师范学院01,文法教育、经管商贸,经管+文法组,中,相近混合,423301,中国语言文学类、历史学类、旅游管理类、金融学类
物理|本科批|通化师范学院|通化师范学院02,机械能源,航空装备组,低,同族,423302,航空装备类
物理|本科批|通化师范学院|通化师范学院03,化材药、机械能源、带电工科,带电工科组（夹化学）,中,跨界混合,423303,化学类、机械类、计算机类
物理|本科批|通化师范学院|通化师范学院04,理学基础,地理科学组,低,同族,423304,地理科学类
物理|本科批|吉林化工大学|吉林化工大学01,经管商贸,财经组,低,同族,423501,金融学类、经济与贸易类
物理|本科批|吉林化工大学|吉林化工大学02,化材药、地矿安全、机械能源、带电工科、生环食品、交通航空,大理工组（夹化工制药/矿业/化学/环境等）,高,大杂烩,423502,化工与制药类、矿业类、化学类、机械类、能源动力类、仪器类、电气类、环境科学与工程类、材料类、食品科学与工程类、航空航天类、电子信息类、计算机类
历史|本科批|吉林工商学院|吉林工商学院01,经管商贸、文法教育,经管+文法组,低,相近混合,423701,财政学类、金融学类、新闻传播学类、工商管理类、物流管理与工程类
物理|本科批|吉林工商学院|吉林工商学院02,经管商贸、文法教育,经管+文法组,低,相近混合,423702,经济学类、财政学类、金融学类、新闻传播学类、工商管理类
物理|本科批|吉林工商学院|吉林工商学院03,机械能源、带电工科、生环食品,生环+机械+带电组,中,跨界混合,423703,机械类、计算机类、食品科学与工程类、生物工程类
历史|本科批|白城师范学院|白城师范学院01,文法教育,文法教育组,低,同族,424101,教育学类、法学类
历史|本科批|白城师范学院|白城师范学院02,文法教育,马理论组,低,同族,424102,马克思主义理论类
历史|本科批|白城师范学院|白城师范学院03,理学基础,地理科学组,低,同族,424103,地理科学类
物理|本科批|白城师范学院|白城师范学院04,文法教育,新闻传播组,低,同族,424104,新闻传播学类
物理|本科批|白城师范学院|白城师范学院05,文法教育,教育组,低,同族,424105,教育学类
物理|本科批|白城师范学院|白城师范学院06,文法教育,教育组,低,同族,424106,教育学类
物理|本科批|白城师范学院|白城师范学院07,生环食品、带电工科、化材药、机械能源、土建测绘,大理工组（夹生物科学/化学/土木）,高,大杂烩,424107,生物科学类、电子信息类、化学类、机械类、土木类
物理|本科批|白城师范学院|白城师范学院08,带电工科,计算机组,低,同族,424108,计算机类
物理|本科批|白城师范学院|白城师范学院09,带电工科,计算机组,低,同族,424109,计算机类
物理|本科批|白城师范学院|白城师范学院10,理学基础,地理科学组,低,同族,424110,地理科学类
历史|本科批|哈尔滨工业大学|哈尔滨工业大学01,试验班,经管试验班组,低,同族,430101,经济管理试验班类
物理|提前本科批|哈尔滨工业大学|哈尔滨工业大学02,试验班,工科试验班组,低,同族,430102,工科试验班类
物理|本科批|哈尔滨工业大学|哈尔滨工业大学03,土建测绘,建筑组,中,同族,430103,建筑类
物理|本科批|哈尔滨工业大学|哈尔滨工业大学04,经管商贸,管工组,低,同族,430104,管理科学与工程类
物理|本科批|哈尔滨工业大学|哈尔滨工业大学05,理学基础,数学组,低,同族,430105,数学类
物理|本科批|哈尔滨工业大学|哈尔滨工业大学06,生环食品,生物科学组,低,同族,430106,生物科学类
物理|本科批|哈尔滨工业大学|哈尔滨工业大学07,化材药,化学组,低,同族,430107,化学类
物理|本科批|哈尔滨工业大学|哈尔滨工业大学08,理学基础,物理组,低,同族,430108,物理学类
物理|本科批|哈尔滨工业大学|哈尔滨工业大学09,试验班、带电工科,带电组,低,同族,430109,工科试验班类、交叉学科类、电子信息类
历史|本科批|哈尔滨工程大学|哈尔滨工程大学01,文法教育、经管商贸,文法教育组（夹工商管理）,中,相近混合,430201,外国语言文学类、法学类、社会学类、工商管理类
历史|本科批|哈尔滨工程大学|哈尔滨工程大学02,文法教育,外语组,低,同族,430202,外国语言文学类
历史|本科批|哈尔滨工程大学|哈尔滨工程大学03,文法教育,马理论组,低,同族,430203,马克思主义理论类
物理|提前本科批|哈尔滨工程大学|哈尔滨工程大学04,土建测绘、经管商贸、化材药、带电工科,大理工组（夹水利/材料）,高,大杂烩,430204,水利类、管理科学与工程类、材料类、电子信息类
物理|本科批|哈尔滨工程大学|哈尔滨工程大学05,交通航空、机械能源、带电工科,带电+交通+机械组,中,相近混合,430205,海洋工程类、航空航天类、核工程类、自动化类、电子信息类
物理|本科批|哈尔滨工程大学|哈尔滨工程大学06,带电工科,计算机组,低,同族,430206,计算机类
物理|本科批|哈尔滨工程大学|哈尔滨工程大学07,带电工科,电子信息组,低,同族,430207,电子信息类
物理|本科批|哈尔滨工程大学|哈尔滨工程大学08,机械能源,核工程组,低,同族,430208,核工程类
物理|本科批|哈尔滨工程大学|哈尔滨工程大学09,带电工科,计算机电子组,低,同族,430209,电子信息类、计算机类
物理|本科批|哈尔滨工程大学|哈尔滨工程大学10,化材药,材料组,低,同族,430210,材料类
物理|本科批|哈尔滨工程大学|哈尔滨工程大学11,机械能源,机械能源组,低,同族,430211,能源动力类、机械类
物理|本科批|哈尔滨工程大学|哈尔滨工程大学12,带电工科,电子信息组,低,同族,430212,电子信息类
物理|本科批|哈尔滨工程大学|哈尔滨工程大学13,试验班,交叉学科组,低,同族,430213,交叉学科类
物理|本科批|哈尔滨工程大学|哈尔滨工程大学14,带电工科,自动化组,低,同族,430214,自动化类
物理|本科批|哈尔滨工程大学|哈尔滨工程大学15,交通航空,航空航天组,低,同族,430215,航空航天类
物理|本科批|哈尔滨工程大学|哈尔滨工程大学16,带电工科,电子信息组,低,同族,430216,电子信息类
物理|本科批|哈尔滨工程大学|哈尔滨工程大学17,交通航空,海洋工程组,低,同族,430217,海洋工程类
物理|本科批|哈尔滨工程大学|哈尔滨工程大学18,交通航空,航空航天组,低,同族,430218,航空航天类
物理|本科批|哈尔滨工程大学|哈尔滨工程大学19,机械能源,核工程组,低,同族,430219,核工程类
物理|本科批|哈尔滨工程大学|哈尔滨工程大学20,机械能源,机械组,低,同族,430220,机械类
物理|本科批|哈尔滨工程大学|哈尔滨工程大学21,机械能源、化材药、带电工科,带电工科组（夹材料）,中,跨界混合,430221,机械类、材料类、电子信息类
物理|本科批|哈尔滨工程大学|哈尔滨工程大学22,土建测绘,土木组,中,同族,430222,土木类
历史|本科批|东北林业大学|东北林业大学01,土建测绘、经管商贸、文法教育,文法教育组（夹建筑/工商管理）,高,冷热混放,430301,建筑类、工商管理类、法学类、社会学类、新闻传播学类、外国语言文学类
物理|提前本科批|东北林业大学|东北林业大学02,农林动物,林学组,低,同族,430302,林学类
物理|本科批|东北林业大学|东北林业大学03,经管商贸,管工组,低,同族,430303,管理科学与工程类
物理|本科批|东北林业大学|东北林业大学04,机械能源、带电工科、生环食品、交通航空,大理工组（夹生物科学/生物工程）,中,大杂烩,430304,机械类、计算机类、电子信息类、生物科学类、生物工程类、交通运输类、电气类、自动化类
物理|本科批|东北林业大学|东北林业大学05,带电工科、生环食品、化材药,带电工科组（夹生物科学/化学）,中,跨界混合,430305,计算机类、生物科学类、化学类
物理|本科批|东北林业大学|东北林业大学06,带电工科,计算机组,低,同族,430306,计算机类
历史|本科批|东北农业大学|东北农业大学01,经管商贸、文法教育,经管+文法组,低,相近混合,430401,工商管理类、公共管理类、中国语言文学类
物理|本科批|东北农业大学|东北农业大学02,农林动物、机械能源、生环食品、土建测绘、带电工科,大理工组（夹动物医学/食品工程/水利）,高,大杂烩,430402,动物医学类、能源动力类、食品科学与工程类、水利类、电气类、计算机类、电子信息类
历史|本科批|黑龙江中医药大学|黑龙江中医药大学01,医药护理,中医组,低,同族,430501,中医学类
物理|本科批|黑龙江中医药大学|黑龙江中医药大学02,医药护理,中医组,低,同族,430502,中医学类
物理|本科批|黑龙江中医药大学|黑龙江中医药大学03,化材药、生环食品,化材药组（含生物科学）,低,相近混合,430503,中药学类、药学类、化工与制药类、生物科学类
历史|本科批|黑龙江工程学院|黑龙江工程学院01,文法教育,社会学组,低,同族,430601,社会学类
物理|本科批|黑龙江工程学院|黑龙江工程学院02,经管商贸、文法教育,经管+文法组,低,相近混合,430602,管理科学与工程类、金融学类、社会学类
物理|本科批|黑龙江工程学院|黑龙江工程学院03,带电工科、土建测绘、机械能源、化材药,大理工组（夹测绘/材料/土木）,高,大杂烩,430603,电气类、测绘类、机械类、材料类、电子信息类、土木类
物理|本科批|黑龙江工程学院|黑龙江工程学院04,理学基础,地理科学组,低,同族,430604,地理科学类
历史|本科批|哈尔滨商业大学|哈尔滨商业大学01,经管商贸、文法教育,经管+文法组,低,相近混合,430701,经济与贸易类、金融学类、物流管理与工程类、法学类、新闻传播学类
物理|本科批|哈尔滨商业大学|哈尔滨商业大学02,经管商贸,经管商贸组,低,同族,430702,经济学类、财政学类、物流管理与工程类、工商管理类
物理|本科批|哈尔滨商业大学|哈尔滨商业大学03,生环食品、化材药,化材药组（含食品工程/生物工程）,低,相近混合,430703,食品科学与工程类、生物工程类、化工与制药类、药学类、中药学类
物理|本科批|哈尔滨商业大学|哈尔滨商业大学04,机械能源、生环食品、带电工科,带电工科组（夹轻工）,高,冷热混放,430704,机械类、轻工类、自动化类、电子信息类、计算机类、能源动力类
物理|本科批|哈尔滨理工大学|哈尔滨理工大学01,经管商贸,经管商贸组,低,同族,430801,管理科学与工程类、工商管理类、金融学类
物理|本科批|哈尔滨理工大学|哈尔滨理工大学02,机械能源,机械能源组,低,同族,430802,机械类、能源动力类
物理|本科批|哈尔滨理工大学|哈尔滨理工大学03,带电工科、机械能源、地矿安全,带电工科组（夹安全工程）,高,冷热混放,430803,电子信息类、仪器类、安全科学与工程类、能源动力类、自动化类
物理|本科批|哈尔滨理工大学|哈尔滨理工大学04,带电工科,电气组,低,同族,430804,电气类
物理|本科批|哈尔滨理工大学|哈尔滨理工大学05,化材药、机械能源,化材药+机械混合组,低,跨界混合,430805,材料类、机械类、化工与制药类
物理|本科批|哈尔滨理工大学|哈尔滨理工大学06,带电工科,计算机电子组,低,同族,430806,计算机类、电子信息类
历史|本科批|哈尔滨医科大学|哈尔滨医科大学01,医药护理,护理组,中,同族,430901,护理学类
历史|本科批|哈尔滨医科大学|哈尔滨医科大学02,医药护理,护理组,中,同族,430902,护理学类
物理|本科批|哈尔滨医科大学|哈尔滨医科大学03,医药护理,临床组,低,同族,430903,临床医学类
物理|本科批|哈尔滨医科大学|哈尔滨医科大学04,化材药,化材药组,低,同族,430904,药学类、中药学类
物理|本科批|哈尔滨医科大学|哈尔滨医科大学05,带电工科、医药护理,带电工科组（夹医学技术）,中,跨界混合,430905,电子信息类、医学技术类
物理|本科批|哈尔滨医科大学|哈尔滨医科大学06,生环食品,生物科学组,低,同族,430906,生物科学类
物理|本科批|哈尔滨医科大学|哈尔滨医科大学07,医药护理、化材药,医药+化材药组,低,相近混合,430907,基础医学类、公共卫生与预防医学类、药学类
物理|本科批|哈尔滨医科大学|哈尔滨医科大学08,医药护理,临床口腔组,低,同族,430908,临床医学类、口腔医学类
物理|本科批|哈尔滨医科大学|哈尔滨医科大学09,医药护理,护理组,中,同族,430909,护理学类
物理|本科批|哈尔滨医科大学|哈尔滨医科大学10,医药护理,护理组,中,同族,430910,护理学类
历史|本科批|黑龙江科技大学|黑龙江科技大学01,土建测绘,建筑组,中,同族,431001,建筑类
物理|本科批|黑龙江科技大学|黑龙江科技大学02,土建测绘、机械能源,机械能源组（含建筑）,中,相近混合,431002,建筑类、工业工程类
物理|本科批|黑龙江科技大学|黑龙江科技大学03,带电工科,带电工科组,低,同族,431003,电气类、电子信息类、计算机类
物理|本科批|黑龙江科技大学|黑龙江科技大学04,机械能源、带电工科、土建测绘、生环食品,大理工组（夹测绘/环境）,高,大杂烩,431004,机械类、电气类、电子信息类、计算机类、测绘类、环境科学与工程类
物理|本科批|黑龙江科技大学|黑龙江科技大学05,土建测绘,土木组,中,同族,431005,土木类
历史|提前本科批|黑龙江大学|黑龙江大学01,文法教育,外语组,低,同族,431101,外国语言文学类
历史|提前本科批|黑龙江大学|黑龙江大学02,文法教育,外语组,低,同族,431102,外国语言文学类
历史|提前本科批|黑龙江大学|黑龙江大学03,经管商贸,电商组,低,同族,431103,电子商务类
历史|本科批|黑龙江大学|黑龙江大学04,文法教育,哲学组,低,同族,431104,哲学类
历史|本科批|黑龙江大学|黑龙江大学05,文法教育,中文组,低,同族,431105,中国语言文学类
历史|本科批|黑龙江大学|黑龙江大学06,经管商贸,财经组,低,同族,431106,经济学类、金融学类
历史|本科批|黑龙江大学|黑龙江大学07,文法教育,政治学组,低,同族,431107,政治学类
物理|提前本科批|黑龙江大学|黑龙江大学08,文法教育,外语组,低,同族,431108,外国语言文学类
物理|提前本科批|黑龙江大学|黑龙江大学09,农林动物,农业工程组,低,同族,431109,农业工程类
物理|本科批|黑龙江大学|黑龙江大学10,经管商贸,经管商贸组,低,同族,431110,工商管理类、金融学类
物理|本科批|黑龙江大学|黑龙江大学11,带电工科、机械能源,带电+机械组,低,相近混合,431111,电气类、机械类
物理|本科批|黑龙江大学|黑龙江大学12,理学基础,物理组,低,同族,431112,物理学类
物理|本科批|黑龙江大学|黑龙江大学13,化材药,化学组,低,同族,431113,化学类
物理|本科批|黑龙江大学|黑龙江大学14,理学基础,数学组,低,同族,431114,数学类
物理|本科批|黑龙江大学|黑龙江大学15,土建测绘,土建水利组,中,同族,431115,土木类、水利类
物理|本科批|黑龙江大学|黑龙江大学16,带电工科,计算机组,低,同族,431116,计算机类
历史|本科批|哈尔滨师范大学|哈尔滨师范大学01,经管商贸,经管商贸组,低,同族,431201,工商管理类、公共管理类、电子商务类
历史|本科批|哈尔滨师范大学|哈尔滨师范大学02,文法教育,外语组,低,同族,431202,外国语言文学类
历史|本科批|哈尔滨师范大学|哈尔滨师范大学03,文法教育,外语组,低,同族,431203,外国语言文学类
历史|本科批|哈尔滨师范大学|哈尔滨师范大学04,文法教育,新闻传播组,低,同族,431204,新闻传播学类
历史|本科批|哈尔滨师范大学|哈尔滨师范大学05,文法教育,中文组,低,同族,431205,中国语言文学类
物理|本科批|哈尔滨师范大学|哈尔滨师范大学06,文法教育,中文组,低,同族,431206,中国语言文学类
物理|本科批|哈尔滨师范大学|哈尔滨师范大学07,文法教育,外语组,低,同族,431207,外国语言文学类
物理|本科批|哈尔滨师范大学|哈尔滨师范大学08,经管商贸,经管商贸组,低,同族,431208,工商管理类、电子商务类
物理|本科批|哈尔滨师范大学|哈尔滨师范大学09,文法教育,新闻传播组,低,同族,431209,新闻传播学类
物理|本科批|哈尔滨师范大学|哈尔滨师范大学10,理学基础,数学组,低,同族,431210,数学类
物理|本科批|哈尔滨师范大学|哈尔滨师范大学11,生环食品,生物科学组,低,同族,431211,生物科学类
物理|本科批|哈尔滨师范大学|哈尔滨师范大学12,理学基础,物理组,低,同族,431212,物理学类
物理|本科批|哈尔滨师范大学|哈尔滨师范大学13,理学基础,地理科学组,低,同族,431213,地理科学类
物理|本科批|哈尔滨师范大学|哈尔滨师范大学14,化材药,化材药组,低,同族,431214,材料类、化工与制药类
物理|本科批|哈尔滨师范大学|哈尔滨师范大学15,理学基础,地理科学组,低,同族,431215,地理科学类
历史|本科批|牡丹江师范学院|牡丹江师范学院01,文法教育,文法教育组,低,同族,431401,法学类、外国语言文学类
物理|本科批|牡丹江师范学院|牡丹江师范学院02,经管商贸、文法教育,文法+经管组,低,相近混合,431402,经济学类、外国语言文学类、法学类
物理|本科批|牡丹江师范学院|牡丹江师范学院03,生环食品、带电工科,带电工科组（夹生物科学）,中,跨界混合,431403,生物科学类、电气类、计算机类
历史|本科批|哈尔滨金融学院|哈尔滨金融学院01,经管商贸、文法教育,经管+文法组,低,相近混合,431501,工商管理类、金融学类、外国语言文学类、公共管理类
物理|本科批|哈尔滨金融学院|哈尔滨金融学院02,经管商贸、文法教育,经管+文法组,低,相近混合,431502,经济与贸易类、金融学类、工商管理类、法学类
物理|本科批|哈尔滨金融学院|哈尔滨金融学院03,理学基础,数学组,低,同族,431503,数学类
历史|本科批|东北石油大学|东北石油大学01,经管商贸,工商管理组,低,同族,432101,工商管理类
物理|本科批|东北石油大学|东北石油大学02,带电工科、机械能源、化材药、生环食品、地矿安全、土建测绘,大理工组（夹化工制药/环境/矿业/地质工程等）,高,大杂烩,432102,电气类、电子信息类、机械类、化工与制药类、环境科学与工程类、计算机类、矿业类、地质类、自动化类、能源动力类、土木类
历史|本科批|哈尔滨学院|哈尔滨学院01,文法教育,文法教育组,低,同族,432301,社会学类、中国语言文学类
历史|本科批|哈尔滨学院|哈尔滨学院02,文法教育、经管商贸,经管+文法组,低,相近混合,432302,教育学类、金融学类、工商管理类
历史|本科批|哈尔滨学院|哈尔滨学院03,理学基础,地理科学组,低,同族,432303,地理科学类
物理|本科批|哈尔滨学院|哈尔滨学院04,文法教育、经管商贸,经管+文法组,低,相近混合,432304,教育学类、金融学类
物理|本科批|哈尔滨学院|哈尔滨学院05,土建测绘、带电工科、理学基础、化材药、机械能源,大理工组（夹土木/化学/化工制药）,高,大杂烩,432305,土木类、电气类、数学类、计算机类、化学类、化工与制药类、电子信息类、机械类
物理|本科批|哈尔滨学院|哈尔滨学院06,理学基础,地理科学组,低,同族,432306,地理科学类
历史|本科批|大庆师范学院|大庆师范学院01,文法教育,教育组,低,同族,432401,教育学类
物理|本科批|大庆师范学院|大庆师范学院02,文法教育,教育组,低,同族,432402,教育学类
物理|本科批|大庆师范学院|大庆师范学院03,带电工科,计算机组,低,同族,432403,计算机类
物理|本科批|大庆师范学院|大庆师范学院04,化材药、地矿安全、生环食品,化材药组（含矿业/生物科学）,中,跨界混合,432404,化学类、矿业类、生物科学类
物理|本科批|大庆师范学院|大庆师范学院05,化材药,化工制药组,低,同族,432405,化工与制药类
物理|本科批|大庆师范学院|大庆师范学院06,化材药,化学组,低,同族,432406,化学类
物理|本科批|大庆师范学院|大庆师范学院07,理学基础,数学组,低,同族,432407,数学类
历史|本科批|齐齐哈尔医学院|齐齐哈尔医学院01,文法教育,心理组,低,同族,433101,心理学类
物理|本科批|齐齐哈尔医学院|齐齐哈尔医学院02,化材药,药学组,低,同族,433102,药学类
物理|本科批|齐齐哈尔医学院|齐齐哈尔医学院03,医药护理,临床口腔组,低,同族,433103,临床医学类、口腔医学类
历史|本科批|齐齐哈尔大学|齐齐哈尔大学01,文法教育、经管商贸,文法教育组（含工商管理）,低,相近混合,433201,外国语言文学类、工商管理类、新闻传播学类
物理|本科批|齐齐哈尔大学|齐齐哈尔大学02,土建测绘,建筑组,中,同族,433202,建筑类
物理|本科批|齐齐哈尔大学|齐齐哈尔大学03,理学基础、机械能源、带电工科,带电+理学+机械组,中,相近混合,433203,数学类、机械类、电气类
物理|本科批|齐齐哈尔大学|齐齐哈尔大学04,化材药,化材药组,低,同族,433204,化工与制药类、材料类
物理|本科批|齐齐哈尔大学|齐齐哈尔大学05,化材药、机械能源、生环食品,机械能源组（含材料/纺织）,中,跨界混合,433205,材料类、机械类、纺织类
物理|本科批|齐齐哈尔大学|齐齐哈尔大学06,带电工科,计算机电子组,低,同族,433206,计算机类、电子信息类
物理|本科批|齐齐哈尔大学|齐齐哈尔大学07,生环食品、土建测绘,生环食品组（含土木）,中,跨界混合,433207,食品科学与工程类、轻工类、土木类
物理|本科批|齐齐哈尔大学|齐齐哈尔大学08,农林动物,林学组,低,同族,433208,林学类
历史|本科批|黑河学院|黑河学院01,文法教育,外语组,低,同族,433301,外国语言文学类
物理|本科批|黑河学院|黑河学院02,文法教育,外语组,低,同族,433302,外国语言文学类
物理|本科批|黑河学院|黑河学院03,化材药、生环食品、带电工科,带电工科组（夹材料/生物科学）,中,跨界混合,433303,材料类、生物科学类、计算机类
物理|本科批|黑龙江工业学院|黑龙江工业学院01,带电工科、机械能源、生环食品、化材药、地矿安全,大理工组（夹食品工程/材料/化工制药/矿业）,高,大杂烩,434101,计算机类、电子信息类、电气类、机械类、食品科学与工程类、材料类、化工与制药类、矿业类
物理|本科批|哈尔滨职业技术大学|哈尔滨职业技术大学01,机械能源、土建测绘、带电工科,带电工科组（夹市政）,高,冷热混放,434301,航空装备类、市政工程类、电子信息类、自动化类
物理|本科批|佳木斯大学|佳木斯大学01,土建测绘,建筑组,中,同族,435101,建筑类
物理|本科批|佳木斯大学|佳木斯大学02,带电工科,电气自动化组,低,同族,435102,电气类、自动化类
物理|本科批|佳木斯大学|佳木斯大学03,医药护理、化材药、农林动物,医药护理组（含化工制药/植物生产）,中,跨界混合,435103,医学技术类、公共卫生与预防医学类、化工与制药类、植物生产类
物理|本科批|佳木斯大学|佳木斯大学04,生环食品,生物科学组,低,同族,435104,生物科学类
物理|本科批|佳木斯大学|佳木斯大学05,带电工科,自动化组,低,同族,435105,自动化类
物理|本科批|佳木斯大学|佳木斯大学06,医药护理,口腔组,低,同族,435106,口腔医学类
物理|本科批|佳木斯大学|佳木斯大学07,医药护理,医学技术组,低,同族,435107,医学技术类
物理|本科批|佳木斯大学|佳木斯大学08,医药护理,临床组,低,同族,435108,临床医学类
物理|本科批|黑龙江八一农垦大学|黑龙江八一农垦大学01,经管商贸,工商管理组,低,同族,435201,工商管理类
物理|本科批|黑龙江八一农垦大学|黑龙江八一农垦大学02,经管商贸,农经管组,低,同族,435202,农业经济管理类
物理|本科批|黑龙江八一农垦大学|黑龙江八一农垦大学03,生环食品,食品工程组,低,同族,435203,食品科学与工程类
物理|本科批|黑龙江八一农垦大学|黑龙江八一农垦大学04,机械能源、土建测绘,机械能源组（含土木）,中,相近混合,435204,机械类、土木类
物理|本科批|黑龙江八一农垦大学|黑龙江八一农垦大学05,生环食品、化材药、土建测绘,化材药组（含轻工/建筑）,中,跨界混合,435205,轻工类、化工与制药类、化学类、建筑类
物理|本科批|黑龙江八一农垦大学|黑龙江八一农垦大学06,农林动物、生环食品,农林动物组（含食品工程）,低,相近混合,435206,植物生产类、农业工程类、食品科学与工程类
物理|本科批|黑龙江八一农垦大学|黑龙江八一农垦大学07,理学基础,数学组,低,同族,435207,数学类
物理|本科批|黑龙江八一农垦大学|黑龙江八一农垦大学08,农林动物,林学组,低,同族,435208,林学类
历史|本科批|延边大学|延边大学01,文法教育、经管商贸,文法教育组（夹工商管理）,中,相近混合,437101,法学类、工商管理类、外国语言文学类
历史|本科批|延边大学|延边大学02,文法教育,外语组,低,同族,437102,外国语言文学类
物理|本科批|延边大学|延边大学03,经管商贸,工商管理组,低,同族,437103,工商管理类
物理|本科批|延边大学|延边大学04,带电工科、机械能源、生环食品、化材药,大理工组（夹环境）,高,大杂烩,437104,电子信息类、机械类、环境科学与工程类、药学类
物理|本科批|延边大学|延边大学05,医药护理,临床组,低,同族,437105,临床医学类
物理|本科批|牡丹江医科大学|牡丹江医科大学01,医药护理、化材药,医药+化材药组,低,相近混合,438101,公共卫生与预防医学类、药学类、医学技术类
物理|本科批|牡丹江医科大学|牡丹江医科大学02,医药护理,临床口腔组,低,同族,438102,临床医学类、口腔医学类
物理|本科批|牡丹江医科大学|牡丹江医科大学03,医药护理,临床组,低,同族,438103,临床医学类
物理|本科批|牡丹江医科大学|牡丹江医科大学04,医药护理、生环食品,医药护理组（含生物科学）,低,相近混合,438104,医学技术类、生物科学类
历史|本科批|郑州大学|郑州大学01,文法教育,文法教育组,低,同族,510101,中国语言文学类、哲学类
历史|本科批|郑州大学|郑州大学02,经管商贸、文法教育,经管+文法组,低,相近混合,510102,工商管理类、法学类
物理|本科批|郑州大学|郑州大学03,带电工科,带电工科组,低,同族,510103,电子信息类、计算机类、电气类
物理|本科批|郑州大学|郑州大学04,医药护理,临床口腔组,低,同族,510104,口腔医学类、临床医学类
物理|本科批|郑州大学|郑州大学05,理学基础、化材药、带电工科、生环食品,大理工组（夹化学/生物科学）,中,大杂烩,510105,数学类、化学类、电子信息类、生物科学类
物理|本科批|郑州大学|郑州大学06,土建测绘、生环食品,生环食品组（含水利）,中,跨界混合,510106,水利类、环境科学与工程类
物理|本科批|郑州大学|郑州大学07,化材药、机械能源,机械能源组（含材料）,低,跨界混合,510107,材料类、机械类
物理|本科批|郑州大学|郑州大学08,医药护理,公卫组,低,同族,510108,公共卫生与预防医学类
物理|本科批|华北水利水电大学|华北水利水电大学01,土建测绘、地矿安全、带电工科、机械能源、农林动物、理学基础,大理工组（夹水利/安全工程/土木/自然保护）,高,大杂烩,510201,水利类、安全科学与工程类、土木类、电气类、自动化类、机械类、自然保护与环境生态类、数学类、统计学类、地理科学类、计算机类、电子信息类
历史|本科批|中原工学院|中原工学院01,经管商贸,工商管理组,低,同族,510301,工商管理类
物理|本科批|中原工学院|中原工学院02,经管商贸,物流组,低,同族,510302,物流管理与工程类
物理|本科批|中原工学院|中原工学院03,化材药、带电工科、生环食品、土建测绘,大理工组（夹化工制药/纺织/土木）,高,大杂烩,510303,化工与制药类、计算机类、电子信息类、纺织类、土木类、电气类
历史|本科批|河南工业大学|河南工业大学01,经管商贸、文法教育,经管+文法组,中,相近混合,510401,财政学类、电子商务类、法学类、工商管理类、新闻传播学类、外国语言文学类、物流管理与工程类
物理|本科批|河南工业大学|河南工业大学02,经管商贸、土建测绘、文法教育,经管商贸组（夹建筑）,高,冷热混放,510402,管理科学与工程类、工商管理类、经济与贸易类、建筑类、金融学类、经济学类、新闻传播学类
物理|本科批|河南工业大学|河南工业大学03,机械能源、带电工科,带电+机械组,低,相近混合,510403,仪器类、电气类、计算机类、电子信息类、自动化类
物理|本科批|河南工业大学|河南工业大学04,带电工科,计算机组,低,同族,510404,计算机类
物理|本科批|河南工业大学|河南工业大学05,化材药、生环食品、农林动物,化材药组（含食品工程/环境/生物工程/动物生产）,中,跨界混合,510405,材料类、食品科学与工程类、化学类、化工与制药类、环境科学与工程类、生物工程类、动物生产类
物理|本科批|河南工业大学|河南工业大学06,生环食品、化材药,化材药组（含生物工程）,低,相近混合,510406,生物工程类、化工与制药类
物理|本科批|河南工业大学|河南工业大学07,土建测绘、机械能源、理学基础、带电工科,大理工组（夹土木）,高,大杂烩,510407,土木类、机械类、数学类、统计学类、物理学类、能源动力类、仪器类、计算机类
物理|本科批|河南工业大学|河南工业大学08,带电工科,计算机组,低,同族,510408,计算机类
物理|本科批|河南工业大学|河南工业大学09,生环食品,生环食品组,低,同族,510409,生物科学类、食品科学与工程类
历史|本科批|郑州航空工业管理学院|郑州航空工业管理学院01,文法教育,文新外语组,低,同族,510501,中国语言文学类、外国语言文学类
历史|本科批|郑州航空工业管理学院|郑州航空工业管理学院02,经管商贸、文法教育,经管+文法组,低,相近混合,510502,经济与贸易类、图书情报与档案管理类、法学类
物理|本科批|郑州航空工业管理学院|郑州航空工业管理学院03,机械能源、经管商贸,经管+机械混合组,低,跨界混合,510503,工业工程类、管理科学与工程类
物理|本科批|郑州航空工业管理学院|郑州航空工业管理学院04,经管商贸,工商管理组,低,同族,510504,工商管理类
物理|本科批|郑州航空工业管理学院|郑州航空工业管理学院05,经管商贸、机械能源,经管+机械混合组,低,跨界混合,510505,管理科学与工程类、工业工程类
物理|本科批|郑州航空工业管理学院|郑州航空工业管理学院06,土建测绘、文法教育、经管商贸,经管商贸组（夹建筑）,高,冷热混放,510506,建筑类、法学类、公共管理类
物理|本科批|郑州航空工业管理学院|郑州航空工业管理学院07,经管商贸,财经组,低,同族,510507,经济学类、金融学类、经济与贸易类
物理|本科批|郑州航空工业管理学院|郑州航空工业管理学院08,交通航空,航空航天组,低,同族,510508,航空航天类
物理|本科批|郑州航空工业管理学院|郑州航空工业管理学院09,交通航空、试验班,交通组,低,同族,510509,航空航天类、交叉学科类
物理|本科批|郑州航空工业管理学院|郑州航空工业管理学院10,机械能源、带电工科,带电+机械组,低,相近混合,510510,机械类、自动化类
物理|本科批|郑州航空工业管理学院|郑州航空工业管理学院11,机械能源,机械组,低,同族,510511,机械类
物理|本科批|郑州航空工业管理学院|郑州航空工业管理学院12,带电工科、理学基础,带电+理学组,低,相近混合,510512,计算机类、数学类
物理|本科批|郑州航空工业管理学院|郑州航空工业管理学院13,土建测绘,土木组,中,同族,510513,土木类
物理|本科批|郑州航空工业管理学院|郑州航空工业管理学院14,机械能源,机械组,低,同族,510514,机械类
物理|本科批|郑州航空工业管理学院|郑州航空工业管理学院15,带电工科、军警安全,带电+军警混合组,低,跨界混合,510515,电子信息类、电气类、自动化类、兵器类
物理|本科批|郑州航空工业管理学院|郑州航空工业管理学院16,交通航空、地矿安全、化材药、生环食品,大理工组（含安全工程/环境）,高,大杂烩,510516,交通运输类、安全科学与工程类、材料类、环境科学与工程类
历史|本科批|郑州轻工业大学|郑州轻工业大学01,经管商贸、文法教育,经管+文法组,中,相近混合,510601,工商管理类、物流管理与工程类、电子商务类、经济学类、公共管理类、中国语言文学类
物理|本科批|郑州轻工业大学|郑州轻工业大学02,带电工科、机械能源、生环食品、农林动物、化材药、理学基础、试验班、土建测绘、地矿安全,大理工组（夹食品工程/生物工程/生物科学/植物生产等）,高,大杂烩,510602,电气类、自动化类、机械类、食品科学与工程类、生物工程类、生物科学类、植物生产类、轻工类、化学类、计算机类、数学类、统计学类、电子信息类、交叉学科类、能源动力类、土木类、安全科学与工程类
物理|本科批|郑州轻工业大学|郑州轻工业大学03,带电工科,计算机组,低,同族,510603,计算机类
物理|本科批|郑州轻工业大学|郑州轻工业大学04,生环食品,食品工程组,低,同族,510604,食品科学与工程类
历史|本科批|河南科技学院|河南科技学院01,文法教育,文法教育组,低,同族,511001,教育学类、外国语言文学类、中国语言文学类
物理|本科批|河南科技学院|河南科技学院02,带电工科、生环食品、化材药、农林动物,大理工组（夹化工制药/植物生产）,高,大杂烩,511002,电子信息类、食品科学与工程类、生物科学类、生物工程类、化工与制药类、植物生产类、环境科学与工程类
历史|本科批|河南中医药大学|河南中医药大学01,经管商贸,公管组,低,同族,511401,公共管理类
物理|本科批|河南中医药大学|河南中医药大学02,医药护理,中医组,低,同族,511402,中医学类
物理|本科批|河南中医药大学|河南中医药大学03,医药护理,中西医组,低,同族,511403,中西医结合类
物理|本科批|河南中医药大学|河南中医药大学04,医药护理,公卫组,低,同族,511404,公共卫生与预防医学类
物理|本科批|河南中医药大学|河南中医药大学05,医药护理,护理组,中,同族,511405,护理学类
历史|本科批|河南农业大学|河南农业大学01,经管商贸,经管商贸组,低,同族,511701,经济学类、农业经济管理类
历史|本科批|河南农业大学|河南农业大学02,理学基础,地理科学组,低,同族,511702,地理科学类
物理|本科批|河南农业大学|河南农业大学03,土建测绘、经管商贸,经管商贸组（含建筑）,中,跨界混合,511703,建筑类、管理科学与工程类
物理|本科批|河南农业大学|河南农业大学04,生环食品,食品工程组,低,同族,511704,食品科学与工程类
物理|本科批|河南农业大学|河南农业大学05,生环食品,生环食品组,低,同族,511705,生物科学类、食品科学与工程类
物理|本科批|河南农业大学|河南农业大学06,农林动物,农林动物组,低,同族,511706,农业工程类、植物生产类
物理|本科批|河南农业大学|河南农业大学07,带电工科,计算机组,低,同族,511707,计算机类
物理|本科批|河南农业大学|河南农业大学08,生环食品,环境组,中,同族,511708,环境科学与工程类
物理|本科批|河南农业大学|河南农业大学09,农林动物,植物生产组,低,同族,511709,植物生产类
物理|本科批|河南农业大学|河南农业大学10,农林动物,动物生产组,低,同族,511710,动物生产类
物理|本科批|河南农业大学|河南农业大学11,农林动物,林学组,低,同族,511711,林学类
历史|本科批|信阳师范大学|信阳师范大学01,文法教育、经管商贸,文法教育组（夹工商管理）,中,相近混合,511801,法学类、外国语言文学类、工商管理类
物理|本科批|信阳师范大学|信阳师范大学02,带电工科,计算机组,低,同族,511802,计算机类
物理|本科批|信阳师范大学|信阳师范大学03,带电工科,电子信息组,低,同族,511803,电子信息类
物理|本科批|信阳师范大学|信阳师范大学04,化材药,化工制药组,低,同族,511804,化工与制药类
历史|本科批|河南财经政法大学|河南财经政法大学01,经管商贸,财经组,低,同族,511901,金融学类、财政学类
历史|本科批|河南财经政法大学|河南财经政法大学02,经管商贸,工商管理组,低,同族,511902,工商管理类
历史|本科批|河南财经政法大学|河南财经政法大学03,文法教育,文法教育组,低,同族,511903,法学类、中国语言文学类
物理|本科批|河南财经政法大学|河南财经政法大学04,文法教育,法学组,低,同族,511904,法学类
物理|本科批|河南财经政法大学|河南财经政法大学05,经管商贸,工商管理组,低,同族,511905,工商管理类
物理|本科批|河南财经政法大学|河南财经政法大学06,经管商贸,财经组,低,同族,511906,金融学类、财政学类
物理|本科批|河南财经政法大学|河南财经政法大学07,带电工科、理学基础,带电+理学组,低,相近混合,511907,电子信息类、计算机类、数学类
物理|本科批|河南财经政法大学|河南财经政法大学08,带电工科,计算机组,低,同族,511908,计算机类
历史|本科批|河南工程学院|河南工程学院01,经管商贸、文法教育,经管+文法组,低,相近混合,512201,经济与贸易类、外国语言文学类、工商管理类
历史|本科批|河南工程学院|河南工程学院02,文法教育,法学组,低,同族,512202,法学类
物理|本科批|河南工程学院|河南工程学院03,生环食品、经管商贸,经管商贸组（含纺织）,中,跨界混合,512203,纺织类、工商管理类、物流管理与工程类
物理|本科批|河南工程学院|河南工程学院04,理学基础、机械能源、化材药、生环食品,大理工组（夹化工制药/纺织/轻工/材料）,高,大杂烩,512204,数学类、物理学类、机械类、化工与制药类、纺织类、轻工类、材料类
历史|本科批|周口师范学院|周口师范学院01,文法教育、经管商贸,文法教育组（夹工商管理/物流）,中,相近混合,512501,新闻传播学类、工商管理类、法学类、经济与贸易类、物流管理与工程类、心理学类、外国语言文学类
历史|本科批|周口师范学院|周口师范学院02,文法教育,法政组,低,同族,512502,马克思主义理论类、政治学类
物理|本科批|周口师范学院|周口师范学院03,化材药、带电工科、机械能源、生环食品、理学基础,大理工组（夹材料/化学/生物工程）,中,大杂烩,512503,材料类、电子信息类、化学类、机械类、计算机类、生物工程类、数学类、物理学类、电气类
物理|本科批|周口师范学院|周口师范学院04,生环食品、带电工科,生环+带电混合组,低,跨界混合,512504,生物科学类、食品科学与工程类、计算机类
历史|本科批|洛阳理工学院|洛阳理工学院01,经管商贸、文法教育,文法教育组（夹工商管理）,中,相近混合,513101,经济与贸易类、工商管理类、中国语言文学类、新闻传播学类、教育学类
物理|本科批|洛阳理工学院|洛阳理工学院02,化材药、机械能源、带电工科、土建测绘、生环食品,大理工组（夹材料/土木/环境/化工制药等）,高,大杂烩,513102,材料类、机械类、电气类、计算机类、电子信息类、自动化类、土木类、能源动力类、环境科学与工程类、化工与制药类、化学类
历史|本科批|河南科技大学|河南科技大学01,文法教育,外语组,低,同族,513201,外国语言文学类
历史|本科批|河南科技大学|河南科技大学02,文法教育、经管商贸,文法教育组（夹工商管理）,中,相近混合,513202,中国语言文学类、法学类、工商管理类
物理|本科批|河南科技大学|河南科技大学03,机械能源,工业工程组,低,同族,513203,工业工程类
物理|本科批|河南科技大学|河南科技大学04,生环食品、农林动物,生环食品组（含植物生产）,低,相近混合,513204,生物科学类、植物生产类
物理|本科批|河南科技大学|河南科技大学05,机械能源、化材药、农林动物、土建测绘,大理工组（夹材料/农业工程/土木）,高,大杂烩,513205,机械类、材料类、农业工程类、土木类
物理|本科批|河南科技大学|河南科技大学06,机械能源、带电工科、理学基础、医药护理,大理工组,中,大杂烩,513206,机械类、电气类、数学类、生物医学工程类
物理|本科批|河南科技大学|河南科技大学07,带电工科,自动化组,低,同族,513207,自动化类
物理|本科批|河南科技大学|河南科技大学08,带电工科,带电工科组,低,同族,513208,电气类、计算机类
物理|本科批|河南科技大学|河南科技大学09,带电工科,计算机组,低,同族,513209,计算机类
历史|本科批|洛阳师范学院|洛阳师范学院01,经管商贸,工商管理组,低,同族,513301,工商管理类
物理|本科批|洛阳师范学院|洛阳师范学院02,化材药、生环食品,化材药组（含生物科学）,低,相近混合,513302,化工与制药类、生物科学类
历史|本科批|平顶山学院|平顶山学院01,经管商贸,工商管理组,低,同族,513401,工商管理类
历史|本科批|平顶山学院|平顶山学院02,文法教育,法学组,低,同族,513402,法学类
物理|本科批|平顶山学院|平顶山学院03,经管商贸,工商管理组,低,同族,513403,工商管理类
物理|本科批|平顶山学院|平顶山学院04,化材药、带电工科,带电工科组（夹材料）,中,跨界混合,513404,材料类、电子信息类
物理|本科批|平顶山学院|平顶山学院05,文法教育,法学组,低,同族,513405,法学类
历史|本科批|河南大学|河南大学01,文法教育、经管商贸,文法教育组（夹工商管理）,中,相近混合,514101,中国语言文学类、外国语言文学类、经济学类、工商管理类、法学类
历史|本科批|河南大学|河南大学02,文法教育,马理论组,低,同族,514102,马克思主义理论类
历史|本科批|河南大学|河南大学03,理学基础,地理科学组,低,同族,514103,地理科学类
物理|本科批|河南大学|河南大学04,经管商贸,工商管理组,低,同族,514104,工商管理类
物理|本科批|河南大学|河南大学05,经管商贸,经济组,低,同族,514105,经济学类
物理|本科批|河南大学|河南大学06,理学基础、化材药、生环食品,生环食品组（含化学）,中,相近混合,514106,数学类、化学类、生物科学类、生物工程类
物理|本科批|河南大学|河南大学07,带电工科,计算机组,低,同族,514107,计算机类
物理|本科批|河南大学|河南大学08,带电工科,计算机组,低,同族,514108,计算机类
物理|本科批|河南大学|河南大学09,带电工科,计算机组,低,同族,514109,计算机类
历史|本科批|河南理工大学|河南理工大学01,文法教育,文新外语组,低,同族,515101,外国语言文学类、中国语言文学类
物理|本科批|河南理工大学|河南理工大学02,机械能源、经管商贸,经管+机械混合组,低,跨界混合,515102,工业工程类、工商管理类、管理科学与工程类
物理|本科批|河南理工大学|河南理工大学03,生环食品,环境组,中,同族,515103,环境科学与工程类
物理|本科批|河南理工大学|河南理工大学04,带电工科,计算机电子组,低,同族,515104,计算机类、电子信息类
物理|本科批|河南理工大学|河南理工大学05,交通航空、土建测绘、机械能源,机械能源组（含土木）,中,相近混合,515105,交通运输类、土木类、机械类
物理|本科批|河南理工大学|河南理工大学06,化材药,化材药组,低,同族,515106,材料类、化工与制药类
物理|本科批|河南理工大学|河南理工大学07,地矿安全、机械能源,机械能源组（含安全工程）,中,跨界混合,515107,安全科学与工程类、机械类
物理|本科批|河南理工大学|河南理工大学08,理学基础,数理基础组,低,同族,515108,数学类、物理学类
物理|本科批|河南理工大学|河南理工大学09,带电工科,带电工科组,低,同族,515109,计算机类、自动化类、电子信息类
物理|本科批|河南理工大学|河南理工大学10,理学基础,地理科学组,低,同族,515110,地理科学类
历史|本科批|河南师范大学|河南师范大学01,经管商贸、文法教育,经管+文法组,低,相近混合,515301,金融学类、中国语言文学类
物理|本科批|河南师范大学|河南师范大学02,生环食品、农林动物、医药护理、带电工科、化材药,大理工组（夹生物科学/水产/材料）,中,大杂烩,515302,生物科学类、水产类、生物医学工程类、电子信息类、材料类
物理|提前本科批|安阳工学院|安阳工学院01,交通航空,交通运输组,低,同族,516101,交通运输类
物理|本科批|安阳工学院|安阳工学院02,带电工科、交通航空、化材药、土建测绘,大理工组（夹化工制药/土木）,高,大杂烩,516102,电气类、交通运输类、化工与制药类、土木类
物理|本科批|安阳工学院|安阳工学院03,土建测绘、机械能源,机械能源组（含建筑）,中,相近混合,516103,建筑类、机械类
历史|本科批|安阳师范学院|安阳师范学院01,经管商贸、文法教育,文法教育组（夹工商管理/电商）,中,相近混合,516201,金融学类、法学类、中国语言文学类、外国语言文学类、历史学类、工商管理类、电子商务类
历史|本科批|安阳师范学院|安阳师范学院02,文法教育,马理论组,低,同族,516202,马克思主义理论类
物理|本科批|安阳师范学院|安阳师范学院03,化材药、带电工科、土建测绘,带电工科组（夹材料/土木/化工制药）,高,冷热混放,516203,材料类、电气类、电子信息类、计算机类、土木类、化工与制药类
物理|本科批|安阳师范学院|安阳师范学院04,理学基础,地理科学组,低,同族,516204,地理科学类
物理|本科批|河南工学院|河南工学院01,带电工科、机械能源,带电+机械组,低,相近混合,517101,电气类、机械类、自动化类
历史|本科批|郑州工程技术学院|郑州工程技术学院01,文法教育、经管商贸,经管+文法组,中,相近混合,517201,教育学类、旅游管理类
物理|本科批|郑州工程技术学院|郑州工程技术学院02,土建测绘、带电工科,带电工科组（夹土木）,高,冷热混放,517202,土木类、电子信息类
历史|本科批|新乡学院|新乡学院01,艺术传媒,戏剧影视组,低,同族,517301,戏剧与影视学类
历史|本科批|新乡学院|新乡学院02,文法教育、经管商贸,经管+文法组,低,相近混合,517302,外国语言文学类、历史学类、电子商务类、公共管理类
物理|本科批|新乡学院|新乡学院03,机械能源,机械组,低,同族,517303,机械类
物理|本科批|新乡学院|新乡学院04,化材药、理学基础、带电工科、生环食品、医药护理、土建测绘,大理工组（夹化工制药/生物科学/食品工程/土木）,高,大杂烩,517304,化工与制药类、统计学类、电子信息类、生物科学类、食品科学与工程类、生物医学工程类、计算机类、土木类
历史|本科批|许昌学院|许昌学院01,文法教育、经管商贸、土建测绘,文法教育组（夹电商/建筑）,高,冷热混放,517401,中国语言文学类、法学类、电子商务类、教育学类、建筑类
物理|本科批|许昌学院|许昌学院02,文法教育、经管商贸,经管+文法组,低,相近混合,517402,法学类、管理科学与工程类
物理|本科批|许昌学院|许昌学院03,带电工科、机械能源,带电+机械组,低,相近混合,517403,电子信息类、机械类、计算机类
物理|本科批|许昌学院|许昌学院04,理学基础,地理科学组,低,同族,517404,地理科学类
历史|本科批|南阳师范学院|南阳师范学院01,文法教育、经管商贸,文法教育组（夹物流）,中,相近混合,518101,法学类、物流管理与工程类、历史学类、外国语言文学类、中国语言文学类、新闻传播学类
历史|本科批|南阳师范学院|南阳师范学院02,艺术传媒,戏剧影视组,低,同族,518102,戏剧与影视学类
历史|本科批|南阳师范学院|南阳师范学院03,艺术传媒,戏剧影视组,低,同族,518103,戏剧与影视学类
历史|本科批|南阳师范学院|南阳师范学院04,文法教育,政治学组,低,同族,518104,政治学类
物理|本科批|南阳师范学院|南阳师范学院05,文法教育、经管商贸,经管+文法组,低,相近混合,518105,法学类、心理学类、经济学类、工商管理类、物流管理与工程类
物理|本科批|南阳师范学院|南阳师范学院06,土建测绘、化材药、带电工科、理学基础、生环食品,大理工组（夹测绘/化学/化工制药/环境等）,高,大杂烩,518106,测绘类、化学类、化工与制药类、电子信息类、计算机类、数学类、环境科学与工程类、土木类、物理学类
物理|本科批|南阳师范学院|南阳师范学院07,理学基础,地理科学组,低,同族,518107,地理科学类
历史|本科批|南阳理工学院|南阳理工学院01,文法教育,外语组,低,同族,518201,外国语言文学类
历史|本科批|南阳理工学院|南阳理工学院02,土建测绘,建筑组,中,同族,518202,建筑类
历史|本科批|南阳理工学院|南阳理工学院03,经管商贸,经管商贸组,低,同族,518203,经济与贸易类、工商管理类
物理|本科批|南阳理工学院|南阳理工学院04,文法教育,外语组,低,同族,518204,外国语言文学类
物理|本科批|南阳理工学院|南阳理工学院05,经管商贸,经管商贸组,低,同族,518205,经济与贸易类、管理科学与工程类、工商管理类
物理|本科批|南阳理工学院|南阳理工学院06,土建测绘,建筑组,中,同族,518206,建筑类
物理|本科批|南阳理工学院|南阳理工学院07,化材药、生环食品,化材药组（含食品工程）,低,相近混合,518207,化学类、化工与制药类、食品科学与工程类
物理|本科批|南阳理工学院|南阳理工学院08,带电工科,电气组,低,同族,518208,电气类
物理|本科批|南阳理工学院|南阳理工学院09,带电工科,计算机电子组,低,同族,518209,电子信息类、计算机类
物理|本科批|南阳理工学院|南阳理工学院10,带电工科,计算机组,低,同族,518210,计算机类
物理|本科批|南阳理工学院|南阳理工学院11,机械能源,机械组,低,同族,518211,机械类
物理|本科批|南阳理工学院|南阳理工学院12,带电工科,计算机电子组,低,同族,518212,电子信息类、计算机类
历史|本科批|黄淮学院|黄淮学院01,艺术传媒,戏剧影视组,低,同族,519101,戏剧与影视学类
历史|本科批|黄淮学院|黄淮学院02,文法教育,中文组,低,同族,519102,中国语言文学类
物理|本科批|黄淮学院|黄淮学院03,经管商贸,经济组,低,同族,519103,经济学类
物理|本科批|黄淮学院|黄淮学院04,带电工科,计算机组,低,同族,519104,计算机类
物理|本科批|黄淮学院|黄淮学院05,机械能源、化材药、理学基础、带电工科、土建测绘、生环食品,大理工组（夹化工制药/土木/生物工程/食品工程）,高,大杂烩,519105,能源动力类、化工与制药类、数学类、计算机类、土木类、生物工程类、电子信息类、食品科学与工程类、物理学类、电气类
物理|本科批|黄淮学院|黄淮学院06,农林动物、医药护理,医药护理组（含林学）,中,跨界混合,519106,林学类、护理学类
物理|本科批|河南医药大学|河南医药大学01,医药护理、化材药,医药+化材药组,低,相近混合,519201,临床医学类、法医学类、药学类
历史|本科批|河南城建学院|河南城建学院01,土建测绘,建筑组,中,同族,519301,建筑类
物理|本科批|河南城建学院|河南城建学院02,土建测绘,建筑组,中,同族,519302,建筑类
物理|本科批|河南城建学院|河南城建学院03,经管商贸,管工组,低,同族,519303,管理科学与工程类
物理|本科批|河南城建学院|河南城建学院04,土建测绘,测绘组,中,同族,519304,测绘类
物理|本科批|河南城建学院|河南城建学院05,机械能源,能源动力组,低,同族,519305,能源动力类
物理|本科批|河南城建学院|河南城建学院06,土建测绘,土建水利组,中,同族,519306,土木类、水利类
物理|本科批|河南城建学院|河南城建学院07,带电工科,自动化组,低,同族,519307,自动化类
物理|本科批|河南城建学院|河南城建学院08,化材药、生环食品,化材药组（含生物工程）,低,相近混合,519308,化工与制药类、生物工程类
物理|本科批|河南城建学院|河南城建学院09,带电工科,电子信息组,低,同族,519309,电子信息类
历史|本科批|商丘师范学院|商丘师范学院01,文法教育、经管商贸、艺术传媒,文商组（夹工商管理/物流）,中,大杂烩,519801,中国语言文学类、工商管理类、外国语言文学类、教育学类、心理学类、法学类、社会学类、物流管理与工程类、戏剧与影视学类、新闻传播学类
历史|本科批|商丘师范学院|商丘师范学院02,文法教育,马理论组,低,同族,519802,马克思主义理论类
物理|本科批|商丘师范学院|商丘师范学院03,经管商贸、土建测绘,经管商贸组（夹建筑）,高,冷热混放,519803,管理科学与工程类、金融学类、建筑类、电子商务类
物理|本科批|商丘师范学院|商丘师范学院04,理学基础、机械能源、带电工科、化材药、生环食品、农林动物、土建测绘,大理工组（夹化学/材料/生物科学/动物生产等）,高,大杂烩,519804,数学类、统计学类、物理学类、机械类、电气类、电子信息类、自动化类、化学类、材料类、能源动力类、生物科学类、动物生产类、测绘类、计算机类、土木类
物理|本科批|商丘师范学院|商丘师范学院05,理学基础,地理科学组,低,同族,519805,地理科学类
历史|提前本科批|武汉大学|武汉大学01,艺术传媒,戏剧影视组,低,同族,520101,戏剧与影视学类
历史|提前本科批|武汉大学|武汉大学02,文法教育,马理论组,低,同族,520102,马克思主义理论类
历史|本科批|武汉大学|武汉大学03,试验班、文法教育、经管商贸,文商组（夹工商管理/公管）,中,大杂烩,520103,文科试验班类、外国语言文学类、新闻传播学类、中国语言文学类、历史学类、法学类、经济学类、工商管理类、公共管理类、社会学类
历史|本科批|武汉大学|武汉大学04,文法教育,政治学组,低,同族,520104,政治学类
物理|提前本科批|武汉大学|武汉大学05,经管商贸,管理组,低,同族,520105,管理科学与工程类、工商管理类
物理|提前本科批|武汉大学|武汉大学06,试验班,交叉学科组,低,同族,520106,交叉学科类
物理|本科批|武汉大学|武汉大学07,经管商贸、文法教育,经管+文法组,低,相近混合,520107,管理科学与工程类、法学类、经济学类
物理|本科批|武汉大学|武汉大学08,带电工科、机械能源、地矿安全,带电工科组（夹地球物理）,高,冷热混放,520108,电气类、电子信息类、机械类、地球物理学类
物理|本科批|武汉大学|武汉大学09,化材药,药学组,低,同族,520109,药学类
物理|本科批|武汉大学|武汉大学10,土建测绘,建筑组,中,同族,520110,建筑类
物理|本科批|武汉大学|武汉大学11,试验班、带电工科、理学基础、化材药、地矿安全、土建测绘、机械能源、医药护理,大理工组（夹化学/地球物理/水利/测绘）,高,大杂烩,520111,理科试验班类、自动化类、电子信息类、数学类、物理学类、化学类、交叉学科类、地球物理学类、水利类、电气类、机械类、工科试验班类、计算机类、测绘类、口腔医学类、临床医学类
物理|本科批|武汉大学|武汉大学12,医药护理,公卫组,低,同族,520112,公共卫生与预防医学类
历史|本科批|华中科技大学|华中科技大学01,土建测绘、经管商贸、文法教育,工管/文混合组（夹建筑/工商管理/公管）,高,大杂烩,520201,建筑类、工商管理类、经济学类、公共管理类、中国语言文学类、哲学类、法学类、社会学类、外国语言文学类、新闻传播学类
物理|提前本科批|华中科技大学|华中科技大学02,化材药、交通航空、带电工科,化材药+交通+带电组,中,跨界混合,520202,化学类、材料类、海洋工程类、计算机类
物理|本科批|华中科技大学|华中科技大学03,化材药,药学组,低,同族,520203,药学类
物理|本科批|华中科技大学|华中科技大学04,医药护理,临床组,低,同族,520204,临床医学类
物理|本科批|华中科技大学|华中科技大学05,生环食品,生物科学组,低,同族,520205,生物科学类
物理|本科批|华中科技大学|华中科技大学06,试验班、带电工科、医药护理、理学基础、化材药、机械能源、交通航空、经管商贸,大理工组（夹化学/材料/物流）,中,大杂烩,520206,交叉学科类、自动化类、电气类、计算机类、电子信息类、生物医学工程类、物理学类、化学类、机械类、材料类、能源动力类、航空航天类、物流管理与工程类
历史|提前本科批|华中师范大学|华中师范大学01,文法教育,外语组,低,同族,520301,外国语言文学类
历史|提前本科批|华中师范大学|华中师范大学02,经管商贸,经济组,低,同族,520302,经济学类
历史|本科批|华中师范大学|华中师范大学03,文法教育、经管商贸,文法+经管组,低,相近混合,520303,历史学类、教育学类、经济学类、法学类、社会学类
历史|本科批|华中师范大学|华中师范大学04,文法教育,政治学组,低,同族,520304,政治学类
历史|本科批|华中师范大学|华中师范大学05,理学基础,地理科学组,低,同族,520305,地理科学类
物理|提前本科批|华中师范大学|华中师范大学06,经管商贸,财经组,低,同族,520306,经济学类、金融学类
物理|本科批|华中师范大学|华中师范大学07,文法教育、经管商贸,文商组,中,大杂烩,520307,心理学类、教育学类、经济学类、金融学类、法学类、图书情报与档案管理类、管理科学与工程类、电子商务类
物理|本科批|华中师范大学|华中师范大学08,化材药、生环食品,化材药组（含生物科学）,低,相近混合,520308,化学类、生物科学类
物理|本科批|华中师范大学|华中师范大学09,理学基础、带电工科、土建测绘,带电工科组（夹测绘）,高,冷热混放,520309,数学类、物理学类、电子信息类、计算机类、测绘类
物理|本科批|华中师范大学|华中师范大学10,理学基础,地理科学组,低,同族,520310,地理科学类
历史|本科批|华中农业大学|华中农业大学01,土建测绘、文法教育、经管商贸,文法教育组（含建筑/工商管理）,中,跨界混合,520401,建筑类、社会学类、工商管理类、外国语言文学类
物理|提前本科批|华中农业大学|华中农业大学02,农林动物、机械能源、生环食品,农林动物组（含食品工程）,中,跨界混合,520402,植物生产类、农业工程类、机械类、食品科学与工程类
物理|本科批|华中农业大学|华中农业大学03,经管商贸,管工组,低,同族,520403,管理科学与工程类
物理|本科批|华中农业大学|华中农业大学04,生环食品、农林动物、机械能源、带电工科、化材药、理学基础,大理工组（夹生物科学/生物工程/环境/食品工程等）,高,大杂烩,520404,生物科学类、生物工程类、植物生产类、动物生产类、动物医学类、环境科学与工程类、自然保护与环境生态类、林学类、水产类、农业工程类、机械类、电子信息类、食品科学与工程类、化学类、数学类、计算机类
物理|本科批|华中农业大学|华中农业大学05,理学基础,地理科学组,低,同族,520405,地理科学类
历史|本科批|中国地质大学(武汉)|中国地质大学(武汉)01,经管商贸、文法教育,经管+文法组,低,相近混合,520501,工商管理类、经济学类、外国语言文学类、法学类、公共管理类
物理|提前本科批|中国地质大学(武汉)|中国地质大学(武汉)02,化材药、交通航空、带电工科、经管商贸、地矿安全,大理工组（夹材料/地质学）,高,大杂烩,520502,材料类、海洋工程类、电子信息类、经济学类、管理科学与工程类、地质学类
物理|本科批|中国地质大学(武汉)|中国地质大学(武汉)03,经管商贸,经管商贸组,低,同族,520503,工商管理类、经济学类
物理|本科批|中国地质大学(武汉)|中国地质大学(武汉)04,地矿安全,地质工程组,中,同族,520504,地质类
物理|本科批|中国地质大学(武汉)|中国地质大学(武汉)05,地矿安全,地矿安全组,中,同族,520505,地质学类、地球物理学类
物理|本科批|中国地质大学(武汉)|中国地质大学(武汉)06,带电工科,自动化组,低,同族,520506,自动化类
物理|本科批|中国地质大学(武汉)|中国地质大学(武汉)07,化材药、地矿安全、理学基础、交通航空、带电工科、机械能源、经管商贸、土建测绘、试验班,大理工组（夹化学/材料/地球物理/测绘）,高,大杂烩,520507,化学类、材料类、地球物理学类、海洋科学类、海洋工程类、电子信息类、仪器类、自动化类、经济学类、管理科学与工程类、地理科学类、测绘类、数学类、物理学类、交叉学科类
物理|本科批|中国地质大学(武汉)|中国地质大学(武汉)08,理学基础,数学组,低,同族,520508,数学类
物理|本科批|中国地质大学(武汉)|中国地质大学(武汉)09,机械能源,机械组,低,同族,520509,机械类
物理|本科批|中国地质大学(武汉)|中国地质大学(武汉)10,地矿安全、土建测绘、生环食品、理学基础、带电工科、机械能源,大理工组（夹地质学/地质工程/水利/环境等）,高,大杂烩,520510,地质学类、地质类、水利类、环境科学与工程类、生物科学类、大气科学类、安全科学与工程类、电子信息类、自动化类、计算机类、能源动力类
历史|提前本科批|中南财经政法大学|中南财经政法大学01,经管商贸、文法教育,经管+文法组,低,相近混合,520601,工商管理类、外国语言文学类
历史|本科批|中南财经政法大学|中南财经政法大学02,经管商贸、试验班、文法教育,文商组,中,大杂烩,520602,经济学类、金融学类、经济与贸易类、经济管理试验班类、人文科学试验班类、法学类、工商管理类、公共管理类、外国语言文学类、新闻传播学类
历史|本科批|中南财经政法大学|中南财经政法大学03,艺术传媒,戏剧影视组,低,同族,520603,戏剧与影视学类
历史|本科批|中南财经政法大学|中南财经政法大学04,文法教育,法学组,低,同族,520604,法学类
物理|提前本科批|中南财经政法大学|中南财经政法大学05,经管商贸,经管商贸组,低,同族,520605,金融学类、工商管理类
物理|本科批|中南财经政法大学|中南财经政法大学06,经管商贸、试验班、文法教育,文商组,中,大杂烩,520606,财政学类、金融学类、经济与贸易类、经济管理试验班类、人文科学试验班类、经济学类、法学类、工商管理类、公共管理类
物理|本科批|中南财经政法大学|中南财经政法大学07,艺术传媒,戏剧影视组,低,同族,520607,戏剧与影视学类
物理|本科批|中南财经政法大学|中南财经政法大学08,带电工科,电子信息组,低,同族,520608,电子信息类
物理|本科批|中南财经政法大学|中南财经政法大学09,理学基础、带电工科,带电+理学组,低,相近混合,520609,统计学类、计算机类
历史|本科批|武汉理工大学|武汉理工大学01,经管商贸、文法教育,文法教育组（夹工商管理）,中,相近混合,520701,工商管理类、经济学类、外国语言文学类、法学类、新闻传播学类
历史|本科批|武汉理工大学|武汉理工大学02,经管商贸,金融组,低,同族,520702,金融学类
历史|本科批|武汉理工大学|武汉理工大学03,文法教育,马理论组,低,同族,520703,马克思主义理论类
物理|提前本科批|武汉理工大学|武汉理工大学04,交通航空,交通运输组,低,同族,520704,交通运输类
物理|提前本科批|武汉理工大学|武汉理工大学05,机械能源、土建测绘,机械能源组（含土木）,中,相近混合,520705,机械类、土木类
物理|本科批|武汉理工大学|武汉理工大学06,化材药,材料组,低,同族,520706,材料类
物理|本科批|武汉理工大学|武汉理工大学07,机械能源,机械组,低,同族,520707,机械类
物理|本科批|武汉理工大学|武汉理工大学08,带电工科,电子信息组,低,同族,520708,电子信息类
物理|本科批|武汉理工大学|武汉理工大学09,带电工科,电子信息组,低,同族,520709,电子信息类
物理|本科批|武汉理工大学|武汉理工大学10,带电工科、机械能源、理学基础、化材药、交通航空、经管商贸、土建测绘,大理工组（夹材料/化工制药/物流/测绘等）,高,大杂烩,520710,电子信息类、机械类、计算机类、电气类、自动化类、能源动力类、数学类、材料类、海洋工程类、化工与制药类、交通运输类、物流管理与工程类、测绘类、管理科学与工程类、公共管理类、经济学类
物理|本科批|武汉理工大学|武汉理工大学11,机械能源,机械组,低,同族,520711,机械类
物理|本科批|武汉理工大学|武汉理工大学12,机械能源,机械组,低,同族,520712,机械类
物理|本科批|武汉理工大学|武汉理工大学13,化材药,材料组,低,同族,520713,材料类
物理|本科批|武汉理工大学|武汉理工大学14,生环食品,生物科学组,低,同族,520714,生物科学类
物理|本科批|武汉理工大学|武汉理工大学15,经管商贸,经济组,低,同族,520715,经济学类
历史|本科批|中南民族大学|中南民族大学01,文法教育、经管商贸,经管+文法组,低,相近混合,520801,法学类、历史学类、经济学类、工商管理类
历史|本科批|中南民族大学|中南民族大学02,文法教育、经管商贸,文法教育组（含公管）,低,相近混合,520802,新闻传播学类、外国语言文学类、公共管理类
历史|本科批|中南民族大学|中南民族大学03,文法教育,马理论组,低,同族,520803,马克思主义理论类
物理|本科批|中南民族大学|中南民族大学04,经管商贸、文法教育,经管+文法组,低,相近混合,520804,经济学类、管理科学与工程类、教育学类、心理学类
物理|本科批|中南民族大学|中南民族大学05,文法教育、经管商贸,文法教育组（夹公管）,中,相近混合,520805,法学类、新闻传播学类、公共管理类
物理|本科批|中南民族大学|中南民族大学06,带电工科、试验班,带电组,低,同族,520806,计算机类、电子信息类、交叉学科类
物理|本科批|中南民族大学|中南民族大学07,带电工科、医药护理、试验班、生环食品,带电工科组（夹生物科学）,中,跨界混合,520807,自动化类、生物医学工程类、电子信息类、交叉学科类、生物科学类
物理|本科批|中南民族大学|中南民族大学08,理学基础、化材药、生环食品,理学基础组（含材料/环境）,中,相近混合,520808,数学类、统计学类、材料类、环境科学与工程类
历史|本科批|湖北大学|湖北大学01,文法教育,政治学组,低,同族,520901,政治学类
物理|本科批|湖北大学|湖北大学02,经管商贸、文法教育,经管+文法组,低,相近混合,520902,金融学类、哲学类
物理|本科批|湖北大学|湖北大学03,化材药、带电工科,带电工科组（夹材料）,中,跨界混合,520903,材料类、计算机类
物理|本科批|湖北大学|湖北大学04,带电工科,计算机组,低,同族,520904,计算机类
物理|本科批|湖北大学|湖北大学05,生环食品,环境组,中,同族,520905,环境科学与工程类
历史|本科批|湖北美术学院|湖北美术学院01,艺术传媒,艺术理论组,低,同族,521001,艺术学理论类
历史|本科批|湖北中医药大学|湖北中医药大学01,经管商贸、文法教育,经管+文法组,中,相近混合,521101,工商管理类、公共管理类、物流管理与工程类、心理学类、中国语言文学类、外国语言文学类
历史|本科批|湖北中医药大学|湖北中医药大学02,医药护理,中医组,低,同族,521102,中医学类
历史|本科批|湖北中医药大学|湖北中医药大学03,医药护理,中医组,低,同族,521103,中医学类
物理|本科批|湖北中医药大学|湖北中医药大学04,医药护理,中医组,低,同族,521104,中医学类
物理|本科批|湖北中医药大学|湖北中医药大学05,经管商贸、文法教育,文商组,中,大杂烩,521105,管理科学与工程类、工商管理类、公共管理类、物流管理与工程类、金融学类、心理学类、外国语言文学类、体育学类
物理|本科批|湖北中医药大学|湖北中医药大学06,医药护理,中医组,低,同族,521106,中医学类
物理|本科批|湖北中医药大学|湖北中医药大学07,医药护理,中西医组,低,同族,521107,中西医结合类
物理|本科批|湖北中医药大学|湖北中医药大学08,医药护理、化材药、试验班、带电工科,带电工科组（夹医学技术/护理）,高,冷热混放,521108,医学技术类、护理学类、药学类、交叉学科类、电子信息类、计算机类
物理|本科批|湖北中医药大学|湖北中医药大学09,化材药,化材药组,低,同族,521109,中药学类、药学类、化工与制药类
历史|本科批|武汉纺织大学|武汉纺织大学01,经管商贸,财经组,低,同族,521201,财政学类、金融学类
物理|本科批|武汉纺织大学|武汉纺织大学02,生环食品、化材药、带电工科、医药护理、理学基础,大理工组（夹纺织/轻工/材料/化学等）,高,大杂烩,521202,纺织类、轻工类、材料类、化学类、环境科学与工程类、电子信息类、生物医学工程类、自动化类、计算机类、数学类
历史|本科批|武汉体育学院|武汉体育学院01,艺术传媒、经管商贸、文法教育,经管+艺术+文法组,中,跨界混合,521301,戏剧与影视学类、公共管理类、新闻传播学类
物理|本科批|武汉体育学院|武汉体育学院02,文法教育、经管商贸,经管+文法组,低,相近混合,521302,心理学类、管理科学与工程类
历史|本科批|武汉工程大学|武汉工程大学01,经管商贸,经管商贸组,低,同族,521501,电子商务类、工商管理类
物理|本科批|武汉工程大学|武汉工程大学02,化材药、机械能源、带电工科、生环食品,大理工组（夹化工制药/生物科学）,中,大杂烩,521502,化工与制药类、机械类、电气类、电子信息类、计算机类、生物科学类
物理|本科批|武汉工程大学|武汉工程大学03,带电工科,计算机电子组,低,同族,521503,电子信息类、计算机类
物理|本科批|武汉工程大学|武汉工程大学04,化材药,材料组,低,同族,521504,材料类
历史|本科批|武汉轻工大学|武汉轻工大学01,文法教育,新闻传播组,低,同族,521601,新闻传播学类
历史|本科批|武汉轻工大学|武汉轻工大学02,文法教育、经管商贸,经管+文法组,中,相近混合,521602,外国语言文学类、工商管理类、旅游管理类、经济与贸易类、金融学类
物理|本科批|武汉轻工大学|武汉轻工大学03,经管商贸,管工组,低,同族,521603,管理科学与工程类
物理|本科批|武汉轻工大学|武汉轻工大学04,带电工科、机械能源、生环食品、化材药、农林动物、土建测绘,大理工组（夹食品工程/生物工程/化工制药/土木）,高,大杂烩,521604,计算机类、电子信息类、机械类、食品科学与工程类、生物工程类、化工与制药类、动物生产类、动物医学类、植物生产类、土木类
物理|本科批|武汉轻工大学|武汉轻工大学05,生环食品,食品工程组,低,同族,521605,食品科学与工程类
历史|本科批|武汉科技大学|武汉科技大学01,经管商贸、文法教育,经管+文法组,低,相近混合,521701,工商管理类、法学类、公共管理类
物理|本科批|武汉科技大学|武汉科技大学02,理学基础、带电工科,理学+带电组,低,相近混合,521702,数学类、统计学类、自动化类
物理|本科批|武汉科技大学|武汉科技大学03,化材药、机械能源、带电工科、试验班,带电工科组（夹材料）,中,跨界混合,521703,材料类、能源动力类、机械类、计算机类、电子信息类、自动化类、交叉学科类
物理|本科批|江汉大学|江汉大学01,带电工科,带电工科组,低,同族,521801,电子信息类、自动化类
物理|本科批|湖北工业大学|湖北工业大学01,土建测绘、经管商贸、文法教育,经管商贸组（含建筑）,中,跨界混合,521901,建筑类、经济与贸易类、工商管理类、电子商务类、外国语言文学类
物理|本科批|湖北工业大学|湖北工业大学02,机械能源、带电工科、化材药、土建测绘、经管商贸,大理工组（夹材料/土木）,高,大杂烩,521902,机械类、仪器类、电气类、材料类、土木类、管理科学与工程类、计算机类
历史|本科批|湖北第二师范学院|湖北第二师范学院01,文法教育、经管商贸,文法教育组（夹物流）,中,相近混合,522001,中国语言文学类、外国语言文学类、物流管理与工程类
历史|本科批|湖北第二师范学院|湖北第二师范学院02,文法教育,教育组,低,同族,522002,教育学类
物理|本科批|湖北第二师范学院|湖北第二师范学院03,文法教育、经管商贸,经管+文法组,低,相近混合,522003,外国语言文学类、经济学类、物流管理与工程类
物理|本科批|湖北第二师范学院|湖北第二师范学院04,带电工科,计算机组,低,同族,522004,计算机类
历史|本科批|湖北经济学院|湖北经济学院01,经管商贸、文法教育,经管+文法组,中,相近混合,522101,经济学类、经济与贸易类、财政学类、工商管理类、法学类、新闻传播学类、物流管理与工程类
历史|本科批|湖北经济学院|湖北经济学院02,经管商贸,经济组,低,同族,522102,经济学类
物理|本科批|湖北经济学院|湖北经济学院03,经管商贸,经管商贸组,低,同族,522103,经济学类、金融学类、财政学类、管理科学与工程类、电子商务类
物理|本科批|湖北经济学院|湖北经济学院04,经管商贸,经济组,低,同族,522104,经济学类
物理|本科批|湖北经济学院|湖北经济学院05,带电工科、理学基础,带电+理学组,低,相近混合,522105,计算机类、统计学类
历史|本科批|汉江师范学院|汉江师范学院01,文法教育,文法教育组,低,同族,522501,中国语言文学类、历史学类
物理|本科批|汉江师范学院|汉江师范学院03,理学基础,数理基础组,低,同族,522503,数学类、物理学类
物理|本科批|武汉职业技术大学|武汉职业技术大学01,带电工科,计算机电子组,低,同族,522601,电子信息类、集成电路类、计算机类
历史|本科批|长江大学|长江大学01,土建测绘、文法教育,文法教育组（夹建筑）,高,冷热混放,524301,建筑类、外国语言文学类、中国语言文学类、法学类
物理|本科批|长江大学|长江大学02,土建测绘,建筑组,中,同族,524302,建筑类
物理|本科批|长江大学|长江大学03,地矿安全、农林动物、生环食品、机械能源、化材药、理学基础、带电工科、土建测绘、医药护理,大理工组（夹地质工程/地质学/矿业/植物生产等）,高,大杂烩,524303,地质类、地质学类、矿业类、植物生产类、生物科学类、食品科学与工程类、机械类、化学类、数学类、电子信息类、电气类、计算机类、土木类、临床医学类
物理|本科批|长江大学|长江大学04,地矿安全,矿业组,中,同族,524304,矿业类
物理|本科批|长江大学|长江大学05,带电工科,电子信息组,低,同族,524305,电子信息类
物理|本科批|长江大学|长江大学06,土建测绘,土木组,中,同族,524306,土木类
物理|本科批|长江大学|长江大学07,带电工科,电气组,低,同族,524307,电气类
物理|本科批|长江大学|长江大学08,农林动物,林学组,低,同族,524308,林学类
历史|本科批|三峡大学|三峡大学01,经管商贸、文法教育,文法+经管组,低,相近混合,525101,金融学类、新闻传播学类、外国语言文学类
物理|本科批|三峡大学|三峡大学02,经管商贸,管理组,低,同族,525102,管理科学与工程类、工商管理类
物理|本科批|三峡大学|三峡大学03,土建测绘、地矿安全、机械能源、化材药、带电工科、生环食品,大理工组（夹水利/土木/地质工程/生物工程等）,高,大杂烩,525103,水利类、土木类、地质类、机械类、化学类、化工与制药类、电气类、生物工程类、生物科学类
物理|本科批|三峡大学|三峡大学04,带电工科,电气组,低,同族,525104,电气类
物理|本科批|湖北汽车工业学院|湖北汽车工业学院01,经管商贸,经济组,低,同族,525501,经济学类
物理|本科批|湖北汽车工业学院|湖北汽车工业学院02,机械能源、带电工科、军警安全,机械+带电+军警组,中,跨界混合,525502,能源动力类、机械类、自动化类、兵器类
物理|本科批|湖北汽车工业学院|湖北汽车工业学院03,机械能源,机械组,低,同族,525503,机械类
物理|本科批|湖北医药学院|湖北医药学院01,医药护理、化材药、试验班,医药+化材药组,中,相近混合,525601,临床医学类、口腔医学类、公共卫生与预防医学类、护理学类、药学类、基础医学类、交叉学科类
物理|本科批|湖北医药学院|湖北医药学院02,医药护理,医学技术组,低,同族,525602,医学技术类
历史|本科批|湖北师范大学|湖北师范大学01,文法教育,文法教育组,低,同族,526101,法学类、教育学类、外国语言文学类、中国语言文学类、新闻传播学类
历史|本科批|湖北师范大学|湖北师范大学02,理学基础,地理科学组,低,同族,526102,地理科学类
物理|本科批|湖北师范大学|湖北师范大学03,带电工科,电子信息组,低,同族,526103,电子信息类
物理|本科批|湖北师范大学|湖北师范大学04,理学基础、带电工科、化材药、生环食品,大理工组（夹化学/环境/生物科学/材料）,高,大杂烩,526104,数学类、物理学类、电子信息类、化学类、环境科学与工程类、生物科学类、电气类、材料类
历史|本科批|湖北理工学院|湖北理工学院01,经管商贸、文法教育,经管+文法组,低,相近混合,526501,工商管理类、外国语言文学类
物理|本科批|湖北理工学院|湖北理工学院02,经管商贸,经管商贸组,低,同族,526502,管理科学与工程类、经济学类
物理|本科批|湖北理工学院|湖北理工学院03,机械能源、带电工科、生环食品、化材药、土建测绘、医药护理,大理工组（夹生物工程/材料/土木）,高,大杂烩,526503,机械类、自动化类、电气类、计算机类、生物工程类、材料类、能源动力类、土木类、电子信息类、临床医学类
历史|本科批|湖北民族大学|湖北民族大学01,文法教育,文法教育组,低,同族,526701,中国语言文学类、法学类
物理|本科批|湖北民族大学|湖北民族大学02,带电工科、医药护理,带电+医药混合组,低,跨界混合,526702,计算机类、临床医学类
历史|本科批|湖北警官学院|湖北警官学院01,文法教育,法学组,低,同族,527101,法学类
物理|本科批|湖北警官学院|湖北警官学院02,文法教育,法学组,低,同族,527102,法学类
物理|本科批|湖北警官学院|湖北警官学院03,带电工科,计算机组,低,同族,527103,计算机类
历史|本科批|荆楚理工学院|荆楚理工学院01,文法教育,文新外语组,低,同族,528501,中国语言文学类、外国语言文学类
物理|本科批|荆楚理工学院|荆楚理工学院02,机械能源,机械组,低,同族,528502,机械类
物理|本科批|荆楚理工学院|荆楚理工学院03,带电工科,计算机组,低,同族,528503,计算机类
历史|本科批|湖北科技学院|湖北科技学院01,文法教育、经管商贸,文法教育组（夹工商管理）,中,相近混合,528701,教育学类、工商管理类、中国语言文学类、外国语言文学类
物理|本科批|湖北科技学院|湖北科技学院02,医药护理、化材药、带电工科、理学基础、机械能源、农林动物,大理工组（夹化学/林学）,中,大杂烩,528702,临床医学类、口腔医学类、药学类、生物医学工程类、电子信息类、物理学类、计算机类、核工程类、化学类、林学类
物理|本科批|湖北科技学院|湖北科技学院03,带电工科,带电工科组,低,同族,528703,电气类、计算机类
历史|本科批|湖北文理学院|湖北文理学院01,文法教育,新闻传播组,低,同族,529001,新闻传播学类
物理|本科批|湖北文理学院|湖北文理学院02,化材药、带电工科、土建测绘、生环食品,大理工组（夹化学/土木/化工制药/食品工程）,高,大杂烩,529002,化学类、自动化类、计算机类、土木类、化工与制药类、食品科学与工程类
物理|本科批|湖北工程学院|湖北工程学院01,经管商贸、土建测绘,经管商贸组（夹建筑）,高,冷热混放,529501,经济学类、金融学类、电子商务类、管理科学与工程类、建筑类
物理|本科批|湖北工程学院|湖北工程学院02,生环食品、农林动物、化材药、土建测绘,大理工组（含自然保护/土木）,高,大杂烩,529502,生物科学类、食品科学与工程类、自然保护与环境生态类、药学类、土木类
物理|本科批|湖北工程学院|湖北工程学院03,机械能源、带电工科,带电+机械组,低,相近混合,529503,机械类、电气类
历史|提前本科批|湖南大学|湖南大学01,文法教育,马理论组,低,同族,530101,马克思主义理论类
历史|本科批|湖南大学|湖南大学02,试验班,预科组,低,同族,530102,预科班类
历史|本科批|湖南大学|湖南大学03,经管商贸、文法教育,文法教育组（夹工商管理）,中,相近混合,530103,经济学类、法学类、中国语言文学类、外国语言文学类、新闻传播学类、工商管理类
物理|提前本科批|湖南大学|湖南大学04,化材药、土建测绘,化材药组（含土木）,中,跨界混合,530104,化学类、土木类
物理|本科批|湖南大学|湖南大学05,试验班,预科组,低,同族,530105,预科班类
物理|本科批|湖南大学|湖南大学06,经管商贸,经管商贸组,低,同族,530106,经济与贸易类、金融学类、管理科学与工程类、经济学类
物理|本科批|湖南大学|湖南大学07,理学基础、带电工科、化材药、生环食品,大理工组（夹化学/生物科学）,中,大杂烩,530107,统计学类、电子信息类、计算机类、药学类、数学类、化学类、生物科学类
物理|本科批|湖南大学|湖南大学08,带电工科、化材药、生环食品、土建测绘、理学基础,大理工组（夹化工制药/环境/土木）,高,大杂烩,530108,电子信息类、化工与制药类、环境科学与工程类、土木类、物理学类、电气类
物理|本科批|湖南大学|湖南大学09,带电工科、土建测绘、理学基础、机械能源、化材药,大理工组（夹土木/材料）,高,大杂烩,530109,自动化类、土木类、力学类、物理学类、机械类、材料类、电子信息类
历史|提前本科批|中南大学|中南大学01,文法教育,外语组,低,同族,530201,外国语言文学类
历史|本科批|中南大学|中南大学02,文法教育、经管商贸,文法+经管组,低,相近混合,530202,法学类、金融学类、中国语言文学类、新闻传播学类
物理|提前本科批|中南大学|中南大学03,化材药、医药护理,医药护理组（含材料）,低,相近混合,530203,材料类、医学技术类
物理|本科批|中南大学|中南大学04,理学基础、带电工科、机械能源、交通航空、土建测绘,大理工组（夹土木）,高,大杂烩,530204,数学类、计算机类、机械类、交通运输类、土木类
物理|本科批|中南大学|中南大学05,理学基础、化材药、机械能源、带电工科、生环食品,大理工组（夹化工制药/材料/生物科学）,中,大杂烩,530205,数学类、化工与制药类、材料类、机械类、自动化类、计算机类、生物科学类
物理|本科批|中南大学|中南大学06,带电工科、试验班、交通航空、机械能源、生环食品,大理工组（夹生物工程）,中,大杂烩,530206,电子信息类、计算机类、工科试验班类、交通运输类、能源动力类、生物工程类
物理|本科批|中南大学|中南大学07,试验班,工科试验班组,低,同族,530207,工科试验班类
物理|本科批|中南大学|中南大学08,化材药、土建测绘,化材药组（含土木）,中,跨界混合,530208,材料类、土木类
物理|本科批|中南大学|中南大学09,带电工科,自动化组,低,同族,530209,自动化类
物理|本科批|中南大学|中南大学10,医药护理,临床组,低,同族,530210,临床医学类
物理|本科批|中南大学|中南大学11,医药护理,临床口腔组,低,同族,530211,临床医学类、口腔医学类
历史|本科批|湖南师范大学|湖南师范大学01,文法教育、经管商贸,文商组（夹工商管理）,中,大杂烩,530301,教育学类、中国语言文学类、历史学类、法学类、工商管理类、社会学类、哲学类、外国语言文学类、新闻传播学类
历史|本科批|湖南师范大学|湖南师范大学02,文法教育,法政组,低,同族,530302,马克思主义理论类、政治学类
历史|本科批|湖南师范大学|湖南师范大学03,理学基础,地理科学组,低,同族,530303,地理科学类
物理|本科批|湖南师范大学|湖南师范大学04,文法教育、经管商贸,文法教育组（夹工商管理）,中,相近混合,530304,历史学类、法学类、工商管理类、外国语言文学类、新闻传播学类
物理|本科批|湖南师范大学|湖南师范大学05,医药护理、化材药,医药+化材药组,低,相近混合,530305,临床医学类、药学类、医学技术类、公共卫生与预防医学类
物理|本科批|湖南师范大学|湖南师范大学06,生环食品、理学基础、带电工科、化材药,大理工组（夹生物工程/化学/化工制药）,中,大杂烩,530306,生物工程类、数学类、统计学类、计算机类、电子信息类、物理学类、化学类、化工与制药类
物理|本科批|湖南师范大学|湖南师范大学07,理学基础,地理科学组,低,同族,530307,地理科学类
物理|本科批|湖南中医药大学|湖南中医药大学01,文法教育、经管商贸,文法教育组（含公管）,低,相近混合,530401,心理学类、公共管理类、外国语言文学类
物理|本科批|湖南中医药大学|湖南中医药大学02,医药护理,中医组,低,同族,530402,中医学类
物理|本科批|湖南中医药大学|湖南中医药大学03,医药护理、化材药、生环食品,化材药组（含医学技术/食品工程/生物工程/护理）,中,相近混合,530403,医学技术类、药学类、中药学类、化工与制药类、食品科学与工程类、生物工程类、护理学类
物理|本科批|湖南中医药大学|湖南中医药大学04,医药护理,临床口腔组,低,同族,530404,临床医学类、口腔医学类
物理|本科批|湖南中医药大学|湖南中医药大学05,医药护理,中西医组,低,同族,530405,中西医结合类
物理|本科批|湖南中医药大学|湖南中医药大学06,带电工科,计算机电子组,低,同族,530406,电子信息类、计算机类
历史|本科批|湖南农业大学|湖南农业大学01,经管商贸、土建测绘,经管商贸组（夹建筑）,高,冷热混放,530501,公共管理类、工商管理类、金融学类、建筑类
物理|本科批|湖南农业大学|湖南农业大学02,文法教育、经管商贸,文法教育组（夹公管）,中,相近混合,530502,法学类、公共管理类、外国语言文学类
物理|本科批|湖南农业大学|湖南农业大学03,农林动物、土建测绘、生环食品、地矿安全、化材药、带电工科、理学基础,大理工组（夹水利/环境/安全工程/生物科学等）,高,大杂烩,530503,动物生产类、水产类、植物生产类、农业工程类、水利类、环境科学与工程类、安全科学与工程类、生物科学类、自然保护与环境生态类、化学类、材料类、自动化类、食品科学与工程类、计算机类、电子信息类、数学类
历史|本科批|湖南工商大学|湖南工商大学01,经管商贸、文法教育,经管+文法组,中,相近混合,530601,电子商务类、经济与贸易类、工商管理类、法学类、旅游管理类、外国语言文学类
物理|本科批|湖南工商大学|湖南工商大学02,经管商贸、文法教育,文商组（含电商/工商管理/物流/旅游管理）,高,大杂烩,530602,管理科学与工程类、电子商务类、经济与贸易类、金融学类、工商管理类、物流管理与工程类、法学类、旅游管理类、外国语言文学类
物理|本科批|湖南工商大学|湖南工商大学03,经管商贸,经管商贸组,低,同族,530603,金融学类、工商管理类
物理|本科批|湖南工商大学|湖南工商大学04,经管商贸,管工组,低,同族,530604,管理科学与工程类
物理|本科批|湖南工商大学|湖南工商大学05,机械能源、理学基础、带电工科,带电+机械+理学组,中,相近混合,530605,机械类、物理学类、电子信息类、自动化类、计算机类
物理|本科批|湖南工商大学|湖南工商大学06,理学基础,地理科学组,低,同族,530606,地理科学类
历史|本科批|长沙理工大学|长沙理工大学01,文法教育、经管商贸,文法+经管组,低,相近混合,530701,中国语言文学类、外国语言文学类、金融学类
物理|本科批|长沙理工大学|长沙理工大学02,经管商贸、文法教育,经管+文法组,低,相近混合,530702,工商管理类、法学类
物理|本科批|长沙理工大学|长沙理工大学03,机械能源,机械组,低,同族,530703,机械类
物理|本科批|长沙理工大学|长沙理工大学04,带电工科,电气组,低,同族,530704,电气类
物理|本科批|长沙理工大学|长沙理工大学05,土建测绘,土木组,中,同族,530705,土木类
物理|本科批|长沙理工大学|长沙理工大学06,带电工科,计算机组,低,同族,530706,计算机类
物理|本科批|长沙理工大学|长沙理工大学07,带电工科、生环食品、理学基础、土建测绘、机械能源、交通航空,大理工组（夹环境/土木/水利）,高,大杂烩,530707,电子信息类、环境科学与工程类、力学类、土木类、能源动力类、自动化类、电气类、水利类、海洋工程类、机械类、数学类、计算机类
历史|本科批|长沙学院|长沙学院01,文法教育、经管商贸,经管+文法组,中,相近混合,530801,法学类、外国语言文学类、物流管理与工程类、公共管理类、旅游管理类
历史|本科批|长沙学院|长沙学院02,文法教育,新闻传播组,低,同族,530802,新闻传播学类
物理|本科批|长沙学院|长沙学院03,经管商贸,经管商贸组,低,同族,530803,工商管理类、物流管理与工程类、公共管理类
物理|本科批|长沙学院|长沙学院04,经管商贸,管工组,低,同族,530804,管理科学与工程类
物理|本科批|长沙学院|长沙学院05,土建测绘、机械能源、带电工科、化材药、生环食品,大理工组（夹土木/化学/材料/环境）,高,大杂烩,530805,土木类、机械类、计算机类、电气类、电子信息类、自动化类、化学类、材料类、环境科学与工程类
物理|本科批|长沙学院|长沙学院06,生环食品,生物工程组,低,同族,530806,生物工程类
历史|本科批|湖南人文科技学院|湖南人文科技学院01,文法教育,文法教育组,低,同族,531001,社会学类、外国语言文学类
历史|本科批|湖南人文科技学院|湖南人文科技学院02,文法教育,教育组,低,同族,531002,教育学类
历史|本科批|湖南人文科技学院|湖南人文科技学院03,文法教育,马理论组,低,同族,531003,马克思主义理论类
物理|本科批|湖南人文科技学院|湖南人文科技学院04,文法教育、经管商贸,文法教育组（含电商）,低,相近混合,531004,社会学类、外国语言文学类、电子商务类
物理|本科批|湖南人文科技学院|湖南人文科技学院05,文法教育,教育组,低,同族,531005,教育学类
物理|本科批|湖南人文科技学院|湖南人文科技学院06,农林动物、生环食品、理学基础、机械能源、带电工科、化材药,大理工组（夹植物生产/食品工程/材料/环境）,高,大杂烩,531006,植物生产类、食品科学与工程类、数学类、机械类、能源动力类、自动化类、电子信息类、计算机类、材料类、环境科学与工程类
物理|本科批|湖南人文科技学院|湖南人文科技学院07,文法教育,马理论组,低,同族,531007,马克思主义理论类
历史|本科批|湖南财政经济学院|湖南财政经济学院01,经管商贸、文法教育,经管+文法组,中,相近混合,532001,工商管理类、财政学类、金融学类、经济与贸易类、外国语言文学类、新闻传播学类
物理|本科批|湖南财政经济学院|湖南财政经济学院02,经管商贸、文法教育,文商组,中,大杂烩,532002,工商管理类、财政学类、金融学类、经济与贸易类、经济学类、外国语言文学类、管理科学与工程类、新闻传播学类
物理|本科批|湖南财政经济学院|湖南财政经济学院03,带电工科、土建测绘,带电工科组（夹土木）,高,冷热混放,532003,计算机类、电子信息类、自动化类、土木类
历史|本科批|湖南科技大学|湖南科技大学01,土建测绘、文法教育、经管商贸,工管/文混合组（夹建筑）,高,大杂烩,532101,建筑类、中国语言文学类、历史学类、新闻传播学类、外国语言文学类、经济学类、经济与贸易类、法学类
历史|本科批|湖南科技大学|湖南科技大学02,理学基础,地理科学组,低,同族,532102,地理科学类
物理|本科批|湖南科技大学|湖南科技大学03,土建测绘、文法教育、经管商贸,经管商贸组（夹建筑）,高,冷热混放,532103,建筑类、教育学类、金融学类、经济学类
物理|本科批|湖南科技大学|湖南科技大学04,文法教育、经管商贸,经管+文法组,低,相近混合,532104,外国语言文学类、经济学类、经济与贸易类、法学类
物理|本科批|湖南科技大学|湖南科技大学05,地矿安全、生环食品、土建测绘、理学基础、机械能源、化材药,大理工组（含安全工程/环境/土木/生物科学等）,高,大杂烩,532105,安全科学与工程类、环境科学与工程类、土木类、力学类、能源动力类、化学类、化工与制药类、生物科学类、生物工程类、机械类、材料类、测绘类
物理|本科批|湖南科技大学|湖南科技大学06,机械能源、交通航空、带电工科、理学基础,大理工组,中,大杂烩,532106,机械类、仪器类、海洋工程类、电气类、自动化类、电子信息类、计算机类、数学类、统计学类、物理学类
物理|本科批|湖南科技大学|湖南科技大学07,理学基础,地理科学组,低,同族,532107,地理科学类
历史|本科批|湖南工程学院|湖南工程学院01,生环食品、经管商贸、文法教育,经管商贸组（含纺织）,中,跨界混合,532201,纺织类、物流管理与工程类、工商管理类、电子商务类、经济与贸易类、外国语言文学类
物理|本科批|湖南工程学院|湖南工程学院02,机械能源、生环食品、经管商贸、文法教育,工管/文混合组（含纺织）,高,大杂烩,532202,工业工程类、纺织类、物流管理与工程类、工商管理类、电子商务类、经济与贸易类、外国语言文学类
物理|本科批|湖南工程学院|湖南工程学院03,带电工科、机械能源,带电+机械组,低,相近混合,532203,电气类、机械类、计算机类
物理|本科批|湖南工程学院|湖南工程学院04,带电工科、机械能源、化材药,带电工科组（夹化工制药）,中,跨界混合,532204,自动化类、能源动力类、机械类、化工与制药类、电子信息类、计算机类
物理|本科批|湖南工程学院|湖南工程学院05,机械能源、带电工科,带电+机械组,低,相近混合,532205,机械类、电子信息类、计算机类
历史|本科批|湘潭大学|湘潭大学01,经管商贸、文法教育,经管+文法组,中,相近混合,532301,金融学类、工商管理类、公共管理类、法学类、中国语言文学类、外国语言文学类
物理|本科批|湘潭大学|湘潭大学02,经管商贸、文法教育,文商组（含工商管理/电商/旅游管理）,高,大杂烩,532302,经济学类、金融学类、经济与贸易类、工商管理类、电子商务类、旅游管理类、法学类、外国语言文学类
物理|本科批|湘潭大学|湘潭大学03,经管商贸、理学基础、化材药、带电工科、土建测绘、机械能源,大理工组（夹土木）,高,大杂烩,532303,管理科学与工程类、数学类、物理学类、化学类、材料类、化工与制药类、电子信息类、计算机类、土木类、机械类
物理|本科批|湘潭大学|湘潭大学04,机械能源,机械组,低,同族,532304,机械类
历史|本科批|湖南工学院|湖南工学院01,经管商贸、文法教育、土建测绘,经管商贸组（含建筑）,中,跨界混合,532701,物流管理与工程类、工商管理类、外国语言文学类、建筑类
物理|本科批|湖南工学院|湖南工学院02,机械能源、经管商贸,经管+机械混合组,低,跨界混合,532702,工业工程类、金融学类、管理科学与工程类
物理|本科批|湖南工学院|湖南工学院03,带电工科、机械能源、化材药、地矿安全、生环食品、理学基础,大理工组（夹材料/安全工程/化工制药/环境）,高,大杂烩,532703,自动化类、机械类、材料类、安全科学与工程类、电气类、电子信息类、化工与制药类、环境科学与工程类、计算机类、数学类、物理学类
历史|本科批|中南林业科技大学|中南林业科技大学01,文法教育、经管商贸,经管+文法组,中,相近混合,533101,法学类、旅游管理类、工商管理类、农业经济管理类
历史|本科批|中南林业科技大学|中南林业科技大学02,经管商贸,经管商贸组,低,同族,533102,金融学类、工商管理类
物理|本科批|中南林业科技大学|中南林业科技大学03,经管商贸、土建测绘,工管/文混合组（夹建筑）,高,大杂烩,533103,经济学类、金融学类、经济与贸易类、旅游管理类、建筑类、管理科学与工程类、工商管理类、物流管理与工程类
物理|本科批|中南林业科技大学|中南林业科技大学04,经管商贸,经管商贸组,低,同族,533104,金融学类、工商管理类
物理|本科批|中南林业科技大学|中南林业科技大学05,生环食品、机械能源、化材药、带电工科、农林动物,大理工组（夹材料/化工制药/林业工程/自然保护等）,高,大杂烩,533105,生物科学类、机械类、材料类、能源动力类、电子信息类、自动化类、化工与制药类、林业工程类、环境科学与工程类、食品科学与工程类、自然保护与环境生态类、林学类
物理|本科批|中南林业科技大学|中南林业科技大学06,带电工科、农林动物,带电工科组（夹林学）,中,跨界混合,533106,电子信息类、林学类
历史|本科批|湖南工业大学|湖南工业大学01,经管商贸,工商管理组,低,同族,533201,工商管理类
历史|本科批|湖南工业大学|湖南工业大学02,文法教育,文法教育组,低,同族,533202,新闻传播学类、外国语言文学类、中国语言文学类、法学类
物理|本科批|湖南工业大学|湖南工业大学03,文法教育,文新外语组,低,同族,533203,新闻传播学类、外国语言文学类
物理|本科批|湖南工业大学|湖南工业大学04,土建测绘,建筑组,中,同族,533204,建筑类
物理|本科批|湖南工业大学|湖南工业大学05,经管商贸,经管商贸组,低,同族,533205,工商管理类、经济与贸易类、金融学类、管理科学与工程类
物理|本科批|湖南工业大学|湖南工业大学06,化材药、生环食品、医药护理,化材药组（含生物科学）,中,相近混合,533206,材料类、生物科学类、化学类、生物医学工程类
物理|本科批|湖南工业大学|湖南工业大学07,生环食品、理学基础、带电工科、机械能源、土建测绘、交通航空,大理工组（夹轻工/测绘/土木/水利等）,高,大杂烩,533207,轻工类、数学类、计算机类、物理学类、机械类、能源动力类、电子信息类、自动化类、测绘类、交通运输类、土木类、水利类、环境科学与工程类
物理|本科批|湖南工业大学|湖南工业大学08,带电工科,带电工科组,低,同族,533208,电气类、电子信息类、计算机类
历史|本科批|南华大学|南华大学01,土建测绘、文法教育、经管商贸,文法教育组（夹建筑）,高,冷热混放,534101,建筑类、法学类、经济学类、外国语言文学类
物理|本科批|南华大学|南华大学02,经管商贸、文法教育,经管+文法组,低,相近混合,534102,经济与贸易类、工商管理类、电子商务类、管理科学与工程类、外国语言文学类
物理|本科批|南华大学|南华大学03,机械能源、带电工科、理学基础、地矿安全、生环食品、土建测绘、化材药、医药护理,大理工组（夹地质工程/矿业/安全工程/环境等）,高,大杂烩,534103,机械类、能源动力类、电气类、电子信息类、核工程类、物理学类、地质类、矿业类、安全科学与工程类、环境科学与工程类、土木类、计算机类、化工与制药类、材料类、临床医学类、医学技术类、生物科学类、药学类、公共卫生与预防医学类、护理学类
历史|本科批|衡阳师范学院|衡阳师范学院01,经管商贸、文法教育,文商组（夹工商管理/旅游管理）,高,大杂烩,534201,经济学类、经济与贸易类、工商管理类、法学类、中国语言文学类、新闻传播学类、外国语言文学类、旅游管理类、教育学类
历史|本科批|衡阳师范学院|衡阳师范学院02,文法教育,历史组,低,同族,534202,历史学类
历史|本科批|衡阳师范学院|衡阳师范学院03,文法教育,马理论组,低,同族,534203,马克思主义理论类
物理|本科批|衡阳师范学院|衡阳师范学院04,经管商贸、文法教育,文法教育组（夹电商）,中,相近混合,534204,电子商务类、新闻传播学类、外国语言文学类、中国语言文学类
物理|本科批|衡阳师范学院|衡阳师范学院05,带电工科,计算机组,低,同族,534205,计算机类
物理|本科批|衡阳师范学院|衡阳师范学院06,化材药、生环食品,化材药组（含生物工程）,低,相近混合,534206,化学类、材料类、生物工程类
物理|本科批|衡阳师范学院|衡阳师范学院07,带电工科,电子信息组,低,同族,534207,电子信息类
物理|本科批|衡阳师范学院|衡阳师范学院08,理学基础,地理科学组,低,同族,534208,地理科学类
历史|本科批|湖南文理学院|湖南文理学院01,文法教育,文法教育组,低,同族,534301,教育学类、法学类、外国语言文学类、中国语言文学类
物理|本科批|湖南文理学院|湖南文理学院02,经管商贸,管工组,低,同族,534302,管理科学与工程类
物理|本科批|湖南文理学院|湖南文理学院03,农林动物、带电工科、机械能源、土建测绘、化材药,大理工组（夹水产/土木）,高,大杂烩,534303,水产类、电气类、机械类、土木类、药学类
物理|本科批|湖南文理学院|湖南文理学院04,机械能源,机械组,低,同族,534304,机械类
物理|本科批|湖南文理学院|湖南文理学院05,生环食品,生物工程组,低,同族,534305,生物工程类
物理|本科批|湖南医药学院|湖南医药学院01,医药护理,临床组,低,同族,534801,临床医学类
物理|本科批|湖南医药学院|湖南医药学院02,化材药、医药护理,医药+化材药组,低,相近混合,534802,药学类、公共卫生与预防医学类
物理|本科批|湖南医药学院|湖南医药学院03,医药护理,医学技术组,低,同族,534803,医学技术类
历史|本科批|湖南第一师范学院|湖南第一师范学院01,文法教育、经管商贸,经管+文法组,中,相近混合,534901,中国语言文学类、经济与贸易类、工商管理类、旅游管理类
物理|本科批|湖南第一师范学院|湖南第一师范学院02,文法教育、经管商贸,经管+文法组,中,相近混合,534902,中国语言文学类、教育学类、经济与贸易类、工商管理类、旅游管理类、金融学类
物理|本科批|湖南第一师范学院|湖南第一师范学院03,理学基础、带电工科,带电+理学组,中,相近混合,534903,数学类、统计学类、物理学类、电子信息类、计算机类、自动化类、电气类
历史|本科批|湖南理工大学|湖南理工大学01,文法教育,文新外语组,低,同族,535101,中国语言文学类、新闻传播学类、外国语言文学类
历史|本科批|湖南理工大学|湖南理工大学02,文法教育,马理论组,低,同族,535102,马克思主义理论类
物理|本科批|湖南理工大学|湖南理工大学03,经管商贸、土建测绘,经管商贸组（含建筑）,中,跨界混合,535103,管理科学与工程类、建筑类
物理|本科批|湖南理工大学|湖南理工大学04,文法教育、经管商贸,经管+文法组,低,相近混合,535104,外国语言文学类、工商管理类
物理|本科批|湖南理工大学|湖南理工大学05,化材药,化学组,低,同族,535105,化学类
物理|本科批|湖南理工大学|湖南理工大学06,理学基础、带电工科、化材药、生环食品、机械能源、土建测绘,大理工组（夹轻工/土木/水利）,高,大杂烩,535106,数学类、物理学类、电子信息类、化学类、轻工类、化工与制药类、药学类、材料类、机械类、自动化类、计算机类、土木类、水利类
历史|本科批|湖南城市学院|湖南城市学院01,土建测绘、经管商贸、文法教育,经管商贸组（夹建筑）,高,冷热混放,535501,建筑类、公共管理类、工商管理类、中国语言文学类
历史|本科批|湖南城市学院|湖南城市学院02,文法教育,马理论组,低,同族,535502,马克思主义理论类
物理|本科批|湖南城市学院|湖南城市学院03,经管商贸,管工组,低,同族,535503,管理科学与工程类
物理|本科批|湖南城市学院|湖南城市学院04,土建测绘、经管商贸、文法教育,文法教育组（夹建筑/工商管理）,高,冷热混放,535504,建筑类、工商管理类、中国语言文学类、新闻传播学类
物理|本科批|湖南城市学院|湖南城市学院05,土建测绘、理学基础、地矿安全、带电工科、化材药、生环食品、机械能源,大理工组（夹土木/测绘/水利/安全工程等）,高,大杂烩,535505,土木类、地理科学类、测绘类、水利类、安全科学与工程类、电子信息类、计算机类、物理学类、化工与制药类、环境科学与工程类、材料类、数学类、机械类、电气类、能源动力类
历史|本科批|吉首大学|吉首大学01,文法教育,外语组,低,同族,536101,外国语言文学类
历史|本科批|吉首大学|吉首大学02,文法教育,文法教育组,低,同族,536102,马克思主义理论类、新闻传播学类、法学类
物理|本科批|吉首大学|吉首大学03,医药护理、文法教育、经管商贸,医药护理组（含工商管理）,中,跨界混合,536103,中医学类、心理学类、工商管理类
物理|本科批|吉首大学|吉首大学04,医药护理、生环食品、带电工科,带电工科组（夹医学技术/生物科学/食品工程）,中,跨界混合,536104,医学技术类、生物科学类、电子信息类、计算机类、食品科学与工程类
历史|本科批|邵阳学院|邵阳学院01,文法教育,文法教育组,低,同族,537101,法学类、外国语言文学类
历史|本科批|邵阳学院|邵阳学院02,文法教育,马理论组,低,同族,537102,马克思主义理论类
物理|本科批|邵阳学院|邵阳学院03,经管商贸,经济组,低,同族,537103,经济学类
物理|本科批|邵阳学院|邵阳学院04,农林动物、机械能源、化材药、生环食品、带电工科,大理工组（夹植物生产/化工制药/食品工程/生物工程）,中,大杂烩,537104,植物生产类、机械类、能源动力类、化工与制药类、食品科学与工程类、生物工程类、电气类、电子信息类、计算机类
物理|本科批|邵阳学院|邵阳学院05,医药护理,医药护理组,中,同族,537105,临床医学类、护理学类、医学技术类
物理|本科批|邵阳学院|邵阳学院06,带电工科,电子信息组,低,同族,537106,电子信息类
物理|本科批|邵阳学院|邵阳学院07,农林动物,林学组,低,同族,537107,林学类
历史|本科批|长沙师范学院|长沙师范学院01,文法教育,教育组,低,同族,538001,教育学类
历史|本科批|长沙师范学院|长沙师范学院02,文法教育,中文组,低,同族,538002,中国语言文学类
物理|本科批|长沙师范学院|长沙师范学院03,文法教育,中文组,低,同族,538003,中国语言文学类
物理|本科批|长沙师范学院|长沙师范学院04,经管商贸,经济组,低,同族,538004,经济学类
历史|本科批|湘南学院|湘南学院01,文法教育、经管商贸,文商组（含工商管理/物流/旅游管理/公管）,高,大杂烩,538101,中国语言文学类、外国语言文学类、工商管理类、物流管理与工程类、经济与贸易类、社会学类、法学类、旅游管理类、新闻传播学类、公共管理类
物理|本科批|湘南学院|湘南学院02,医药护理,中医组,低,同族,538102,中医学类
物理|本科批|湘南学院|湘南学院03,文法教育、经管商贸,文商组（含工商管理/物流/旅游管理/公管）,高,大杂烩,538103,外国语言文学类、工商管理类、物流管理与工程类、经济与贸易类、社会学类、法学类、旅游管理类、新闻传播学类、公共管理类、中国语言文学类
物理|本科批|湘南学院|湘南学院04,医药护理、化材药、生环食品,医药护理组（夹生物科学）,中,相近混合,538104,公共卫生与预防医学类、医学技术类、护理学类、药学类、临床医学类、生物科学类、口腔医学类
物理|本科批|湘南学院|湘南学院05,理学基础、带电工科、化材药、机械能源,大理工组（夹化学/材料）,中,大杂烩,538105,数学类、电气类、电子信息类、化学类、材料类、计算机类、机械类
历史|本科批|怀化学院|怀化学院01,文法教育、经管商贸,文法教育组（夹工商管理）,中,相近混合,538501,中国语言文学类、新闻传播学类、工商管理类、法学类、社会学类
历史|本科批|怀化学院|怀化学院02,文法教育,马理论组,低,同族,538502,马克思主义理论类
物理|本科批|怀化学院|怀化学院03,经管商贸,经济组,低,同族,538503,经济学类
物理|本科批|怀化学院|怀化学院04,理学基础、机械能源、带电工科、生环食品、化材药,大理工组（夹生物科学/食品工程/生物工程/材料等）,中,大杂烩,538504,物理学类、机械类、电气类、电子信息类、自动化类、数学类、生物科学类、食品科学与工程类、生物工程类、计算机类、材料类、化工与制药类
物理|本科批|怀化学院|怀化学院05,农林动物,林学组,低,同族,538505,林学类
历史|本科批|湖南科技学院|湖南科技学院01,文法教育、经管商贸,经管+文法组,中,相近混合,539101,中国语言文学类、外国语言文学类、经济与贸易类、工商管理类、旅游管理类、新闻传播学类、电子商务类
历史|本科批|湖南科技学院|湖南科技学院02,文法教育,马理论组,低,同族,539102,马克思主义理论类
物理|本科批|湖南科技学院|湖南科技学院03,理学基础、经管商贸、机械能源、化材药、带电工科、土建测绘、生环食品、文法教育、农林动物,大理工组（夹材料/土木/测绘/食品工程等）,高,大杂烩,539103,数学类、物理学类、金融学类、机械类、材料类、电子信息类、计算机类、土木类、测绘类、食品科学与工程类、教育学类、电气类、植物生产类
物理|本科批|湖南科技学院|湖南科技学院04,带电工科,电子信息组,低,同族,539104,电子信息类
历史|本科批|湖南女子学院|湖南女子学院01,文法教育、经管商贸,文法教育组（含工商管理/旅游管理）,中,相近混合,539301,社会学类、教育学类、新闻传播学类、工商管理类、旅游管理类
物理|本科批|湖南女子学院|湖南女子学院02,经管商贸、文法教育,经管+文法组,低,相近混合,539302,经济学类、社会学类、工商管理类、物流管理与工程类
物理|本科批|湖南女子学院|湖南女子学院03,带电工科、地矿安全,带电工科组（夹地质工程）,高,冷热混放,539303,电子信息类、自动化类、计算机类、地质类
历史|提前本科批|中山大学|中山大学01,文法教育,外语组,低,同族,540101,外国语言文学类
历史|本科批|中山大学|中山大学02,文法教育、经管商贸,文商组（夹工商管理）,中,大杂烩,540102,中国语言文学类、哲学类、社会学类、外国语言文学类、法学类、工商管理类、新闻传播学类、经济学类
物理|提前本科批|中山大学|中山大学03,化材药、理学基础,理学+化材药组,低,相近混合,540103,药学类、大气科学类
物理|本科批|中山大学|中山大学04,经管商贸,经管商贸组,低,同族,540104,经济学类、公共管理类、工商管理类、金融学类、管理科学与工程类
物理|本科批|中山大学|中山大学05,医药护理,临床组,低,同族,540105,临床医学类
物理|本科批|中山大学|中山大学06,医药护理,临床组,低,同族,540106,临床医学类
物理|本科批|中山大学|中山大学07,理学基础、生环食品、带电工科、医药护理,大理工组（夹生物科学/医学技术）,中,大杂烩,540107,数学类、物理学类、生物科学类、电子信息类、医学技术类、大气科学类、海洋科学类、计算机类、生物医学工程类
历史|本科批|华南理工大学|华南理工大学01,经管商贸、文法教育,经管+文法组,低,相近混合,540201,工商管理类、法学类、经济学类
物理|提前本科批|华南理工大学|华南理工大学02,医药护理、化材药、带电工科、机械能源、交通航空,大理工组（夹材料）,中,大杂烩,540202,生物医学工程类、材料类、电子信息类、机械类、自动化类、计算机类、海洋工程类
物理|提前本科批|华南理工大学|华南理工大学03,试验班、生环食品,生环组,中,同族,540203,工科试验班类、轻工类、环境科学与工程类
物理|本科批|华南理工大学|华南理工大学04,试验班、带电工科、理学基础,带电+理学组,低,相近混合,540204,工科试验班类、自动化类、数学类、物理学类、计算机类
物理|本科批|华南理工大学|华南理工大学05,试验班,工科试验班组,低,同族,540205,工科试验班类
物理|本科批|华南理工大学|华南理工大学06,带电工科、试验班、化材药,带电工科组（夹化工制药）,中,跨界混合,540206,电气类、电子信息类、工科试验班类、化工与制药类、计算机类
物理|本科批|华南理工大学|华南理工大学07,试验班,工科试验班组,低,同族,540207,工科试验班类
物理|本科批|华南农业大学|华南农业大学01,经管商贸,公管组,低,同族,540301,公共管理类
物理|本科批|华南农业大学|华南农业大学02,带电工科、生环食品、理学基础、化材药、农林动物,大理工组（夹食品工程/材料）,中,大杂烩,540302,电子信息类、食品科学与工程类、海洋科学类、材料类、林业工程类、动物医学类
物理|本科批|华南农业大学|华南农业大学03,农林动物,林学组,低,同族,540303,林学类
历史|本科批|广东外语外贸大学|广东外语外贸大学01,经管商贸、文法教育,经管+文法组,中,相近混合,540401,经济与贸易类、教育学类、外国语言文学类、新闻传播学类、工商管理类、物流管理与工程类
历史|本科批|广东外语外贸大学|广东外语外贸大学02,经管商贸,工商管理组,低,同族,540402,工商管理类
历史|本科批|广东外语外贸大学|广东外语外贸大学03,文法教育,政治学组,低,同族,540403,政治学类
物理|本科批|广东外语外贸大学|广东外语外贸大学04,经管商贸、文法教育,经管+文法组,中,相近混合,540404,经济学类、财政学类、金融学类、社会学类、教育学类、外国语言文学类、工商管理类
物理|本科批|广东外语外贸大学|广东外语外贸大学05,经管商贸,工商管理组,低,同族,540405,工商管理类
物理|本科批|广东医科大学|广东医科大学01,医药护理,护理组,中,同族,540501,护理学类
物理|本科批|广东医科大学|广东医科大学02,医药护理,临床口腔组,低,同族,540502,临床医学类、口腔医学类
物理|本科批|广东药科大学|广东药科大学01,生环食品、化材药,化材药组（含生物工程）,低,相近混合,540601,生物工程类、药学类、中药学类
物理|本科批|广东药科大学|广东药科大学02,医药护理,公卫组,低,同族,540602,公共卫生与预防医学类
物理|本科批|广东药科大学|广东药科大学03,医药护理,临床组,低,同族,540603,临床医学类
历史|本科批|暨南大学|暨南大学01,文法教育,文法教育组,低,同族,540701,历史学类、新闻传播学类、外国语言文学类、法学类、中国语言文学类
历史|本科批|暨南大学|暨南大学02,文法教育,马理论组,低,同族,540702,马克思主义理论类
物理|本科批|暨南大学|暨南大学03,经管商贸、文法教育,经管+文法组,低,相近混合,540703,工商管理类、新闻传播学类、管理科学与工程类、金融学类
物理|本科批|暨南大学|暨南大学04,生环食品、化材药,化材药组（含食品工程/生物科学）,低,相近混合,540704,食品科学与工程类、材料类、生物科学类、化学类、药学类
物理|本科批|暨南大学|暨南大学05,带电工科、生环食品、机械能源,带电工科组（夹轻工）,高,冷热混放,540705,电子信息类、轻工类、计算机类、能源动力类
物理|本科批|暨南大学|暨南大学06,理学基础、带电工科,理学+带电组,低,相近混合,540706,物理学类、数学类、计算机类
物理|本科批|暨南大学|暨南大学07,医药护理,临床口腔组,低,同族,540707,临床医学类、口腔医学类
物理|本科批|广州美术学院|广州美术学院01,土建测绘,建筑组,中,同族,540801,建筑类
物理|本科批|广州美术学院|广州美术学院02,机械能源,机械组,低,同族,540802,机械类
物理|提前本科批|广州航海学院|广州航海学院01,交通航空,交通运输组,低,同族,541101,交通运输类
物理|本科批|广州航海学院|广州航海学院02,交通航空,海洋工程组,低,同族,541102,海洋工程类
历史|本科批|广东金融学院|广东金融学院01,经管商贸,经管商贸组,低,同族,541201,金融学类、工商管理类
物理|本科批|广东金融学院|广东金融学院02,经管商贸,经管商贸组,低,同族,541202,金融学类、工商管理类
物理|本科批|广东金融学院|广东金融学院03,带电工科,计算机组,低,同族,541203,计算机类
历史|本科批|华南师范大学|华南师范大学01,文法教育、经管商贸,文法教育组（夹公管）,中,相近混合,541301,历史学类、公共管理类、法学类、中国语言文学类
物理|本科批|华南师范大学|华南师范大学02,带电工科、理学基础、化材药,带电工科组（夹化学）,中,跨界混合,541302,计算机类、物理学类、电子信息类、化学类
历史|本科批|广东财经大学|广东财经大学01,经管商贸、文法教育,经管+文法组,低,相近混合,541401,工商管理类、电子商务类、公共管理类、法学类
物理|本科批|广东财经大学|广东财经大学02,经管商贸,经管商贸组,低,同族,541402,金融学类、工商管理类、管理科学与工程类
历史|本科批|广东轻工职业技术大学|广东轻工职业技术大学01,经管商贸,物流组,低,同族,541601,物流类
物理|本科批|广东轻工职业技术大学|广东轻工职业技术大学02,生环食品,生物技术组,低,同族,541602,生物技术类
历史|本科批|哈尔滨工业大学(深圳)|哈尔滨工业大学(深圳)01,试验班,经管试验班组,低,同族,541801,经济管理试验班类
物理|本科批|哈尔滨工业大学(深圳)|哈尔滨工业大学(深圳)02,试验班、理学基础,理学组,低,同族,541802,工科试验班类、数学类
物理|本科批|哈尔滨工业大学(深圳)|哈尔滨工业大学(深圳)03,试验班,工科试验班组,低,同族,541803,工科试验班类
物理|本科批|哈尔滨工业大学(深圳)|哈尔滨工业大学(深圳)04,带电工科,电子信息组,低,同族,541804,电子信息类
历史|本科批|广州大学|广州大学01,文法教育,心理组,低,同族,541901,心理学类
历史|本科批|广州大学|广州大学02,文法教育,外语组,低,同族,541902,外国语言文学类
历史|本科批|广州大学|广州大学03,经管商贸,经贸组,低,同族,541903,经济与贸易类
历史|本科批|广州大学|广州大学04,经管商贸,旅游管理组,中,同族,541904,旅游管理类
物理|本科批|广州大学|广州大学05,经管商贸,金融组,低,同族,541905,金融学类
物理|本科批|广州大学|广州大学06,生环食品,生物科学组,低,同族,541906,生物科学类
物理|本科批|广州大学|广州大学07,理学基础,天文组,低,同族,541907,天文学类
物理|本科批|广州大学|广州大学08,带电工科、生环食品,带电工科组（夹环境）,高,冷热混放,541908,电子信息类、环境科学与工程类
物理|本科批|广州大学|广州大学09,理学基础,数学组,低,同族,541909,数学类
物理|本科批|广州大学|广州大学10,机械能源、带电工科,带电+机械组,低,相近混合,541910,机械类、自动化类
历史|本科批|广州中医药大学|广州中医药大学01,文法教育、经管商贸,经管+文法组,低,相近混合,542001,心理学类、公共管理类
物理|本科批|广州中医药大学|广州中医药大学02,医药护理,中医组,低,同族,542002,中医学类
物理|本科批|广州中医药大学|广州中医药大学03,带电工科,电子信息组,低,同族,542003,电子信息类
物理|本科批|广州中医药大学|广州中医药大学04,医药护理、化材药,化材药+医药组,低,相近混合,542004,中西医结合类、中药学类、药学类
物理|本科批|广州中医药大学|广州中医药大学05,医药护理,护理组,中,同族,542005,护理学类
历史|本科批|汕头大学|汕头大学01,文法教育,文新外语组,低,同族,542101,中国语言文学类、外国语言文学类、新闻传播学类
历史|本科批|汕头大学|汕头大学02,文法教育、经管商贸,经管+文法组,低,相近混合,542102,法学类、公共管理类、工商管理类
物理|本科批|汕头大学|汕头大学03,土建测绘、经管商贸、文法教育,经管商贸组（含建筑）,中,跨界混合,542103,建筑类、经济与贸易类、经济学类、工商管理类、新闻传播学类
物理|本科批|汕头大学|汕头大学04,理学基础、带电工科、生环食品、土建测绘,大理工组（夹生物科学/土木）,高,大杂烩,542104,数学类、统计学类、电子信息类、生物科学类、土木类
物理|本科批|汕头大学|汕头大学05,医药护理、化材药,医药+化材药组,低,相近混合,542105,公共卫生与预防医学类、临床医学类、药学类
历史|本科批|南方医科大学|南方医科大学01,医药护理、文法教育、经管商贸,文法教育组（夹公管）,中,跨界混合,542201,中医学类、法学类、外国语言文学类、公共管理类
物理|本科批|南方医科大学|南方医科大学02,医药护理,中医组,低,同族,542202,中医学类
物理|本科批|南方医科大学|南方医科大学03,医药护理、生环食品,医工混合组（夹生物科学）,中,大杂烩,542203,临床医学类、基础医学类、口腔医学类、公共卫生与预防医学类、中西医结合类、医学技术类、生物医学工程类、生物科学类
物理|本科批|南方医科大学|南方医科大学04,医药护理,临床组,低,同族,542204,临床医学类
物理|本科批|南方医科大学|南方医科大学05,医药护理,护理组,中,同族,542205,护理学类
物理|本科批|广州体育学院|广州体育学院01,医药护理,医学技术组,低,同族,542301,医学技术类
物理|本科批|东莞理工学院|东莞理工学院01,机械能源、带电工科,带电+机械组,低,相近混合,542701,机械类、计算机类、电子信息类
物理|本科批|广东海洋大学|广东海洋大学01,经管商贸,管工组,低,同族,543101,管理科学与工程类
物理|本科批|广东海洋大学|广东海洋大学02,化材药、理学基础、生环食品、机械能源、带电工科、土建测绘、交通航空、农林动物,大理工组（夹化学/生物科学/土木/水利等）,高,大杂烩,543102,化学类、大气科学类、海洋科学类、生物科学类、能源动力类、计算机类、土木类、水利类、海洋工程类、植物生产类、动物生产类、水产类、材料类
物理|本科批|广东海洋大学|广东海洋大学03,交通航空、带电工科,带电+交通组,低,相近混合,543103,海洋工程类、电子信息类
物理|本科批|广东海洋大学|广东海洋大学04,生环食品,食品工程组,低,同族,543104,食品科学与工程类
物理|本科批|广东海洋大学|广东海洋大学05,生环食品,食品工程组,低,同族,543105,食品科学与工程类
历史|本科批|韶关学院|韶关学院01,文法教育,教育组,低,同族,543701,教育学类
物理|本科批|韶关学院|韶关学院02,带电工科,计算机组,低,同族,543702,计算机类
物理|本科批|广东以色列理工学院|广东以色列理工学院01,理学基础、生环食品、机械能源、化材药,大理工组（含生物科学）,中,大杂烩,543801,数学类、生物科学类、机械类、材料类、化工与制药类
物理|本科批|广东石油化工学院|广东石油化工学院01,带电工科、土建测绘,带电工科组（夹土木）,高,冷热混放,544101,电子信息类、计算机类、土木类
历史|本科批|深圳大学|深圳大学01,文法教育、经管商贸,文法教育组（夹工商管理）,中,相近混合,545101,法学类、工商管理类、中国语言文学类、历史学类
物理|本科批|深圳大学|深圳大学02,经管商贸,金融组,低,同族,545102,金融学类
物理|本科批|深圳大学|深圳大学03,经管商贸,金融组,低,同族,545103,金融学类
物理|本科批|深圳大学|深圳大学04,化材药、带电工科、理学基础、医药护理,大理工组（夹材料）,中,大杂烩,545104,材料类、电子信息类、数学类、自动化类、计算机类、临床医学类
物理|提前本科批|南方科技大学|南方科技大学01,医药护理,医药护理组,低,同族,545501,生物医学工程类、基础医学类
物理|提前本科批|南方科技大学|南方科技大学02,理学基础,物理组,低,同族,545502,物理学类
历史|提前本科批|香港中文大学(深圳)|香港中文大学(深圳)01,试验班,试验班组,低,同族,545601,人文科学试验班类、经济管理试验班类
历史|提前本科批|香港中文大学(深圳)|香港中文大学(深圳)02,试验班,试验班组,低,同族,545602,人文科学试验班类、经济管理试验班类
物理|提前本科批|香港中文大学(深圳)|香港中文大学(深圳)03,试验班,经管试验班组,低,同族,545603,经济管理试验班类
物理|提前本科批|香港中文大学(深圳)|香港中文大学(深圳)04,试验班,理科试验班组,低,同族,545604,理科试验班类
物理|提前本科批|香港中文大学(深圳)|香港中文大学(深圳)05,试验班,理科试验班组,低,同族,545605,理科试验班类
历史|本科批|北师香港浸会大学|北师香港浸会大学01,经管商贸、文法教育,文法教育组（含工商管理）,低,相近混合,546101,工商管理类、新闻传播学类、外国语言文学类、经济学类、社会学类
物理|本科批|北师香港浸会大学|北师香港浸会大学02,带电工科、生环食品、理学基础,带电工科组（夹食品工程/环境）,高,冷热混放,546102,计算机类、食品科学与工程类、环境科学与工程类、统计学类、数学类、电子信息类
历史|本科批|岭南师范学院|岭南师范学院01,经管商贸,工商管理组,低,同族,547701,工商管理类
历史|本科批|岭南师范学院|岭南师范学院02,理学基础,地理科学组,低,同族,547702,地理科学类
物理|本科批|岭南师范学院|岭南师范学院03,文法教育,教育组,低,同族,547703,教育学类
物理|本科批|岭南师范学院|岭南师范学院04,带电工科、机械能源,带电+机械组,低,相近混合,547704,自动化类、汽车制造类
物理|本科批|岭南师范学院|岭南师范学院05,带电工科、机械能源,带电+机械组,低,相近混合,547705,计算机类、机械类、自动化类
物理|本科批|岭南师范学院|岭南师范学院06,理学基础,数学组,低,同族,547706,数学类
物理|本科批|广东工业大学|广东工业大学01,经管商贸,经济组,低,同族,547801,经济学类
物理|本科批|广东工业大学|广东工业大学02,机械能源、带电工科,带电+机械组,低,相近混合,547802,机械类、自动化类、电子信息类、能源动力类、计算机类
历史|本科批|深圳技术大学|深圳技术大学01,经管商贸,工商管理组,低,同族,547901,工商管理类
物理|本科批|深圳技术大学|深圳技术大学02,机械能源、带电工科、化材药、交通航空,大理工组（夹材料）,中,大杂烩,547902,机械类、电子信息类、计算机类、材料类、航空航天类
历史|提前本科批|深圳北理莫斯科大学|深圳北理莫斯科大学01,经管商贸、文法教育,经管+文法组,低,相近混合,548001,经济与贸易类、外国语言文学类
物理|提前本科批|深圳北理莫斯科大学|深圳北理莫斯科大学02,经管商贸,财经组,低,同族,548002,经济学类、金融学类
物理|提前本科批|深圳北理莫斯科大学|深圳北理莫斯科大学03,理学基础、化材药、生环食品、机械能源、带电工科,大理工组（夹化学/生物科学/材料）,中,大杂烩,548003,数学类、化学类、地理科学类、生物科学类、仪器类、材料类、电子信息类、计算机类
物理|本科批|深圳北理莫斯科大学|深圳北理莫斯科大学04,经管商贸,金融组,低,同族,548004,金融学类
物理|本科批|深圳北理莫斯科大学|深圳北理莫斯科大学05,带电工科,计算机组,低,同族,548005,计算机类
物理|本科批|肇庆学院|肇庆学院01,机械能源,机械组,低,同族,548401,机械类
物理|本科批|肇庆学院|肇庆学院02,带电工科,电气组,低,同族,548402,电气类
物理|本科批|肇庆医学院|肇庆医学院01,医药护理,护理组,中,同族,548501,护理学类
物理|本科批|肇庆医学院|肇庆医学院02,化材药,药学组,低,同族,548502,药学类
物理|本科批|肇庆医学院|肇庆医学院03,医药护理,临床组,低,同族,548503,临床医学类
物理|本科批|香港城市大学(东莞)|香港城市大学(东莞)01,带电工科,计算机组,低,同族,548801,计算机类
物理|提前本科批|广西大学|广西大学01,带电工科,电气组,低,同族,550101,电气类
物理|本科批|广西大学|广西大学02,带电工科、机械能源、土建测绘,带电工科组（夹土木）,高,冷热混放,550102,电子信息类、机械类、电气类、土木类
历史|本科批|广西中医药大学|广西中医药大学01,医药护理,中医组,低,同族,550201,中医学类
历史|本科批|广西中医药大学|广西中医药大学02,医药护理,中医组,低,同族,550202,中医学类
物理|本科批|广西中医药大学|广西中医药大学03,医药护理,中医组,低,同族,550203,中医学类
物理|本科批|广西中医药大学|广西中医药大学04,医药护理,中医组,低,同族,550204,中医学类
物理|本科批|广西中医药大学|广西中医药大学05,医药护理,口腔组,低,同族,550205,口腔医学类
物理|本科批|广西中医药大学|广西中医药大学06,医药护理,护理组,中,同族,550206,护理学类
物理|本科批|广西中医药大学|广西中医药大学07,医药护理,临床组,低,同族,550207,临床医学类
物理|本科批|广西中医药大学|广西中医药大学08,化材药,化材药组,低,同族,550208,中药学类、药学类
物理|本科批|广西中医药大学|广西中医药大学09,医药护理、生环食品,医药护理组（含食品工程）,低,相近混合,550209,医学技术类、食品科学与工程类
历史|本科批|南宁师范大学|南宁师范大学01,文法教育,文法教育组,低,同族,550401,中国语言文学类、教育学类
物理|本科批|南宁师范大学|南宁师范大学02,文法教育、经管商贸,经管+文法组,低,相近混合,550402,外国语言文学类、物流管理与工程类
物理|本科批|南宁师范大学|南宁师范大学03,化材药,化学组,低,同族,550403,化学类
物理|本科批|南宁师范大学|南宁师范大学04,化材药,化学组,低,同族,550404,化学类
物理|本科批|南宁师范大学|南宁师范大学05,带电工科、理学基础,带电+理学组,低,相近混合,550405,计算机类、数学类
物理|本科批|南宁师范大学|南宁师范大学06,生环食品,生物科学组,低,同族,550406,生物科学类
历史|本科批|玉林师范学院|玉林师范学院01,文法教育,文法教育组,低,同族,550501,新闻传播学类、法学类
历史|本科批|玉林师范学院|玉林师范学院02,文法教育,教育组,低,同族,550502,教育学类
历史|本科批|玉林师范学院|玉林师范学院03,文法教育,中文组,低,同族,550503,中国语言文学类
历史|本科批|玉林师范学院|玉林师范学院04,文法教育,外语组,低,同族,550504,外国语言文学类
物理|本科批|玉林师范学院|玉林师范学院05,化材药、生环食品,化材药组（含食品工程）,低,相近混合,550505,化学类、材料类、食品科学与工程类
物理|本科批|玉林师范学院|玉林师范学院06,理学基础、带电工科、机械能源,带电+理学+机械组,中,相近混合,550506,统计学类、物理学类、计算机类、电子信息类、机械类
物理|本科批|玉林师范学院|玉林师范学院07,生环食品,生物科学组,低,同族,550507,生物科学类
物理|本科批|玉林师范学院|玉林师范学院08,农林动物,林学组,低,同族,550508,林学类
历史|本科批|广西艺术学院|广西艺术学院01,艺术传媒,艺术传媒组,低,同族,550601,美术学类、设计学类、艺术学理论类
物理|提前本科批|北部湾大学|北部湾大学01,交通航空,交通运输组,低,同族,550701,交通运输类
物理|本科批|北部湾大学|北部湾大学02,理学基础、生环食品,理学基础组（含生物工程）,低,相近混合,550702,海洋科学类、生物工程类
物理|本科批|北部湾大学|北部湾大学03,交通航空,海洋工程组,低,同族,550703,海洋工程类
物理|本科批|广西医科大学|广西医科大学01,医药护理,公卫组,低,同族,550801,公共卫生与预防医学类
物理|本科批|广西医科大学|广西医科大学02,化材药,药学组,低,同族,550802,药学类
物理|本科批|广西医科大学|广西医科大学03,医药护理,护理组,中,同族,550803,护理学类
历史|本科批|桂林医科大学|桂林医科大学01,医药护理,护理组,中,同族,551001,护理学类
物理|本科批|桂林医科大学|桂林医科大学02,化材药,药学组,低,同族,551002,药学类
物理|本科批|桂林医科大学|桂林医科大学03,医药护理,公卫组,低,同族,551003,公共卫生与预防医学类
物理|本科批|桂林医科大学|桂林医科大学04,医药护理,医学技术组,低,同族,551004,医学技术类
物理|本科批|桂林医科大学|桂林医科大学05,医药护理,口腔组,低,同族,551005,口腔医学类
物理|本科批|桂林医科大学|桂林医科大学06,医药护理,临床组,低,同族,551006,临床医学类
物理|本科批|桂林医科大学|桂林医科大学07,医药护理,临床组,低,同族,551007,临床医学类
历史|本科批|广西师范大学|广西师范大学01,文法教育,外语组,低,同族,551101,外国语言文学类
历史|本科批|广西师范大学|广西师范大学02,文法教育、经管商贸,文商组,中,大杂烩,551102,中国语言文学类、历史学类、社会学类、公共管理类、金融学类、工商管理类、外国语言文学类、电子商务类
物理|本科批|广西师范大学|广西师范大学03,文法教育、经管商贸,经管+文法组,低,相近混合,551103,法学类、公共管理类
物理|本科批|广西师范大学|广西师范大学04,文法教育,外语组,低,同族,551104,外国语言文学类
物理|本科批|广西师范大学|广西师范大学05,机械能源、理学基础、化材药、带电工科,大理工组（夹化学/化工制药）,中,大杂烩,551105,机械类、数学类、化学类、化工与制药类、计算机类、电子信息类
历史|本科批|桂林理工大学|桂林理工大学01,经管商贸、文法教育,经管+文法组,中,相近混合,551201,工商管理类、电子商务类、旅游管理类、外国语言文学类
物理|本科批|桂林理工大学|桂林理工大学03,经管商贸、土建测绘,经管商贸组（含建筑）,中,跨界混合,551203,工商管理类、建筑类
物理|本科批|桂林理工大学|桂林理工大学04,机械能源,机械组,低,同族,551204,机械类
物理|本科批|桂林理工大学|桂林理工大学05,生环食品、化材药、土建测绘、带电工科、机械能源、理学基础,大理工组（夹环境/材料/化工制药/生物工程等）,高,大杂烩,551205,环境科学与工程类、材料类、化工与制药类、生物工程类、土木类、电子信息类、计算机类、机械类、自动化类、物理学类、统计学类、数学类
物理|本科批|桂林理工大学|桂林理工大学06,带电工科,计算机组,低,同族,551206,计算机类
历史|本科批|桂林电子科技大学|桂林电子科技大学01,试验班,预科组,低,同族,551301,预科班类
历史|本科批|桂林电子科技大学|桂林电子科技大学02,文法教育,中文组,低,同族,551302,中国语言文学类
物理|本科批|桂林电子科技大学|桂林电子科技大学03,试验班,预科组,低,同族,551303,预科班类
物理|本科批|桂林电子科技大学|桂林电子科技大学04,经管商贸,经管商贸组,低,同族,551304,金融学类、管理科学与工程类、经济学类
物理|本科批|桂林电子科技大学|桂林电子科技大学05,经管商贸,金融组,低,同族,551305,金融学类
物理|本科批|桂林电子科技大学|桂林电子科技大学06,文法教育,法学组,低,同族,551306,法学类
物理|本科批|桂林电子科技大学|桂林电子科技大学07,带电工科,电子信息组,低,同族,551307,电子信息类
物理|本科批|桂林电子科技大学|桂林电子科技大学08,带电工科,计算机组,低,同族,551308,计算机类
物理|本科批|桂林电子科技大学|桂林电子科技大学09,化材药、机械能源,机械能源组（含材料）,低,跨界混合,551309,材料类、机械类
物理|本科批|桂林电子科技大学|桂林电子科技大学10,带电工科、机械能源,带电+机械组,低,相近混合,551310,电气类、机械类、电子信息类
物理|本科批|桂林电子科技大学|桂林电子科技大学11,带电工科,电子信息组,低,同族,551311,电子信息类
物理|本科批|桂林电子科技大学|桂林电子科技大学12,机械能源、带电工科,带电+机械组,低,相近混合,551312,仪器类、自动化类
物理|本科批|桂林电子科技大学|桂林电子科技大学13,土建测绘,土木组,中,同族,551313,土木类
物理|本科批|桂林电子科技大学|桂林电子科技大学14,带电工科,计算机组,低,同族,551314,计算机类
物理|本科批|桂林电子科技大学|桂林电子科技大学15,带电工科,计算机组,低,同族,551315,计算机类
物理|本科批|桂林电子科技大学|桂林电子科技大学16,医药护理、生环食品,医药护理组（含环境）,中,相近混合,551316,生物医学工程类、环境科学与工程类
历史|本科批|右江民族医学院|右江民族医学院01,医药护理,护理组,中,同族,551701,护理学类
物理|本科批|右江民族医学院|右江民族医学院02,经管商贸,工商管理组,低,同族,551702,工商管理类
物理|本科批|右江民族医学院|右江民族医学院03,医药护理,临床组,低,同族,551703,临床医学类
物理|本科批|右江民族医学院|右江民族医学院04,医药护理,医学技术组,低,同族,551704,医学技术类
物理|本科批|右江民族医学院|右江民族医学院05,医药护理,临床组,低,同族,551705,临床医学类
物理|本科批|右江民族医学院|右江民族医学院06,化材药,药学组,低,同族,551706,药学类
物理|本科批|右江民族医学院|右江民族医学院07,生环食品、医药护理,医药护理组（含生物科学）,低,相近混合,551707,生物科学类、生物医学工程类、医学技术类
物理|本科批|右江民族医学院|右江民族医学院08,医药护理,公卫组,低,同族,551708,公共卫生与预防医学类
物理|本科批|右江民族医学院|右江民族医学院09,医药护理,护理组,中,同族,551709,护理学类
历史|本科批|广西民族师范学院|广西民族师范学院01,经管商贸、文法教育,经管+文法组,低,相近混合,551801,公共管理类、电子商务类、外国语言文学类
物理|本科批|广西民族师范学院|广西民族师范学院02,化材药、生环食品、带电工科、理学基础,大理工组（夹化学/化工制药/生物科学/食品工程）,中,大杂烩,551802,化学类、化工与制药类、生物科学类、食品科学与工程类、计算机类、数学类、物理学类
历史|本科批|贺州学院|贺州学院01,文法教育、经管商贸,经管+文法组,中,相近混合,551901,外国语言文学类、工商管理类、旅游管理类
物理|本科批|贺州学院|贺州学院02,经管商贸,财经组,低,同族,551902,经济学类、金融学类
物理|本科批|贺州学院|贺州学院03,带电工科、生环食品,带电工科组（夹食品工程/生物工程）,中,跨界混合,551903,电子信息类、自动化类、食品科学与工程类、生物工程类
物理|本科批|桂林航天工业学院|桂林航天工业学院01,交通航空,航空航天组,低,同族,552101,航空航天类
物理|本科批|桂林航天工业学院|桂林航天工业学院02,机械能源、带电工科,带电+机械组,低,相近混合,552102,机械类、电子信息类、计算机类
历史|本科批|桂林旅游学院|桂林旅游学院01,经管商贸,旅游管理组,中,同族,552201,旅游管理类
历史|本科批|桂林旅游学院|桂林旅游学院02,经管商贸,旅游管理组,中,同族,552202,旅游管理类
物理|本科批|桂林旅游学院|桂林旅游学院03,经管商贸,旅游管理组,中,同族,552203,旅游管理类
物理|本科批|桂林旅游学院|桂林旅游学院04,经管商贸,旅游管理组,中,同族,552204,旅游管理类
物理|本科批|桂林旅游学院|桂林旅游学院05,带电工科,计算机组,低,同族,552205,计算机类
历史|本科批|广西科技师范学院|广西科技师范学院01,文法教育、经管商贸,经管+文法组,低,相近混合,552701,中国语言文学类、工商管理类、物流管理与工程类
物理|本科批|广西科技师范学院|广西科技师范学院02,文法教育、经管商贸,经管+文法组,低,相近混合,552702,教育学类、工商管理类
物理|本科批|广西科技师范学院|广西科技师范学院03,化材药,化学组,低,同族,552703,化学类
物理|本科批|广西科技师范学院|广西科技师范学院04,机械能源、带电工科,带电+机械组,低,相近混合,552704,机械类、电子信息类、自动化类、计算机类
历史|本科批|广西科技大学|广西科技大学01,文法教育,中文组,低,同族,553101,中国语言文学类
物理|本科批|广西科技大学|广西科技大学02,经管商贸、文法教育、机械能源,经管+文法+机械组,中,跨界混合,553102,经济学类、外国语言文学类、工商管理类、工业工程类
物理|本科批|广西科技大学|广西科技大学03,理学基础、机械能源、带电工科、土建测绘、化材药、生环食品、交通航空,大理工组（夹土木/化工制药/纺织/生物工程）,高,大杂烩,553103,统计学类、机械类、电气类、电子信息类、自动化类、计算机类、土木类、化工与制药类、纺织类、生物工程类、交通运输类
物理|本科批|广西科技大学|广西科技大学04,机械能源、带电工科,带电+机械组,低,相近混合,553104,机械类、计算机类
物理|本科批|广西科技大学|广西科技大学05,机械能源、带电工科,机械+带电组,低,相近混合,553105,仪器类、电子信息类、机械类
物理|本科批|广西科技大学|广西科技大学06,医药护理、化材药,医药+化材药组,低,相近混合,553106,临床医学类、药学类
历史|本科批|广西民族大学|广西民族大学01,经管商贸、文法教育,经管+文法组,中,相近混合,553201,公共管理类、经济与贸易类、法学类、外国语言文学类、工商管理类、图书情报与档案管理类、旅游管理类
物理|本科批|广西民族大学|广西民族大学02,艺术传媒,设计组,低,同族,553202,设计学类
物理|本科批|广西民族大学|广西民族大学03,经管商贸、文法教育、土建测绘,文法教育组（夹建筑）,高,冷热混放,553203,金融学类、法学类、社会学类、心理学类、外国语言文学类、新闻传播学类、建筑类
物理|本科批|广西民族大学|广西民族大学04,土建测绘,土木组,中,同族,553204,土木类
物理|本科批|广西民族大学|广西民族大学05,化材药、生环食品、理学基础,理学基础组（含化学/生物科学）,中,相近混合,553205,化学类、生物科学类、海洋科学类
物理|本科批|河池学院|河池学院01,化材药、机械能源、带电工科,带电工科组（夹化学）,中,跨界混合,554401,化学类、机械类、计算机类
历史|本科批|桂林师范学院|桂林师范学院01,文法教育,文法教育组,低,同族,554501,教育学类、中国语言文学类
历史|本科批|梧州学院|梧州学院01,文法教育、经管商贸,经管+文法组,中,相近混合,556101,外国语言文学类、经济与贸易类、电子商务类、工商管理类、教育学类、中国语言文学类
物理|本科批|梧州学院|梧州学院02,经管商贸,经管商贸组,低,同族,556102,金融学类、工商管理类、物流管理与工程类
物理|本科批|梧州学院|梧州学院03,机械能源、化材药、农林动物、理学基础、带电工科,大理工组（夹化工制药/植物生产）,中,大杂烩,556103,机械类、化工与制药类、植物生产类、数学类、计算机类、电子信息类
历史|本科批|海南大学|海南大学01,经管商贸,经管商贸组,中,同族,560101,旅游管理类、公共管理类、电子商务类
历史|本科批|海南大学|海南大学02,经管商贸、文法教育,经管+文法组,中,相近混合,560102,金融学类、工商管理类、法学类、外国语言文学类、旅游管理类、农业经济管理类
历史|本科批|海南大学|海南大学03,文法教育、艺术传媒,文法+艺术组,低,相近混合,560103,中国语言文学类、戏剧与影视学类
历史|本科批|海南大学|海南大学04,文法教育,马理论组,低,同族,560104,马克思主义理论类
历史|本科批|海南大学|海南大学05,文法教育,新闻传播组,低,同族,560105,新闻传播学类
历史|本科批|海南大学|海南大学06,理学基础,地理科学组,低,同族,560106,地理科学类
物理|本科批|海南大学|海南大学07,经管商贸,经管商贸组,低,同族,560107,公共管理类、农业经济管理类
物理|本科批|海南大学|海南大学08,经管商贸,电商组,低,同族,560108,电子商务类
物理|本科批|海南大学|海南大学09,理学基础、化材药、机械能源、带电工科、土建测绘、交通航空、生环食品、医药护理,大理工组（夹化学/化工制药/材料/土木等）,高,大杂烩,560109,数学类、化学类、化工与制药类、机械类、自动化类、材料类、电子信息类、计算机类、土木类、海洋工程类、环境科学与工程类、生物医学工程类
物理|本科批|海南大学|海南大学10,带电工科,计算机组,低,同族,560110,计算机类
历史|本科批|海南师范大学|海南师范大学01,艺术传媒,戏剧影视组,低,同族,560201,戏剧与影视学类
历史|本科批|海南师范大学|海南师范大学02,文法教育,教育组,低,同族,560202,教育学类
历史|本科批|海南师范大学|海南师范大学03,文法教育,外语组,低,同族,560203,外国语言文学类
历史|本科批|海南师范大学|海南师范大学04,艺术传媒,戏剧影视组,低,同族,560204,戏剧与影视学类
历史|本科批|海南师范大学|海南师范大学05,文法教育、经管商贸,文法教育组（夹旅游管理）,高,冷热混放,560205,中国语言文学类、外国语言文学类、历史学类、法学类、旅游管理类
历史|本科批|海南师范大学|海南师范大学06,经管商贸,经管商贸组,低,同族,560206,工商管理类、经济学类
历史|本科批|海南师范大学|海南师范大学07,文法教育,中文组,低,同族,560207,中国语言文学类
物理|本科批|海南师范大学|海南师范大学08,文法教育,外语组,低,同族,560208,外国语言文学类
物理|本科批|海南师范大学|海南师范大学09,经管商贸,经管商贸组,低,同族,560209,工商管理类、经济学类
物理|本科批|海南师范大学|海南师范大学10,文法教育、经管商贸,经管+文法组,中,相近混合,560210,外国语言文学类、金融学类、旅游管理类
物理|本科批|海南师范大学|海南师范大学11,艺术传媒,戏剧影视组,低,同族,560211,戏剧与影视学类
物理|本科批|海南师范大学|海南师范大学12,带电工科,计算机组,低,同族,560212,计算机类
物理|本科批|海南师范大学|海南师范大学13,理学基础、带电工科,带电+理学组,低,相近混合,560213,数学类、计算机类、自动化类
物理|本科批|海南师范大学|海南师范大学14,化材药,化学组,低,同族,560214,化学类
物理|本科批|海南师范大学|海南师范大学15,生环食品,生物科学组,低,同族,560215,生物科学类
物理|本科批|海南医科大学|海南医科大学01,医药护理,中医组,低,同族,560301,中医学类
物理|本科批|海南医科大学|海南医科大学02,医药护理,医学技术组,低,同族,560302,医学技术类
物理|本科批|海南医科大学|海南医科大学03,医药护理,医药护理组,低,同族,560303,临床医学类、口腔医学类、中西医结合类
物理|本科批|海南医科大学|海南医科大学04,医药护理,医学技术组,低,同族,560304,医学技术类
物理|本科批|海南医科大学|海南医科大学05,化材药,化材药组,低,同族,560305,药学类、中药学类
物理|本科批|海南医科大学|海南医科大学06,理学基础、带电工科,带电+理学组,低,相近混合,560306,统计学类、电子信息类
物理|本科批|海南医科大学|海南医科大学07,医药护理,公卫组,低,同族,560307,公共卫生与预防医学类
物理|本科批|海南医科大学|海南医科大学08,医药护理,护理组,中,同族,560308,护理学类
物理|本科批|海南医科大学|海南医科大学09,医药护理,护理组,中,同族,560309,护理学类
历史|本科批|海南热带海洋学院|海南热带海洋学院01,经管商贸,经管商贸组,中,同族,560401,旅游管理类、工商管理类
历史|本科批|海南热带海洋学院|海南热带海洋学院02,文法教育、经管商贸,经管+文法组,中,相近混合,560402,中国语言文学类、外国语言文学类、工商管理类、电子商务类、旅游管理类
历史|本科批|海南热带海洋学院|海南热带海洋学院03,文法教育,文法教育组,低,同族,560403,社会学类、马克思主义理论类、新闻传播学类
物理|提前本科批|海南热带海洋学院|海南热带海洋学院04,交通航空,交通运输组,低,同族,560404,交通运输类
物理|本科批|海南热带海洋学院|海南热带海洋学院05,文法教育,心理组,低,同族,560405,心理学类
物理|本科批|海南热带海洋学院|海南热带海洋学院06,经管商贸,经管商贸组,中,同族,560406,旅游管理类、工商管理类
物理|本科批|海南热带海洋学院|海南热带海洋学院07,理学基础、化材药、生环食品、带电工科、交通航空、农林动物,大理工组（夹化学/植物生产/水产）,高,大杂烩,560407,物理学类、化学类、海洋科学类、生物科学类、电子信息类、计算机类、交通运输类、海洋工程类、环境科学与工程类、食品科学与工程类、植物生产类、水产类
历史|本科批|琼台师范学院|琼台师范学院01,文法教育,教育组,低,同族,561901,教育学类
历史|本科批|琼台师范学院|琼台师范学院02,文法教育,教育组,低,同族,561902,教育学类
历史|本科批|琼台师范学院|琼台师范学院03,文法教育,马理论组,低,同族,561903,马克思主义理论类
物理|本科批|琼台师范学院|琼台师范学院04,带电工科、生环食品,带电工科组（夹生物科学）,中,跨界混合,561904,计算机类、生物科学类
历史|本科批|海南比勒费尔德应用科学大学|海南比勒费尔德应用科学大学01,经管商贸,工商管理组,低,同族,562101,工商管理类
物理|本科批|海南比勒费尔德应用科学大学|海南比勒费尔德应用科学大学02,经管商贸,经管商贸组,低,同族,562102,经济学类、物流管理与工程类
物理|本科批|海南比勒费尔德应用科学大学|海南比勒费尔德应用科学大学03,带电工科,计算机电子组,低,同族,562103,计算机类、电子信息类
物理|本科批|海南比勒费尔德应用科学大学|海南比勒费尔德应用科学大学04,带电工科,电气组,低,同族,562104,电气类
历史|本科批|海南洛桑旅游大学|海南洛桑旅游大学01,经管商贸,旅游管理组,中,同族,563201,旅游管理类
物理|本科批|海南洛桑旅游大学|海南洛桑旅游大学02,经管商贸,旅游管理组,中,同族,563202,旅游管理类
物理|本科批|海南洛桑旅游大学|海南洛桑旅游大学03,生环食品,食品工程组,低,同族,563203,食品科学与工程类
历史|提前本科批|四川大学|四川大学01,文法教育,政治学组,低,同族,610101,政治学类
历史|本科批|四川大学|四川大学02,文法教育、经管商贸、试验班,文法教育组（夹公管）,中,相近混合,610102,哲学类、中国语言文学类、经济学类、法学类、人文科学试验班类、外国语言文学类、公共管理类
物理|提前本科批|四川大学|四川大学03,医药护理,生医工程组,低,同族,610103,生物医学工程类
物理|本科批|四川大学|四川大学04,土建测绘,建筑组,中,同族,610104,建筑类
物理|本科批|四川大学|四川大学05,经管商贸,经管商贸组,低,同族,610105,金融学类、管理科学与工程类
物理|本科批|四川大学|四川大学06,医药护理,临床口腔组,低,同族,610106,临床医学类、口腔医学类
物理|本科批|四川大学|四川大学07,医药护理,临床组,低,同族,610107,临床医学类
物理|本科批|四川大学|四川大学08,医药护理,临床组,低,同族,610108,临床医学类
物理|本科批|四川大学|四川大学09,医药护理,口腔组,低,同族,610109,口腔医学类
物理|本科批|四川大学|四川大学10,医药护理,口腔组,低,同族,610110,口腔医学类
物理|本科批|四川大学|四川大学11,医药护理,护理组,中,同族,610111,护理学类
物理|本科批|四川大学|四川大学12,带电工科、机械能源、化材药,带电工科组（夹材料）,中,跨界混合,610112,计算机类、电子信息类、机械类、材料类
物理|本科批|四川大学|四川大学13,带电工科,电气组,低,同族,610113,电气类
物理|本科批|四川大学|四川大学14,理学基础、化材药、生环食品、带电工科、试验班、交通航空、医药护理,大理工组（夹化学/生物科学/材料/医学技术等）,中,大杂烩,610114,数学类、物理学类、化学类、生物科学类、电子信息类、材料类、工科试验班类、电气类、计算机类、航空航天类、医学技术类、医学试验班类、公共卫生与预防医学类、药学类
历史|本科批|西南交通大学|西南交通大学01,文法教育,文新外语组,低,同族,610201,中国语言文学类、外国语言文学类、新闻传播学类
历史|本科批|西南交通大学|西南交通大学02,文法教育、经管商贸,文法教育组（夹公管）,中,相近混合,610202,法学类、政治学类、马克思主义理论类、公共管理类
物理|提前本科批|西南交通大学|西南交通大学03,土建测绘,建筑组,中,同族,610203,建筑类
物理|本科批|西南交通大学|西南交通大学04,机械能源、带电工科、交通航空,机械+带电+交通组,中,相近混合,610204,机械类、能源动力类、自动化类、航空航天类
物理|本科批|西南交通大学|西南交通大学05,化材药、医药护理,化材药+医药组,低,相近混合,610205,材料类、生物医学工程类、药学类
物理|本科批|西南交通大学|西南交通大学06,带电工科,电气组,低,同族,610206,电气类
物理|本科批|西南交通大学|西南交通大学07,机械能源、土建测绘、交通航空,机械能源组（含土木）,中,相近混合,610207,机械类、能源动力类、土木类、交通运输类
物理|本科批|西南交通大学|西南交通大学08,生环食品、地矿安全,生环食品组（含安全工程）,中,跨界混合,610208,环境科学与工程类、安全科学与工程类
物理|本科批|西南交通大学|西南交通大学09,交通航空、经管商贸,经管+交通混合组,低,跨界混合,610209,交通运输类、物流管理与工程类
物理|本科批|西南交通大学|西南交通大学10,理学基础、化材药、生环食品,理学基础组（含化学/生物科学）,中,相近混合,610210,数学类、物理学类、化学类、生物科学类、统计学类、力学类
物理|本科批|西南交通大学|西南交通大学11,机械能源、化材药、带电工科、土建测绘,大理工组（夹材料/土木）,高,大杂烩,610211,机械类、材料类、电子信息类、计算机类、土木类
物理|本科批|西南交通大学|西南交通大学12,带电工科,计算机电子组,低,同族,610212,电子信息类、计算机类
物理|本科批|西南交通大学|西南交通大学13,土建测绘、地矿安全、生环食品、军警安全,大理工组（含测绘/地质工程）,高,大杂烩,610213,测绘类、地质类、环境科学与工程类、公安技术类
物理|本科批|西南交通大学|西南交通大学14,带电工科、土建测绘、试验班,带电工科组（夹土木/建筑）,高,冷热混放,610214,自动化类、计算机类、土木类、建筑类、交叉学科类
物理|本科批|西南交通大学|西南交通大学15,经管商贸,经管商贸组,低,同族,610215,金融学类、管理科学与工程类、工商管理类
物理|本科批|西南交通大学|西南交通大学16,带电工科,带电工科组,低,同族,610216,电子信息类、自动化类
物理|本科批|西南交通大学|西南交通大学17,土建测绘,土木组,中,同族,610217,土木类
历史|提前本科批|西南财经大学|西南财经大学01,文法教育,外语组,低,同族,610301,外国语言文学类
历史|本科批|西南财经大学|西南财经大学02,经管商贸,工商管理组,低,同族,610302,工商管理类
历史|本科批|西南财经大学|西南财经大学03,经管商贸、文法教育,经管+文法组,低,相近混合,610303,金融学类、工商管理类、财政学类、法学类
物理|提前本科批|西南财经大学|西南财经大学04,经管商贸,经贸组,低,同族,610304,经济与贸易类
物理|本科批|西南财经大学|西南财经大学05,经管商贸、文法教育,经管+文法组,中,相近混合,610305,经济学类、金融学类、工商管理类、财政学类、经济与贸易类、管理科学与工程类、法学类
物理|本科批|西南财经大学|西南财经大学06,经管商贸,经管商贸组,低,同族,610306,工商管理类、金融学类、管理科学与工程类、物流管理与工程类
物理|本科批|西南财经大学|西南财经大学07,带电工科、理学基础、经管商贸,理学+带电+经管组,中,跨界混合,610307,计算机类、数学类、统计学类、经济学类
历史|本科批|电子科技大学|电子科技大学01,试验班、文法教育,文法组,低,同族,610401,社会科学试验班类、外国语言文学类
物理|提前本科批|电子科技大学|电子科技大学02,带电工科、试验班,带电组,低,同族,610402,电子信息类、工科试验班类
物理|本科批|电子科技大学|电子科技大学03,试验班、带电工科、交通航空、理学基础,带电+交通+理学组,中,跨界混合,610403,工科试验班类、电子信息类、航空航天类、数学类、经济管理试验班类
物理|本科批|电子科技大学|电子科技大学04,带电工科、试验班,带电组,低,同族,610404,电子信息类、工科试验班类、自动化类、计算机类
历史|本科批|西南民族大学|西南民族大学01,文法教育、经管商贸,文法教育组（夹工商管理）,中,相近混合,610501,法学类、历史学类、工商管理类、中国语言文学类、新闻传播学类
物理|本科批|西南民族大学|西南民族大学02,带电工科,带电工科组,低,同族,610502,电气类、电子信息类、计算机类、自动化类
历史|本科批|成都理工大学|成都理工大学01,经管商贸,工商管理组,低,同族,610601,工商管理类
历史|本科批|成都理工大学|成都理工大学02,经管商贸,经管商贸组,低,同族,610602,经济学类、工商管理类
历史|本科批|成都理工大学|成都理工大学03,经管商贸,工商管理组,低,同族,610603,工商管理类
物理|本科批|成都理工大学|成都理工大学04,经管商贸,经管商贸组,低,同族,610604,电子商务类、经济学类
物理|本科批|成都理工大学|成都理工大学05,经管商贸,工商管理组,低,同族,610605,工商管理类
物理|本科批|成都理工大学|成都理工大学06,带电工科,计算机组,低,同族,610606,计算机类
物理|本科批|成都理工大学|成都理工大学07,土建测绘、机械能源、生环食品,机械能源组（含土木/环境）,中,跨界混合,610607,土木类、核工程类、环境科学与工程类
物理|本科批|成都理工大学|成都理工大学08,理学基础、生环食品、带电工科、机械能源,大理工组（夹环境）,高,大杂烩,610608,数学类、环境科学与工程类、计算机类、电子信息类、仪器类
物理|本科批|成都理工大学|成都理工大学09,地矿安全、带电工科,带电工科组（夹地球物理）,高,冷热混放,610609,地球物理学类、计算机类
历史|本科批|成都信息工程大学|成都信息工程大学01,文法教育、经管商贸,经管+文法组,低,相近混合,610701,外国语言文学类、经济与贸易类、工商管理类、物流管理与工程类、中国语言文学类
物理|本科批|成都信息工程大学|成都信息工程大学02,理学基础、带电工科、土建测绘,带电工科组（夹测绘）,高,冷热混放,610702,大气科学类、电子信息类、测绘类、自动化类、计算机类、数学类、统计学类
物理|本科批|成都信息工程大学|成都信息工程大学03,带电工科,计算机组,低,同族,610703,计算机类
历史|本科批|成都体育学院|成都体育学院01,文法教育,新闻传播组,低,同族,610801,新闻传播学类
历史|本科批|成都体育学院|成都体育学院02,医药护理,中医组,低,同族,610802,中医学类
历史|本科批|成都体育学院|成都体育学院03,经管商贸,经济组,低,同族,610803,经济学类
物理|本科批|成都体育学院|成都体育学院04,医药护理,中医组,低,同族,610804,中医学类
物理|本科批|成都体育学院|成都体育学院05,文法教育,体育组,低,同族,610805,体育学类
物理|本科批|成都体育学院|成都体育学院06,医药护理,医学技术组,低,同族,610806,医学技术类
历史|本科批|四川音乐学院|四川音乐学院01,艺术传媒,戏剧影视组,低,同族,610901,戏剧与影视学类
历史|本科批|四川音乐学院|四川音乐学院02,艺术传媒,艺术理论组,低,同族,610902,艺术学理论类
历史|本科批|四川音乐学院|四川音乐学院03,艺术传媒,戏剧影视组,低,同族,610903,戏剧与影视学类
历史|本科批|四川音乐学院|四川音乐学院04,艺术传媒,艺术理论组,低,同族,610904,艺术学理论类
物理|本科批|四川音乐学院|四川音乐学院05,艺术传媒,戏剧影视组,低,同族,610905,戏剧与影视学类
物理|本科批|四川音乐学院|四川音乐学院06,艺术传媒,艺术理论组,低,同族,610906,艺术学理论类
历史|本科批|西华大学|西华大学01,经管商贸、文法教育,文法教育组（含公管）,低,相近混合,611001,公共管理类、外国语言文学类、社会学类、教育学类
历史|本科批|西华大学|西华大学02,文法教育,马理论组,低,同族,611002,马克思主义理论类
物理|本科批|西华大学|西华大学03,化材药、交通航空、带电工科,化材药+交通+带电组,中,跨界混合,611003,化学类、化工与制药类、航空航天类、自动化类
物理|本科批|成都中医药大学|成都中医药大学01,医药护理,中医组,低,同族,611101,中医学类
物理|本科批|成都中医药大学|成都中医药大学02,医药护理,中医组,低,同族,611102,中医学类
物理|本科批|成都中医药大学|成都中医药大学03,医药护理,医药护理组,低,同族,611103,中西医结合类、临床医学类
物理|本科批|电子科技大学(沙河校区)|电子科技大学(沙河校区)01,带电工科,计算机组,低,同族,611201,计算机类
物理|本科批|电子科技大学(沙河校区)|电子科技大学(沙河校区)02,带电工科,电子信息组,低,同族,611202,电子信息类
物理|本科批|电子科技大学(沙河校区)|电子科技大学(沙河校区)03,带电工科,电子信息组,低,同族,611203,电子信息类
物理|本科批|四川农业大学|四川农业大学01,土建测绘、经管商贸,经管商贸组（含建筑）,中,跨界混合,611301,建筑类、经济学类、工商管理类
物理|本科批|四川农业大学|四川农业大学02,生环食品、农林动物,生环食品组（含农业工程）,中,相近混合,611302,环境科学与工程类、食品科学与工程类、农业工程类、生物工程类
历史|本科批|成都大学|成都大学01,经管商贸,旅游管理组,中,同族,611401,旅游管理类
历史|本科批|成都大学|成都大学02,文法教育,新闻传播组,低,同族,611402,新闻传播学类
物理|本科批|成都大学|成都大学03,文法教育,新闻传播组,低,同族,611403,新闻传播学类
物理|本科批|成都大学|成都大学04,带电工科,计算机组,低,同族,611404,计算机类
物理|本科批|成都大学|成都大学05,带电工科、生环食品,生环+带电混合组,中,跨界混合,611405,电气类、环境科学与工程类、食品科学与工程类
历史|本科批|四川轻化工大学|四川轻化工大学01,经管商贸、文法教育,文法教育组（含工商管理）,低,相近混合,611501,工商管理类、外国语言文学类、新闻传播学类
物理|本科批|四川轻化工大学|四川轻化工大学02,理学基础、带电工科、机械能源、生环食品,大理工组（夹环境）,高,大杂烩,611502,数学类、计算机类、电子信息类、机械类、环境科学与工程类
物理|本科批|成都医学院|成都医学院01,化材药、医药护理,医药+化材药组,低,相近混合,611601,药学类、医学技术类
历史|本科批|西昌学院|西昌学院01,经管商贸,经管商贸组,中,同族,611701,电子商务类、旅游管理类
物理|本科批|西昌学院|西昌学院02,机械能源、土建测绘,土建测绘+机械组,中,相近混合,611702,机械类、土木类、水利类
物理|本科批|西昌学院|西昌学院03,机械能源,机械组,低,同族,611703,机械类
历史|本科批|内江师范学院|内江师范学院01,文法教育,文法教育组,低,同族,611801,中国语言文学类、教育学类
历史|本科批|内江师范学院|内江师范学院02,文法教育,马理论组,低,同族,611802,马克思主义理论类
物理|本科批|内江师范学院|内江师范学院03,文法教育,新闻传播组,低,同族,611803,新闻传播学类
物理|本科批|内江师范学院|内江师范学院04,理学基础,物理组,低,同族,611804,物理学类
历史|本科批|四川警察学院|四川警察学院01,文法教育,法学组,低,同族,612001,法学类
物理|本科批|四川警察学院|四川警察学院02,文法教育,法学组,低,同族,612002,法学类
物理|本科批|成都师范学院|成都师范学院01,化材药,化学组,低,同族,612901,化学类
物理|本科批|成都师范学院|成都师范学院02,理学基础,物理组,低,同族,612902,物理学类
物理|本科批|成都师范学院|成都师范学院03,理学基础,数学组,低,同族,612903,数学类
历史|本科批|西南科技大学|西南科技大学01,经管商贸、文法教育,经管+文法组,低,相近混合,613101,工商管理类、电子商务类、外国语言文学类、中国语言文学类
历史|本科批|西南科技大学|西南科技大学02,土建测绘,建筑组,中,同族,613102,建筑类
历史|本科批|西南科技大学|西南科技大学03,经管商贸,物流组,低,同族,613103,物流管理与工程类
物理|本科批|西南科技大学|西南科技大学04,经管商贸,电商组,低,同族,613104,电子商务类
物理|本科批|西南科技大学|西南科技大学05,土建测绘,土木组,中,同族,613105,土木类
物理|本科批|西南科技大学|西南科技大学06,交通航空、带电工科、理学基础、机械能源,大理工组,中,大杂烩,613106,航空航天类、计算机类、物理学类、电子信息类、机械类
物理|本科批|西南科技大学|西南科技大学07,化材药、军警安全、机械能源、生环食品、带电工科、土建测绘,大理工组（夹化学/环境/化工制药/土木）,高,大杂烩,613107,化学类、兵器类、核工程类、环境科学与工程类、计算机类、化工与制药类、电子信息类、土木类、自动化类
物理|本科批|四川工程职业技术大学|四川工程职业技术大学02,带电工科,带电工科组,低,同族,613502,自动化类、计算机类
物理|本科批|成都航空职业技术大学|成都航空职业技术大学01,机械能源、交通航空,机械+交通组,低,相近混合,613801,航空装备类、航空运输类
历史|本科批|四川师范大学|四川师范大学01,文法教育,文法教育组,低,同族,614001,法学类、教育学类
历史|本科批|四川师范大学|四川师范大学02,文法教育,文法教育组,低,同族,614002,中国语言文学类、马克思主义理论类
历史|本科批|四川师范大学|四川师范大学03,文法教育,历史组,低,同族,614003,历史学类
物理|本科批|四川师范大学|四川师范大学04,文法教育,文法教育组,低,同族,614004,法学类、教育学类
物理|本科批|四川师范大学|四川师范大学05,理学基础、化材药、带电工科、地矿安全,大理工组（夹化学/安全工程）,高,大杂烩,614005,数学类、化学类、物理学类、电子信息类、安全科学与工程类、电气类
历史|本科批|西南石油大学|西南石油大学01,艺术传媒,戏剧影视组,低,同族,614101,戏剧与影视学类
物理|本科批|西南石油大学|西南石油大学02,地矿安全、机械能源、化材药,地矿安全组（含化学）,中,跨界混合,614102,矿业类、地质类、机械类、化学类
历史|本科批|西华师范大学|西华师范大学01,文法教育,中文组,低,同族,614201,中国语言文学类
物理|本科批|西华师范大学|西华师范大学02,理学基础,数理基础组,低,同族,614202,数学类、天文学类、物理学类
物理|本科批|西南医科大学|西南医科大学01,医药护理,临床组,低,同族,614301,临床医学类
物理|本科批|西南医科大学|西南医科大学02,医药护理,口腔组,低,同族,614302,口腔医学类
物理|本科批|西南医科大学|西南医科大学03,化材药,化材药组,低,同族,614303,药学类、中药学类
物理|本科批|西南医科大学|西南医科大学04,医药护理,医学技术组,低,同族,614304,医学技术类
历史|本科批|绵阳师范学院|绵阳师范学院01,文法教育,文法教育组,低,同族,614401,新闻传播学类、心理学类
物理|本科批|绵阳师范学院|绵阳师范学院02,生环食品、机械能源,机械能源组（含生物科学）,低,跨界混合,614402,生物科学类、机械类
物理|本科批|成都工业学院|成都工业学院01,带电工科,计算机电子组,低,同族,615001,计算机类、电子信息类
历史|本科批|乐山师范学院|乐山师范学院01,文法教育,文法教育组,低,同族,615101,社会学类、教育学类、心理学类、外国语言文学类、历史学类
物理|本科批|乐山师范学院|乐山师范学院02,理学基础、带电工科,理学+带电组,低,相近混合,615102,数学类、统计学类、计算机类
物理|本科批|乐山师范学院|乐山师范学院03,生环食品,生物科学组,低,同族,615103,生物科学类
历史|本科批|川北医学院|川北医学院01,医药护理,护理组,中,同族,616101,护理学类
物理|本科批|川北医学院|川北医学院02,化材药,药学组,低,同族,616102,药学类
物理|本科批|川北医学院|川北医学院03,医药护理,口腔组,低,同族,616103,口腔医学类
物理|本科批|川北医学院|川北医学院04,医药护理,临床组,低,同族,616104,临床医学类
物理|本科批|川北医学院|川北医学院05,医药护理,临床组,低,同族,616105,临床医学类
历史|本科批|宜宾学院|宜宾学院01,经管商贸、文法教育,经管+文法组,低,相近混合,618101,经济与贸易类、外国语言文学类、工商管理类
物理|本科批|宜宾学院|宜宾学院02,化材药、生环食品,生环食品组（含化工制药）,中,相近混合,618102,化工与制药类、环境科学与工程类、食品科学与工程类
历史|本科批|攀枝花学院|攀枝花学院01,文法教育,法学组,低,同族,618701,法学类
物理|本科批|攀枝花学院|攀枝花学院02,带电工科,自动化组,低,同族,618702,自动化类
物理|本科批|成都轻工职业技术大学|成都轻工职业技术大学01,化材药、生环食品、带电工科,带电工科组（夹非金属材料/纺织服装）,高,冷热混放,619101,非金属材料类、纺织服装类、自动化类
历史|提前本科批|重庆大学|重庆大学01,艺术传媒,戏剧影视组,低,同族,620101,戏剧与影视学类
历史|本科批|重庆大学|重庆大学02,文法教育、试验班,文法组,低,同族,620102,外国语言文学类、中国语言文学类、人文科学试验班类
物理|提前本科批|重庆大学|重庆大学03,带电工科、试验班,带电组,低,同族,620103,电子信息类、工科试验班类
物理|本科批|重庆大学|重庆大学04,试验班,预科组,低,同族,620104,预科班类
物理|本科批|重庆大学|重庆大学05,带电工科、机械能源,带电+机械组,低,相近混合,620105,电气类、机械类
物理|本科批|重庆大学|重庆大学06,试验班,工科试验班组,低,同族,620106,工科试验班类
物理|本科批|重庆大学|重庆大学07,化材药,化学组,低,同族,620107,化学类
物理|本科批|重庆大学|重庆大学08,土建测绘,土木组,中,同族,620108,土木类
物理|本科批|重庆大学|重庆大学09,理学基础,物理组,低,同族,620109,物理学类
物理|本科批|重庆大学|重庆大学10,试验班、带电工科,带电组,低,同族,620110,理科试验班类、工科试验班类、电气类
物理|本科批|重庆大学|重庆大学11,试验班,工科试验班组,低,同族,620111,工科试验班类
历史|提前本科批|西南大学|西南大学01,经管商贸,公管组,低,同族,620201,公共管理类
历史|本科批|西南大学|西南大学02,文法教育、经管商贸,经管+文法组,中,相近混合,620202,历史学类、工商管理类、经济学类、公共管理类、法学类、教育学类
历史|本科批|西南大学|西南大学03,文法教育,心理组,低,同族,620203,心理学类
历史|本科批|西南大学|西南大学04,文法教育,文新外语组,低,同族,620204,中国语言文学类、外国语言文学类、新闻传播学类
历史|本科批|西南大学|西南大学05,理学基础,地理科学组,低,同族,620205,地理科学类
物理|提前本科批|西南大学|西南大学06,经管商贸,公管组,低,同族,620206,公共管理类
物理|提前本科批|西南大学|西南大学07,生环食品,食品工程组,低,同族,620207,食品科学与工程类
物理|本科批|西南大学|西南大学08,文法教育,心理组,低,同族,620208,心理学类
物理|本科批|西南大学|西南大学09,文法教育,文新外语组,低,同族,620209,外国语言文学类、新闻传播学类
物理|本科批|西南大学|西南大学10,经管商贸、文法教育,经管+文法组,中,相近混合,620210,工商管理类、经济学类、公共管理类、法学类、教育学类、心理学类
物理|本科批|西南大学|西南大学11,生环食品,生物科学组,低,同族,620211,生物科学类
物理|本科批|西南大学|西南大学12,农林动物,农林动物组,低,同族,620212,植物生产类、自然保护与环境生态类、动物生产类
物理|本科批|西南大学|西南大学13,理学基础、带电工科,带电+理学组,低,相近混合,620213,数学类、计算机类、电子信息类
物理|本科批|西南大学|西南大学14,化材药、生环食品、带电工科、机械能源,大理工组（夹材料/环境/食品工程）,高,大杂烩,620214,材料类、环境科学与工程类、电气类、机械类、食品科学与工程类、自动化类
物理|本科批|西南大学|西南大学15,化材药、理学基础、生环食品,化材药组（含生物科学）,中,相近混合,620215,化学类、物理学类、生物科学类、药学类、化工与制药类
物理|本科批|西南大学|西南大学16,化材药,药学组,低,同族,620216,药学类
物理|本科批|西南大学|西南大学17,带电工科,计算机组,低,同族,620217,计算机类
物理|本科批|西南大学|西南大学18,农林动物,植物生产组,低,同族,620218,植物生产类
物理|本科批|西南大学|西南大学19,带电工科,计算机组,低,同族,620219,计算机类
物理|本科批|西南大学|西南大学20,生环食品,生物科学组,低,同族,620220,生物科学类
物理|本科批|西南大学|西南大学21,理学基础,地理科学组,低,同族,620221,地理科学类
历史|提前本科批|西南政法大学|西南政法大学01,军警安全,公安学组,低,同族,620301,公安学类
历史|提前本科批|西南政法大学|西南政法大学02,文法教育,文法教育组,低,同族,620302,法学类、外国语言文学类
历史|本科批|西南政法大学|西南政法大学03,文法教育,法学组,低,同族,620303,法学类
历史|本科批|西南政法大学|西南政法大学04,文法教育,法学组,低,同族,620304,法学类
历史|本科批|西南政法大学|西南政法大学05,文法教育、经管商贸,文法教育组（夹工商管理）,中,相近混合,620305,法学类、工商管理类、经济与贸易类、外国语言文学类、新闻传播学类
物理|提前本科批|西南政法大学|西南政法大学06,军警安全,公安学组,低,同族,620306,公安学类
物理|提前本科批|西南政法大学|西南政法大学07,军警安全,公安学组,低,同族,620307,公安学类
物理|提前本科批|西南政法大学|西南政法大学08,文法教育、经管商贸,经管+文法组,低,相近混合,620308,法学类、工商管理类
物理|本科批|西南政法大学|西南政法大学09,文法教育,法学组,低,同族,620309,法学类
物理|本科批|西南政法大学|西南政法大学10,文法教育,法学组,低,同族,620310,法学类
物理|本科批|西南政法大学|西南政法大学11,文法教育、经管商贸,经管+文法组,低,相近混合,620311,法学类、工商管理类、经济学类、金融学类
物理|本科批|重庆医科大学|重庆医科大学01,医药护理,临床口腔组,低,同族,620501,临床医学类、口腔医学类
物理|本科批|重庆医科大学|重庆医科大学02,医药护理、试验班,医药组,低,同族,620502,医学技术类、交叉学科类
物理|本科批|重庆医科大学|重庆医科大学03,医药护理、化材药,医药+化材药组,低,相近混合,620503,医学技术类、公共卫生与预防医学类、药学类
物理|本科批|重庆医科大学|重庆医科大学04,医药护理,临床组,低,同族,620504,临床医学类
历史|本科批|重庆工商大学|重庆工商大学01,经管商贸,经管商贸组,低,同族,620601,工商管理类、物流管理与工程类
历史|本科批|重庆工商大学|重庆工商大学02,经管商贸、文法教育,经管+文法组,低,相近混合,620602,经济与贸易类、金融学类、工商管理类、公共管理类、外国语言文学类
物理|本科批|重庆工商大学|重庆工商大学03,经管商贸、文法教育,文商组（含工商管理/旅游管理/物流/公管）,高,大杂烩,620603,经济与贸易类、经济学类、金融学类、工商管理类、旅游管理类、物流管理与工程类、公共管理类、外国语言文学类
物理|本科批|重庆工商大学|重庆工商大学04,经管商贸,经管商贸组,低,同族,620604,工商管理类、物流管理与工程类
物理|本科批|重庆工商大学|重庆工商大学05,机械能源、化材药、生环食品、理学基础,大理工组（夹化工制药/食品工程）,中,大杂烩,620605,机械类、化工与制药类、食品科学与工程类、统计学类
历史|本科批|重庆交通大学|重庆交通大学01,经管商贸、文法教育,经管+文法组,中,相近混合,620701,工商管理类、物流管理与工程类、外国语言文学类、旅游管理类
物理|提前本科批|重庆交通大学|重庆交通大学02,交通航空,交通运输组,低,同族,620702,交通运输类
物理|本科批|重庆交通大学|重庆交通大学03,经管商贸、土建测绘、文法教育,经管商贸组（含建筑）,中,跨界混合,620703,公共管理类、建筑类、管理科学与工程类、新闻传播学类、旅游管理类
物理|本科批|重庆交通大学|重庆交通大学04,机械能源,机械组,低,同族,620704,机械类
物理|本科批|重庆交通大学|重庆交通大学05,土建测绘、交通航空、机械能源、带电工科、化材药、试验班、理学基础,大理工组（夹材料）,高,大杂烩,620705,土木类、水利类、交通运输类、机械类、海洋工程类、电子信息类、计算机类、材料类、航空航天类、交叉学科类、数学类、测绘类
历史|本科批|重庆理工大学|重庆理工大学01,经管商贸、文法教育,经管+文法组,中,相近混合,620801,工商管理类、旅游管理类、外国语言文学类、电子商务类
物理|本科批|重庆理工大学|重庆理工大学02,经管商贸、文法教育,经管+文法组,低,相近混合,620802,管理科学与工程类、工商管理类、金融学类、法学类
物理|本科批|重庆理工大学|重庆理工大学03,机械能源、军警安全、化材药、带电工科、理学基础,大理工组,中,大杂烩,620803,机械类、兵器类、材料类、计算机类、电子信息类、药学类、化工与制药类、能源动力类、数学类
历史|本科批|重庆邮电大学|重庆邮电大学01,文法教育,外语组,低,同族,620901,外国语言文学类
物理|本科批|重庆邮电大学|重庆邮电大学02,带电工科,电子信息组,低,同族,620902,电子信息类
物理|本科批|重庆邮电大学|重庆邮电大学03,带电工科、机械能源、理学基础、经管商贸,大理工组,中,大杂烩,620903,电子信息类、计算机类、自动化类、机械类、数学类、经济学类
物理|本科批|重庆邮电大学|重庆邮电大学04,带电工科,计算机组,低,同族,620904,计算机类
历史|本科批|重庆师范大学|重庆师范大学01,艺术传媒,戏剧影视组,低,同族,621001,戏剧与影视学类
历史|本科批|重庆师范大学|重庆师范大学02,文法教育,历史组,低,同族,621002,历史学类
历史|本科批|重庆师范大学|重庆师范大学03,文法教育、经管商贸,文法教育组（夹工商管理）,中,相近混合,621003,中国语言文学类、教育学类、心理学类、外国语言文学类、新闻传播学类、工商管理类
历史|本科批|重庆师范大学|重庆师范大学04,文法教育,教育组,低,同族,621004,教育学类
物理|本科批|重庆师范大学|重庆师范大学05,文法教育,历史组,低,同族,621005,历史学类
物理|本科批|重庆师范大学|重庆师范大学06,文法教育,教育组,低,同族,621006,教育学类
物理|本科批|重庆师范大学|重庆师范大学07,文法教育,文法教育组,低,同族,621007,教育学类、心理学类、外国语言文学类、新闻传播学类
物理|本科批|重庆师范大学|重庆师范大学08,理学基础、带电工科,带电+理学组,低,相近混合,621008,数学类、物理学类、电子信息类、计算机类
物理|本科批|重庆师范大学|重庆师范大学09,化材药、生环食品,化材药组（含生物科学）,低,相近混合,621009,化学类、生物科学类
物理|本科批|重庆师范大学|重庆师范大学10,理学基础,地理科学组,低,同族,621010,地理科学类
历史|本科批|四川美术学院|四川美术学院01,文法教育、土建测绘、艺术传媒,艺术传媒组（含建筑）,中,跨界混合,621101,教育学类、建筑类、设计学类、艺术学理论类
物理|本科批|四川美术学院|四川美术学院02,土建测绘,建筑组,中,同族,621102,建筑类
物理|本科批|四川美术学院|四川美术学院03,机械能源,机械组,低,同族,621103,机械类
历史|提前本科批|四川外国语大学|四川外国语大学01,文法教育,外语组,低,同族,621201,外国语言文学类
历史|本科批|四川外国语大学|四川外国语大学02,文法教育,外语组,低,同族,621202,外国语言文学类
历史|本科批|四川外国语大学|四川外国语大学03,经管商贸,物流组,低,同族,621203,物流管理与工程类
历史|本科批|四川外国语大学|四川外国语大学04,文法教育、经管商贸,文法教育组（夹电商）,中,相近混合,621204,中国语言文学类、新闻传播学类、电子商务类、经济与贸易类、金融学类、社会学类、教育学类
历史|本科批|四川外国语大学|四川外国语大学05,文法教育,外语组,低,同族,621205,外国语言文学类
历史|本科批|四川外国语大学|四川外国语大学06,文法教育,政治学组,低,同族,621206,政治学类
物理|提前本科批|四川外国语大学|四川外国语大学07,文法教育,外语组,低,同族,621207,外国语言文学类
物理|本科批|四川外国语大学|四川外国语大学08,经管商贸,物流组,低,同族,621208,物流管理与工程类
物理|本科批|四川外国语大学|四川外国语大学09,文法教育、经管商贸,文法教育组（夹电商）,中,相近混合,621209,中国语言文学类、新闻传播学类、电子商务类、经济与贸易类、金融学类、社会学类、教育学类
物理|本科批|四川外国语大学|四川外国语大学10,文法教育,外语组,低,同族,621210,外国语言文学类
物理|本科批|四川外国语大学|四川外国语大学11,文法教育,外语组,低,同族,621211,外国语言文学类
物理|本科批|四川外国语大学|四川外国语大学12,带电工科,计算机组,低,同族,621212,计算机类
物理|本科批|四川外国语大学|四川外国语大学13,文法教育,政治学组,低,同族,621213,政治学类
历史|本科批|重庆三峡科技大学|重庆三峡科技大学01,文法教育、经管商贸,文法教育组（夹工商管理）,中,相近混合,621301,外国语言文学类、中国语言文学类、工商管理类、民族学类、新闻传播学类、经济学类
历史|本科批|重庆三峡科技大学|重庆三峡科技大学02,文法教育,马理论组,低,同族,621302,马克思主义理论类
物理|本科批|重庆三峡科技大学|重庆三峡科技大学03,经管商贸、文法教育,经管+文法组,低,相近混合,621303,电子商务类、经济学类、新闻传播学类
物理|本科批|重庆三峡科技大学|重庆三峡科技大学04,带电工科、机械能源、生环食品、理学基础、农林动物、化材药、地矿安全、土建测绘,大理工组（夹食品工程/植物生产/化工制药/环境等）,高,大杂烩,621304,电气类、机械类、食品科学与工程类、计算机类、数学类、植物生产类、物理学类、化工与制药类、电子信息类、环境科学与工程类、安全科学与工程类、土木类
历史|本科批|长江师范学院|长江师范学院01,文法教育、经管商贸,文法教育组（夹旅游管理）,高,冷热混放,621401,外国语言文学类、旅游管理类、中国语言文学类
历史|本科批|长江师范学院|长江师范学院02,农林动物,林学组,低,同族,621402,林学类
物理|本科批|长江师范学院|长江师范学院03,文法教育、经管商贸,经管+文法组,中,相近混合,621403,外国语言文学类、物流管理与工程类、旅游管理类、中国语言文学类、经济学类
物理|本科批|长江师范学院|长江师范学院04,机械能源,机械组,低,同族,621404,机械类
物理|本科批|长江师范学院|长江师范学院05,带电工科,自动化组,低,同族,621405,自动化类
物理|本科批|长江师范学院|长江师范学院06,农林动物,植物生产组,低,同族,621406,植物生产类
物理|本科批|长江师范学院|长江师范学院07,化材药、生环食品,化材药组（含环境）,中,相近混合,621407,材料类、环境科学与工程类
物理|本科批|长江师范学院|长江师范学院08,农林动物,林学组,低,同族,621408,林学类
物理|本科批|重庆文理学院|重庆文理学院01,土建测绘、经管商贸,经管商贸组（含建筑）,中,跨界混合,621501,建筑类、管理科学与工程类
物理|本科批|重庆文理学院|重庆文理学院02,带电工科、化材药、机械能源、生环食品,大理工组（夹化工制药/生物科学/材料）,中,大杂烩,621502,计算机类、化工与制药类、机械类、自动化类、生物科学类、材料类、电气类、电子信息类
历史|本科批|重庆科技大学|重庆科技大学01,文法教育,外语组,低,同族,622101,外国语言文学类
物理|本科批|重庆科技大学|重庆科技大学02,经管商贸,金融组,低,同族,622102,金融学类
物理|本科批|重庆科技大学|重庆科技大学03,化材药,化工制药组,低,同族,622103,化工与制药类
物理|本科批|重庆科技大学|重庆科技大学04,化材药、地矿安全,化材药组（含矿业）,中,跨界混合,622104,材料类、矿业类
物理|本科批|重庆科技大学|重庆科技大学05,理学基础、机械能源、带电工科、土建测绘、地矿安全,大理工组（夹土木/矿业）,高,大杂烩,622105,统计学类、机械类、自动化类、计算机类、土木类、矿业类
历史|提前本科批|贵州大学|贵州大学01,经管商贸,经济组,低,同族,630101,经济学类
历史|本科批|贵州大学|贵州大学02,经管商贸,经济组,低,同族,630102,经济学类
历史|本科批|贵州大学|贵州大学03,文法教育,历史组,低,同族,630103,历史学类
物理|提前本科批|贵州大学|贵州大学04,机械能源,机械组,低,同族,630104,机械类
物理|本科批|贵州大学|贵州大学05,化材药,化工制药组,低,同族,630105,化工与制药类
物理|本科批|贵州大学|贵州大学06,机械能源,机械组,低,同族,630106,机械类
物理|本科批|贵州大学|贵州大学07,生环食品,环境组,中,同族,630107,环境科学与工程类
物理|本科批|贵州大学|贵州大学08,带电工科,带电工科组,低,同族,630108,计算机类、电气类
历史|本科批|贵州中医药大学|贵州中医药大学01,医药护理,中医组,低,同族,630201,中医学类
历史|本科批|贵州中医药大学|贵州中医药大学02,文法教育,体育组,低,同族,630202,体育学类
物理|本科批|贵州中医药大学|贵州中医药大学03,医药护理,中医组,低,同族,630203,中医学类
物理|本科批|贵州中医药大学|贵州中医药大学04,医药护理,中西医组,低,同族,630204,中西医结合类
物理|本科批|贵州中医药大学|贵州中医药大学05,医药护理,医学技术组,低,同族,630205,医学技术类
物理|本科批|贵州中医药大学|贵州中医药大学06,带电工科、试验班,带电组,低,同族,630206,计算机类、交叉学科类
物理|本科批|贵州中医药大学|贵州中医药大学07,化材药,药学组,低,同族,630207,药学类
物理|本科批|贵州中医药大学|贵州中医药大学08,化材药,化工制药组,低,同族,630208,化工与制药类
物理|本科批|贵州医科大学|贵州医科大学01,化材药,药学组,低,同族,630301,药学类
物理|本科批|贵州医科大学|贵州医科大学02,医药护理,临床组,低,同族,630302,临床医学类
物理|本科批|贵州医科大学|贵州医科大学03,带电工科,计算机组,低,同族,630303,计算机类
历史|本科批|贵州财经大学|贵州财经大学01,经管商贸,经管商贸组,低,同族,630401,金融学类、电子商务类
物理|本科批|贵州财经大学|贵州财经大学02,经管商贸,工商管理组,低,同族,630402,工商管理类
物理|本科批|贵州民族大学|贵州民族大学01,带电工科,计算机电子组,低,同族,630501,计算机类、电子信息类
历史|提前本科批|贵州师范大学|贵州师范大学01,文法教育,马理论组,低,同族,630601,马克思主义理论类
历史|本科批|贵州师范大学|贵州师范大学02,经管商贸,工商管理组,低,同族,630602,工商管理类
历史|本科批|贵州师范大学|贵州师范大学03,文法教育,新闻传播组,低,同族,630603,新闻传播学类
物理|本科批|贵州师范大学|贵州师范大学04,生环食品,生物科学组,低,同族,630604,生物科学类
历史|本科批|安顺学院|安顺学院01,文法教育,外语组,低,同族,630801,外国语言文学类
历史|本科批|安顺学院|安顺学院02,文法教育,中文组,低,同族,630802,中国语言文学类
历史|本科批|安顺学院|安顺学院03,经管商贸,经管商贸组,中,同族,630803,旅游管理类、工商管理类
历史|本科批|安顺学院|安顺学院04,经管商贸,公管组,低,同族,630804,公共管理类
物理|本科批|安顺学院|安顺学院05,交通航空、生环食品,生环+交通混合组,中,跨界混合,630805,航空航天类、环境科学与工程类
物理|本科批|安顺学院|安顺学院06,生环食品,食品工程组,低,同族,630806,食品科学与工程类
物理|本科批|安顺学院|安顺学院07,化材药,化工制药组,低,同族,630807,化工与制药类
物理|本科批|安顺学院|安顺学院08,理学基础,地理科学组,低,同族,630808,地理科学类
物理|本科批|贵阳学院|贵阳学院01,化材药、带电工科、机械能源、土建测绘、理学基础、生环食品,大理工组（夹材料/土木/环境）,高,大杂烩,630901,材料类、电子信息类、机械类、计算机类、土木类、数学类、环境科学与工程类
历史|本科批|黔南民族师范学院|黔南民族师范学院01,文法教育,文法教育组,低,同族,631001,外国语言文学类、心理学类
物理|本科批|黔南民族师范学院|黔南民族师范学院02,理学基础、生环食品,理学基础组（含生物科学）,低,相近混合,631002,数学类、生物科学类
物理|本科批|遵义医科大学|遵义医科大学01,医药护理,临床口腔组,低,同族,631401,临床医学类、口腔医学类
物理|本科批|遵义医科大学|遵义医科大学02,化材药,化工制药组,低,同族,631402,化工与制药类
物理|本科批|遵义医科大学|遵义医科大学03,医药护理,临床口腔组,低,同族,631403,临床医学类、口腔医学类
历史|本科批|贵州工程应用技术学院|贵州工程应用技术学院01,文法教育,教育组,低,同族,631501,教育学类
历史|本科批|贵州工程应用技术学院|贵州工程应用技术学院02,文法教育,马理论组,低,同族,631502,马克思主义理论类
物理|本科批|贵州工程应用技术学院|贵州工程应用技术学院03,经管商贸,经济组,低,同族,631503,经济学类
物理|本科批|贵州工程应用技术学院|贵州工程应用技术学院04,土建测绘、机械能源、生环食品,机械能源组（含土木/生物科学）,中,跨界混合,631504,土木类、机械类、生物科学类
历史|本科批|贵州商学院|贵州商学院01,经管商贸,旅游管理组,中,同族,631601,旅游管理类
物理|本科批|贵州商学院|贵州商学院02,经管商贸,旅游管理组,中,同族,631602,旅游管理类
物理|本科批|贵州商学院|贵州商学院03,经管商贸,工商管理组,低,同族,631603,工商管理类
物理|本科批|贵州商学院|贵州商学院04,带电工科,计算机组,低,同族,631604,计算机类
历史|本科批|遵义师范学院|遵义师范学院01,文法教育,文法教育组,低,同族,631701,外国语言文学类、教育学类
历史|本科批|遵义师范学院|遵义师范学院02,文法教育,马理论组,低,同族,631702,马克思主义理论类
物理|本科批|贵州理工学院|贵州理工学院01,机械能源、带电工科、生环食品,带电工科组（夹环境）,高,冷热混放,631901,机械类、电气类、环境科学与工程类
物理|本科批|贵州理工学院|贵州理工学院02,土建测绘、地矿安全,土建测绘组（含地质工程）,中,相近混合,631902,水利类、地质类
历史|本科批|六盘水师范学院|六盘水师范学院01,文法教育,文新外语组,低,同族,632001,外国语言文学类、新闻传播学类
物理|本科批|六盘水师范学院|六盘水师范学院02,带电工科、化材药,带电工科组（夹化工制药）,中,跨界混合,632002,电气类、化工与制药类、计算机类
历史|本科批|贵州警察学院|贵州警察学院01,文法教育,法学组,低,同族,632301,法学类
物理|本科批|贵州警察学院|贵州警察学院02,文法教育,法学组,低,同族,632302,法学类
物理|本科批|贵州警察学院|贵州警察学院03,带电工科,计算机组,低,同族,632303,计算机类
历史|本科批|贵阳康养职业大学|贵阳康养职业大学01,文法教育,公共服务组,低,同族,632401,公共服务类
物理|本科批|贵阳康养职业大学|贵阳康养职业大学02,医药护理、文法教育,医药+文法混合组,低,跨界混合,632402,眼视光类、公共服务类
物理|本科批|贵阳康养职业大学|贵阳康养职业大学03,医药护理,康复组,中,同族,632403,康复治疗类
历史|提前本科批|云南大学|云南大学01,文法教育,马理论组,低,同族,640101,马克思主义理论类
历史|本科批|云南大学|云南大学02,文法教育,文新外语组,低,同族,640102,中国语言文学类、外国语言文学类
历史|本科批|云南大学|云南大学03,文法教育,法政组,低,同族,640103,法学类、马克思主义理论类
物理|提前本科批|云南大学|云南大学04,带电工科,计算机组,低,同族,640104,计算机类
物理|本科批|云南大学|云南大学05,经管商贸,经管商贸组,低,同族,640105,经济学类、工商管理类、金融学类
物理|本科批|云南大学|云南大学06,化材药,材料组,低,同族,640106,材料类
物理|本科批|云南大学|云南大学07,理学基础、化材药、生环食品、机械能源,大理工组（夹化学/生物科学）,中,大杂烩,640107,数学类、物理学类、化学类、生物科学类、能源动力类
物理|本科批|云南大学|云南大学08,带电工科,电子信息组,低,同族,640108,电子信息类
物理|本科批|云南大学|云南大学09,医药护理,临床组,低,同族,640109,临床医学类
物理|本科批|云南大学|云南大学10,带电工科,计算机电子组,低,同族,640110,电子信息类、计算机类
历史|本科批|云南师范大学|云南师范大学01,文法教育,文法教育组,低,同族,640201,法学类、新闻传播学类
历史|本科批|云南师范大学|云南师范大学02,文法教育,文法教育组,低,同族,640202,马克思主义理论类、中国语言文学类
物理|本科批|云南师范大学|云南师范大学03,理学基础,物理组,低,同族,640203,物理学类
物理|本科批|云南师范大学|云南师范大学04,化材药、生环食品、带电工科,带电工科组（夹化学/生物科学）,中,跨界混合,640204,化学类、生物科学类、计算机类
物理|本科批|云南师范大学|云南师范大学05,理学基础,数理基础组,低,同族,640205,数学类、统计学类
物理|本科批|云南师范大学|云南师范大学06,理学基础,地理科学组,低,同族,640206,地理科学类
历史|本科批|云南艺术学院|云南艺术学院01,艺术传媒,艺术传媒组,低,同族,640301,艺术学理论类、戏剧与影视学类
历史|本科批|昆明理工大学|昆明理工大学01,文法教育,外语组,低,同族,640401,外国语言文学类
历史|本科批|昆明理工大学|昆明理工大学02,经管商贸,经管商贸组,低,同族,640402,经济与贸易类、工商管理类
历史|本科批|昆明理工大学|昆明理工大学03,土建测绘,建筑组,中,同族,640403,建筑类
物理|本科批|昆明理工大学|昆明理工大学04,经管商贸,经管商贸组,低,同族,640404,物流管理与工程类、工商管理类、管理科学与工程类
物理|本科批|昆明理工大学|昆明理工大学05,机械能源、带电工科、土建测绘、交通航空,大理工组（夹水利）,高,大杂烩,640405,能源动力类、机械类、自动化类、水利类、交通运输类、航空航天类
物理|本科批|昆明理工大学|昆明理工大学06,土建测绘、机械能源、化材药、生环食品,大理工组（含水利/环境）,高,大杂烩,640406,水利类、机械类、化工与制药类、材料类、环境科学与工程类
物理|本科批|昆明理工大学|昆明理工大学07,机械能源、带电工科、化材药,带电工科组（夹材料）,中,跨界混合,640407,机械类、电子信息类、计算机类、材料类
物理|本科批|昆明理工大学|昆明理工大学08,带电工科,电气组,低,同族,640408,电气类
物理|本科批|昆明理工大学|昆明理工大学09,带电工科,电子信息组,低,同族,640409,电子信息类
物理|本科批|昆明理工大学|昆明理工大学10,医药护理,临床组,低,同族,640410,临床医学类
历史|本科批|云南农业大学|云南农业大学01,经管商贸,农经管组,低,同族,640501,农业经济管理类
物理|本科批|云南农业大学|云南农业大学02,土建测绘,建筑组,中,同族,640502,建筑类
物理|本科批|云南农业大学|云南农业大学03,土建测绘,建筑组,中,同族,640503,建筑类
物理|本科批|云南农业大学|云南农业大学04,生环食品、土建测绘、带电工科、化材药,大理工组（夹水利/化学/土木）,高,大杂烩,640504,环境科学与工程类、食品科学与工程类、轻工类、水利类、电气类、化学类、土木类
物理|本科批|云南农业大学|云南农业大学05,土建测绘、机械能源、带电工科,带电工科组（夹土木）,高,冷热混放,640505,土木类、机械类、电子信息类
物理|本科批|云南农业大学|云南农业大学06,农林动物,农林动物组,低,同族,640506,植物生产类、动物生产类、动物医学类
物理|本科批|昆明医科大学|昆明医科大学01,医药护理、化材药,医药+化材药组,低,相近混合,640601,医学技术类、药学类
物理|本科批|昆明医科大学|昆明医科大学02,医药护理、化材药,医药+化材药组,低,相近混合,640602,临床医学类、口腔医学类、公共卫生与预防医学类、药学类、法医学类
物理|本科批|昆明医科大学|昆明医科大学03,医药护理,护理组,中,同族,640603,护理学类
历史|本科批|玉溪师范学院|玉溪师范学院01,文法教育、经管商贸,文法+经管组,低,相近混合,640701,法学类、中国语言文学类、金融学类
物理|本科批|玉溪师范学院|玉溪师范学院02,理学基础、带电工科,带电+理学组,低,相近混合,640702,数学类、电子信息类、电气类
历史|本科批|云南财经大学|云南财经大学01,文法教育,文新外语组,低,同族,640801,新闻传播学类、外国语言文学类
历史|本科批|云南财经大学|云南财经大学02,经管商贸,财经组,低,同族,640802,金融学类、财政学类、经济学类
历史|本科批|云南财经大学|云南财经大学03,文法教育,法学组,低,同族,640803,法学类
历史|本科批|云南财经大学|云南财经大学04,经管商贸,经管商贸组,低,同族,640804,工商管理类、公共管理类、物流管理与工程类
历史|本科批|云南财经大学|云南财经大学05,文法教育,政治学组,低,同族,640805,政治学类
物理|本科批|云南财经大学|云南财经大学06,经管商贸,经管商贸组,低,同族,640806,公共管理类、物流管理与工程类、管理科学与工程类
物理|本科批|云南财经大学|云南财经大学07,经管商贸,金融组,低,同族,640807,金融学类
物理|本科批|云南财经大学|云南财经大学08,经管商贸,财经组,低,同族,640808,金融学类、财政学类、经济学类
物理|本科批|云南财经大学|云南财经大学09,文法教育,法学组,低,同族,640809,法学类
物理|本科批|云南财经大学|云南财经大学10,经管商贸,经管商贸组,低,同族,640810,工商管理类、公共管理类、物流管理与工程类
物理|本科批|云南财经大学|云南财经大学11,理学基础,数理基础组,低,同族,640811,数学类、统计学类
物理|本科批|云南财经大学|云南财经大学12,带电工科,计算机电子组,低,同族,640812,计算机类、电子信息类
历史|本科批|楚雄师范学院|楚雄师范学院01,文法教育,文法教育组,低,同族,640901,外国语言文学类、教育学类
物理|本科批|楚雄师范学院|楚雄师范学院02,农林动物,植物生产组,低,同族,640902,植物生产类
物理|本科批|楚雄师范学院|楚雄师范学院03,理学基础,地理科学组,低,同族,640903,地理科学类
历史|本科批|昆明学院|昆明学院01,文法教育,马理论组,低,同族,641001,马克思主义理论类
物理|本科批|昆明学院|昆明学院02,经管商贸、土建测绘,经管商贸组（含建筑）,中,跨界混合,641002,经济学类、建筑类
物理|本科批|昆明学院|昆明学院03,带电工科、机械能源、土建测绘、农林动物、生环食品、理学基础、化材药,大理工组（夹土木/水利/动物医学/植物生产等）,高,大杂烩,641003,计算机类、机械类、电气类、土木类、水利类、动物医学类、植物生产类、生物科学类、数学类、统计学类、化工与制药类
物理|本科批|昆明学院|昆明学院04,医药护理、化材药,医药+化材药组,低,相近混合,641004,临床医学类、药学类
物理|本科批|昆明学院|昆明学院05,经管商贸,工商管理组,低,同族,641005,工商管理类
历史|本科批|大理大学|大理大学01,文法教育,文新外语组,低,同族,641101,中国语言文学类、新闻传播学类
历史|本科批|大理大学|大理大学02,医药护理,护理组,中,同族,641102,护理学类
物理|本科批|大理大学|大理大学03,医药护理、化材药,医药+化材药组,低,相近混合,641103,临床医学类、口腔医学类、医学技术类、公共卫生与预防医学类、药学类
物理|本科批|大理大学|大理大学04,生环食品、农林动物,农林动物组（含生物科学）,低,相近混合,641104,生物科学类、植物生产类、动物生产类
物理|本科批|大理大学|大理大学05,生环食品、带电工科、机械能源,带电工科组（夹食品工程/环境）,高,冷热混放,641105,食品科学与工程类、环境科学与工程类、电子信息类、电气类、能源动力类
历史|本科批|红河学院|红河学院01,文法教育、经管商贸,经管+文法组,中,相近混合,641301,中国语言文学类、新闻传播学类、外国语言文学类、工商管理类、物流管理与工程类、电子商务类
物理|本科批|红河学院|红河学院02,文法教育、经管商贸,经管+文法组,低,相近混合,641302,新闻传播学类、工商管理类、物流管理与工程类、电子商务类
物理|本科批|红河学院|红河学院03,化材药、带电工科、机械能源、生环食品,大理工组（夹材料/生物科学/食品工程/化学）,中,大杂烩,641303,材料类、电气类、机械类、计算机类、电子信息类、生物科学类、食品科学与工程类、化学类
历史|本科批|云南民族大学|云南民族大学01,文法教育、经管商贸,文法教育组（含工商管理）,低,相近混合,641401,外国语言文学类、工商管理类、新闻传播学类
物理|本科批|云南民族大学|云南民族大学02,带电工科、土建测绘,带电工科组（夹土木）,高,冷热混放,641402,电子信息类、土木类
物理|本科批|西南林业大学|西南林业大学01,经管商贸、文法教育,经管+文法组,低,相近混合,641501,工商管理类、外国语言文学类
物理|本科批|西南林业大学|西南林业大学02,土建测绘,建筑组,中,同族,641502,建筑类
物理|本科批|西南林业大学|西南林业大学03,化材药、农林动物、生环食品、土建测绘、军警安全,大理工组（含林业工程/食品工程/测绘）,高,大杂烩,641503,材料类、林业工程类、食品科学与工程类、测绘类、公安技术类
物理|本科批|西南林业大学|西南林业大学04,农林动物,农林动物组,低,同族,641504,林学类、植物生产类
物理|本科批|西南林业大学|西南林业大学05,机械能源,机械组,低,同族,641505,机械类
物理|本科批|西南林业大学|西南林业大学06,带电工科,计算机电子组,低,同族,641506,电子信息类、计算机类
物理|本科批|西南林业大学|西南林业大学07,农林动物,林学组,低,同族,641507,林学类
历史|本科批|曲靖师范学院|曲靖师范学院01,文法教育,新闻传播组,低,同族,641701,新闻传播学类
历史|本科批|曲靖师范学院|曲靖师范学院02,理学基础,地理科学组,低,同族,641702,地理科学类
物理|本科批|曲靖师范学院|曲靖师范学院03,文法教育,新闻传播组,低,同族,641703,新闻传播学类
物理|本科批|曲靖师范学院|曲靖师范学院04,化材药、生环食品,化材药组（含食品工程）,低,相近混合,641704,化工与制药类、食品科学与工程类
物理|本科批|曲靖师范学院|曲靖师范学院05,理学基础,地理科学组,低,同族,641705,地理科学类
历史|本科批|普洱学院|普洱学院01,文法教育,马理论组,低,同族,641901,马克思主义理论类
历史|本科批|文山学院|文山学院01,文法教育,中文组,低,同族,642001,中国语言文学类
物理|本科批|文山学院|文山学院02,理学基础,地理科学组,低,同族,642002,地理科学类
历史|提前本科批|云南警官学院|云南警官学院01,军警安全,公安学组,低,同族,642101,公安学类
物理|提前本科批|云南警官学院|云南警官学院02,军警安全,公安学组,低,同族,642102,公安学类
历史|本科批|西藏大学|西藏大学01,文法教育,法学组,低,同族,650101,法学类
历史|本科批|西藏大学|西藏大学02,文法教育,历史组,低,同族,650102,历史学类
物理|本科批|西藏大学|西藏大学03,经管商贸,工商管理组,低,同族,650103,工商管理类
物理|本科批|西藏大学|西藏大学04,机械能源,能源动力组,低,同族,650104,能源动力类
物理|本科批|西藏大学|西藏大学05,医药护理,临床组,低,同族,650105,临床医学类
历史|本科批|西藏民族大学|西藏民族大学01,文法教育,中文组,低,同族,650201,中国语言文学类
物理|本科批|西藏民族大学|西藏民族大学02,医药护理,临床组,低,同族,650202,临床医学类
历史|提前本科批|西北大学|西北大学01,文法教育、经管商贸,经管+文法组,低,相近混合,710101,外国语言文学类、图书情报与档案管理类
历史|本科批|西北大学|西北大学02,经管商贸、文法教育,经管+文法组,中,相近混合,710102,经济学类、历史学类、经济与贸易类、法学类、中国语言文学类、公共管理类
历史|本科批|西北大学|西北大学03,文法教育,历史组,低,同族,710103,历史学类
物理|提前本科批|西北大学|西北大学04,带电工科、生环食品,带电工科组（夹食品工程）,中,跨界混合,710104,计算机类、食品科学与工程类
物理|本科批|西北大学|西北大学05,经管商贸,金融组,低,同族,710105,金融学类
物理|本科批|西北大学|西北大学06,理学基础、化材药、地矿安全、生环食品、带电工科,大理工组（夹化学/地质学/化工制药）,高,大杂烩,710106,数学类、化学类、物理学类、地质学类、生物科学类、电子信息类、化工与制药类、生物工程类、食品科学与工程类
物理|本科批|西北大学|西北大学07,理学基础、带电工科,带电+理学组,低,相近混合,710107,物理学类、计算机类
物理|本科批|西北大学|西北大学08,文法教育,历史组,低,同族,710108,历史学类
物理|本科批|西北大学|西北大学09,医药护理,临床组,低,同族,710109,临床医学类
物理|本科批|西北大学|西北大学10,带电工科,计算机组,低,同族,710110,计算机类
物理|本科批|西北大学|西北大学11,理学基础,地理科学组,低,同族,710111,地理科学类
历史|本科批|西北工业大学|西北工业大学01,经管商贸、文法教育,经管+文法组,低,相近混合,710201,工商管理类、经济与贸易类、外国语言文学类
历史|本科批|西北工业大学|西北工业大学02,文法教育,马理论组,低,同族,710202,马克思主义理论类
物理|提前本科批|西北工业大学|西北工业大学03,理学基础、化材药、经管商贸,经管商贸组（含化学）,中,跨界混合,710203,数学类、化学类、管理科学与工程类
物理|本科批|西北工业大学|西北工业大学04,化材药,材料组,低,同族,710204,材料类
物理|本科批|西北工业大学|西北工业大学05,交通航空、带电工科,带电+交通组,低,相近混合,710205,航空航天类、海洋工程类、电子信息类、自动化类、计算机类
物理|本科批|西北工业大学|西北工业大学06,交通航空、军警安全、带电工科,带电+交通+军警组,中,跨界混合,710206,航空航天类、兵器类、电子信息类
物理|本科批|西北工业大学|西北工业大学07,带电工科、机械能源,带电+机械组,低,相近混合,710207,电子信息类、机械类
历史|提前本科批|陕西师范大学|陕西师范大学01,文法教育,历史组,低,同族,710301,历史学类
历史|本科批|陕西师范大学|陕西师范大学02,文法教育、经管商贸,文法教育组（夹公管）,中,相近混合,710302,中国语言文学类、外国语言文学类、新闻传播学类、历史学类、公共管理类
历史|本科批|陕西师范大学|陕西师范大学03,文法教育,马理论组,低,同族,710303,马克思主义理论类
物理|提前本科批|陕西师范大学|陕西师范大学04,理学基础、生环食品,理学基础组（含生物科学）,低,相近混合,710304,物理学类、生物科学类
物理|本科批|陕西师范大学|陕西师范大学05,经管商贸,经济组,低,同族,710305,经济学类
物理|本科批|陕西师范大学|陕西师范大学06,理学基础、化材药、生环食品、带电工科,大理工组（夹化学/生物科学/材料）,中,大杂烩,710306,数学类、物理学类、化学类、生物科学类、材料类、计算机类
物理|本科批|陕西师范大学|陕西师范大学07,带电工科、理学基础,带电+理学组,低,相近混合,710307,电子信息类、物理学类
物理|本科批|陕西师范大学|陕西师范大学08,文法教育,心理组,低,同族,710308,心理学类
物理|本科批|陕西师范大学|陕西师范大学09,理学基础,地理科学组,低,同族,710309,地理科学类
历史|提前本科批|西安交通大学|西安交通大学01,文法教育,外语组,低,同族,710401,外国语言文学类
历史|本科批|西安交通大学|西安交通大学02,试验班、文法教育、经管商贸,文法教育组（夹公管）,中,相近混合,710402,文科试验班类、新闻传播学类、公共管理类、法学类
历史|本科批|西安交通大学|西安交通大学03,文法教育,外语组,低,同族,710403,外国语言文学类
物理|提前本科批|西安交通大学|西安交通大学04,经管商贸,经济组,低,同族,710404,经济学类
物理|提前本科批|西安交通大学|西安交通大学05,试验班、化材药,化材药组,低,同族,710405,工科试验班类、化学类、理科试验班类
物理|提前本科批|西安交通大学|西安交通大学06,医药护理,医学试验班组,低,同族,710406,医学试验班类
物理|本科批|西安交通大学|西安交通大学07,经管商贸,经济组,低,同族,710407,经济学类
物理|本科批|西安交通大学|西安交通大学08,带电工科、机械能源、试验班,带电+机械组,低,相近混合,710408,电气类、能源动力类、自动化类、工科试验班类
物理|本科批|西安交通大学|西安交通大学09,机械能源、化材药,机械能源组（含材料）,低,跨界混合,710409,机械类、材料类
物理|本科批|西安交通大学|西安交通大学10,带电工科,电气组,低,同族,710410,电气类
物理|本科批|西安交通大学|西安交通大学11,医药护理,临床组,低,同族,710411,临床医学类
物理|本科批|西安交通大学|西安交通大学12,试验班,交叉学科组,低,同族,710412,交叉学科类
物理|本科批|西安交通大学|西安交通大学13,机械能源、土建测绘,机械能源组（含建筑）,中,相近混合,710413,机械类、建筑类
物理|本科批|西安交通大学|西安交通大学14,理学基础、带电工科、机械能源、试验班、经管商贸,大理工组（夹工商管理）,中,大杂烩,710414,物理学类、计算机类、电子信息类、能源动力类、工科试验班类、电气类、自动化类、理科试验班类、工商管理类
物理|本科批|西安交通大学|西安交通大学15,机械能源,核工程组,低,同族,710415,核工程类
物理|提前本科批|西安电子科技大学|西安电子科技大学01,带电工科、理学基础、医药护理、化材药,大理工组（夹材料）,中,大杂烩,710501,计算机类、自动化类、数学类、生物医学工程类、材料类
物理|本科批|西安电子科技大学|西安电子科技大学02,经管商贸,管工组,低,同族,710502,管理科学与工程类
物理|本科批|西安电子科技大学|西安电子科技大学03,带电工科,带电工科组,低,同族,710503,电子信息类、计算机类、自动化类
物理|本科批|西安电子科技大学|西安电子科技大学04,带电工科,计算机电子组,低,同族,710504,电子信息类、计算机类
物理|本科批|西安电子科技大学|西安电子科技大学05,带电工科,计算机电子组,低,同族,710505,计算机类、电子信息类
物理|本科批|西安电子科技大学|西安电子科技大学06,带电工科,电子信息组,低,同族,710506,电子信息类
历史|本科批|长安大学|长安大学01,艺术传媒,戏剧影视组,低,同族,710701,戏剧与影视学类
历史|本科批|长安大学|长安大学02,经管商贸、文法教育,文法教育组（夹工商管理/公管）,中,相近混合,710702,工商管理类、法学类、公共管理类、新闻传播学类、外国语言文学类
物理|提前本科批|长安大学|长安大学03,机械能源、土建测绘、地矿安全、带电工科,大理工组（夹土木）,高,大杂烩,710703,机械类、土木类、地质类、地球物理学类、地质学类、电气类
物理|本科批|长安大学|长安大学04,经管商贸、土建测绘,经管商贸组（含建筑）,中,跨界混合,710704,管理科学与工程类、经济学类、工商管理类、建筑类
物理|本科批|长安大学|长安大学05,试验班、带电工科、土建测绘、理学基础,带电工科组（夹测绘）,高,冷热混放,710705,工科试验班类、自动化类、计算机类、电子信息类、测绘类、数学类
物理|本科批|长安大学|长安大学06,交通航空、地矿安全、土建测绘、化材药、生环食品、试验班、机械能源、带电工科,大理工组（夹地质学/水利/环境）,高,大杂烩,710706,交通运输类、地质学类、水利类、化工与制药类、环境科学与工程类、工科试验班类、材料类、能源动力类、电气类
物理|本科批|长安大学|长安大学07,带电工科,电子信息组,低,同族,710707,电子信息类
物理|本科批|长安大学|长安大学08,试验班、机械能源、地矿安全、理学基础,理学基础组（含安全工程）,中,跨界混合,710708,工科试验班类、机械类、交叉学科类、安全科学与工程类、力学类、物理学类
物理|本科批|长安大学|长安大学09,土建测绘、机械能源、交通航空,机械能源组（含土木）,中,相近混合,710709,土木类、机械类、交通运输类
物理|本科批|长安大学|长安大学10,试验班、土建测绘、交通航空,土建测绘+交通组,中,相近混合,710710,工科试验班类、土木类、交通运输类
物理|本科批|西安建筑科技大学|西安建筑科技大学01,经管商贸,管工组,低,同族,710801,管理科学与工程类
物理|本科批|西安建筑科技大学|西安建筑科技大学02,土建测绘,建筑组,中,同族,710802,建筑类
物理|本科批|西安建筑科技大学|西安建筑科技大学03,生环食品,环境组,中,同族,710803,环境科学与工程类
物理|本科批|西安建筑科技大学|西安建筑科技大学04,带电工科、土建测绘,带电工科组（夹土木）,高,冷热混放,710804,电子信息类、土木类、计算机类
物理|本科批|西安建筑科技大学|西安建筑科技大学05,带电工科、机械能源、交通航空、土建测绘、化材药,大理工组（夹土木/材料/化工制药）,高,大杂烩,710805,电子信息类、自动化类、电气类、机械类、能源动力类、交通运输类、土木类、材料类、化工与制药类
历史|本科批|西北政法大学|西北政法大学01,文法教育,法学组,低,同族,710901,法学类
历史|本科批|西北政法大学|西北政法大学02,文法教育,法学组,低,同族,710902,法学类
物理|本科批|西北政法大学|西北政法大学03,文法教育,法学组,低,同族,710903,法学类
物理|本科批|西北政法大学|西北政法大学04,文法教育,法学组,低,同族,710904,法学类
历史|本科批|西安工程大学|西安工程大学01,艺术传媒,戏剧影视组,低,同族,711001,戏剧与影视学类
历史|本科批|西安工程大学|西安工程大学02,经管商贸,工商管理组,低,同族,711002,工商管理类
历史|本科批|西安工程大学|西安工程大学03,文法教育,外语组,低,同族,711003,外国语言文学类
物理|本科批|西安工程大学|西安工程大学04,生环食品,纺织组,中,同族,711004,纺织类
物理|本科批|西安工程大学|西安工程大学05,经管商贸,工商管理组,低,同族,711005,工商管理类
物理|本科批|西安工程大学|西安工程大学06,带电工科,电气组,低,同族,711006,电气类
物理|本科批|西安工程大学|西安工程大学07,化材药、生环食品,化材药组（含轻工）,中,相近混合,711007,化工与制药类、轻工类
物理|本科批|西安工程大学|西安工程大学08,带电工科,计算机电子组,低,同族,711008,计算机类、电子信息类
物理|本科批|西安工程大学|西安工程大学09,生环食品,纺织组,中,同族,711009,纺织类
物理|本科批|西安工程大学|西安工程大学10,生环食品,纺织组,中,同族,711010,纺织类
物理|本科批|西安工程大学|西安工程大学11,带电工科,电子信息组,低,同族,711011,电子信息类
物理|本科批|西安工程大学|西安工程大学12,土建测绘、生环食品,生环食品组（含土木）,中,跨界混合,711012,土木类、环境科学与工程类
物理|本科批|西安工程大学|西安工程大学13,带电工科,电气组,低,同族,711013,电气类
物理|本科批|西安工程大学|西安工程大学14,机械能源、带电工科,带电+机械组,低,相近混合,711014,机械类、自动化类
物理|本科批|西安工程大学|西安工程大学15,带电工科,计算机组,低,同族,711015,计算机类
物理|本科批|西安工程大学|西安工程大学16,化材药,材料组,低,同族,711016,材料类
物理|本科批|西安工程大学|西安工程大学17,理学基础,数学组,低,同族,711017,数学类
历史|本科批|西安财经大学|西安财经大学01,经管商贸、文法教育,经管+文法组,低,相近混合,711101,经济学类、工商管理类、外国语言文学类
物理|本科批|西安财经大学|西安财经大学02,经管商贸,金融组,低,同族,711102,金融学类
物理|本科批|西安财经大学|西安财经大学03,经管商贸,工商管理组,低,同族,711103,工商管理类
物理|本科批|西安财经大学|西安财经大学04,理学基础、带电工科,带电+理学组,低,相近混合,711104,统计学类、计算机类
物理|本科批|西安理工大学|西安理工大学01,经管商贸、机械能源,经管+机械混合组,低,跨界混合,711201,管理科学与工程类、工业工程类
物理|本科批|西安理工大学|西安理工大学02,带电工科、机械能源、化材药、理学基础、土建测绘、生环食品,大理工组（夹材料/水利/土木/化学等）,高,大杂烩,711202,自动化类、机械类、电气类、电子信息类、材料类、计算机类、数学类、仪器类、能源动力类、水利类、力学类、土木类、化学类、轻工类、环境科学与工程类
历史|本科批|西安石油大学|西安石油大学01,经管商贸、文法教育,经管+文法组,低,相近混合,711301,经济与贸易类、工商管理类、中国语言文学类、外国语言文学类
物理|本科批|西安石油大学|西安石油大学02,地矿安全、化材药,地矿安全组（含化学/化工制药）,中,跨界混合,711302,矿业类、地质学类、地质类、化学类、化工与制药类
物理|本科批|西安石油大学|西安石油大学03,地矿安全、化材药、机械能源,机械能源组（含矿业/化工制药/材料）,中,跨界混合,711303,矿业类、化工与制药类、仪器类、机械类、材料类
物理|本科批|西安石油大学|西安石油大学04,地矿安全、化材药、机械能源、带电工科,大理工组（夹矿业/地质工程/化工制药）,高,大杂烩,711304,矿业类、地质类、化工与制药类、仪器类、机械类、计算机类
物理|本科批|西安石油大学|西安石油大学05,带电工科、机械能源、化材药、地矿安全,大理工组（夹材料/安全工程）,高,大杂烩,711305,电气类、自动化类、机械类、材料类、电子信息类、计算机类、安全科学与工程类
历史|本科批|西安医学院|西安医学院01,经管商贸,公管组,低,同族,711401,公共管理类
历史|本科批|西安医学院|西安医学院02,医药护理,护理组,中,同族,711402,护理学类
物理|本科批|西安医学院|西安医学院03,医药护理,医学技术组,低,同族,711403,医学技术类
物理|本科批|西安医学院|西安医学院04,医药护理,护理组,中,同族,711404,护理学类
物理|本科批|西安医学院|西安医学院05,医药护理,护理组,中,同族,711405,护理学类
历史|本科批|西安工业大学|西安工业大学01,经管商贸,工商管理组,低,同族,711501,工商管理类
物理|本科批|西安工业大学|西安工业大学02,机械能源,工业工程组,低,同族,711502,工业工程类
物理|本科批|西安工业大学|西安工业大学03,理学基础、机械能源、化材药、带电工科、土建测绘、军警安全,大理工组（夹材料/土木）,高,大杂烩,711503,数学类、机械类、材料类、电子信息类、土木类、兵器类、仪器类、计算机类
物理|本科批|西安工业大学|西安工业大学04,机械能源、化材药,机械能源组（含材料）,低,跨界混合,711504,机械类、材料类
历史|本科批|西安邮电大学|西安邮电大学01,试验班,预科组,低,同族,711601,预科班类
物理|本科批|西安邮电大学|西安邮电大学02,试验班,预科组,低,同族,711602,预科班类
物理|本科批|西安邮电大学|西安邮电大学03,经管商贸,经管商贸组,低,同族,711603,经济学类、管理科学与工程类
物理|本科批|西安邮电大学|西安邮电大学04,带电工科,计算机组,低,同族,711604,计算机类
物理|本科批|西安邮电大学|西安邮电大学05,带电工科、军警安全、理学基础、化材药、机械能源,大理工组（夹材料）,中,大杂烩,711605,电子信息类、计算机类、兵器类、数学类、材料类、仪器类、自动化类
历史|提前本科批|西安外国语大学|西安外国语大学01,文法教育,外语组,低,同族,711701,外国语言文学类
历史|本科批|西安外国语大学|西安外国语大学02,经管商贸、文法教育,经管+文法组,中,相近混合,711702,经济学类、金融学类、经济与贸易类、中国语言文学类、外国语言文学类、新闻传播学类、工商管理类
物理|提前本科批|西安外国语大学|西安外国语大学03,文法教育,外语组,低,同族,711703,外国语言文学类
物理|本科批|西安外国语大学|西安外国语大学04,经管商贸、文法教育,经管+文法组,中,相近混合,711704,经济学类、金融学类、经济与贸易类、中国语言文学类、外国语言文学类、新闻传播学类
物理|本科批|西安外国语大学|西安外国语大学05,带电工科,电子信息组,低,同族,711705,电子信息类
历史|本科批|西安科技大学|西安科技大学01,经管商贸,工商管理组,低,同族,711801,工商管理类
物理|本科批|西安科技大学|西安科技大学02,经管商贸,物流组,低,同族,711802,物流管理与工程类
物理|本科批|西安科技大学|西安科技大学03,机械能源、带电工科、生环食品、土建测绘、化材药,大理工组（夹环境/测绘/材料/土木等）,高,大杂烩,711803,仪器类、电子信息类、计算机类、环境科学与工程类、测绘类、材料类、土木类、化工与制药类
物理|本科批|西安科技大学|西安科技大学04,理学基础,地理科学组,低,同族,711804,地理科学类
历史|本科批|西安音乐学院|西安音乐学院01,艺术传媒,艺术理论组,低,同族,712001,艺术学理论类
历史|本科批|西安文理学院|西安文理学院01,文法教育,外语组,低,同族,712201,外国语言文学类
历史|本科批|西安文理学院|西安文理学院02,文法教育,中文组,低,同族,712202,中国语言文学类
历史|本科批|西安文理学院|西安文理学院03,经管商贸、文法教育,经管+文法组,低,相近混合,712203,公共管理类、社会学类
物理|本科批|西安文理学院|西安文理学院04,土建测绘,测绘组,中,同族,712204,测绘类
物理|本科批|西安文理学院|西安文理学院05,化材药、生环食品,化材药组（含食品工程）,低,相近混合,712205,化学类、食品科学与工程类
物理|本科批|西安文理学院|西安文理学院06,生环食品,生物工程组,低,同族,712206,生物工程类
物理|本科批|西安文理学院|西安文理学院07,带电工科,计算机电子组,低,同族,712207,电子信息类、计算机类
物理|本科批|西安文理学院|西安文理学院08,带电工科,自动化组,低,同族,712208,自动化类
物理|本科批|西安航空学院|西安航空学院01,机械能源,机械组,低,同族,713101,机械类
物理|本科批|西安航空学院|西安航空学院02,带电工科,带电工科组,低,同族,713102,电气类、电子信息类
物理|本科批|西安航空学院|西安航空学院03,机械能源、带电工科、理学基础,带电+机械+理学组,中,相近混合,713103,机械类、自动化类、数学类
物理|本科批|西安航空学院|西安航空学院04,交通航空、机械能源,交通+机械组,低,相近混合,713104,航空航天类、机械类、交通运输类
物理|本科批|西安航空学院|西安航空学院05,带电工科,计算机组,低,同族,713105,计算机类
物理|本科批|陕西中医药大学|陕西中医药大学01,医药护理,中医组,低,同族,713801,中医学类
物理|本科批|陕西中医药大学|陕西中医药大学02,医药护理、化材药、试验班,医药+化材药组,中,相近混合,713802,临床医学类、中西医结合类、中药学类、药学类、交叉学科类、护理学类
历史|本科批|渭南师范学院|渭南师范学院01,文法教育,教育组,低,同族,714001,教育学类
历史|本科批|渭南师范学院|渭南师范学院02,文法教育,中文组,低,同族,714002,中国语言文学类
物理|本科批|渭南师范学院|渭南师范学院03,文法教育,文法教育组,低,同族,714003,教育学类、外国语言文学类
物理|本科批|渭南师范学院|渭南师范学院04,带电工科、理学基础,带电+理学组,低,相近混合,714004,电气类、电子信息类、数学类、物理学类
历史|本科批|西北农林科技大学|西北农林科技大学01,文法教育、经管商贸,文法教育组（夹公管）,中,相近混合,714101,法学类、公共管理类、外国语言文学类
物理|提前本科批|西北农林科技大学|西北农林科技大学02,农林动物,植物生产组,低,同族,714102,植物生产类
物理|本科批|西北农林科技大学|西北农林科技大学03,土建测绘,建筑组,中,同族,714103,建筑类
物理|本科批|西北农林科技大学|西北农林科技大学04,经管商贸,经管商贸组,低,同族,714104,经济学类、农业经济管理类、工商管理类、金融学类
物理|本科批|西北农林科技大学|西北农林科技大学05,经管商贸,农经管组,低,同族,714105,农业经济管理类
物理|本科批|西北农林科技大学|西北农林科技大学06,农林动物、生环食品、土建测绘,农林动物组（含环境/水利）,中,跨界混合,714106,林学类、林业工程类、环境科学与工程类、自然保护与环境生态类、水利类
物理|本科批|西北农林科技大学|西北农林科技大学07,农林动物,植物生产组,低,同族,714107,植物生产类
物理|本科批|西北农林科技大学|西北农林科技大学08,机械能源、农林动物、生环食品,农林动物组（含环境）,中,跨界混合,714108,机械类、农业工程类、植物生产类、环境科学与工程类
物理|本科批|西北农林科技大学|西北农林科技大学09,农林动物,农林动物组,低,同族,714109,动物生产类、水产类、草学类、动物医学类
物理|本科批|西北农林科技大学|西北农林科技大学10,带电工科,带电工科组,低,同族,714110,电气类、计算机类、电子信息类
物理|本科批|西北农林科技大学|西北农林科技大学11,化材药,化学组,低,同族,714111,化学类
物理|本科批|西北农林科技大学|西北农林科技大学12,生环食品,食品工程组,低,同族,714112,食品科学与工程类
物理|本科批|西北农林科技大学|西北农林科技大学13,生环食品,生物科学组,低,同族,714113,生物科学类
物理|本科批|西北农林科技大学|西北农林科技大学14,理学基础,地理科学组,低,同族,714114,地理科学类
历史|本科批|延安大学|延安大学01,文法教育,文法教育组,低,同族,714201,新闻传播学类、社会学类、外国语言文学类、心理学类
历史|本科批|延安大学|延安大学02,文法教育,马理论组,低,同族,714202,马克思主义理论类
物理|本科批|延安大学|延安大学03,经管商贸、文法教育,经管+文法组,低,相近混合,714203,工商管理类、经济学类、体育学类
物理|本科批|延安大学|延安大学04,带电工科、机械能源、生环食品、农林动物、土建测绘,大理工组（夹植物生产/土木）,高,大杂烩,714204,自动化类、机械类、生物科学类、植物生产类、环境科学与工程类、土木类
物理|本科批|延安大学|延安大学05,医药护理,医药护理组,低,同族,714205,临床医学类、医学技术类
历史|本科批|陕西学前师范学院|陕西学前师范学院01,文法教育,文法教育组,低,同族,715001,教育学类、心理学类
历史|本科批|陕西学前师范学院|陕西学前师范学院02,经管商贸、文法教育,经管+文法组,低,相近混合,715002,工商管理类、外国语言文学类
历史|本科批|陕西学前师范学院|陕西学前师范学院03,理学基础,地理科学组,低,同族,715003,地理科学类
物理|本科批|陕西学前师范学院|陕西学前师范学院04,文法教育,教育组,低,同族,715004,教育学类
物理|本科批|陕西学前师范学院|陕西学前师范学院05,带电工科、理学基础,带电+理学组,低,相近混合,715005,计算机类、数学类
物理|本科批|陕西学前师范学院|陕西学前师范学院06,理学基础,地理科学组,低,同族,715006,地理科学类
历史|本科批|陕西科技大学|陕西科技大学01,经管商贸,经管商贸组,低,同族,715101,经济与贸易类、工商管理类
物理|本科批|陕西科技大学|陕西科技大学02,经管商贸,经济组,低,同族,715102,经济学类
物理|本科批|陕西科技大学|陕西科技大学03,带电工科,电气组,低,同族,715103,电气类
物理|本科批|陕西科技大学|陕西科技大学04,机械能源,机械组,低,同族,715104,机械类
物理|本科批|陕西科技大学|陕西科技大学05,化材药,材料组,低,同族,715105,材料类
物理|本科批|陕西科技大学|陕西科技大学06,机械能源、带电工科,带电+机械组,低,相近混合,715106,机械类、计算机类
物理|本科批|陕西科技大学|陕西科技大学07,生环食品,轻工组,中,同族,715107,轻工类
物理|本科批|陕西科技大学|陕西科技大学08,化材药,化材药组,低,同族,715108,化学类、材料类
物理|本科批|陕西科技大学|陕西科技大学09,带电工科、理学基础,带电+理学组,低,相近混合,715109,计算机类、数学类
物理|本科批|陕西科技大学|陕西科技大学10,带电工科,自动化组,低,同族,715110,自动化类
物理|本科批|陕西科技大学|陕西科技大学11,化材药、生环食品,生环食品组（含化工制药）,低,相近混合,715111,化工与制药类、食品科学与工程类、生物工程类
历史|本科批|宝鸡文理学院|宝鸡文理学院01,文法教育、艺术传媒、经管商贸,文法教育组（含工商管理）,中,跨界混合,716201,哲学类、教育学类、新闻传播学类、历史学类、戏剧与影视学类、工商管理类
物理|本科批|宝鸡文理学院|宝鸡文理学院02,理学基础、机械能源、化材药、带电工科、土建测绘,大理工组（夹材料/化工制药/土木）,高,大杂烩,716202,数学类、物理学类、机械类、仪器类、材料类、电气类、电子信息类、自动化类、计算机类、化工与制药类、土木类
物理|本科批|宝鸡文理学院|宝鸡文理学院03,理学基础,地理科学组,低,同族,716203,地理科学类
历史|本科批|咸阳师范学院|咸阳师范学院01,文法教育,教育组,低,同族,716501,教育学类
物理|本科批|咸阳师范学院|咸阳师范学院02,经管商贸,经济组,低,同族,716502,经济学类
历史|本科批|商洛学院|商洛学院01,文法教育,马理论组,低,同族,716601,马克思主义理论类
物理|本科批|商洛学院|商洛学院02,带电工科、化材药,带电工科组（夹化工制药）,中,跨界混合,716602,电子信息类、电气类、化工与制药类
历史|本科批|陕西理工大学|陕西理工大学01,文法教育,文新外语组,低,同族,716701,中国语言文学类、外国语言文学类
历史|本科批|陕西理工大学|陕西理工大学02,文法教育、经管商贸,文法教育组（夹工商管理）,中,相近混合,716702,新闻传播学类、法学类、工商管理类
历史|本科批|陕西理工大学|陕西理工大学03,文法教育,文法教育组,低,同族,716703,教育学类、心理学类
历史|本科批|陕西理工大学|陕西理工大学04,土建测绘,建筑组,中,同族,716704,建筑类
历史|本科批|陕西理工大学|陕西理工大学05,文法教育,马理论组,低,同族,716705,马克思主义理论类
历史|本科批|陕西理工大学|陕西理工大学06,理学基础,地理科学组,低,同族,716706,地理科学类
物理|本科批|陕西理工大学|陕西理工大学07,文法教育,文法教育组,低,同族,716707,教育学类、心理学类
物理|本科批|陕西理工大学|陕西理工大学08,文法教育、经管商贸,经管+文法组,低,相近混合,716708,新闻传播学类、经济学类、工商管理类
物理|本科批|陕西理工大学|陕西理工大学09,土建测绘,土木组,中,同族,716709,土木类
物理|本科批|陕西理工大学|陕西理工大学10,化材药、生环食品,化材药组（含环境）,中,相近混合,716710,化学类、化工与制药类、环境科学与工程类
物理|本科批|陕西理工大学|陕西理工大学11,理学基础、带电工科,带电+理学组,低,相近混合,716711,数学类、统计学类、电子信息类、计算机类
物理|本科批|陕西理工大学|陕西理工大学12,带电工科,电气自动化组,低,同族,716712,电气类、自动化类
物理|本科批|陕西理工大学|陕西理工大学13,生环食品,生环食品组,低,同族,716713,生物科学类、食品科学与工程类
物理|本科批|陕西理工大学|陕西理工大学14,机械能源、化材药,机械能源组（含材料）,低,跨界混合,716714,机械类、材料类
物理|本科批|陕西理工大学|陕西理工大学15,理学基础、带电工科,带电+理学组,低,相近混合,716715,物理学类、电子信息类
物理|本科批|陕西理工大学|陕西理工大学16,机械能源,机械能源组,低,同族,716716,机械类、仪器类、能源动力类
物理|本科批|陕西理工大学|陕西理工大学17,文法教育,马理论组,低,同族,716717,马克思主义理论类
物理|本科批|陕西理工大学|陕西理工大学18,理学基础,地理科学组,低,同族,716718,地理科学类
历史|提前本科批|兰州大学|兰州大学01,文法教育,文法教育组,低,同族,720101,外国语言文学类、哲学类
历史|本科批|兰州大学|兰州大学02,文法教育,历史组,低,同族,720102,历史学类
历史|本科批|兰州大学|兰州大学03,文法教育,历史组,低,同族,720103,历史学类
历史|本科批|兰州大学|兰州大学04,经管商贸,经济组,低,同族,720104,经济学类
历史|本科批|兰州大学|兰州大学05,文法教育,文法教育组,低,同族,720105,中国语言文学类、历史学类、外国语言文学类
历史|本科批|兰州大学|兰州大学06,经管商贸、文法教育,经管+文法组,低,相近混合,720106,经济学类、工商管理类、法学类、新闻传播学类
历史|本科批|兰州大学|兰州大学07,文法教育,法政组,低,同族,720107,政治学类、马克思主义理论类
物理|提前本科批|兰州大学|兰州大学08,医药护理,公卫组,低,同族,720108,公共卫生与预防医学类
物理|本科批|兰州大学|兰州大学09,经管商贸,经管商贸组,低,同族,720109,经济学类、金融学类、工商管理类
物理|本科批|兰州大学|兰州大学10,理学基础,数理基础组,低,同族,720110,数学类、物理学类
物理|本科批|兰州大学|兰州大学11,化材药、生环食品,化材药组（含生物科学）,低,相近混合,720111,化学类、生物科学类
物理|本科批|兰州大学|兰州大学12,理学基础、带电工科,理学+带电组,中,相近混合,720112,数学类、物理学类、计算机类、电子信息类、大气科学类、力学类
物理|本科批|兰州大学|兰州大学13,化材药、生环食品、农林动物,化材药组（含生物科学/草学）,中,跨界混合,720113,化学类、生物科学类、草学类
物理|本科批|兰州大学|兰州大学14,带电工科、理学基础,带电+理学组,低,相近混合,720114,计算机类、电子信息类、数学类
物理|本科批|兰州大学|兰州大学15,理学基础、带电工科、化材药,理学基础组（夹材料）,中,跨界混合,720115,物理学类、电子信息类、材料类、统计学类、大气科学类
物理|本科批|兰州大学|兰州大学16,机械能源、化材药,机械能源组（含材料）,低,跨界混合,720116,核工程类、材料类
物理|本科批|兰州大学|兰州大学17,生环食品、化材药,化材药组（含生物科学）,低,相近混合,720117,生物科学类、化工与制药类、化学类
物理|本科批|兰州大学|兰州大学18,理学基础、生环食品、土建测绘、地矿安全,大理工组（夹环境/水利/地质学/地质工程）,高,大杂烩,720118,地理科学类、环境科学与工程类、水利类、大气科学类、地质学类、地质类
物理|本科批|兰州大学|兰州大学19,医药护理、化材药,医药+化材药组,低,相近混合,720119,临床医学类、口腔医学类、药学类
物理|本科批|兰州大学|兰州大学20,生环食品,生物工程组,低,同族,720120,生物工程类
历史|本科批|兰州理工大学|兰州理工大学01,经管商贸、文法教育,经管+文法组,低,相近混合,720201,工商管理类、法学类
物理|本科批|兰州理工大学|兰州理工大学02,经管商贸、土建测绘、文法教育,经管商贸组（夹建筑）,高,冷热混放,720202,工商管理类、建筑类、法学类
物理|本科批|兰州理工大学|兰州理工大学03,机械能源、土建测绘、经管商贸、化材药、地矿安全、生环食品、带电工科、理学基础、交通航空,大理工组（夹土木/测绘/化工制药/安全工程等）,高,大杂烩,720203,机械类、能源动力类、土木类、测绘类、管理科学与工程类、工业工程类、化工与制药类、安全科学与工程类、仪器类、食品科学与工程类、生物工程类、电子信息类、数学类、材料类、电气类、自动化类、计算机类、航空航天类
历史|本科批|兰州财经大学|兰州财经大学01,经管商贸、文法教育,经管+文法组,中,相近混合,720301,工商管理类、金融学类、经济与贸易类、电子商务类、公共管理类、财政学类、法学类
物理|本科批|兰州财经大学|兰州财经大学02,经管商贸、文法教育,经管+文法组,中,相近混合,720302,金融学类、旅游管理类、物流管理与工程类、经济学类、经济与贸易类、社会学类、财政学类
物理|本科批|兰州财经大学|兰州财经大学03,带电工科,电子信息组,低,同族,720303,电子信息类
历史|本科批|兰州交通大学|兰州交通大学01,文法教育、经管商贸,经管+文法组,低,相近混合,720401,中国语言文学类、经济与贸易类、工商管理类、外国语言文学类
物理|本科批|兰州交通大学|兰州交通大学02,交通航空,铁道运输组,低,同族,720402,铁道运输类
物理|本科批|兰州交通大学|兰州交通大学03,经管商贸、土建测绘,经管商贸组（含建筑）,中,跨界混合,720403,物流管理与工程类、管理科学与工程类、建筑类
物理|本科批|兰州交通大学|兰州交通大学04,交通航空、带电工科,带电+交通组,低,相近混合,720404,交通运输类、计算机类
物理|本科批|兰州交通大学|兰州交通大学05,交通航空、土建测绘、机械能源、带电工科、理学基础、化材药,大理工组（夹土木/水利/测绘/材料等）,高,大杂烩,720405,交通运输类、土木类、水利类、机械类、能源动力类、电气类、自动化类、电子信息类、数学类、物理学类、测绘类、材料类、化工与制药类
物理|本科批|兰州交通大学|兰州交通大学06,带电工科、机械能源,带电+机械组,低,相近混合,720406,电气类、机械类
历史|本科批|西北民族大学|西北民族大学01,文法教育,文法教育组,低,同族,720501,社会学类、新闻传播学类
历史|本科批|西北民族大学|西北民族大学02,文法教育,民族学组,低,同族,720502,民族学类
历史|本科批|西北民族大学|西北民族大学03,艺术传媒,戏剧影视组,低,同族,720503,戏剧与影视学类
历史|本科批|西北民族大学|西北民族大学04,文法教育,外语组,低,同族,720504,外国语言文学类
历史|本科批|西北民族大学|西北民族大学05,文法教育,法学组,低,同族,720505,法学类
物理|本科批|西北民族大学|西北民族大学06,文法教育,教育组,低,同族,720506,教育学类
物理|本科批|西北民族大学|西北民族大学07,土建测绘,土木组,中,同族,720507,土木类
物理|本科批|西北民族大学|西北民族大学08,带电工科,带电工科组,低,同族,720508,电子信息类、电气类、自动化类
物理|本科批|西北民族大学|西北民族大学09,带电工科,计算机组,低,同族,720509,计算机类
物理|本科批|西北民族大学|西北民族大学10,带电工科,计算机组,低,同族,720510,计算机类
物理|本科批|西北民族大学|西北民族大学11,生环食品、农林动物,生环食品组（含动物生产）,低,相近混合,720511,生物科学类、动物生产类、生物工程类
物理|本科批|西北民族大学|西北民族大学12,化材药、生环食品,化材药组（含环境）,中,相近混合,720512,化工与制药类、化学类、材料类、环境科学与工程类
历史|本科批|甘肃农业大学|甘肃农业大学01,经管商贸,金融组,低,同族,720601,金融学类
物理|本科批|甘肃农业大学|甘肃农业大学02,经管商贸,经管商贸组,低,同族,720602,金融学类、工商管理类
历史|本科批|甘肃政法大学|甘肃政法大学01,经管商贸、文法教育,经管+文法组,低,相近混合,720701,公共管理类、工商管理类、法学类、社会学类
物理|本科批|甘肃政法大学|甘肃政法大学02,文法教育、经管商贸,经管+文法组,中,相近混合,720702,法学类、金融学类、工商管理类、经济学类、新闻传播学类、外国语言文学类
物理|本科批|甘肃政法大学|甘肃政法大学03,带电工科,计算机组,低,同族,720703,计算机类
物理|本科批|陇东学院|陇东学院01,经管商贸,经管商贸组,低,同族,721101,工商管理类、经济学类、公共管理类
物理|本科批|陇东学院|陇东学院02,化材药、机械能源、生环食品、农林动物、带电工科,大理工组（夹化学/化工制药/生物工程/食品工程等）,中,大杂烩,721102,化学类、机械类、化工与制药类、生物工程类、食品科学与工程类、自然保护与环境生态类、计算机类、自动化类
物理|本科批|陇东学院|陇东学院03,医药护理,护理组,中,同族,721103,护理学类
历史|本科批|西北师范大学|西北师范大学01,文法教育、艺术传媒、经管商贸,文商组（夹工商管理）,中,大杂烩,721401,哲学类、中国语言文学类、法学类、社会学类、历史学类、外国语言文学类、戏剧与影视学类、工商管理类
历史|本科批|西北师范大学|西北师范大学02,文法教育,马理论组,低,同族,721402,马克思主义理论类
物理|本科批|西北师范大学|西北师范大学03,文法教育、经管商贸,文法+经管组,低,相近混合,721403,心理学类、外国语言文学类、教育学类、金融学类、经济学类
物理|本科批|西北师范大学|西北师范大学04,生环食品、理学基础、化材药、带电工科,大理工组（夹生物科学/化学）,中,大杂烩,721404,生物科学类、物理学类、化学类、数学类、电子信息类
物理|本科批|西北师范大学|西北师范大学05,理学基础,地理科学组,低,同族,721405,地理科学类
历史|本科批|天水师范大学|天水师范大学01,文法教育,中文组,低,同族,721601,中国语言文学类
历史|本科批|天水师范大学|天水师范大学02,经管商贸、文法教育,经管+文法组,低,相近混合,721602,工商管理类、法学类
物理|本科批|天水师范大学|天水师范大学03,机械能源、土建测绘,土建测绘+机械组,中,相近混合,721603,机械类、土木类、测绘类
物理|本科批|兰州工业学院|兰州工业学院01,机械能源、带电工科、化材药,带电工科组（夹化工制药）,中,跨界混合,721701,机械类、能源动力类、电气类、计算机类、电子信息类、化工与制药类
历史|本科批|兰州城市学院|兰州城市学院01,文法教育,中文组,低,同族,721801,中国语言文学类
物理|本科批|兰州城市学院|兰州城市学院02,理学基础、带电工科,带电+理学组,低,相近混合,721802,数学类、计算机类
物理|本科批|兰州城市学院|兰州城市学院03,地矿安全、机械能源、土建测绘,机械能源组（含地质工程/土木）,中,跨界混合,721803,地质类、能源动力类、土木类
物理|本科批|兰州城市学院|兰州城市学院04,化材药,化材药组,低,同族,721804,化学类、化工与制药类
物理|本科批|兰州城市学院|兰州城市学院05,理学基础、带电工科,带电+理学组,低,相近混合,721805,物理学类、电子信息类
物理|本科批|兰州城市学院|兰州城市学院06,带电工科、地矿安全、机械能源,带电工科组（夹矿业）,高,冷热混放,721806,计算机类、矿业类、机械类
物理|本科批|兰州城市学院|兰州城市学院07,化材药、带电工科、机械能源、生环食品,大理工组（夹材料/环境）,高,大杂烩,721807,材料类、自动化类、机械类、环境科学与工程类
历史|本科批|兰州文理学院|兰州文理学院01,文法教育,中文组,低,同族,721901,中国语言文学类
物理|本科批|兰州文理学院|兰州文理学院02,带电工科,计算机组,低,同族,721902,计算机类
物理|本科批|甘肃医学院|甘肃医学院01,医药护理、化材药,医药+化材药组,低,相近混合,722001,公共卫生与预防医学类、药学类、中药学类、医学技术类
物理|本科批|甘肃医学院|甘肃医学院02,医药护理,临床组,低,同族,722002,临床医学类
历史|本科批|兰州石化职业技术大学|兰州石化职业技术大学01,经管商贸,电商组,低,同族,722201,电子商务类
物理|本科批|兰州石化职业技术大学|兰州石化职业技术大学03,化材药,化工技术组,低,同族,722203,化工技术类
历史|本科批|兰州资源环境职业技术大学|兰州资源环境职业技术大学01,艺术传媒,文化服务组,低,同族,722301,文化服务类
物理|本科批|兰州资源环境职业技术大学|兰州资源环境职业技术大学02,理学基础,气象组,低,同族,722302,气象类
历史|本科批|甘肃中医药大学|甘肃中医药大学01,医药护理,中医组,低,同族,722401,中医学类
物理|本科批|甘肃中医药大学|甘肃中医药大学02,医药护理,中医组,低,同族,722402,中医学类
物理|本科批|甘肃中医药大学|甘肃中医药大学03,医药护理,中医组,低,同族,722403,中医学类
物理|本科批|甘肃中医药大学|甘肃中医药大学04,医药护理,护理组,中,同族,722404,护理学类
物理|本科批|甘肃中医药大学|甘肃中医药大学05,带电工科,电子信息组,低,同族,722405,电子信息类
物理|本科批|甘肃中医药大学|甘肃中医药大学06,医药护理,医药护理组,低,同族,722406,中西医结合类、临床医学类、公共卫生与预防医学类
物理|本科批|甘肃中医药大学|甘肃中医药大学07,医药护理,护理组,中,同族,722407,护理学类
物理|本科批|甘肃中医药大学|甘肃中医药大学08,化材药、试验班,化材药组,低,同族,722408,中药学类、药学类、交叉学科类
物理|本科批|青海大学|青海大学01,机械能源、化材药、带电工科、农林动物,大理工组（夹材料/化工制药/动物医学）,中,大杂烩,730101,机械类、材料类、电气类、自动化类、计算机类、化工与制药类、动物医学类
物理|本科批|青海大学|青海大学02,医药护理,临床组,低,同族,730102,临床医学类
历史|本科批|青海民族大学|青海民族大学01,文法教育,社会学组,低,同族,730201,社会学类
历史|本科批|青海民族大学|青海民族大学02,经管商贸,公管组,低,同族,730202,公共管理类
历史|本科批|青海民族大学|青海民族大学03,文法教育,法学组,低,同族,730203,法学类
物理|本科批|青海民族大学|青海民族大学04,化材药,化材药组,低,同族,730204,材料类、药学类
物理|本科批|青海民族大学|青海民族大学05,经管商贸,经济组,低,同族,730205,经济学类
物理|本科批|青海民族大学|青海民族大学06,经管商贸,公管组,低,同族,730206,公共管理类
历史|本科批|青海师范大学|青海师范大学01,文法教育,文法教育组,低,同族,730301,社会学类、外国语言文学类
物理|本科批|青海师范大学|青海师范大学02,经管商贸,经济组,低,同族,730302,经济学类
物理|本科批|青海师范大学|青海师范大学03,化材药,化学组,低,同族,730303,化学类
历史|本科批|青海职业技术大学|青海职业技术大学01,交通航空、经管商贸,经管+交通混合组,低,跨界混合,730401,道路运输类、铁道运输类、物流类、财务会计类
物理|本科批|青海职业技术大学|青海职业技术大学02,交通航空、土建测绘、机械能源、经管商贸、带电工科,大理工组（夹建工管理/测绘地信/物流）,高,大杂烩,730402,道路运输类、建设工程管理类、测绘地理信息类、铁道运输类、航空装备类、物流类、财务会计类、计算机类、通信类
物理|本科批|青海理工学院|青海理工学院01,经管商贸,财经组,低,同族,730501,经济学类、金融学类
物理|本科批|青海理工学院|青海理工学院02,理学基础、化材药、机械能源、带电工科、土建测绘、生环食品,大理工组（夹材料/土木/测绘/环境）,高,大杂烩,730502,大气科学类、材料类、能源动力类、电子信息类、自动化类、计算机类、土木类、测绘类、环境科学与工程类
历史|本科批|北方民族大学|北方民族大学01,文法教育,文法教育组,低,同族,740101,法学类、外国语言文学类、中国语言文学类、新闻传播学类
历史|本科批|北方民族大学|北方民族大学02,文法教育,马理论组,低,同族,740102,马克思主义理论类
物理|本科批|北方民族大学|北方民族大学03,经管商贸,电商组,低,同族,740103,电子商务类
物理|本科批|北方民族大学|北方民族大学04,理学基础、带电工科,带电+理学组,低,相近混合,740104,数学类、计算机类
物理|本科批|北方民族大学|北方民族大学05,带电工科、机械能源,带电+机械组,低,相近混合,740105,电子信息类、机械类
物理|本科批|北方民族大学|北方民族大学06,土建测绘,土木组,中,同族,740106,土木类
物理|本科批|北方民族大学|北方民族大学07,化材药、生环食品,化材药组（含生物科学）,低,相近混合,740107,材料类、化工与制药类、生物科学类
物理|本科批|北方民族大学|北方民族大学08,医药护理,医学技术组,低,同族,740108,医学技术类
物理|本科批|北方民族大学|北方民族大学09,带电工科,计算机组,低,同族,740109,计算机类
历史|本科批|宁夏大学|宁夏大学01,经管商贸,工商管理组,低,同族,740201,工商管理类
历史|本科批|宁夏大学|宁夏大学02,文法教育,中文组,低,同族,740202,中国语言文学类
物理|本科批|宁夏大学|宁夏大学03,化材药,材料组,低,同族,740203,材料类
物理|本科批|宁夏大学|宁夏大学04,带电工科,计算机组,低,同族,740204,计算机类
物理|本科批|宁夏大学|宁夏大学05,化材药,化工制药组,低,同族,740205,化工与制药类
物理|本科批|宁夏大学|宁夏大学06,带电工科,电气组,低,同族,740206,电气类
物理|本科批|宁夏医科大学|宁夏医科大学01,医药护理,医药护理组,低,同族,740301,公共卫生与预防医学类、医学技术类
物理|本科批|宁夏医科大学|宁夏医科大学02,医药护理,临床口腔组,低,同族,740302,临床医学类、口腔医学类
物理|本科批|宁夏医科大学|宁夏医科大学03,医药护理,医药护理组,低,同族,740303,基础医学类、中医学类
物理|本科批|宁夏医科大学|宁夏医科大学04,医药护理,护理组,中,同族,740304,护理学类
历史|本科批|新疆大学|新疆大学01,文法教育,文法教育组,低,同族,750101,法学类、外国语言文学类
历史|本科批|新疆大学|新疆大学02,文法教育,政治学组,低,同族,750102,政治学类
物理|本科批|新疆大学|新疆大学03,经管商贸、文法教育,经管+文法组,低,相近混合,750103,金融学类、外国语言文学类
物理|本科批|新疆大学|新疆大学04,带电工科、理学基础、化材药、机械能源、生环食品、地矿安全,大理工组（夹材料/化工制药/环境/地质工程）,高,大杂烩,750104,计算机类、数学类、物理学类、材料类、机械类、化工与制药类、环境科学与工程类、电子信息类、电气类、地质类、自动化类
物理|本科批|新疆大学|新疆大学05,理学基础,地理科学组,低,同族,750105,地理科学类
历史|提前本科批|新疆师范大学|新疆师范大学01,文法教育,马理论组,低,同族,750201,马克思主义理论类
历史|本科批|新疆师范大学|新疆师范大学02,经管商贸,旅游管理组,中,同族,750202,旅游管理类
历史|本科批|新疆师范大学|新疆师范大学03,经管商贸、文法教育,文商组（夹公管）,中,大杂烩,750203,公共管理类、法学类、历史学类、社会学类、民族学类、教育学类、中国语言文学类、外国语言文学类、哲学类
历史|本科批|新疆师范大学|新疆师范大学04,文法教育,中文组,低,同族,750204,中国语言文学类
历史|本科批|新疆师范大学|新疆师范大学05,文法教育,法政组,低,同族,750205,马克思主义理论类、政治学类
物理|本科批|新疆师范大学|新疆师范大学06,经管商贸、文法教育,文商组（夹工商管理/公管/旅游管理）,高,大杂烩,750206,经济学类、经济与贸易类、工商管理类、公共管理类、法学类、社会学类、教育学类、中国语言文学类、外国语言文学类、心理学类、旅游管理类
物理|本科批|新疆师范大学|新疆师范大学07,文法教育,中文组,低,同族,750207,中国语言文学类
物理|本科批|新疆师范大学|新疆师范大学08,理学基础、带电工科、土建测绘、化材药、生环食品,大理工组（夹测绘/化学/化工制药）,高,大杂烩,750208,数学类、统计学类、物理学类、电子信息类、计算机类、测绘类、化学类、化工与制药类、环境科学与工程类、生物科学类、生物工程类、食品科学与工程类
物理|本科批|新疆师范大学|新疆师范大学09,文法教育,政治学组,低,同族,750209,政治学类
物理|本科批|新疆师范大学|新疆师范大学10,理学基础,地理科学组,低,同族,750210,地理科学类
历史|本科批|新疆农业大学|新疆农业大学01,经管商贸、文法教育,经管+文法组,中,相近混合,750301,经济学类、工商管理类、农业经济管理类、经济与贸易类、公共管理类、中国语言文学类、外国语言文学类
历史|本科批|新疆农业大学|新疆农业大学02,经管商贸,经管商贸组,低,同族,750302,工商管理类、经济与贸易类
历史|本科批|新疆农业大学|新疆农业大学03,文法教育,中文组,低,同族,750303,中国语言文学类
物理|本科批|新疆农业大学|新疆农业大学04,经管商贸,经济组,低,同族,750304,经济学类
物理|本科批|新疆农业大学|新疆农业大学05,经管商贸、文法教育,经管+文法组,中,相近混合,750305,经济学类、工商管理类、农业经济管理类、经济与贸易类、公共管理类、中国语言文学类、外国语言文学类
物理|本科批|新疆农业大学|新疆农业大学06,经管商贸,经管商贸组,低,同族,750306,工商管理类、经济与贸易类
物理|本科批|新疆农业大学|新疆农业大学07,文法教育,中文组,低,同族,750307,中国语言文学类
物理|本科批|新疆农业大学|新疆农业大学08,农林动物、土建测绘、机械能源、带电工科、生环食品、化材药、理学基础,大理工组（夹土木/水利/食品工程）,高,大杂烩,750308,植物生产类、动物生产类、动物医学类、土木类、水利类、农业工程类、机械类、电气类、食品科学与工程类、药学类、电子信息类、计算机类、数学类、水产类
物理|本科批|新疆农业大学|新疆农业大学09,土建测绘、交通航空,土建测绘+交通组,中,相近混合,750309,土木类、交通运输类
物理|本科批|中国石油大学(北京)克拉玛依校区|中国石油大学(北京)克拉玛依校区01,经管商贸,经管商贸组,低,同族,750401,工商管理类、经济学类、金融学类、管理科学与工程类
物理|本科批|中国石油大学(北京)克拉玛依校区|中国石油大学(北京)克拉玛依校区02,地矿安全、带电工科、化材药、机械能源、生环食品、理学基础,大理工组（夹地质工程/矿业/化工制药/环境等）,高,大杂烩,750402,地质类、矿业类、计算机类、电子信息类、化工与制药类、机械类、自动化类、环境科学与工程类、安全科学与工程类、能源动力类、数学类、统计学类
历史|本科批|新疆财经大学|新疆财经大学01,经管商贸,经管商贸组,中,同族,750501,金融学类、工商管理类、经济学类、财政学类、公共管理类、旅游管理类、经济与贸易类
历史|本科批|新疆财经大学|新疆财经大学02,文法教育,文法教育组,低,同族,750502,法学类、新闻传播学类、中国语言文学类
物理|本科批|新疆财经大学|新疆财经大学03,经管商贸,经管商贸组,高,同族,750503,金融学类、工商管理类、物流管理与工程类、经济学类、财政学类、公共管理类、旅游管理类、经济与贸易类、电子商务类、管理科学与工程类
物理|本科批|新疆财经大学|新疆财经大学04,经管商贸、理学基础、带电工科,带电+经管+理学组,中,跨界混合,750504,经济学类、统计学类、金融学类、计算机类、电子信息类
物理|本科批|新疆财经大学|新疆财经大学05,文法教育,文法教育组,低,同族,750505,法学类、新闻传播学类
历史|本科批|新疆工业职业技术大学|新疆工业职业技术大学01,生环食品,纺织服装组,中,同族,750601,纺织服装类
物理|本科批|新疆工业职业技术大学|新疆工业职业技术大学03,生环食品,纺织服装组,中,同族,750603,纺织服装类
物理|本科批|新疆工业职业技术大学|新疆工业职业技术大学04,带电工科,计算机组,低,同族,750604,计算机类
物理|本科批|新疆工业职业技术大学|新疆工业职业技术大学05,化材药,化工技术组,低,同族,750605,化工技术类
物理|本科批|新疆工业职业技术大学|新疆工业职业技术大学06,生环食品,食品组,低,同族,750606,食品类
历史|本科批|昌吉学院|昌吉学院01,文法教育,文新外语组,低,同族,750701,中国语言文学类、新闻传播学类
历史|本科批|昌吉学院|昌吉学院02,文法教育,马理论组,低,同族,750702,马克思主义理论类
物理|本科批|昌吉学院|昌吉学院03,经管商贸,管工组,低,同族,750703,管理科学与工程类
物理|本科批|昌吉学院|昌吉学院04,理学基础、机械能源、带电工科、化材药、交通航空,大理工组（夹化工制药/材料）,中,大杂烩,750704,物理学类、机械类、自动化类、化工与制药类、材料类、计算机类、交通运输类、航空航天类
历史|本科批|新疆艺术学院|新疆艺术学院01,艺术传媒,艺术传媒组,低,同族,750801,戏剧与影视学类、艺术学理论类
物理|本科批|新疆艺术学院|新疆艺术学院02,艺术传媒,艺术传媒组,低,同族,750802,戏剧与影视学类、艺术学理论类
物理|本科批|新疆工程学院|新疆工程学院01,经管商贸,经管商贸组,低,同族,750901,工商管理类、物流管理与工程类、经济学类
物理|本科批|新疆工程学院|新疆工程学院02,地矿安全、化材药、机械能源、带电工科、土建测绘,大理工组（夹安全工程/化工制药/矿业/地质工程等）,高,大杂烩,750902,安全科学与工程类、化工与制药类、机械类、仪器类、自动化类、矿业类、地质类、材料类、电气类、能源动力类、土木类、测绘类
物理|本科批|新疆工程学院|新疆工程学院03,交通航空、带电工科,带电+交通组,低,相近混合,750903,航空航天类、计算机类
物理|本科批|新疆工程学院|新疆工程学院04,带电工科,计算机电子组,低,同族,750904,电子信息类、计算机类
历史|本科批|石河子大学|石河子大学01,经管商贸、文法教育,文法教育组（夹工商管理）,中,相近混合,751101,工商管理类、中国语言文学类、新闻传播学类、外国语言文学类、法学类
物理|本科批|石河子大学|石河子大学02,机械能源、经管商贸、文法教育,经管+机械+文法组,中,跨界混合,751102,工业工程类、工商管理类、经济学类、管理科学与工程类、外国语言文学类
物理|本科批|石河子大学|石河子大学03,机械能源、交通航空、土建测绘、医药护理、生环食品、带电工科、农林动物、理学基础、化材药,大理工组（夹水利/土木/食品工程/动物医学等）,高,大杂烩,751103,机械类、航空航天类、水利类、临床医学类、土木类、食品科学与工程类、计算机类、动物医学类、动物生产类、口腔医学类、公共卫生与预防医学类、护理学类、生物科学类、植物生产类、物理学类、数学类、电气类、能源动力类、药学类
物理|本科批|石河子大学|石河子大学04,带电工科,计算机组,低,同族,751104,计算机类
历史|本科批|新疆科技学院|新疆科技学院01,经管商贸,公管组,低,同族,751201,公共管理类
历史|本科批|新疆科技学院|新疆科技学院02,文法教育,文法教育组,低,同族,751202,法学类、新闻传播学类
物理|本科批|新疆科技学院|新疆科技学院03,经管商贸,经管商贸组,中,同族,751203,经济与贸易类、经济学类、金融学类、管理科学与工程类、物流管理与工程类、电子商务类、公共管理类
物理|本科批|新疆科技学院|新疆科技学院04,地矿安全、带电工科、化材药、生环食品、机械能源、医药护理,大理工组（夹地质工程/纺织/轻工/矿业等）,高,大杂烩,751204,地质类、计算机类、电子信息类、化工与制药类、纺织类、轻工类、机械类、矿业类、药学类、医学技术类、中药学类
物理|本科批|新疆科技学院|新疆科技学院05,经管商贸,管工组,低,同族,751205,管理科学与工程类
物理|本科批|新疆科技学院|新疆科技学院06,医药护理,护理组,中,同族,751206,护理学类
历史|本科批|新疆理工学院|新疆理工学院01,经管商贸、文法教育,经管+文法组,中,相近混合,751301,经济与贸易类、工商管理类、旅游管理类、物流管理与工程类、法学类、社会学类、外国语言文学类
历史|本科批|新疆理工学院|新疆理工学院02,文法教育,中文组,低,同族,751302,中国语言文学类
物理|本科批|新疆理工学院|新疆理工学院03,经管商贸、文法教育,经管+文法组,中,相近混合,751303,经济与贸易类、工商管理类、法学类、管理科学与工程类、金融学类、物流管理与工程类
物理|本科批|新疆理工学院|新疆理工学院04,土建测绘、生环食品、医药护理、理学基础、机械能源、带电工科、试验班、化材药,大理工组（夹水利/土木/食品工程/公卫等）,高,大杂烩,751304,水利类、土木类、食品科学与工程类、公共卫生与预防医学类、数学类、物理学类、机械类、自动化类、电气类、仪器类、纺织类、电子信息类、计算机类、交叉学科类、化工与制药类、能源动力类、材料类
历史|本科批|伊犁师范大学|伊犁师范大学01,经管商贸、文法教育,文商组（夹工商管理/旅游管理）,高,大杂烩,752101,经济与贸易类、工商管理类、法学类、中国语言文学类、外国语言文学类、新闻传播学类、历史学类、旅游管理类
历史|本科批|伊犁师范大学|伊犁师范大学02,文法教育,马理论组,低,同族,752102,马克思主义理论类
历史|本科批|伊犁师范大学|伊犁师范大学03,经管商贸,旅游管理组,中,同族,752103,旅游管理类
物理|本科批|伊犁师范大学|伊犁师范大学04,经管商贸、文法教育,文商组（含工商管理/电商/旅游管理）,高,大杂烩,752104,经济学类、经济与贸易类、工商管理类、电子商务类、法学类、心理学类、外国语言文学类、新闻传播学类、旅游管理类、管理科学与工程类
物理|本科批|伊犁师范大学|伊犁师范大学05,理学基础、带电工科、化材药、土建测绘、生环食品、农林动物、地矿安全、机械能源,大理工组（夹材料/土木/化学/生物科学等）,高,大杂烩,752105,数学类、计算机类、物理学类、材料类、土木类、化学类、生物科学类、生物工程类、植物生产类、环境科学与工程类、地质类、机械类、能源动力类、电气类、电子信息类
物理|本科批|伊犁师范大学|伊犁师范大学06,生环食品,食品工程组,低,同族,752106,食品科学与工程类
物理|本科批|伊犁师范大学|伊犁师范大学07,理学基础,地理科学组,低,同族,752107,地理科学类
历史|本科批|新疆和田学院|新疆和田学院01,文法教育,文法教育组,低,同族,752301,教育学类、中国语言文学类
历史|本科批|新疆和田学院|新疆和田学院02,文法教育,马理论组,低,同族,752302,马克思主义理论类
物理|本科批|新疆和田学院|新疆和田学院04,文法教育,文法教育组,低,同族,752304,教育学类、心理学类
物理|本科批|新疆和田学院|新疆和田学院05,医药护理、理学基础、带电工科、化材药、机械能源、生环食品,大理工组（夹化工制药/材料/食品工程）,高,大杂烩,752305,医学技术类、公共卫生与预防医学类、物理学类、数学类、计算机类、电子信息类、化工与制药类、中药学类、机械类、材料类、食品科学与工程类、地理科学类、护理学类
历史|本科批|塔里木大学|塔里木大学01,经管商贸,旅游管理组,中,同族,752601,旅游管理类
物理|本科批|塔里木大学|塔里木大学02,农林动物、化材药、带电工科、生环食品,大理工组（夹植物生产/化工制药/纺织）,高,大杂烩,752602,植物生产类、化工与制药类、计算机类、纺织类
物理|本科批|新疆医科大学|新疆医科大学01,医药护理,中医组,低,同族,752701,中医学类
物理|本科批|新疆医科大学|新疆医科大学02,医药护理、化材药、试验班,医药+化材药组,中,相近混合,752702,口腔医学类、中医学类、医学技术类、中药学类、生物医学工程类、交叉学科类
物理|本科批|新疆医科大学|新疆医科大学03,医药护理、化材药,医药+化材药组,中,相近混合,752703,临床医学类、中西医结合类、中医学类、医学技术类、药学类、公共卫生与预防医学类
历史|本科批|喀什大学|喀什大学01,文法教育、经管商贸,文法教育组（夹工商管理）,中,相近混合,752901,教育学类、中国语言文学类、工商管理类
历史|本科批|喀什大学|喀什大学02,文法教育,马理论组,低,同族,752902,马克思主义理论类
物理|本科批|喀什大学|喀什大学03,文法教育、经管商贸,经管+文法组,低,相近混合,752903,中国语言文学类、工商管理类
物理|本科批|喀什大学|喀什大学04,理学基础、化材药、生环食品、带电工科、土建测绘,大理工组（夹化学/生物科学/土木）,高,大杂烩,752904,数学类、物理学类、化学类、生物科学类、电子信息类、电气类、土木类、大气科学类
物理|本科批|喀什大学|喀什大学05,文法教育,马理论组,低,同族,752905,马克思主义理论类
历史|本科批|新疆政法学院|新疆政法学院01,文法教育、经管商贸,文法教育组（夹电商/工商管理）,中,相近混合,753101,法学类、电子商务类、中国语言文学类、工商管理类、外国语言文学类、历史学类、经济学类
历史|本科批|新疆政法学院|新疆政法学院02,文法教育,法政组,低,同族,753102,政治学类、马克思主义理论类
物理|本科批|新疆政法学院|新疆政法学院03,文法教育、经管商贸,经管+文法组,中,相近混合,753103,法学类、电子商务类、经济学类、工商管理类、外国语言文学类、管理科学与工程类
物理|本科批|新疆政法学院|新疆政法学院04,带电工科、理学基础,理学+带电组,低,相近混合,753104,计算机类、统计学类、数学类
物理|本科批|新疆政法学院|新疆政法学院05,文法教育,马理论组,低,同族,753105,马克思主义理论类
物理|本科批|新疆交通职业技术大学|新疆交通职业技术大学02,交通航空,交通运输组,低,同族,754402,道路运输类、城市轨道交通类
物理|本科批|新疆工业学院|新疆工业学院01,土建测绘、带电工科、化材药、机械能源,大理工组（夹测绘/材料）,高,大杂烩,754801,测绘类、计算机类、材料类、电子信息类、能源动力类
物理|本科批|新疆工业学院|新疆工业学院02,机械能源、带电工科、土建测绘,带电工科组（夹水利）,高,冷热混放,754802,机械类、电气类、自动化类、水利类
物理|本科批|新疆理工职业大学|新疆理工职业大学01,生环食品、带电工科、机械能源,带电工科组（夹纺织服装）,高,冷热混放,754901,纺织服装类、计算机类、电力技术类、航空装备类、汽车制造类
历史|本科批|上海杉达学院|上海杉达学院01,经管商贸、文法教育、土建测绘,经管商贸组（夹建筑）,高,冷热混放,800101,金融学类、经济与贸易类、工商管理类、公共管理类、外国语言文学类、电子商务类、建筑类
物理|本科批|上海杉达学院|上海杉达学院03,经管商贸、文法教育、土建测绘,经管商贸组（含建筑）,中,跨界混合,800103,工商管理类、外国语言文学类、管理科学与工程类、建筑类
物理|本科批|上海杉达学院|上海杉达学院04,生环食品、带电工科、机械能源、土建测绘,大理工组（夹食品工程/土木）,高,大杂烩,800104,食品科学与工程类、计算机类、机械类、土木类、电气类
历史|本科批|上海建桥学院|上海建桥学院01,文法教育,文新外语组,低,同族,800201,外国语言文学类、新闻传播学类
历史|本科批|上海建桥学院|上海建桥学院02,经管商贸,经管商贸组,低,同族,800202,经济与贸易类、工商管理类、电子商务类
物理|本科批|上海建桥学院|上海建桥学院04,经管商贸,经管商贸组,低,同族,800204,经济学类、金融学类、管理科学与工程类
物理|本科批|上海建桥学院|上海建桥学院05,带电工科,计算机电子组,低,同族,800205,电子信息类、计算机类
物理|本科批|上海建桥学院|上海建桥学院06,机械能源、化材药、带电工科,带电工科组（夹材料）,中,跨界混合,800206,机械类、材料类、电子信息类
历史|本科批|上海兴伟学院|上海兴伟学院01,文法教育、经管商贸,经管+文法组,低,相近混合,800301,外国语言文学类、工商管理类
物理|本科批|上海兴伟学院|上海兴伟学院02,文法教育、经管商贸,经管+文法组,低,相近混合,800302,外国语言文学类、工商管理类
历史|本科批|上海视觉艺术学院|上海视觉艺术学院01,艺术传媒,戏剧影视组,低,同族,800401,戏剧与影视学类
物理|本科批|上海视觉艺术学院|上海视觉艺术学院02,艺术传媒,戏剧影视组,低,同族,800402,戏剧与影视学类
历史|本科批|上海外国语大学贤达经济人文学院|上海外国语大学贤达经济人文学院01,文法教育、经管商贸,经管+文法组,中,相近混合,800501,外国语言文学类、经济与贸易类、工商管理类、金融学类、旅游管理类、新闻传播学类
物理|本科批|上海外国语大学贤达经济人文学院|上海外国语大学贤达经济人文学院02,文法教育、经管商贸,经管+文法组,中,相近混合,800502,外国语言文学类、经济与贸易类、工商管理类、金融学类、旅游管理类、新闻传播学类、管理科学与工程类
物理|本科批|上海外国语大学贤达经济人文学院|上海外国语大学贤达经济人文学院03,理学基础,统计组,低,同族,800503,统计学类
历史|本科批|上海师范大学天华学院|上海师范大学天华学院01,经管商贸、文法教育,经管+文法组,低,相近混合,800601,工商管理类、外国语言文学类
历史|本科批|上海师范大学天华学院|上海师范大学天华学院02,文法教育,文法教育组,低,同族,800602,心理学类、教育学类
物理|本科批|上海师范大学天华学院|上海师范大学天华学院03,文法教育,文法教育组,低,同族,800603,心理学类、教育学类
物理|本科批|上海师范大学天华学院|上海师范大学天华学院04,经管商贸、文法教育,经管+文法组,低,相近混合,800604,工商管理类、外国语言文学类
物理|本科批|上海师范大学天华学院|上海师范大学天华学院05,带电工科,计算机电子组,低,同族,800605,电子信息类、计算机类
物理|本科批|上海师范大学天华学院|上海师范大学天华学院06,带电工科、机械能源,带电+机械组,低,相近混合,800606,计算机类、机械类
物理|本科批|上海师范大学天华学院|上海师范大学天华学院07,理学基础,统计组,低,同族,800607,统计学类
历史|本科批|上海立达学院|上海立达学院01,经管商贸、文法教育、艺术传媒,文法教育组（夹工商管理）,中,跨界混合,802301,工商管理类、中国语言文学类、心理学类、戏剧与影视学类
物理|本科批|上海立达学院|上海立达学院03,机械能源、农林动物、经管商贸、文法教育,工管/文混合组（夹畜牧）,中,大杂烩,802303,机械设计制造类、畜牧业类、经济学类、金融学类、工商管理类、中国语言文学类、心理学类
物理|本科批|上海立达学院|上海立达学院04,带电工科,带电工科组,低,同族,802304,电子信息类、计算机类、自动化类
历史|本科批|上海中侨职业技术大学|上海中侨职业技术大学01,交通航空、经管商贸,经管+交通混合组,中,跨界混合,802901,道路运输类、餐饮类、物流类、金融类、财务会计类、工商管理类、电子商务类
物理|本科批|上海中侨职业技术大学|上海中侨职业技术大学03,土建测绘、带电工科、机械能源、生环食品,大理工组（夹土建施工/建工管理/食品/生物技术）,高,大杂烩,802903,土建施工类、建设工程管理类、计算机类、电子信息类、自动化类、机械设计制造类、汽车制造类、食品类、生物技术类
物理|本科批|上海中侨职业技术大学|上海中侨职业技术大学04,土建测绘、生环食品,生环食品组（含土建施工）,中,跨界混合,802904,土建施工类、食品类
历史|本科批|浙江万里学院|浙江万里学院01,文法教育、经管商贸,文商组（含工商管理/旅游管理/电商/物流）,高,大杂烩,803001,社会学类、法学类、工商管理类、经济与贸易类、金融学类、旅游管理类、外国语言文学类、中国语言文学类、新闻传播学类、电子商务类、物流管理与工程类
历史|本科批|浙江万里学院|浙江万里学院02,文法教育、经管商贸,经管+文法组,中,相近混合,803002,新闻传播学类、旅游管理类
物理|本科批|浙江万里学院|浙江万里学院03,文法教育、经管商贸、土建测绘,工管/文混合组（夹建筑）,高,大杂烩,803003,社会学类、法学类、工商管理类、经济与贸易类、金融学类、旅游管理类、外国语言文学类、中国语言文学类、电子商务类、物流管理与工程类、建筑类、经济学类
物理|本科批|浙江万里学院|浙江万里学院04,文法教育、经管商贸,经管+文法组,中,相近混合,803004,新闻传播学类、旅游管理类
物理|本科批|浙江万里学院|浙江万里学院05,农林动物,农林动物组,低,同族,803005,水产类、植物生产类、自然保护与环境生态类
物理|本科批|浙江万里学院|浙江万里学院06,带电工科、机械能源、化材药、理学基础、生环食品、试验班、医药护理,大理工组（夹材料/医学技术）,高,大杂烩,803006,电气类、机械类、材料类、计算机类、电子信息类、统计学类、生物工程类、生物科学类、环境科学与工程类、食品科学与工程类、交叉学科类、医学技术类
历史|本科批|浙江树人学院|浙江树人学院01,经管商贸、文法教育,文商组（含工商管理/旅游管理/公管）,高,大杂烩,803101,工商管理类、金融学类、经济与贸易类、旅游管理类、公共管理类、社会学类、新闻传播学类、中国语言文学类、外国语言文学类
历史|本科批|浙江树人学院|浙江树人学院02,经管商贸,工商管理组,低,同族,803102,工商管理类
物理|本科批|浙江树人学院|浙江树人学院03,经管商贸、文法教育、土建测绘,工管/文混合组（夹建筑）,高,大杂烩,803103,工商管理类、金融学类、经济与贸易类、旅游管理类、物流管理与工程类、公共管理类、社会学类、建筑类、新闻传播学类、中国语言文学类、外国语言文学类
物理|本科批|浙江树人学院|浙江树人学院04,经管商贸,工商管理组,低,同族,803104,工商管理类
物理|本科批|浙江树人学院|浙江树人学院05,土建测绘、带电工科、生环食品、化材药,大理工组（夹土木/化学）,高,大杂烩,803105,土木类、计算机类、电子信息类、环境科学与工程类、化学类、生物工程类、食品科学与工程类
历史|本科批|浙江越秀外国语学院|浙江越秀外国语学院01,文法教育、经管商贸、艺术传媒,文商组（含物流/电商/旅游管理）,高,大杂烩,803201,外国语言文学类、经济与贸易类、物流管理与工程类、电子商务类、新闻传播学类、中国语言文学类、戏剧与影视学类、旅游管理类
历史|本科批|浙江越秀外国语学院|浙江越秀外国语学院02,文法教育,新闻传播组,低,同族,803202,新闻传播学类
物理|本科批|浙江越秀外国语学院|浙江越秀外国语学院03,文法教育、经管商贸、艺术传媒,文商组（含物流/电商/旅游管理）,高,大杂烩,803203,外国语言文学类、管理科学与工程类、金融学类、经济学类、经济与贸易类、物流管理与工程类、电子商务类、新闻传播学类、中国语言文学类、戏剧与影视学类、旅游管理类
物理|本科批|浙江越秀外国语学院|浙江越秀外国语学院04,经管商贸、文法教育,经管+文法组,低,相近混合,803204,管理科学与工程类、新闻传播学类
物理|本科批|浙江越秀外国语学院|浙江越秀外国语学院05,理学基础、带电工科,带电+理学组,低,相近混合,803205,统计学类、电子信息类、计算机类
历史|本科批|宁波财经学院|宁波财经学院01,经管商贸、文法教育、艺术传媒,文商组,中,大杂烩,803301,工商管理类、经济与贸易类、电子商务类、物流管理与工程类、历史学类、外国语言文学类、新闻传播学类、戏剧与影视学类
物理|本科批|宁波财经学院|宁波财经学院02,经管商贸,经管商贸组,中,同族,803302,工商管理类、经济学类、经济与贸易类、电子商务类、金融学类、管理科学与工程类、物流管理与工程类
物理|本科批|宁波财经学院|宁波财经学院03,带电工科、机械能源,带电+机械组,低,相近混合,803303,电子信息类、计算机类、机械类
历史|本科批|浙江工业大学之江学院|浙江工业大学之江学院01,经管商贸,旅游管理组,中,同族,803601,旅游管理类
物理|本科批|浙江工业大学之江学院|浙江工业大学之江学院02,经管商贸、文法教育,经管+文法组,中,相近混合,803602,金融学类、外国语言文学类、旅游管理类
物理|本科批|浙江工业大学之江学院|浙江工业大学之江学院03,带电工科、机械能源、化材药,带电工科组（夹材料）,中,跨界混合,803603,计算机类、电子信息类、电气类、机械类、材料类
历史|本科批|浙江师范大学行知学院|浙江师范大学行知学院01,经管商贸,经贸组,低,同族,803701,经济与贸易类
物理|本科批|浙江师范大学行知学院|浙江师范大学行知学院02,化材药、生环食品、机械能源、带电工科,大理工组（夹化学/生物科学/环境/材料）,高,大杂烩,803702,化学类、生物科学类、环境科学与工程类、机械类、电子信息类、计算机类、材料类、自动化类
物理|本科批|浙江师范大学行知学院|浙江师范大学行知学院03,生环食品,食品工程组,低,同族,803703,食品科学与工程类
历史|本科批|宁波大学科学技术学院|宁波大学科学技术学院01,经管商贸、文法教育,经管+文法组,低,相近混合,803801,工商管理类、经济与贸易类、电子商务类、外国语言文学类
物理|本科批|宁波大学科学技术学院|宁波大学科学技术学院02,经管商贸、文法教育、土建测绘,经管商贸组（含建筑）,中,跨界混合,803802,工商管理类、经济与贸易类、电子商务类、外国语言文学类、建筑类、管理科学与工程类、经济学类
物理|本科批|宁波大学科学技术学院|宁波大学科学技术学院03,带电工科、化材药、生环食品、机械能源、土建测绘,大理工组（夹化学/生物科学/环境/土木）,高,大杂烩,803803,计算机类、电子信息类、化学类、生物科学类、环境科学与工程类、自动化类、机械类、电气类、土木类
物理|本科批|杭州电子科技大学信息工程学院|杭州电子科技大学信息工程学院01,经管商贸,管工组,低,同族,803901,管理科学与工程类
物理|本科批|杭州电子科技大学信息工程学院|杭州电子科技大学信息工程学院02,带电工科、机械能源,带电+机械组,低,相近混合,803902,计算机类、电子信息类、自动化类、电气类、机械类
物理|本科批|浙江理工大学科技与艺术学院|浙江理工大学科技与艺术学院01,经管商贸、文法教育,经管+文法组,低,相近混合,804001,经济与贸易类、工商管理类、电子商务类、外国语言文学类、管理科学与工程类
物理|本科批|浙江理工大学科技与艺术学院|浙江理工大学科技与艺术学院02,带电工科、土建测绘,带电工科组（夹土木）,高,冷热混放,804002,电子信息类、计算机类、土木类
历史|本科批|浙江农林大学暨阳学院|浙江农林大学暨阳学院01,经管商贸、文法教育,经管+文法组,低,相近混合,804201,工商管理类、新闻传播学类
物理|本科批|浙江农林大学暨阳学院|浙江农林大学暨阳学院02,经管商贸,经管商贸组,低,同族,804202,管理科学与工程类、经济学类
物理|本科批|浙江农林大学暨阳学院|浙江农林大学暨阳学院03,机械能源、带电工科、土建测绘、生环食品,大理工组（夹土木/环境/食品工程）,高,大杂烩,804203,机械类、计算机类、电子信息类、土木类、环境科学与工程类、食品科学与工程类
物理|本科批|浙江农林大学暨阳学院|浙江农林大学暨阳学院04,农林动物,林学组,低,同族,804204,林学类
物理|本科批|温州医科大学仁济学院|温州医科大学仁济学院01,文法教育、经管商贸,经管+文法组,低,相近混合,804301,外国语言文学类、管理科学与工程类、公共管理类
历史|本科批|浙江工商大学杭州商学院|浙江工商大学杭州商学院01,经管商贸、文法教育,经管+文法组,中,相近混合,804801,工商管理类、金融学类、经济与贸易类、电子商务类、物流管理与工程类、外国语言文学类
物理|本科批|浙江工商大学杭州商学院|浙江工商大学杭州商学院02,经管商贸、文法教育,经管+文法组,中,相近混合,804802,工商管理类、经济学类、金融学类、经济与贸易类、电子商务类、物流管理与工程类、外国语言文学类
物理|本科批|浙江工商大学杭州商学院|浙江工商大学杭州商学院03,理学基础、带电工科,带电+理学组,低,相近混合,804803,统计学类、计算机类、电子信息类
物理|本科批|中国计量大学现代科技学院|中国计量大学现代科技学院01,机械能源,工业工程组,低,同族,805001,工业工程类
物理|本科批|中国计量大学现代科技学院|中国计量大学现代科技学院02,带电工科、机械能源,带电+机械组,低,相近混合,805002,电气类、仪器类、电子信息类、机械类
历史|本科批|浙江财经大学东方学院|浙江财经大学东方学院01,经管商贸、文法教育,经管+文法组,低,相近混合,805101,财政学类、外国语言文学类
物理|本科批|浙江财经大学东方学院|浙江财经大学东方学院02,经管商贸,经管商贸组,中,同族,805102,金融学类、经济学类、电子商务类、财政学类、管理科学与工程类、工商管理类
物理|本科批|浙江财经大学东方学院|浙江财经大学东方学院03,带电工科、机械能源,带电+机械组,低,相近混合,805103,计算机类、电子信息类、机械类
历史|本科批|温州商学院|温州商学院01,经管商贸、文法教育,经管+文法组,低,相近混合,805201,金融学类、财政学类、工商管理类、新闻传播学类
物理|本科批|温州商学院|温州商学院03,经管商贸、文法教育,经管+文法组,低,相近混合,805203,金融学类、财政学类、工商管理类、新闻传播学类
物理|本科批|温州商学院|温州商学院04,带电工科,计算机组,低,同族,805204,计算机类
历史|本科批|上海财经大学浙江学院|上海财经大学浙江学院01,经管商贸、文法教育,经管+文法组,中,相近混合,805401,工商管理类、金融学类、物流管理与工程类、旅游管理类、电子商务类、外国语言文学类
物理|本科批|上海财经大学浙江学院|上海财经大学浙江学院02,经管商贸,经管商贸组,中,同族,805402,经济学类、工商管理类、金融学类、经济与贸易类、物流管理与工程类、电子商务类
物理|本科批|上海财经大学浙江学院|上海财经大学浙江学院03,带电工科,计算机组,低,同族,805403,计算机类
物理|提前本科批|西湖大学|西湖大学01,生环食品,生物科学组,低,同族,805501,生物科学类
物理|本科批|浙江广厦建设职业技术大学|浙江广厦建设职业技术大学01,土建测绘、交通航空、经管商贸、机械能源、带电工科,大理工组（夹电商）,高,大杂烩,807701,土建施工类、道路运输类、建筑设计类、建设工程管理类、财务会计类、航空装备类、航空运输类、电子商务类、自动化类、建筑设备类、机械设计制造类、电子信息类、计算机类、市政工程类
历史|本科批|安徽三联学院|安徽三联学院01,经管商贸,经管商贸组,低,同族,808001,经济与贸易类、工商管理类
物理|本科批|安徽三联学院|安徽三联学院02,经管商贸,经管商贸组,低,同族,808002,经济与贸易类、工商管理类
物理|本科批|安徽三联学院|安徽三联学院03,带电工科,带电工科组,低,同族,808003,电气类、电子信息类、计算机类
历史|本科批|安徽新华学院|安徽新华学院01,经管商贸、土建测绘、文法教育,经管商贸组（夹建筑）,高,冷热混放,808101,工商管理类、金融学类、建筑类、物流管理与工程类、外国语言文学类、中国语言文学类、新闻传播学类
物理|本科批|安徽新华学院|安徽新华学院02,经管商贸、土建测绘、文法教育,工管/文混合组（夹建筑）,高,大杂烩,808102,工商管理类、金融学类、建筑类、管理科学与工程类、物流管理与工程类、外国语言文学类、中国语言文学类、新闻传播学类
物理|本科批|安徽新华学院|安徽新华学院03,地矿安全、带电工科、化材药,带电工科组（夹安全工程/化工制药）,高,冷热混放,808103,安全科学与工程类、计算机类、电子信息类、电气类、自动化类、化工与制药类
历史|本科批|安徽文达信息工程学院|安徽文达信息工程学院01,经管商贸,经管商贸组,低,同族,808201,工商管理类、经济与贸易类
物理|本科批|安徽文达信息工程学院|安徽文达信息工程学院02,经管商贸,经管商贸组,低,同族,808202,工商管理类、经济与贸易类
历史|本科批|安徽外国语学院|安徽外国语学院01,文法教育,外语组,低,同族,808301,外国语言文学类
物理|本科批|安徽外国语学院|安徽外国语学院02,文法教育,外语组,低,同族,808302,外国语言文学类
历史|本科批|蚌埠工商学院|蚌埠工商学院01,经管商贸,经管商贸组,低,同族,808401,金融学类、工商管理类
物理|本科批|蚌埠工商学院|蚌埠工商学院02,经管商贸,经管商贸组,低,同族,808402,金融学类、工商管理类
物理|本科批|蚌埠工商学院|蚌埠工商学院03,带电工科,计算机电子组,低,同族,808403,电子信息类、计算机类
物理|本科批|安徽信息工程学院|安徽信息工程学院01,带电工科、机械能源,带电+机械组,低,相近混合,808601,计算机类、电子信息类、自动化类、机械类
历史|本科批|马鞍山学院|马鞍山学院01,经管商贸,工商管理组,低,同族,808701,工商管理类
物理|本科批|马鞍山学院|马鞍山学院02,经管商贸,工商管理组,低,同族,808702,工商管理类
物理|本科批|马鞍山学院|马鞍山学院03,带电工科,带电工科组,低,同族,808703,电气类、计算机类
物理|本科批|合肥城市学院|合肥城市学院01,土建测绘,建筑组,中,同族,808801,建筑类
物理|本科批|合肥城市学院|合肥城市学院02,机械能源、化材药、带电工科、土建测绘、地矿安全,大理工组（夹材料/土木/安全工程）,高,大杂烩,808802,机械类、材料类、电气类、电子信息类、土木类、安全科学与工程类、计算机类
历史|本科批|芜湖学院|芜湖学院01,文法教育,中文组,低,同族,809001,中国语言文学类
物理|本科批|芜湖学院|芜湖学院02,机械能源,机械组,低,同族,809002,机械类
物理|本科批|安徽医科大学临床医学院|安徽医科大学临床医学院01,经管商贸,公管组,低,同族,809101,公共管理类
历史|本科批|皖江工学院|皖江工学院01,经管商贸,经管商贸组,中,同族,809401,经济与贸易类、工商管理类、旅游管理类、公共管理类
物理|本科批|皖江工学院|皖江工学院02,经管商贸,经管商贸组,中,同族,809402,经济与贸易类、工商管理类、旅游管理类、公共管理类
物理|本科批|皖江工学院|皖江工学院03,经管商贸,管工组,低,同族,809403,管理科学与工程类
物理|本科批|皖江工学院|皖江工学院04,地矿安全、土建测绘、交通航空、机械能源,大理工组（夹安全工程/地质工程/土木/测绘）,高,大杂烩,809404,安全科学与工程类、地质类、土木类、测绘类、交通运输类、机械类、能源动力类
物理|本科批|皖江工学院|皖江工学院05,土建测绘、农林动物,土建测绘组（含自然保护）,中,跨界混合,809405,水利类、自然保护与环境生态类
物理|本科批|皖江工学院|皖江工学院06,带电工科,带电工科组,低,同族,809406,电气类、电子信息类、自动化类、计算机类
物理|本科批|厦门华厦学院|厦门华厦学院01,经管商贸,经管商贸组,中,同族,812001,金融学类、物流管理与工程类、电子商务类、旅游管理类
物理|本科批|厦门华厦学院|厦门华厦学院02,带电工科、化材药、生环食品,带电工科组（夹化工制药/食品工程）,中,跨界混合,812002,电子信息类、自动化类、计算机类、化工与制药类、食品科学与工程类
物理|本科批|闽南理工学院|闽南理工学院01,经管商贸,工商管理组,低,同族,812101,工商管理类
物理|本科批|闽南科技学院|闽南科技学院01,带电工科,计算机电子组,低,同族,812201,电子信息类、计算机类
历史|本科批|厦门工学院|厦门工学院01,经管商贸、文法教育,经管+文法组,低,相近混合,812401,经济与贸易类、工商管理类、中国语言文学类
物理|本科批|厦门工学院|厦门工学院02,经管商贸、文法教育,经管+文法组,中,相近混合,812402,管理科学与工程类、经济与贸易类、工商管理类、新闻传播学类、中国语言文学类、外国语言文学类
物理|本科批|厦门工学院|厦门工学院03,带电工科,计算机组,低,同族,812403,计算机类
物理|本科批|厦门工学院|厦门工学院04,带电工科、理学基础,带电+理学组,低,相近混合,812404,电气类、电子信息类、统计学类、计算机类
历史|本科批|阳光学院|阳光学院01,经管商贸、文法教育、艺术传媒,经管+文法+艺术组,中,跨界混合,812501,金融学类、外国语言文学类、新闻传播学类、工商管理类、物流管理与工程类、电子商务类、戏剧与影视学类
物理|本科批|阳光学院|阳光学院02,经管商贸、文法教育、艺术传媒,文商组,中,大杂烩,812502,金融学类、经济与贸易类、外国语言文学类、管理科学与工程类、工商管理类、公共管理类、物流管理与工程类、电子商务类、戏剧与影视学类
物理|本科批|阳光学院|阳光学院03,带电工科、土建测绘,带电工科组（夹土木）,高,冷热混放,812503,电子信息类、自动化类、计算机类、土木类
历史|本科批|厦门大学嘉庚学院|厦门大学嘉庚学院01,经管商贸,经管商贸组,低,同族,812601,财政学类、金融学类、工商管理类
历史|本科批|厦门大学嘉庚学院|厦门大学嘉庚学院02,文法教育、经管商贸,文法教育组（夹工商管理）,中,相近混合,812602,中国语言文学类、外国语言文学类、新闻传播学类、工商管理类
历史|本科批|厦门大学嘉庚学院|厦门大学嘉庚学院03,经管商贸,经管商贸组,低,同族,812603,经济与贸易类、工商管理类、公共管理类、电子商务类
物理|本科批|厦门大学嘉庚学院|厦门大学嘉庚学院04,土建测绘、经管商贸,经管商贸组（含建筑）,中,跨界混合,812604,建筑类、管理科学与工程类
物理|本科批|厦门大学嘉庚学院|厦门大学嘉庚学院05,经管商贸、文法教育,经管+文法组,中,相近混合,812605,财政学类、金融学类、经济与贸易类、外国语言文学类、工商管理类、物流管理与工程类、电子商务类
物理|本科批|厦门大学嘉庚学院|厦门大学嘉庚学院06,带电工科,计算机电子组,低,同族,812606,电子信息类、计算机类
物理|本科批|厦门大学嘉庚学院|厦门大学嘉庚学院07,机械能源、带电工科、土建测绘、生环食品,大理工组（夹土木/环境）,高,大杂烩,812607,机械类、计算机类、土木类、环境科学与工程类
物理|本科批|厦门大学嘉庚学院|厦门大学嘉庚学院08,机械能源、带电工科,带电+机械组,低,相近混合,812608,机械类、电气类、自动化类
历史|本科批|福州大学至诚学院|福州大学至诚学院01,文法教育、土建测绘、经管商贸,经管商贸组（夹建筑）,高,冷热混放,812701,新闻传播学类、建筑类、工商管理类、物流管理与工程类、中国语言文学类
物理|本科批|福州大学至诚学院|福州大学至诚学院02,文法教育、土建测绘、经管商贸,经管商贸组（夹建筑）,高,冷热混放,812702,新闻传播学类、建筑类、工商管理类、金融学类、物流管理与工程类
物理|本科批|福州大学至诚学院|福州大学至诚学院03,机械能源、化材药、带电工科、地矿安全、生环食品、理学基础、土建测绘,大理工组（夹材料/化工制药/化学/安全工程等）,高,大杂烩,812703,机械类、材料类、电气类、自动化类、化工与制药类、化学类、安全科学与工程类、环境科学与工程类、计算机类、食品科学与工程类、数学类、土木类、电子信息类
历史|本科批|集美大学诚毅学院|集美大学诚毅学院01,经管商贸,经管商贸组,低,同族,812801,财政学类、金融学类、经济与贸易类、工商管理类
历史|本科批|集美大学诚毅学院|集美大学诚毅学院02,文法教育,文新外语组,低,同族,812802,中国语言文学类、外国语言文学类
物理|提前本科批|集美大学诚毅学院|集美大学诚毅学院03,交通航空,交通运输组,低,同族,812803,交通运输类
物理|本科批|集美大学诚毅学院|集美大学诚毅学院04,经管商贸,财经组,低,同族,812804,财政学类、金融学类、经济与贸易类
物理|本科批|集美大学诚毅学院|集美大学诚毅学院05,经管商贸,经管商贸组,低,同族,812805,管理科学与工程类、工商管理类、物流管理与工程类、电子商务类
物理|本科批|集美大学诚毅学院|集美大学诚毅学院06,带电工科,计算机组,低,同族,812806,计算机类
物理|本科批|集美大学诚毅学院|集美大学诚毅学院07,机械能源、带电工科、交通航空,带电+机械+交通组,中,相近混合,812807,机械类、电子信息类、自动化类、交通运输类
历史|本科批|福州外语外贸学院|福州外语外贸学院01,经管商贸,工商管理组,低,同族,813001,工商管理类
物理|本科批|福州外语外贸学院|福州外语外贸学院02,经管商贸,工商管理组,低,同族,813002,工商管理类
物理|本科批|福州外语外贸学院|福州外语外贸学院03,带电工科、交通航空,带电+交通组,低,相近混合,813003,电子信息类、计算机类、自动化类、航空航天类
历史|本科批|仰恩大学|仰恩大学01,经管商贸,工商管理组,低,同族,813201,工商管理类
物理|本科批|仰恩大学|仰恩大学02,经管商贸,工商管理组,低,同族,813202,工商管理类
物理|本科批|泉州信息工程学院|泉州信息工程学院01,经管商贸,经管商贸组,低,同族,813301,工商管理类、电子商务类
物理|本科批|泉州信息工程学院|泉州信息工程学院02,带电工科、交通航空、机械能源,带电+交通+机械组,中,相近混合,813302,电子信息类、计算机类、航空航天类、机械类
物理|本科批|泉州信息工程学院|泉州信息工程学院03,带电工科,计算机组,低,同族,813303,计算机类
历史|本科批|江西科技学院|江西科技学院01,经管商贸、文法教育,经管+文法组,低,相近混合,817001,工商管理类、经济与贸易类、电子商务类、中国语言文学类、新闻传播学类
物理|本科批|江西科技学院|江西科技学院02,经管商贸,工商管理组,低,同族,817002,工商管理类
物理|本科批|江西科技学院|江西科技学院03,带电工科、机械能源、交通航空,带电+机械+交通组,中,相近混合,817003,计算机类、机械类、电子信息类、自动化类、航空航天类
历史|本科批|江西工程学院|江西工程学院01,文法教育,中文组,低,同族,817101,中国语言文学类
物理|本科批|江西工程学院|江西工程学院02,机械能源、带电工科,带电+机械组,低,相近混合,817102,机械类、计算机类
历史|本科批|南昌理工学院|南昌理工学院01,文法教育、经管商贸,文法教育组（夹工商管理）,中,相近混合,817201,中国语言文学类、外国语言文学类、新闻传播学类、工商管理类
物理|本科批|南昌理工学院|南昌理工学院02,经管商贸,经管商贸组,低,同族,817202,经济学类、管理科学与工程类、工商管理类
物理|本科批|南昌理工学院|南昌理工学院03,机械能源、带电工科、土建测绘、交通航空,大理工组（夹土木/水利）,高,大杂烩,817203,机械类、能源动力类、电气类、电子信息类、自动化类、计算机类、土木类、水利类、航空航天类
历史|本科批|江西应用科技学院|江西应用科技学院01,经管商贸,经管商贸组,低,同族,817301,工商管理类、电子商务类
物理|本科批|江西应用科技学院|江西应用科技学院02,经管商贸,经管商贸组,低,同族,817302,电子商务类、物流管理与工程类
物理|本科批|江西应用科技学院|江西应用科技学院03,带电工科、机械能源、化材药,带电工科组（夹材料）,中,跨界混合,817303,电子信息类、机械类、材料类
历史|本科批|江西服装学院|江西服装学院01,生环食品、经管商贸、文法教育,经管商贸组（含纺织）,中,跨界混合,817401,纺织类、工商管理类、财政学类、新闻传播学类
历史|本科批|江西服装学院|江西服装学院02,生环食品,纺织组,中,同族,817402,纺织类
物理|本科批|江西服装学院|江西服装学院03,生环食品,纺织组,中,同族,817403,纺织类
物理|本科批|江西服装学院|江西服装学院04,生环食品、带电工科,带电工科组（夹纺织）,高,冷热混放,817404,纺织类、计算机类
历史|本科批|南昌工学院|南昌工学院01,土建测绘、经管商贸,经管商贸组（含建筑）,中,跨界混合,817501,建筑类、工商管理类
历史|本科批|南昌工学院|南昌工学院02,文法教育,中文组,低,同族,817502,中国语言文学类
历史|本科批|南昌工学院|南昌工学院03,文法教育,马理论组,低,同族,817503,马克思主义理论类
物理|本科批|南昌工学院|南昌工学院05,带电工科、经管商贸、机械能源,经管+带电+机械组,中,跨界混合,817505,计算机类、管理科学与工程类、工商管理类、金融学类、机械设计制造类
物理|本科批|南昌工学院|南昌工学院06,带电工科、机械能源、理学基础,带电+机械+理学组,中,相近混合,817506,电气类、电子信息类、计算机类、自动化类、机械类、数学类
历史|本科批|南昌大学科学技术学院|南昌大学科学技术学院01,经管商贸,经管商贸组,中,同族,817601,工商管理类、旅游管理类
物理|本科批|南昌大学科学技术学院|南昌大学科学技术学院02,经管商贸,经管商贸组,低,同族,817602,工商管理类、金融学类
物理|本科批|南昌大学科学技术学院|南昌大学科学技术学院03,经管商贸,管工组,低,同族,817603,管理科学与工程类
物理|本科批|南昌大学科学技术学院|南昌大学科学技术学院04,带电工科、机械能源,带电+机械组,低,相近混合,817604,计算机类、机械类、电气类、电子信息类
历史|本科批|南昌大学共青学院|南昌大学共青学院01,经管商贸、文法教育、生环食品,经管商贸组（夹纺织）,高,冷热混放,817701,经济学类、中国语言文学类、外国语言文学类、纺织类、工商管理类
物理|本科批|南昌大学共青学院|南昌大学共青学院02,经管商贸、机械能源,经管+机械混合组,低,跨界混合,817702,金融学类、工业工程类
物理|本科批|南昌大学共青学院|南昌大学共青学院03,机械能源、带电工科,带电+机械组,低,相近混合,817703,机械类、电气类、电子信息类、计算机类
历史|本科批|南昌交通学院|南昌交通学院01,经管商贸、土建测绘,经管商贸组（含建筑）,中,跨界混合,817801,物流管理与工程类、建筑类、工商管理类、旅游管理类
物理|本科批|南昌交通学院|南昌交通学院02,经管商贸,管工组,低,同族,817802,管理科学与工程类
物理|本科批|南昌交通学院|南昌交通学院03,带电工科、交通航空、土建测绘、机械能源,大理工组（夹土木）,高,大杂烩,817803,电气类、自动化类、交通运输类、土木类、计算机类、机械类
历史|本科批|南昌航空大学科技学院|南昌航空大学科技学院01,经管商贸、文法教育、艺术传媒,经管+文法+艺术组,中,跨界混合,818001,工商管理类、外国语言文学类、电子商务类、戏剧与影视学类、新闻传播学类
物理|本科批|南昌航空大学科技学院|南昌航空大学科技学院02,经管商贸、艺术传媒,经管+艺术混合组,低,跨界混合,818002,工商管理类、电子商务类、物流管理与工程类、戏剧与影视学类
物理|本科批|南昌航空大学科技学院|南昌航空大学科技学院03,机械能源、化材药、带电工科、交通航空、军警安全,大理工组（夹材料）,中,大杂烩,818003,机械类、材料类、自动化类、电子信息类、电气类、航空航天类、仪器类、兵器类、计算机类
历史|本科批|江西农业大学南昌商学院|江西农业大学南昌商学院01,经管商贸、文法教育、艺术传媒,经管+文法+艺术组,中,跨界混合,818301,经济与贸易类、外国语言文学类、工商管理类、电子商务类、戏剧与影视学类
历史|本科批|江西农业大学南昌商学院|江西农业大学南昌商学院02,农林动物,林学组,低,同族,818302,林学类
物理|本科批|江西农业大学南昌商学院|江西农业大学南昌商学院03,经管商贸、文法教育、艺术传媒,经管+文法+艺术组,中,跨界混合,818303,经济学类、经济与贸易类、外国语言文学类、管理科学与工程类、工商管理类、电子商务类、戏剧与影视学类
物理|本科批|江西农业大学南昌商学院|江西农业大学南昌商学院04,带电工科、土建测绘,带电工科组（夹土木）,高,冷热混放,818304,电子信息类、计算机类、土木类
物理|本科批|江西农业大学南昌商学院|江西农业大学南昌商学院05,农林动物,林学组,低,同族,818305,林学类
历史|本科批|江西师范大学科学技术学院|江西师范大学科学技术学院01,文法教育、经管商贸,经管+文法组,低,相近混合,818501,社会学类、工商管理类、电子商务类、外国语言文学类
物理|本科批|江西师范大学科学技术学院|江西师范大学科学技术学院02,经管商贸、文法教育,经管+文法组,低,相近混合,818502,经济学类、外国语言文学类
物理|本科批|江西师范大学科学技术学院|江西师范大学科学技术学院03,带电工科,计算机电子组,低,同族,818503,计算机类、电子信息类
历史|本科批|景德镇艺术职业大学|景德镇艺术职业大学01,经管商贸,财会组,低,同族,818601,财务会计类
物理|本科批|景德镇艺术职业大学|景德镇艺术职业大学02,机械能源、带电工科,带电+机械组,低,相近混合,818602,机械设计制造类、电子信息类、计算机类
物理|本科批|南昌应用技术师范学院|南昌应用技术师范学院02,带电工科,带电工科组,低,同族,818702,电气类、电子信息类、计算机类
历史|本科批|江西财经大学现代经济管理学院|江西财经大学现代经济管理学院01,经管商贸、文法教育,文商组,中,大杂烩,818801,工商管理类、财政学类、金融学类、电子商务类、经济与贸易类、物流管理与工程类、外国语言文学类、新闻传播学类
物理|本科批|江西财经大学现代经济管理学院|江西财经大学现代经济管理学院02,经管商贸,经管商贸组,低,同族,818802,金融学类、经济学类、管理科学与工程类
物理|本科批|江西财经大学现代经济管理学院|江西财经大学现代经济管理学院03,经管商贸、文法教育,经管+文法组,中,相近混合,818803,工商管理类、金融学类、电子商务类、经济与贸易类、物流管理与工程类、外国语言文学类
物理|本科批|江西财经大学现代经济管理学院|江西财经大学现代经济管理学院04,带电工科、理学基础、机械能源,带电+理学+机械组,中,相近混合,818804,计算机类、统计学类、机械类
历史|本科批|齐鲁医药学院|齐鲁医药学院01,经管商贸,公管组,低,同族,821001,公共管理类
历史|本科批|齐鲁医药学院|齐鲁医药学院02,文法教育,心理组,低,同族,821002,心理学类
历史|本科批|齐鲁医药学院|齐鲁医药学院03,经管商贸,公管组,低,同族,821003,公共管理类
历史|本科批|齐鲁医药学院|齐鲁医药学院04,经管商贸,公管组,低,同族,821004,公共管理类
历史|本科批|齐鲁医药学院|齐鲁医药学院05,文法教育,体育组,低,同族,821005,体育学类
物理|本科批|齐鲁医药学院|齐鲁医药学院06,文法教育,心理组,低,同族,821006,心理学类
物理|本科批|齐鲁医药学院|齐鲁医药学院07,经管商贸,公管组,低,同族,821007,公共管理类
物理|本科批|齐鲁医药学院|齐鲁医药学院08,经管商贸,公管组,低,同族,821008,公共管理类
物理|本科批|齐鲁医药学院|齐鲁医药学院09,文法教育,体育组,低,同族,821009,体育学类
物理|本科批|齐鲁医药学院|齐鲁医药学院10,经管商贸,公管组,低,同族,821010,公共管理类
历史|本科批|青岛滨海学院|青岛滨海学院01,经管商贸、文法教育,经管+文法组,中,相近混合,821101,经济与贸易类、中国语言文学类、外国语言文学类、新闻传播学类、工商管理类、电子商务类
物理|本科批|青岛滨海学院|青岛滨海学院02,经管商贸、机械能源,经管+机械混合组,低,跨界混合,821102,经济学类、工业工程类
物理|本科批|青岛滨海学院|青岛滨海学院03,机械能源、化材药、带电工科,带电工科组（夹材料）,中,跨界混合,821103,机械类、材料类、电气类、电子信息类、计算机类
历史|本科批|烟台南山学院|烟台南山学院01,文法教育,文新外语组,低,同族,821201,中国语言文学类、外国语言文学类
物理|本科批|烟台南山学院|烟台南山学院02,机械能源、化材药、生环食品、带电工科,大理工组（夹材料/纺织/化工制药/食品工程）,高,大杂烩,821202,机械类、材料类、纺织类、自动化类、计算机类、化工与制药类、食品科学与工程类
物理|本科批|烟台南山学院|烟台南山学院03,带电工科,自动化组,低,同族,821203,自动化类
历史|本科批|潍坊科技学院|潍坊科技学院01,经管商贸、文法教育,经管+文法组,低,相近混合,821301,工商管理类、外国语言文学类
物理|本科批|潍坊科技学院|潍坊科技学院03,经管商贸、文法教育,经管+文法组,低,相近混合,821303,工商管理类、外国语言文学类
物理|本科批|潍坊科技学院|潍坊科技学院04,化材药、机械能源、土建测绘,机械能源组（含化工制药/土木）,中,跨界混合,821304,化工与制药类、机械类、土木类
历史|本科批|山东英才学院|山东英才学院01,经管商贸,经管商贸组,低,同族,821401,工商管理类、电子商务类
物理|本科批|山东英才学院|山东英才学院02,机械能源、带电工科,带电+机械组,低,相近混合,821402,机械类、计算机类、电子信息类、自动化类
历史|本科批|青岛恒星科技学院|青岛恒星科技学院01,经管商贸、文法教育,文法教育组（夹工商管理/旅游管理）,高,冷热混放,821501,工商管理类、旅游管理类、中国语言文学类、社会学类、外国语言文学类
物理|本科批|青岛恒星科技学院|青岛恒星科技学院03,带电工科、农林动物、生环食品,带电工科组（夹农业工程/生物工程/轻工）,高,冷热混放,821503,电子信息类、电气类、自动化类、计算机类、农业工程类、生物工程类、轻工类
物理|本科批|青岛恒星科技学院|青岛恒星科技学院04,带电工科,电子信息组,低,同族,821504,电子信息类
历史|本科批|青岛黄海学院|青岛黄海学院01,文法教育、经管商贸,经管+文法组,低,相近混合,821601,中国语言文学类、工商管理类
物理|本科批|青岛黄海学院|青岛黄海学院03,经管商贸、文法教育,经管+文法组,低,相近混合,821603,经济学类、中国语言文学类、工商管理类
物理|本科批|青岛黄海学院|青岛黄海学院04,机械能源、带电工科、土建测绘、交通航空,大理工组（夹土木）,高,大杂烩,821604,机械类、电气类、电子信息类、计算机类、土木类、海洋工程类
历史|本科批|山东现代学院|山东现代学院01,经管商贸,经管商贸组,低,同族,821701,工商管理类、物流管理与工程类
物理|本科批|山东现代学院|山东现代学院03,经管商贸,管工组,低,同族,821703,管理科学与工程类
物理|本科批|山东现代学院|山东现代学院04,带电工科、机械能源、土建测绘,带电工科组（夹土木）,高,冷热混放,821704,计算机类、电子信息类、机械类、土木类
历史|本科批|山东协和学院|山东协和学院01,文法教育、经管商贸,经管+文法组,中,相近混合,821801,外国语言文学类、工商管理类、旅游管理类
物理|本科批|山东协和学院|山东协和学院02,文法教育、经管商贸,经管+文法组,中,相近混合,821802,外国语言文学类、工商管理类、旅游管理类
物理|本科批|山东协和学院|山东协和学院03,机械能源、带电工科、土建测绘,带电工科组（夹土木）,高,冷热混放,821803,机械类、电气类、电子信息类、计算机类、土木类
历史|本科批|烟台理工学院|烟台理工学院01,文法教育、经管商贸,文法教育组（夹工商管理）,中,相近混合,821901,中国语言文学类、新闻传播学类、工商管理类
物理|本科批|烟台理工学院|烟台理工学院02,带电工科、交通航空、机械能源,带电+交通+机械组,中,相近混合,821902,电子信息类、航空航天类、机械类、计算机类
历史|本科批|青岛城市学院|青岛城市学院01,经管商贸,经管商贸组,低,同族,822001,经济与贸易类、工商管理类、物流管理与工程类
历史|本科批|青岛城市学院|青岛城市学院02,经管商贸,工商管理组,低,同族,822002,工商管理类
物理|本科批|青岛城市学院|青岛城市学院03,经管商贸,管工组,低,同族,822003,管理科学与工程类
物理|本科批|青岛城市学院|青岛城市学院04,土建测绘,建筑组,中,同族,822004,建筑类
物理|本科批|青岛城市学院|青岛城市学院05,机械能源、带电工科,带电+机械组,低,相近混合,822005,机械类、电气类、自动化类
物理|本科批|青岛城市学院|青岛城市学院06,土建测绘,土木组,中,同族,822006,土木类
物理|本科批|青岛城市学院|青岛城市学院07,生环食品,生物工程组,低,同族,822007,生物工程类
物理|本科批|青岛城市学院|青岛城市学院08,带电工科,计算机组,低,同族,822008,计算机类
历史|本科批|泰山科技学院|泰山科技学院01,经管商贸,经管商贸组,低,同族,822301,工商管理类、电子商务类
物理|本科批|泰山科技学院|泰山科技学院03,经管商贸,管工组,低,同族,822303,管理科学与工程类
物理|本科批|泰山科技学院|泰山科技学院04,带电工科、机械能源,带电+机械组,低,相近混合,822304,计算机类、机械类、电子信息类
历史|本科批|青岛工学院|青岛工学院01,文法教育、经管商贸,文法教育组（夹工商管理）,中,相近混合,822501,外国语言文学类、工商管理类、中国语言文学类、心理学类
物理|本科批|青岛工学院|青岛工学院02,经管商贸、土建测绘、文法教育,经管商贸组（夹建筑）,高,冷热混放,822502,管理科学与工程类、建筑类、金融学类、工商管理类、心理学类
物理|本科批|青岛工学院|青岛工学院03,机械能源、带电工科、土建测绘、生环食品、化材药,大理工组（夹土木/食品工程/化工制药）,高,大杂烩,822503,机械类、自动化类、电气类、计算机类、电子信息类、土木类、食品科学与工程类、化工与制药类
历史|本科批|青岛农业大学海都学院|青岛农业大学海都学院01,文法教育、经管商贸,经管+文法组,低,相近混合,822601,心理学类、工商管理类
物理|本科批|青岛农业大学海都学院|青岛农业大学海都学院03,经管商贸,工商管理组,低,同族,822603,工商管理类
物理|本科批|青岛农业大学海都学院|青岛农业大学海都学院04,生环食品、带电工科、机械能源,带电工科组（夹食品工程）,中,跨界混合,822604,食品科学与工程类、计算机类、机械类、电气类
历史|本科批|齐鲁理工学院|齐鲁理工学院01,经管商贸、文法教育,经管+文法组,中,相近混合,822701,经济与贸易类、工商管理类、金融学类、新闻传播学类、中国语言文学类、外国语言文学类
物理|本科批|齐鲁理工学院|齐鲁理工学院02,经管商贸、文法教育,经管+文法组,中,相近混合,822702,经济与贸易类、工商管理类、金融学类、新闻传播学类、中国语言文学类、外国语言文学类、经济学类
物理|本科批|齐鲁理工学院|齐鲁理工学院03,带电工科、机械能源、生环食品、医药护理,大理工组（夹生物工程）,中,大杂烩,822703,计算机类、电子信息类、自动化类、机械类、电气类、生物工程类、生物医学工程类
历史|本科批|山东财经大学东方学院|山东财经大学东方学院01,经管商贸、文法教育,经管+文法组,低,相近混合,822801,工商管理类、财政学类、金融学类、新闻传播学类
物理|本科批|山东财经大学东方学院|山东财经大学东方学院02,经管商贸,管工组,低,同族,822802,管理科学与工程类
物理|本科批|山东财经大学东方学院|山东财经大学东方学院03,经管商贸,经管商贸组,低,同族,822803,工商管理类、财政学类、金融学类
物理|本科批|山东财经大学东方学院|山东财经大学东方学院04,带电工科,计算机电子组,低,同族,822804,计算机类、电子信息类
历史|本科批|烟台科技学院|烟台科技学院01,经管商贸、文法教育,文法教育组（夹公管）,中,相近混合,823001,公共管理类、外国语言文学类、中国语言文学类
物理|本科批|烟台科技学院|烟台科技学院02,经管商贸,经济组,低,同族,823002,经济学类
物理|本科批|烟台科技学院|烟台科技学院03,机械能源、带电工科,带电+机械组,低,相近混合,823003,机械类、计算机类
历史|本科批|青岛电影学院|青岛电影学院01,艺术传媒、文法教育、经管商贸,经管+艺术+文法组,中,跨界混合,823101,戏剧与影视学类、新闻传播学类、工商管理类
物理|本科批|山东工程职业技术大学|山东工程职业技术大学02,带电工科、经管商贸,带电工科组（夹工商管理）,中,跨界混合,824902,计算机类、工商管理类
物理|本科批|山东工程职业技术大学|山东工程职业技术大学03,机械能源,机械制造组,低,同族,824903,机械设计制造类
历史|本科批|北京城市学院|北京城市学院01,艺术传媒、文法教育、经管商贸,文商组,中,大杂烩,826001,戏剧与影视学类、社会学类、新闻传播学类、外国语言文学类、金融学类、经济与贸易类、工商管理类、物流管理与工程类
物理|本科批|北京城市学院|北京城市学院02,经管商贸,经管商贸组,低,同族,826002,金融学类、经济学类、管理科学与工程类
物理|本科批|北京城市学院|北京城市学院03,生环食品、机械能源、带电工科、土建测绘,大理工组（夹生物工程/土木）,高,大杂烩,826003,生物工程类、机械类、计算机类、电子信息类、土木类
历史|本科批|首都师范大学科德学院|首都师范大学科德学院01,文法教育、经管商贸、艺术传媒,文法教育组（夹工商管理）,中,跨界混合,826201,中国语言文学类、工商管理类、心理学类、新闻传播学类、戏剧与影视学类
物理|本科批|首都师范大学科德学院|首都师范大学科德学院02,经管商贸,金融组,低,同族,826202,金融学类
物理|本科批|首都师范大学科德学院|首都师范大学科德学院03,文法教育、经管商贸,文法教育组（夹工商管理）,中,相近混合,826203,中国语言文学类、工商管理类、心理学类、新闻传播学类
物理|本科批|首都师范大学科德学院|首都师范大学科德学院04,带电工科,计算机电子组,低,同族,826204,计算机类、电子信息类
历史|本科批|北京金融科技学院|北京金融科技学院01,经管商贸、文法教育,经管+文法组,低,相近混合,826301,金融学类、工商管理类、心理学类
物理|本科批|北京金融科技学院|北京金融科技学院02,经管商贸、文法教育,经管+文法组,低,相近混合,826302,经济学类、金融学类、工商管理类、心理学类、管理科学与工程类
物理|本科批|北京金融科技学院|北京金融科技学院03,带电工科,计算机电子组,低,同族,826303,电子信息类、计算机类
历史|本科批|北京邮电大学世纪学院|北京邮电大学世纪学院01,文法教育、经管商贸,经管+文法组,低,相近混合,826401,外国语言文学类、工商管理类、电子商务类、新闻传播学类
物理|本科批|北京邮电大学世纪学院|北京邮电大学世纪学院02,文法教育、经管商贸,经管+文法组,低,相近混合,826402,外国语言文学类、工商管理类、电子商务类、物流管理与工程类、新闻传播学类
物理|本科批|北京邮电大学世纪学院|北京邮电大学世纪学院03,机械能源、带电工科,带电+机械组,低,相近混合,826403,机械类、电子信息类、自动化类、计算机类
历史|本科批|北京工业大学耿丹学院|北京工业大学耿丹学院01,经管商贸、文法教育,经管+文法组,低,相近混合,826501,经济与贸易类、工商管理类、心理学类、中国语言文学类
物理|本科批|北京工业大学耿丹学院|北京工业大学耿丹学院02,经管商贸,经管商贸组,低,同族,826502,工商管理类、金融学类、管理科学与工程类
物理|本科批|北京工业大学耿丹学院|北京工业大学耿丹学院03,机械能源、带电工科、理学基础,机械+带电+理学组,中,相近混合,826503,机械类、计算机类、大气科学类、仪器类
历史|本科批|北京第二外国语学院中瑞酒店管理学院|北京第二外国语学院中瑞酒店管理学院01,经管商贸,经管商贸组,中,同族,826601,旅游管理类、工商管理类、公共管理类、金融学类
物理|本科批|北京第二外国语学院中瑞酒店管理学院|北京第二外国语学院中瑞酒店管理学院02,经管商贸,经管商贸组,中,同族,826602,旅游管理类、工商管理类、公共管理类、金融学类
历史|本科批|天津天狮学院|天津天狮学院01,经管商贸、文法教育,经管+文法组,低,相近混合,829001,工商管理类、公共管理类、新闻传播学类
物理|本科批|天津天狮学院|天津天狮学院03,经管商贸、文法教育,经管+文法组,低,相近混合,829003,工商管理类、公共管理类、新闻传播学类
物理|本科批|天津天狮学院|天津天狮学院04,带电工科,计算机组,低,同族,829004,计算机类
历史|本科批|天津外国语大学滨海外事学院|天津外国语大学滨海外事学院01,文法教育,外语组,低,同族,829101,外国语言文学类
物理|本科批|天津外国语大学滨海外事学院|天津外国语大学滨海外事学院02,文法教育,外语组,低,同族,829102,外国语言文学类
历史|本科批|天津传媒学院|天津传媒学院01,艺术传媒,戏剧影视组,低,同族,829201,戏剧与影视学类
物理|本科批|天津传媒学院|天津传媒学院02,带电工科,计算机组,低,同族,829202,计算机类
历史|本科批|天津商业大学宝德学院|天津商业大学宝德学院01,经管商贸、文法教育、艺术传媒,经管+文法+艺术组,中,跨界混合,829301,金融学类、电子商务类、外国语言文学类、工商管理类、物流管理与工程类、旅游管理类、戏剧与影视学类
物理|本科批|天津商业大学宝德学院|天津商业大学宝德学院02,经管商贸、文法教育、艺术传媒,经管+文法+艺术组,中,跨界混合,829302,金融学类、电子商务类、外国语言文学类、工商管理类、物流管理与工程类、旅游管理类、戏剧与影视学类
历史|本科批|天津医科大学临床医学院|天津医科大学临床医学院01,经管商贸,管理组,低,同族,829401,公共管理类、工商管理类
物理|本科批|天津医科大学临床医学院|天津医科大学临床医学院02,经管商贸,管理组,低,同族,829402,公共管理类、工商管理类
历史|本科批|天津理工大学中环信息学院|天津理工大学中环信息学院01,经管商贸,经管商贸组,低,同族,829701,工商管理类、物流管理与工程类
物理|本科批|天津理工大学中环信息学院|天津理工大学中环信息学院02,经管商贸,管工组,低,同族,829702,管理科学与工程类
物理|本科批|天津理工大学中环信息学院|天津理工大学中环信息学院03,带电工科、机械能源,带电+机械组,低,相近混合,829703,自动化类、电气类、机械类、电子信息类、计算机类
历史|本科批|北京科技大学天津学院|北京科技大学天津学院01,经管商贸、文法教育,经管+文法组,低,相近混合,829801,经济与贸易类、工商管理类、外国语言文学类
物理|本科批|北京科技大学天津学院|北京科技大学天津学院02,经管商贸、文法教育,经管+文法组,中,相近混合,829802,管理科学与工程类、物流管理与工程类、经济学类、金融学类、工商管理类、外国语言文学类
物理|本科批|北京科技大学天津学院|北京科技大学天津学院03,土建测绘、化材药、生环食品、机械能源、带电工科、交通航空,大理工组（夹土木/材料/环境）,高,大杂烩,829803,土木类、材料类、环境科学与工程类、能源动力类、机械类、计算机类、电子信息类、航空航天类、自动化类
历史|本科批|天津仁爱学院|天津仁爱学院01,文法教育、经管商贸,文法教育组（含工商管理）,低,相近混合,829901,外国语言文学类、工商管理类、新闻传播学类
物理|本科批|天津仁爱学院|天津仁爱学院02,经管商贸、机械能源,经管+机械混合组,低,跨界混合,829902,物流管理与工程类、管理科学与工程类、金融学类、工业工程类
物理|本科批|天津仁爱学院|天津仁爱学院03,文法教育、土建测绘、经管商贸,经管商贸组（含建筑）,中,跨界混合,829903,外国语言文学类、建筑类、工商管理类
物理|本科批|天津仁爱学院|天津仁爱学院04,机械能源,机械能源组,低,同族,829904,机械类、能源动力类
物理|本科批|天津仁爱学院|天津仁爱学院05,土建测绘、交通航空、化材药,土建测绘组（含化工制药）,中,跨界混合,829905,土木类、水利类、海洋工程类、化工与制药类
物理|本科批|天津仁爱学院|天津仁爱学院06,带电工科,带电工科组,低,同族,829906,自动化类、电子信息类、电气类、计算机类
历史|本科批|天津财经大学珠江学院|天津财经大学珠江学院01,经管商贸,经管商贸组,低,同族,830101,工商管理类、金融学类、电子商务类、财政学类
物理|本科批|天津财经大学珠江学院|天津财经大学珠江学院02,经管商贸,经管商贸组,低,同族,830102,工商管理类、金融学类、电子商务类、财政学类
物理|本科批|天津财经大学珠江学院|天津财经大学珠江学院03,带电工科,电子信息组,低,同族,830103,电子信息类
历史|本科批|河北美术学院|河北美术学院01,艺术传媒,戏剧影视组,低,同族,831201,戏剧与影视学类
物理|本科批|河北美术学院|河北美术学院02,带电工科,计算机组,低,同族,831202,计算机类
历史|本科批|河北科技学院|河北科技学院01,经管商贸、文法教育,经管+文法组,低,相近混合,831301,工商管理类、电子商务类、新闻传播学类
物理|本科批|河北科技学院|河北科技学院02,经管商贸,工商管理组,低,同族,831302,工商管理类
物理|本科批|河北科技学院|河北科技学院03,带电工科,计算机组,低,同族,831303,计算机类
历史|本科批|河北外国语学院|河北外国语学院01,文法教育、经管商贸,经管+文法组,中,相近混合,831401,外国语言文学类、电子商务类、旅游管理类
物理|本科批|河北外国语学院|河北外国语学院02,文法教育、经管商贸,经管+文法组,中,相近混合,831402,外国语言文学类、电子商务类、旅游管理类
物理|本科批|河北外国语学院|河北外国语学院03,带电工科,带电工科组,低,同族,831403,计算机类、自动化类
历史|本科批|华北理工大学轻工学院|华北理工大学轻工学院01,经管商贸,经管商贸组,低,同族,831601,经济与贸易类、工商管理类
物理|本科批|华北理工大学轻工学院|华北理工大学轻工学院02,经管商贸,管工组,低,同族,831602,管理科学与工程类
物理|本科批|华北理工大学轻工学院|华北理工大学轻工学院03,经管商贸,工商管理组,低,同族,831603,工商管理类
物理|本科批|华北理工大学轻工学院|华北理工大学轻工学院04,机械能源、带电工科,带电+机械组,低,相近混合,831604,能源动力类、机械类、电气类、计算机类
历史|本科批|河北经贸大学经济管理学院|河北经贸大学经济管理学院01,经管商贸,经贸组,低,同族,831801,经济与贸易类
物理|本科批|河北经贸大学经济管理学院|河北经贸大学经济管理学院02,经管商贸,经贸组,低,同族,831802,经济与贸易类
物理|本科批|河北工程大学科信学院|河北工程大学科信学院01,经管商贸,管工组,低,同族,832001,管理科学与工程类
物理|本科批|河北工程大学科信学院|河北工程大学科信学院02,机械能源、带电工科、土建测绘、化材药、交通航空,大理工组（夹土木/水利/化工制药）,高,大杂烩,832002,机械类、能源动力类、电气类、电子信息类、自动化类、计算机类、土木类、水利类、化工与制药类、交通运输类
历史|本科批|石家庄铁道大学四方学院|石家庄铁道大学四方学院01,经管商贸,工商管理组,低,同族,832301,工商管理类
物理|本科批|石家庄铁道大学四方学院|石家庄铁道大学四方学院02,经管商贸,管工组,低,同族,832302,管理科学与工程类
物理|本科批|石家庄铁道大学四方学院|石家庄铁道大学四方学院03,土建测绘,土木组,中,同族,832303,土木类
物理|本科批|石家庄铁道大学四方学院|石家庄铁道大学四方学院04,带电工科,自动化组,低,同族,832304,自动化类
物理|本科批|石家庄铁道大学四方学院|石家庄铁道大学四方学院05,带电工科,电气组,低,同族,832305,电气类
物理|本科批|石家庄铁道大学四方学院|石家庄铁道大学四方学院06,交通航空,交通运输组,低,同族,832306,交通运输类
物理|本科批|河北地质大学华信学院|河北地质大学华信学院01,经管商贸、文法教育,经管+文法组,低,相近混合,832401,金融学类、新闻传播学类、工商管理类、管理科学与工程类
物理|本科批|河北地质大学华信学院|河北地质大学华信学院02,机械能源,机械能源组,低,同族,832402,机械类、能源动力类
物理|本科批|河北地质大学华信学院|河北地质大学华信学院03,带电工科,计算机组,低,同族,832403,计算机类
历史|本科批|保定理工学院|保定理工学院01,经管商贸、文法教育,经管+文法组,低,相近混合,832601,工商管理类、经济学类、经济与贸易类、外国语言文学类
物理|本科批|保定理工学院|保定理工学院02,经管商贸、文法教育,经管+文法组,中,相近混合,832602,管理科学与工程类、工商管理类、经济学类、金融学类、经济与贸易类、外国语言文学类
物理|本科批|保定理工学院|保定理工学院03,土建测绘,土木组,中,同族,832603,土木类
物理|本科批|保定理工学院|保定理工学院04,机械能源、带电工科,带电+机械组,低,相近混合,832604,机械类、电气类、计算机类、电子信息类
历史|本科批|北京中医药大学东方学院|北京中医药大学东方学院01,经管商贸,管理组,低,同族,832801,工商管理类、公共管理类
物理|本科批|北京中医药大学东方学院|北京中医药大学东方学院02,经管商贸,管理组,低,同族,832802,工商管理类、公共管理类
历史|本科批|沧州交通学院|沧州交通学院01,经管商贸、土建测绘、文法教育,经管商贸组（含建筑）,中,跨界混合,832901,工商管理类、物流管理与工程类、旅游管理类、建筑类、外国语言文学类
物理|本科批|沧州交通学院|沧州交通学院02,经管商贸、土建测绘、文法教育,经管商贸组（夹建筑）,高,冷热混放,832902,工商管理类、物流管理与工程类、管理科学与工程类、金融学类、电子商务类、建筑类、外国语言文学类
物理|本科批|沧州交通学院|沧州交通学院03,带电工科、交通航空、土建测绘、机械能源、化材药,大理工组（夹土木/化工制药）,高,大杂烩,832903,计算机类、自动化类、交通运输类、电子信息类、电气类、土木类、机械类、化工与制药类
历史|本科批|河北东方学院|河北东方学院01,文法教育、经管商贸,经管+文法组,低,相近混合,833001,历史学类、工商管理类
物理|本科批|河北东方学院|河北东方学院02,带电工科,计算机电子组,低,同族,833002,电子信息类、计算机类
历史|本科批|山西应用科技学院|山西应用科技学院01,土建测绘、经管商贸,经管商贸组（含建筑）,中,跨界混合,836001,建筑类、工商管理类、电子商务类、物流管理与工程类
物理|本科批|山西应用科技学院|山西应用科技学院02,土建测绘、经管商贸,经管商贸组（含建筑）,中,跨界混合,836002,建筑类、工商管理类、电子商务类、物流管理与工程类
历史|本科批|晋中信息学院|晋中信息学院01,经管商贸,经管商贸组,低,同族,836301,经济与贸易类、金融学类、工商管理类
物理|本科批|晋中信息学院|晋中信息学院02,带电工科、机械能源,带电+机械组,低,相近混合,836302,计算机类、机械类、电气类
历史|本科批|山西晋中理工学院|山西晋中理工学院01,经管商贸,经济组,低,同族,836401,经济学类
物理|本科批|山西晋中理工学院|山西晋中理工学院02,经管商贸,管工组,低,同族,836402,管理科学与工程类
物理|本科批|山西晋中理工学院|山西晋中理工学院03,带电工科,电子信息组,低,同族,836403,电子信息类
历史|本科批|山西工商学院|山西工商学院01,经管商贸、文法教育,经管+文法组,低,相近混合,836601,工商管理类、体育学类
物理|本科批|山西工商学院|山西工商学院02,经管商贸、文法教育,经管+文法组,低,相近混合,836602,工商管理类、体育学类
物理|本科批|山西工商学院|山西工商学院03,带电工科,计算机组,低,同族,836603,计算机类
历史|本科批|运城职业技术大学|运城职业技术大学01,土建测绘、文法教育,文法教育组（含建筑设计）,中,跨界混合,837901,建筑设计类、公共服务类
物理|本科批|运城职业技术大学|运城职业技术大学02,土建测绘、机械能源、带电工科、文法教育,大理工组（夹建筑设计）,高,大杂烩,837902,建筑设计类、机械设计制造类、计算机类、公共服务类
物理|本科批|辽宁对外经贸学院|辽宁对外经贸学院01,经管商贸,经管商贸组,高,同族,840101,经济与贸易类、金融学类、经济学类、电子商务类、物流管理与工程类、工商管理类、管理科学与工程类、旅游管理类、公共管理类
物理|本科批|辽宁对外经贸学院|辽宁对外经贸学院02,文法教育,外语组,低,同族,840102,外国语言文学类
物理|本科批|辽宁对外经贸学院|辽宁对外经贸学院03,文法教育,外语组,低,同族,840103,外国语言文学类
物理|本科批|大连工程学院|大连工程学院01,经管商贸、土建测绘、文法教育,经管商贸组（含建筑）,中,跨界混合,840201,管理科学与工程类、工商管理类、物流管理与工程类、电子商务类、建筑类、外国语言文学类、新闻传播学类
物理|本科批|大连工程学院|大连工程学院02,带电工科、土建测绘、交通航空,带电工科组（夹土木/测绘）,高,冷热混放,840202,计算机类、电气类、电子信息类、自动化类、土木类、测绘类、航空航天类
历史|本科批|沈阳工学院|沈阳工学院01,经管商贸,工商管理组,低,同族,840401,工商管理类
物理|本科批|沈阳工学院|沈阳工学院02,经管商贸、文法教育,经管+文法组,低,相近混合,840402,工商管理类、金融学类、物流管理与工程类、管理科学与工程类、新闻传播学类
物理|本科批|沈阳工学院|沈阳工学院03,机械能源、带电工科、军警安全、农林动物,大理工组（夹动物医学）,中,大杂烩,840403,机械类、自动化类、电气类、计算机类、兵器类、动物医学类
物理|本科批|大连工业大学艺术与信息工程学院|大连工业大学艺术与信息工程学院01,机械能源、带电工科,带电+机械组,中,相近混合,840501,机械类、电气类、计算机类、自动化类、电子信息类、能源动力类
物理|本科批|大连科技学院|大连科技学院01,经管商贸,经管商贸组,低,同族,840601,电子商务类、管理科学与工程类、工商管理类、物流管理与工程类
物理|本科批|大连科技学院|大连科技学院02,机械能源、带电工科,带电+机械组,低,相近混合,840602,机械类、电气类、电子信息类、自动化类、计算机类
历史|本科批|沈阳城市建设学院|沈阳城市建设学院01,土建测绘、经管商贸、文法教育,经管商贸组（含建筑）,中,跨界混合,840701,建筑类、工商管理类、新闻传播学类
物理|本科批|沈阳城市建设学院|沈阳城市建设学院02,土建测绘、经管商贸,经管商贸组（夹建筑）,高,冷热混放,840702,建筑类、物流管理与工程类、管理科学与工程类、工商管理类、金融学类
物理|本科批|沈阳城市建设学院|沈阳城市建设学院03,土建测绘、带电工科、机械能源,带电工科组（夹土木）,高,冷热混放,840703,土木类、电子信息类、自动化类、计算机类、电气类、机械类
历史|本科批|大连医科大学中山学院|大连医科大学中山学院01,经管商贸,公管组,低,同族,840801,公共管理类
历史|本科批|大连医科大学中山学院|大连医科大学中山学院02,文法教育,文法教育组,低,同族,840802,体育学类、心理学类
物理|本科批|大连医科大学中山学院|大连医科大学中山学院03,经管商贸,公管组,低,同族,840803,公共管理类
物理|本科批|大连医科大学中山学院|大连医科大学中山学院04,试验班,交叉学科组,低,同族,840804,交叉学科类
物理|本科批|大连医科大学中山学院|大连医科大学中山学院05,带电工科,计算机电子组,低,同族,840805,计算机类、电子信息类
历史|本科批|大连财经学院|大连财经学院01,经管商贸、文法教育,文商组,中,大杂烩,841101,工商管理类、财政学类、金融学类、经济与贸易类、外国语言文学类、电子商务类、物流管理与工程类、中国语言文学类、新闻传播学类
物理|本科批|大连财经学院|大连财经学院02,经管商贸、文法教育,文商组,中,大杂烩,841102,工商管理类、经济学类、财政学类、金融学类、经济与贸易类、外国语言文学类、电子商务类、管理科学与工程类、物流管理与工程类、中国语言文学类、新闻传播学类
历史|本科批|沈阳城市学院|沈阳城市学院01,经管商贸,旅游管理组,中,同族,841201,旅游管理类
物理|本科批|沈阳城市学院|沈阳城市学院02,经管商贸、文法教育,经管+文法组,中,相近混合,841202,金融学类、中国语言文学类、新闻传播学类、心理学类、管理科学与工程类、公共管理类、旅游管理类
物理|本科批|沈阳城市学院|沈阳城市学院03,生环食品、带电工科、土建测绘,带电工科组（夹生物科学/土木）,高,冷热混放,841203,生物科学类、电子信息类、自动化类、计算机类、土木类
历史|本科批|大连东软信息学院|大连东软信息学院01,经管商贸,经管商贸组,低,同族,841601,工商管理类、电子商务类
物理|本科批|大连东软信息学院|大连东软信息学院02,经管商贸,经管商贸组,低,同族,841602,管理科学与工程类、工商管理类、电子商务类
物理|本科批|大连东软信息学院|大连东软信息学院03,带电工科,计算机电子组,低,同族,841603,计算机类、电子信息类
历史|本科批|辽宁师范大学海华学院|辽宁师范大学海华学院01,文法教育、经管商贸,文法教育组（夹工商管理）,中,相近混合,841701,中国语言文学类、新闻传播学类、历史学类、工商管理类
物理|本科批|辽宁师范大学海华学院|辽宁师范大学海华学院02,文法教育、经管商贸,经管+文法组,低,相近混合,841702,中国语言文学类、新闻传播学类、管理科学与工程类、工商管理类
物理|本科批|辽宁师范大学海华学院|辽宁师范大学海华学院03,理学基础、带电工科,理学+带电组,低,相近混合,841703,数学类、统计学类、计算机类
物理|本科批|辽宁理工职业大学|辽宁理工职业大学01,经管商贸,物流组,低,同族,841801,物流类
物理|本科批|辽宁理工职业大学|辽宁理工职业大学02,带电工科,计算机组,低,同族,841802,计算机类
物理|本科批|辽宁传媒学院|辽宁传媒学院01,带电工科,计算机组,低,同族,842401,计算机类
历史|本科批|吉林外国语大学|吉林外国语大学01,文法教育,文新外语组,低,同族,844001,外国语言文学类、中国语言文学类
历史|本科批|吉林外国语大学|吉林外国语大学02,经管商贸,金融组,低,同族,844002,金融学类
历史|本科批|吉林外国语大学|吉林外国语大学03,经管商贸,经管商贸组,中,同族,844003,工商管理类、旅游管理类、电子商务类、经济与贸易类、金融学类
历史|本科批|吉林外国语大学|吉林外国语大学04,文法教育,外语组,低,同族,844004,外国语言文学类
物理|本科批|吉林外国语大学|吉林外国语大学05,文法教育,文新外语组,低,同族,844005,外国语言文学类、中国语言文学类、新闻传播学类
物理|本科批|吉林外国语大学|吉林外国语大学06,经管商贸,金融组,低,同族,844006,金融学类
物理|本科批|吉林外国语大学|吉林外国语大学07,经管商贸,经管商贸组,中,同族,844007,工商管理类、旅游管理类、电子商务类、经济与贸易类、金融学类
物理|本科批|吉林外国语大学|吉林外国语大学08,文法教育,外语组,低,同族,844008,外国语言文学类
物理|本科批|吉林外国语大学|吉林外国语大学09,带电工科,计算机电子组,低,同族,844009,电子信息类、计算机类
历史|本科批|长春光华学院|长春光华学院01,经管商贸、文法教育,文法教育组（夹工商管理）,中,相近混合,844101,工商管理类、心理学类、中国语言文学类、外国语言文学类
物理|本科批|长春光华学院|长春光华学院02,艺术传媒,戏剧影视组,低,同族,844102,戏剧与影视学类
物理|本科批|长春光华学院|长春光华学院03,经管商贸、文法教育,文商组（含工商管理/电商/旅游管理）,高,大杂烩,844103,经济学类、金融学类、经济与贸易类、工商管理类、电子商务类、旅游管理类、心理学类、中国语言文学类、新闻传播学类、外国语言文学类
物理|本科批|长春光华学院|长春光华学院04,机械能源、带电工科,带电+机械组,低,相近混合,844104,机械类、自动化类、电气类、电子信息类、计算机类
历史|本科批|长春工业大学人文信息学院|长春工业大学人文信息学院01,经管商贸,经管商贸组,低,同族,844201,工商管理类、金融学类
物理|本科批|长春工业大学人文信息学院|长春工业大学人文信息学院02,经管商贸、文法教育,经管+文法组,中,相近混合,844202,管理科学与工程类、物流管理与工程类、工商管理类、电子商务类、经济与贸易类、金融学类、外国语言文学类
物理|本科批|长春工业大学人文信息学院|长春工业大学人文信息学院03,机械能源、带电工科、土建测绘,带电工科组（夹土木）,高,冷热混放,844203,机械类、电气类、计算机类、土木类
历史|本科批|长春电子科技学院|长春电子科技学院01,经管商贸、文法教育,经管+文法组,低,相近混合,844301,工商管理类、中国语言文学类
物理|本科批|长春电子科技学院|长春电子科技学院02,机械能源、经管商贸、生环食品、文法教育,工管/文混合组（夹纺织）,高,大杂烩,844302,机械设计制造类、经济与贸易类、工商管理类、物流管理与工程类、纺织类、中国语言文学类
物理|本科批|长春电子科技学院|长春电子科技学院03,机械能源、带电工科,带电+机械组,中,相近混合,844303,能源动力类、电子信息类、自动化类、电气类、计算机类、机械类
历史|本科批|长春财经学院|长春财经学院01,经管商贸,经管商贸组,低,同族,844401,金融学类、工商管理类
物理|本科批|长春财经学院|长春财经学院02,经管商贸、文法教育,文商组,中,大杂烩,844402,经济学类、财政学类、金融学类、经济与贸易类、外国语言文学类、新闻传播学类、工商管理类、物流管理与工程类、电子商务类
物理|本科批|长春财经学院|长春财经学院03,经管商贸,金融组,低,同族,844403,金融学类
物理|本科批|长春财经学院|长春财经学院04,带电工科,计算机电子组,低,同族,844404,电子信息类、计算机类
历史|本科批|吉林建筑科技学院|吉林建筑科技学院01,经管商贸,工商管理组,低,同族,844501,工商管理类
物理|本科批|吉林建筑科技学院|吉林建筑科技学院02,土建测绘、经管商贸,经管商贸组（含建筑）,中,跨界混合,844502,建筑类、管理科学与工程类、工商管理类
物理|本科批|吉林建筑科技学院|吉林建筑科技学院03,土建测绘、交通航空、机械能源、带电工科,大理工组（夹土木）,高,大杂烩,844503,土木类、交通运输类、能源动力类、电气类、电子信息类、机械类、计算机类
物理|本科批|长春建筑学院|长春建筑学院01,经管商贸、土建测绘,经管商贸组（含建筑）,中,跨界混合,844601,管理科学与工程类、建筑类
物理|本科批|长春建筑学院|长春建筑学院02,带电工科,带电工科组,低,同族,844602,电气类、计算机类
历史|本科批|长春科技学院|长春科技学院01,经管商贸、文法教育,经管+文法组,低,相近混合,844701,金融学类、新闻传播学类
物理|本科批|长春科技学院|长春科技学院02,机械能源、经管商贸、文法教育,工管/文混合组,中,大杂烩,844702,航空装备类、机械设计制造类、经济学类、电子商务类、工商管理类、金融学类、新闻传播学类、外国语言文学类
物理|本科批|长春科技学院|长春科技学院03,带电工科、机械能源、生环食品、农林动物、医药护理,大理工组（夹生物工程/动物生产）,中,大杂烩,844703,电子信息类、自动化类、机械类、计算机类、生物工程类、动物生产类、生物医学工程类
历史|本科批|吉林动画学院|吉林动画学院01,经管商贸、文法教育,经管+文法组,低,相近混合,844801,金融学类、工商管理类、新闻传播学类
物理|本科批|吉林动画学院|吉林动画学院02,经管商贸、文法教育,经管+文法组,低,相近混合,844802,工商管理类、金融学类、新闻传播学类
物理|本科批|吉林动画学院|吉林动画学院03,带电工科、机械能源、交通航空,带电+机械+交通组,中,相近混合,844803,计算机类、机械类、航空航天类
历史|本科批|吉林师范大学博达学院|吉林师范大学博达学院01,文法教育、经管商贸,经管+文法组,中,相近混合,844901,外国语言文学类、旅游管理类、工商管理类、社会学类
历史|本科批|吉林师范大学博达学院|吉林师范大学博达学院02,艺术传媒,戏剧影视组,低,同族,844902,戏剧与影视学类
物理|本科批|吉林师范大学博达学院|吉林师范大学博达学院03,艺术传媒,戏剧影视组,低,同族,844903,戏剧与影视学类
物理|本科批|吉林师范大学博达学院|吉林师范大学博达学院04,文法教育、经管商贸,经管+文法组,中,相近混合,844904,外国语言文学类、旅游管理类、工商管理类、社会学类
物理|本科批|吉林师范大学博达学院|吉林师范大学博达学院05,带电工科、生环食品,带电工科组（夹食品工程）,中,跨界混合,844905,计算机类、食品科学与工程类、电子信息类
物理|本科批|长春大学旅游学院|长春大学旅游学院01,经管商贸、土建测绘,经管商贸组（含建筑）,中,跨界混合,845001,旅游管理类、工商管理类、建筑类
物理|本科批|长春大学旅游学院|长春大学旅游学院02,交通航空、带电工科,带电+交通组,低,相近混合,845002,交通运输类、计算机类
历史|本科批|长春人文学院|长春人文学院01,文法教育、经管商贸,文法+经管组,低,相近混合,845101,外国语言文学类、金融学类、中国语言文学类
物理|本科批|长春人文学院|长春人文学院02,文法教育、经管商贸,文法教育组（夹工商管理）,中,相近混合,845102,外国语言文学类、工商管理类、金融学类、社会学类、心理学类
物理|本科批|长春人文学院|长春人文学院03,艺术传媒,戏剧影视组,低,同族,845103,戏剧与影视学类
物理|本科批|长春人文学院|长春人文学院04,带电工科,计算机电子组,低,同族,845104,计算机类、电子信息类
物理|本科批|黑龙江东方学院|黑龙江东方学院01,机械能源、带电工科,带电+机械组,低,相近混合,847001,机械类、自动化类
物理|本科批|黑龙江东方学院|黑龙江东方学院02,带电工科,带电工科组,低,同族,847002,电气类、计算机类、电子信息类、自动化类
历史|本科批|黑龙江财经学院|黑龙江财经学院01,经管商贸,经管商贸组,低,同族,847201,经济学类、金融学类、经济与贸易类、工商管理类
物理|本科批|黑龙江财经学院|黑龙江财经学院02,经管商贸,经管商贸组,低,同族,847202,经济学类、金融学类、经济与贸易类、工商管理类
物理|本科批|黑龙江财经学院|黑龙江财经学院03,带电工科,计算机电子组,低,同族,847203,电子信息类、计算机类
历史|本科批|哈尔滨石油学院|哈尔滨石油学院01,经管商贸,电商组,低,同族,847301,电子商务类
物理|本科批|哈尔滨石油学院|哈尔滨石油学院02,机械能源,机械组,低,同族,847302,机械类
历史|本科批|哈尔滨广厦学院|哈尔滨广厦学院01,文法教育,中文组,低,同族,847401,中国语言文学类
物理|本科批|哈尔滨广厦学院|哈尔滨广厦学院02,经管商贸,工商管理组,低,同族,847402,工商管理类
历史|本科批|哈尔滨华德学院|哈尔滨华德学院01,经管商贸,工商管理组,低,同族,847501,工商管理类
物理|本科批|哈尔滨华德学院|哈尔滨华德学院02,经管商贸,管理组,低,同族,847502,工商管理类、管理科学与工程类
物理|本科批|哈尔滨华德学院|哈尔滨华德学院03,化材药、机械能源、带电工科,带电工科组（夹材料）,中,跨界混合,847503,材料类、机械类、电气类、计算机类、电子信息类
物理|本科批|黑龙江工商学院|黑龙江工商学院01,经管商贸,工商管理组,低,同族,848301,工商管理类
物理|本科批|黑龙江工商学院|黑龙江工商学院02,机械能源、带电工科,带电+机械组,低,相近混合,848302,机械类、电气类、电子信息类
物理|本科批|哈尔滨信息工程学院|哈尔滨信息工程学院01,带电工科,计算机组,低,同族,848401,计算机类
物理|本科批|齐齐哈尔工程学院|齐齐哈尔工程学院01,带电工科,电子信息组,低,同族,848501,电子信息类
历史|本科批|黑龙江外国语学院|黑龙江外国语学院01,文法教育,外语组,低,同族,848601,外国语言文学类
物理|本科批|黑龙江外国语学院|黑龙江外国语学院02,带电工科,计算机组,低,同族,848602,计算机类
物理|本科批|哈尔滨远东理工学院|哈尔滨远东理工学院01,带电工科,电气组,低,同族,848701,电气类
物理|本科批|黑龙江工程学院昆仑旅游学院|黑龙江工程学院昆仑旅游学院01,文法教育、经管商贸,经管+文法组,低,相近混合,848901,新闻传播学类、工商管理类
历史|本科批|黄河科技学院|黄河科技学院01,经管商贸,经管商贸组,低,同族,850101,工商管理类、物流管理与工程类
物理|本科批|黄河科技学院|黄河科技学院02,经管商贸,经管商贸组,低,同族,850102,工商管理类、物流管理与工程类
物理|本科批|黄河科技学院|黄河科技学院03,带电工科,计算机组,低,同族,850103,计算机类
历史|本科批|郑州科技学院|郑州科技学院01,经管商贸,经管商贸组,低,同族,850201,经济学类、工商管理类
物理|本科批|郑州科技学院|郑州科技学院02,经管商贸,经管商贸组,低,同族,850202,金融学类、管理科学与工程类
物理|本科批|郑州科技学院|郑州科技学院03,机械能源、带电工科,带电+机械组,低,相近混合,850203,机械类、电子信息类、计算机类
历史|本科批|郑州财经学院|郑州财经学院01,经管商贸、文法教育,经管+文法组,低,相近混合,850401,工商管理类、电子商务类、新闻传播学类
物理|本科批|郑州财经学院|郑州财经学院02,经管商贸,经管商贸组,低,同族,850402,工商管理类、电子商务类
物理|本科批|郑州财经学院|郑州财经学院03,带电工科、机械能源,带电+机械组,低,相近混合,850403,计算机类、机械类
物理|本科批|商丘工学院|商丘工学院01,机械能源、带电工科,带电+机械组,低,相近混合,850501,机械类、电子信息类
历史|本科批|郑州工商学院|郑州工商学院01,经管商贸、文法教育,经管+文法组,低,相近混合,850801,工商管理类、外国语言文学类
物理|本科批|郑州工商学院|郑州工商学院02,经管商贸、文法教育,经管+文法组,低,相近混合,850802,工商管理类、外国语言文学类
物理|本科批|郑州工商学院|郑州工商学院03,机械能源、带电工科,带电+机械组,低,相近混合,850803,机械类、计算机类、电子信息类
历史|本科批|郑州经贸学院|郑州经贸学院01,经管商贸、文法教育,经管+文法组,低,相近混合,850901,工商管理类、金融学类、外国语言文学类
历史|本科批|郑州商学院|郑州商学院01,经管商贸,经管商贸组,低,同族,851001,工商管理类、电子商务类
物理|本科批|郑州商学院|郑州商学院02,经管商贸,经管商贸组,低,同族,851002,工商管理类、电子商务类
物理|本科批|郑州商学院|郑州商学院03,带电工科,计算机电子组,低,同族,851003,电子信息类、计算机类
历史|本科批|郑州西亚斯学院|郑州西亚斯学院01,经管商贸,财经组,低,同族,851801,经济与贸易类、金融学类
物理|本科批|郑州西亚斯学院|郑州西亚斯学院02,经管商贸,经管商贸组,低,同族,851802,工商管理类、经济与贸易类、金融学类
历史|本科批|武汉东湖学院|武汉东湖学院01,经管商贸、文法教育,文商组（含旅游管理/物流/工商管理/电商）,高,大杂烩,855001,旅游管理类、物流管理与工程类、经济与贸易类、财政学类、工商管理类、电子商务类、金融学类、新闻传播学类、外国语言文学类、中国语言文学类
物理|本科批|武汉东湖学院|武汉东湖学院03,经管商贸、文法教育,文商组（含工商管理/电商/旅游管理/物流）,高,大杂烩,855003,工商管理类、电子商务类、旅游管理类、管理科学与工程类、金融学类、新闻传播学类、物流管理与工程类、经济与贸易类、财政学类、外国语言文学类、中国语言文学类
物理|本科批|武汉东湖学院|武汉东湖学院04,带电工科、机械能源、生环食品,带电工科组（夹生物工程）,中,跨界混合,855004,电气类、机械类、自动化类、计算机类、生物工程类、电子信息类
历史|本科批|汉口学院|汉口学院01,文法教育,新闻传播组,低,同族,855101,新闻传播学类
物理|本科批|汉口学院|汉口学院02,文法教育,新闻传播组,低,同族,855102,新闻传播学类
历史|本科批|武昌首义学院|武昌首义学院01,文法教育、经管商贸,文法教育组（夹工商管理）,中,相近混合,855201,外国语言文学类、金融学类、工商管理类、新闻传播学类、中国语言文学类
物理|本科批|武昌首义学院|武昌首义学院03,经管商贸、文法教育,经管+文法组,低,相近混合,855203,管理科学与工程类、金融学类、工商管理类、中国语言文学类
物理|本科批|武昌首义学院|武昌首义学院04,带电工科、机械能源、生环食品、土建测绘,大理工组（夹生物工程/土木）,高,大杂烩,855204,计算机类、电子信息类、机械类、电气类、自动化类、生物工程类、土木类
历史|本科批|武昌理工学院|武昌理工学院01,经管商贸、文法教育,经管+文法组,低,相近混合,855301,金融学类、新闻传播学类、工商管理类、电子商务类
物理|本科批|武昌理工学院|武昌理工学院02,经管商贸,经管商贸组,低,同族,855302,经济学类、管理科学与工程类
物理|本科批|武昌理工学院|武昌理工学院03,机械能源、带电工科、交通航空、生环食品,大理工组（夹生物工程）,中,大杂烩,855303,机械类、电气类、电子信息类、自动化类、计算机类、航空航天类、生物工程类
物理|本科批|武昌理工学院|武昌理工学院04,带电工科,计算机组,低,同族,855304,计算机类
历史|本科批|武汉生物工程学院|武汉生物工程学院01,经管商贸、文法教育,文法教育组（夹工商管理）,中,相近混合,855401,工商管理类、中国语言文学类、新闻传播学类、外国语言文学类
物理|本科批|武汉生物工程学院|武汉生物工程学院03,生环食品、化材药、机械能源、带电工科,大理工组（夹化工制药/化学）,高,大杂烩,855403,生物科学类、生物工程类、化工与制药类、化学类、环境科学与工程类、食品科学与工程类、机械类、计算机类
历史|本科批|武汉晴川学院|武汉晴川学院01,文法教育、经管商贸、艺术传媒,经管+文法+艺术组,中,跨界混合,855501,外国语言文学类、经济与贸易类、电子商务类、工商管理类、物流管理与工程类、新闻传播学类、戏剧与影视学类
物理|本科批|武汉晴川学院|武汉晴川学院02,文法教育、经管商贸,文商组,中,大杂烩,855502,外国语言文学类、经济与贸易类、电子商务类、工商管理类、物流管理与工程类、金融学类、管理科学与工程类、新闻传播学类
物理|本科批|武汉晴川学院|武汉晴川学院03,机械能源、带电工科,带电+机械组,低,相近混合,855503,机械类、电子信息类、计算机类
历史|本科批|湖北大学知行学院|湖北大学知行学院01,经管商贸、文法教育、艺术传媒,经管+文法+艺术组,中,跨界混合,855601,金融学类、经济与贸易类、工商管理类、外国语言文学类、中国语言文学类、戏剧与影视学类
物理|本科批|湖北大学知行学院|湖北大学知行学院02,机械能源、带电工科,带电+机械组,低,相近混合,855602,机械类、自动化类
物理|本科批|湖北大学知行学院|湖北大学知行学院03,生环食品、化材药、带电工科,生环食品组（夹化工制药/化学）,中,跨界混合,855603,生物工程类、生物科学类、化工与制药类、化学类、计算机类、电子信息类、食品科学与工程类
历史|本科批|武汉城市学院|武汉城市学院01,经管商贸、土建测绘、文法教育,经管商贸组（含建筑）,中,跨界混合,855701,工商管理类、物流管理与工程类、经济与贸易类、建筑类、电子商务类、外国语言文学类
物理|本科批|武汉城市学院|武汉城市学院02,经管商贸、土建测绘、文法教育,经管商贸组（含建筑）,中,跨界混合,855702,工商管理类、物流管理与工程类、经济学类、建筑类、电子商务类、管理科学与工程类、外国语言文学类
物理|本科批|武汉城市学院|武汉城市学院03,土建测绘、机械能源、带电工科,带电工科组（夹土木）,高,冷热混放,855703,土木类、能源动力类、计算机类、机械类、电气类
历史|本科批|三峡大学科技学院|三峡大学科技学院01,土建测绘、文法教育,文法教育组（含建筑）,中,跨界混合,855801,建筑类、外国语言文学类、新闻传播学类
物理|本科批|三峡大学科技学院|三峡大学科技学院02,经管商贸,管工组,低,同族,855802,管理科学与工程类
物理|本科批|三峡大学科技学院|三峡大学科技学院03,土建测绘、机械能源、带电工科、化材药、生环食品,大理工组（夹水利/化工制药/生物工程/材料等）,高,大杂烩,855803,水利类、机械类、电气类、计算机类、化工与制药类、生物工程类、材料类、生物科学类、能源动力类、电子信息类、仪器类
历史|本科批|湖北工业大学工程技术学院|湖北工业大学工程技术学院01,经管商贸、文法教育,经管+文法组,低,相近混合,855901,金融学类、经济与贸易类、工商管理类、外国语言文学类
物理|本科批|湖北工业大学工程技术学院|湖北工业大学工程技术学院02,机械能源、带电工科、化材药、生环食品、土建测绘,大理工组（夹材料/生物工程/土木）,高,大杂烩,855902,机械类、电子信息类、计算机类、材料类、生物工程类、土木类
历史|本科批|武汉工程大学邮电与信息工程学院|武汉工程大学邮电与信息工程学院01,经管商贸、文法教育,经管+文法组,低,相近混合,856001,工商管理类、外国语言文学类
物理|本科批|武汉工程大学邮电与信息工程学院|武汉工程大学邮电与信息工程学院02,经管商贸、文法教育,经管+文法组,低,相近混合,856002,管理科学与工程类、外国语言文学类
物理|本科批|武汉工程大学邮电与信息工程学院|武汉工程大学邮电与信息工程学院03,带电工科、化材药、土建测绘,带电工科组（夹材料/化工制药/土木）,高,冷热混放,856003,电气类、电子信息类、材料类、化工与制药类、土木类
历史|本科批|武汉纺织大学外经贸学院|武汉纺织大学外经贸学院01,经管商贸、文法教育,经管+文法组,低,相近混合,856101,经济与贸易类、外国语言文学类、工商管理类、电子商务类、新闻传播学类
物理|本科批|武汉纺织大学外经贸学院|武汉纺织大学外经贸学院03,经管商贸、文法教育,经管+文法组,低,相近混合,856103,经济与贸易类、工商管理类、新闻传播学类
物理|本科批|武汉纺织大学外经贸学院|武汉纺织大学外经贸学院04,经管商贸、机械能源,经管+机械混合组,低,跨界混合,856104,管理科学与工程类、工业工程类、金融学类
物理|本科批|武汉纺织大学外经贸学院|武汉纺织大学外经贸学院05,机械能源、带电工科,带电+机械组,低,相近混合,856105,机械类、电气类、电子信息类、计算机类、自动化类
历史|本科批|武昌工学院|武昌工学院01,文法教育、经管商贸,经管+文法组,低,相近混合,856201,中国语言文学类、新闻传播学类、工商管理类、电子商务类
物理|本科批|武昌工学院|武昌工学院02,经管商贸,管工组,低,同族,856202,管理科学与工程类
物理|本科批|武昌工学院|武昌工学院03,机械能源、带电工科,带电+机械组,低,相近混合,856203,机械类、电气类、电子信息类、计算机类
历史|本科批|武汉工商学院|武汉工商学院01,经管商贸,物流组,低,同族,856301,物流管理与工程类
历史|本科批|武汉工商学院|武汉工商学院02,经管商贸、文法教育,经管+文法组,低,相近混合,856302,工商管理类、金融学类、新闻传播学类、物流管理与工程类
物理|本科批|武汉工商学院|武汉工商学院03,经管商贸,经管商贸组,低,同族,856303,工商管理类、金融学类、电子商务类、物流管理与工程类
物理|本科批|武汉工商学院|武汉工商学院04,经管商贸,经管商贸组,低,同族,856304,物流管理与工程类、经济学类、管理科学与工程类
物理|本科批|武汉工商学院|武汉工商学院05,机械能源,能源动力组,低,同族,856305,能源动力类
物理|本科批|武汉工商学院|武汉工商学院06,带电工科、机械能源,带电+机械组,低,相近混合,856306,计算机类、电子信息类、机械类、自动化类
历史|本科批|长江大学文理学院|长江大学文理学院01,文法教育、经管商贸,文法教育组（夹工商管理）,中,相近混合,856501,中国语言文学类、新闻传播学类、工商管理类
物理|本科批|长江大学文理学院|长江大学文理学院02,土建测绘,建筑组,中,同族,856502,建筑类
物理|本科批|长江大学文理学院|长江大学文理学院03,机械能源、带电工科、土建测绘,带电工科组（夹土木/水利）,高,冷热混放,856503,机械类、电子信息类、计算机类、土木类、水利类
物理|本科批|湖北医药学院药护学院|湖北医药学院药护学院01,经管商贸,经管商贸组,低,同族,856801,公共管理类、图书情报与档案管理类
历史|本科批|湖北经济学院法商学院|湖北经济学院法商学院01,经管商贸,经管商贸组,低,同族,857001,财政学类、金融学类、工商管理类、电子商务类
物理|本科批|湖北经济学院法商学院|湖北经济学院法商学院02,经管商贸,经管商贸组,低,同族,857002,财政学类、金融学类、工商管理类、电子商务类
物理|本科批|湖北经济学院法商学院|湖北经济学院法商学院03,带电工科,计算机组,低,同族,857003,计算机类
历史|本科批|武汉体育学院体育科技学院|武汉体育学院体育科技学院01,艺术传媒、文法教育,文法+艺术组,低,相近混合,857101,戏剧与影视学类、外国语言文学类
物理|本科批|武汉体育学院体育科技学院|武汉体育学院体育科技学院02,文法教育、经管商贸,经管+文法组,低,相近混合,857102,新闻传播学类、经济学类、工商管理类
历史|本科批|湖北文理学院理工学院|湖北文理学院理工学院01,经管商贸、文法教育,经管+文法组,低,相近混合,857201,电子商务类、公共管理类、金融学类、新闻传播学类
物理|本科批|湖北文理学院理工学院|湖北文理学院理工学院02,经管商贸、文法教育,经管+文法组,低,相近混合,857202,电子商务类、公共管理类、金融学类、新闻传播学类
物理|本科批|湖北文理学院理工学院|湖北文理学院理工学院03,机械能源、带电工科,带电+机械组,低,相近混合,857203,机械类、自动化类、电子信息类、计算机类、电气类
历史|本科批|文华学院|文华学院01,土建测绘、经管商贸、文法教育,工管/文混合组（夹建筑）,高,大杂烩,857301,建筑类、工商管理类、电子商务类、金融学类、公共管理类、中国语言文学类、新闻传播学类、外国语言文学类
物理|本科批|文华学院|文华学院02,土建测绘、经管商贸、文法教育,工管/文混合组（夹测绘地信/建筑）,高,大杂烩,857302,测绘地理信息类、管理科学与工程类、建筑类、工商管理类、公共管理类、中国语言文学类、新闻传播学类、外国语言文学类
物理|本科批|文华学院|文华学院03,机械能源、带电工科、生环食品、土建测绘、交通航空,大理工组（夹环境/土木）,高,大杂烩,857303,机械类、电气类、能源动力类、计算机类、电子信息类、环境科学与工程类、土木类、航空航天类、自动化类
历史|本科批|武汉工程科技学院|武汉工程科技学院01,文法教育,中文组,低,同族,857401,中国语言文学类
物理|本科批|武汉工程科技学院|武汉工程科技学院03,经管商贸,管工组,低,同族,857403,管理科学与工程类
物理|本科批|武汉工程科技学院|武汉工程科技学院04,机械能源、带电工科,带电+机械组,低,相近混合,857404,机械类、自动化类、电子信息类、计算机类
历史|本科批|武汉华夏理工学院|武汉华夏理工学院01,土建测绘、文法教育、经管商贸,经管商贸组（夹建筑）,高,冷热混放,857501,建筑类、外国语言文学类、电子商务类、金融学类、工商管理类、新闻传播学类
物理|本科批|武汉华夏理工学院|武汉华夏理工学院02,经管商贸,经管商贸组,低,同族,857502,管理科学与工程类、经济与贸易类、金融学类、工商管理类
物理|本科批|武汉华夏理工学院|武汉华夏理工学院03,机械能源、带电工科、生环食品、化材药、土建测绘,大理工组（夹生物工程/化工制药/土木）,高,大杂烩,857503,机械类、计算机类、电子信息类、生物工程类、化工与制药类、土木类
历史|本科批|武汉传媒学院|武汉传媒学院01,文法教育、艺术传媒,文法+艺术组,低,相近混合,857601,新闻传播学类、戏剧与影视学类、中国语言文学类、外国语言文学类
物理|本科批|武汉传媒学院|武汉传媒学院02,艺术传媒、经管商贸,经管+艺术混合组,低,跨界混合,857602,戏剧与影视学类、管理科学与工程类
物理|本科批|武汉传媒学院|武汉传媒学院03,带电工科,电子信息组,低,同族,857603,电子信息类
历史|本科批|武汉设计工程学院|武汉设计工程学院01,土建测绘、经管商贸,经管商贸组（含建筑）,中,跨界混合,857701,建筑类、旅游管理类
物理|本科批|武汉设计工程学院|武汉设计工程学院02,带电工科,计算机组,低,同族,857702,计算机类
历史|本科批|长沙医学院|长沙医学院01,文法教育,文法教育组,低,同族,860101,外国语言文学类、中国语言文学类、体育学类
物理|本科批|长沙医学院|长沙医学院02,文法教育,文法教育组,低,同族,860102,外国语言文学类、中国语言文学类、体育学类
物理|本科批|长沙医学院|长沙医学院03,带电工科,计算机电子组,低,同族,860103,计算机类、电子信息类
历史|本科批|湖南涉外经济学院|湖南涉外经济学院01,文法教育、经管商贸,经管+文法组,中,相近混合,860201,中国语言文学类、新闻传播学类、金融学类、经济与贸易类、工商管理类、外国语言文学类
历史|本科批|湖南涉外经济学院|湖南涉外经济学院02,经管商贸,经管商贸组,中,同族,860202,工商管理类、旅游管理类、电子商务类
物理|本科批|湖南涉外经济学院|湖南涉外经济学院03,经管商贸,经管商贸组,中,同族,860203,工商管理类、旅游管理类、管理科学与工程类、电子商务类
物理|本科批|湖南涉外经济学院|湖南涉外经济学院04,文法教育、经管商贸,经管+文法组,中,相近混合,860204,中国语言文学类、新闻传播学类、金融学类、经济与贸易类、工商管理类、外国语言文学类
物理|本科批|湖南涉外经济学院|湖南涉外经济学院05,带电工科、机械能源,带电+机械组,低,相近混合,860205,计算机类、电子信息类、机械类
历史|本科批|湘潭理工学院|湘潭理工学院01,经管商贸,经管商贸组,中,同族,860701,经济与贸易类、旅游管理类
物理|本科批|湘潭理工学院|湘潭理工学院02,经管商贸,经管商贸组,低,同族,860702,经济与贸易类、工商管理类、物流管理与工程类、电子商务类
物理|本科批|湘潭理工学院|湘潭理工学院03,机械能源、带电工科,带电+机械组,低,相近混合,860703,机械类、计算机类
历史|本科批|常德学院|常德学院01,经管商贸,工商管理组,低,同族,860901,工商管理类
物理|本科批|常德学院|常德学院02,机械能源、带电工科,带电+机械组,低,相近混合,860902,机械类、计算机类
历史|本科批|岳阳学院|岳阳学院01,经管商贸、文法教育,经管+文法组,低,相近混合,861001,经济与贸易类、工商管理类、物流管理与工程类、中国语言文学类
历史|本科批|岳阳学院|岳阳学院02,文法教育,马理论组,低,同族,861002,马克思主义理论类
物理|本科批|岳阳学院|岳阳学院03,经管商贸、文法教育,经管+文法组,中,相近混合,861003,经济与贸易类、工商管理类、旅游管理类、物流管理与工程类、中国语言文学类、新闻传播学类
物理|本科批|岳阳学院|岳阳学院04,经管商贸,管工组,低,同族,861004,管理科学与工程类
物理|本科批|岳阳学院|岳阳学院05,化材药、机械能源、带电工科、生环食品,大理工组（夹化学/材料/食品工程/生物工程）,中,大杂烩,861005,化学类、材料类、机械类、计算机类、电子信息类、食品科学与工程类、生物工程类
历史|本科批|张家界学院|张家界学院01,经管商贸,工商管理组,低,同族,861301,工商管理类
物理|本科批|张家界学院|张家界学院02,机械能源,航空装备组,低,同族,861302,航空装备类
物理|本科批|张家界学院|张家界学院03,带电工科,计算机电子组,低,同族,861303,电子信息类、计算机类
历史|本科批|中南林业科技大学涉外学院|中南林业科技大学涉外学院01,经管商贸,经管商贸组,中,同族,862001,工商管理类、旅游管理类
物理|本科批|中南林业科技大学涉外学院|中南林业科技大学涉外学院02,经管商贸,经管商贸组,低,同族,862002,工商管理类、经济学类、金融学类
物理|本科批|中南林业科技大学涉外学院|中南林业科技大学涉外学院03,机械能源、理学基础、带电工科,带电+机械+理学组,中,相近混合,862003,机械类、统计学类、计算机类、电子信息类
历史|本科批|广东白云学院|广东白云学院01,土建测绘、经管商贸、文法教育,经管商贸组（夹建筑）,高,冷热混放,864001,建筑类、工商管理类、经济与贸易类、金融学类、外国语言文学类、中国语言文学类、新闻传播学类
物理|本科批|广东白云学院|广东白云学院02,经管商贸、文法教育,经管+文法组,低,相近混合,864002,工商管理类、经济学类、中国语言文学类、新闻传播学类
物理|本科批|广东白云学院|广东白云学院03,带电工科,带电工科组,低,同族,864003,计算机类、电气类
物理|本科批|电子科技大学中山学院|电子科技大学中山学院01,经管商贸、文法教育,经管+文法组,低,相近混合,864101,金融学类、经济与贸易类、公共管理类、外国语言文学类
物理|本科批|电子科技大学中山学院|电子科技大学中山学院02,带电工科,电子信息组,低,同族,864102,电子信息类
物理|本科批|电子科技大学中山学院|电子科技大学中山学院03,化材药、生环食品,化材药组（含食品工程）,低,相近混合,864103,化学类、食品科学与工程类
物理|本科批|电子科技大学中山学院|电子科技大学中山学院04,带电工科,计算机组,低,同族,864104,计算机类
物理|本科批|电子科技大学中山学院|电子科技大学中山学院05,带电工科、机械能源,带电+机械组,低,相近混合,864105,电气类、机械类
物理|本科批|广东东软学院|广东东软学院01,经管商贸,经管商贸组,低,同族,864201,工商管理类、电子商务类、管理科学与工程类
物理|本科批|广东东软学院|广东东软学院02,带电工科,计算机电子组,低,同族,864202,计算机类、电子信息类
历史|本科批|广州城市理工学院|广州城市理工学院01,经管商贸、文法教育,经管+文法组,低,相近混合,864301,工商管理类、经济学类、外国语言文学类
物理|本科批|广州城市理工学院|广州城市理工学院02,土建测绘、经管商贸,经管商贸组（夹建筑）,高,冷热混放,864302,建筑类、管理科学与工程类、经济学类、工商管理类、金融学类
物理|本科批|广州城市理工学院|广州城市理工学院03,机械能源、带电工科、土建测绘,带电工科组（夹土木）,高,冷热混放,864303,机械类、电子信息类、电气类、计算机类、土木类
物理|本科批|广州软件学院|广州软件学院01,带电工科,电子信息组,低,同族,864401,电子信息类
物理|本科批|广州软件学院|广州软件学院02,带电工科,计算机组,低,同族,864402,计算机类
物理|本科批|广州软件学院|广州软件学院03,带电工科,计算机组,低,同族,864403,计算机类
物理|本科批|广州软件学院|广州软件学院04,带电工科,计算机组,低,同族,864404,计算机类
物理|本科批|广州软件学院|广州软件学院05,带电工科,自动化组,低,同族,864405,自动化类
物理|本科批|广州软件学院|广州软件学院06,带电工科,计算机组,低,同族,864406,计算机类
历史|本科批|广州南方学院|广州南方学院01,经管商贸,管理组,低,同族,864501,工商管理类、公共管理类
物理|本科批|广州南方学院|广州南方学院02,带电工科,计算机组,低,同族,864502,计算机类
物理|本科批|广州南方学院|广州南方学院03,带电工科,计算机组,低,同族,864503,计算机类
历史|本科批|广东外语外贸大学南国商学院|广东外语外贸大学南国商学院01,文法教育、经管商贸,文法+经管组,低,相近混合,864601,外国语言文学类、经济与贸易类、中国语言文学类
物理|本科批|广东外语外贸大学南国商学院|广东外语外贸大学南国商学院02,经管商贸,经管商贸组,低,同族,864602,经济与贸易类、工商管理类
物理|本科批|广东外语外贸大学南国商学院|广东外语外贸大学南国商学院03,带电工科,计算机组,低,同族,864603,计算机类
物理|本科批|广州应用科技学院|广州应用科技学院01,经管商贸,电商组,低,同族,864801,电子商务类
物理|本科批|广州应用科技学院|广州应用科技学院02,带电工科,计算机电子组,低,同族,864802,计算机类、电子信息类
物理|本科批|广州应用科技学院|广州应用科技学院03,机械能源,机械组,低,同族,864803,机械类
历史|本科批|珠海科技学院|珠海科技学院01,文法教育、经管商贸,经管+文法组,中,相近混合,865001,中国语言文学类、工商管理类、金融学类、旅游管理类、外国语言文学类
物理|本科批|珠海科技学院|珠海科技学院02,经管商贸、土建测绘,经管商贸组（夹建筑）,高,冷热混放,865002,工商管理类、金融学类、建筑类
物理|本科批|珠海科技学院|珠海科技学院03,经管商贸、带电工科、化材药、生环食品、理学基础,大理工组（夹物流/材料/食品工程）,中,大杂烩,865003,金融学类、物流管理与工程类、电子信息类、计算机类、材料类、食品科学与工程类、数学类
历史|本科批|广州工商学院|广州工商学院01,文法教育、经管商贸,文法教育组（夹电商）,中,相近混合,865101,外国语言文学类、电子商务类、中国语言文学类
物理|本科批|广州工商学院|广州工商学院02,经管商贸,经管商贸组,低,同族,865102,管理科学与工程类、经济学类
物理|本科批|广州工商学院|广州工商学院03,文法教育、经管商贸,经管+文法组,低,相近混合,865103,外国语言文学类、电子商务类
物理|本科批|广州工商学院|广州工商学院04,带电工科,电子信息组,低,同族,865104,电子信息类
历史|本科批|东莞城市学院|东莞城市学院01,文法教育、经管商贸,经管+文法组,低,相近混合,865201,中国语言文学类、工商管理类
物理|本科批|东莞城市学院|东莞城市学院02,带电工科、生环食品,带电工科组（夹环境）,高,冷热混放,865202,计算机类、环境科学与工程类
历史|本科批|华南农业大学珠江学院|华南农业大学珠江学院01,文法教育、经管商贸,经管+文法组,低,相近混合,865901,中国语言文学类、工商管理类
物理|本科批|华南农业大学珠江学院|华南农业大学珠江学院02,经管商贸,工商管理组,低,同族,865902,工商管理类
物理|本科批|华南农业大学珠江学院|华南农业大学珠江学院03,带电工科,计算机电子组,低,同族,865903,计算机类、电子信息类
历史|本科批|湛江科技学院|湛江科技学院01,文法教育,中文组,低,同族,866001,中国语言文学类
物理|本科批|湛江科技学院|湛江科技学院02,带电工科,带电工科组,低,同族,866002,计算机类、电气类
历史|本科批|广州华立学院|广州华立学院01,经管商贸,经贸组,低,同族,866101,经济与贸易类
物理|本科批|广州华立学院|广州华立学院02,经管商贸、土建测绘,经管商贸组（含建筑）,中,跨界混合,866102,管理科学与工程类、建筑类
历史|本科批|广东工商职业技术大学|广东工商职业技术大学01,经管商贸,财会组,低,同族,866401,财务会计类
物理|本科批|广东工商职业技术大学|广东工商职业技术大学02,机械能源、带电工科,带电+机械组,低,相近混合,866402,机械设计制造类、电子信息类、计算机类
历史|本科批|广州新华学院|广州新华学院01,经管商贸、文法教育,经管+文法组,低,相近混合,866501,工商管理类、中国语言文学类
物理|本科批|广州新华学院|广州新华学院02,经管商贸、文法教育,经管+文法组,低,相近混合,866502,工商管理类、新闻传播学类
物理|本科批|广州新华学院|广州新华学院03,带电工科,电子信息组,低,同族,866503,电子信息类
历史|本科批|广东理工学院|广东理工学院01,经管商贸、文法教育,经管+文法组,低,相近混合,866801,经济与贸易类、电子商务类、工商管理类、外国语言文学类
物理|本科批|广东理工学院|广东理工学院02,带电工科、机械能源,带电+机械组,低,相近混合,866802,自动化类、电气类、计算机类、电子信息类、机械类
历史|本科批|南宁学院|南宁学院01,经管商贸,工商管理组,低,同族,871001,工商管理类
历史|本科批|南宁学院|南宁学院02,经管商贸,工商管理组,低,同族,871002,工商管理类
物理|本科批|南宁学院|南宁学院03,经管商贸、机械能源,经管+机械混合组,低,跨界混合,871003,物流管理与工程类、管理科学与工程类、工业工程类、金融学类
物理|本科批|南宁学院|南宁学院04,带电工科,计算机电子组,低,同族,871004,电子信息类、计算机类
物理|本科批|南宁学院|南宁学院05,机械能源、带电工科、交通航空,带电+机械+交通组,中,相近混合,871005,机械类、自动化类、电子信息类、交通运输类
历史|本科批|北海艺术设计学院|北海艺术设计学院01,文法教育,中文组,低,同族,871101,中国语言文学类
物理|本科批|北海艺术设计学院|北海艺术设计学院02,文法教育,中文组,低,同族,871102,中国语言文学类
历史|本科批|柳州工学院|柳州工学院01,经管商贸、土建测绘,经管商贸组（含建筑）,中,跨界混合,871301,工商管理类、建筑类、物流管理与工程类
物理|本科批|柳州工学院|柳州工学院02,带电工科、生环食品、机械能源、土建测绘,大理工组（夹食品工程/土木）,高,大杂烩,871302,电气类、计算机类、食品科学与工程类、机械类、土木类
历史|本科批|桂林学院|桂林学院01,文法教育、经管商贸,经管+文法组,低,相近混合,871401,新闻传播学类、工商管理类
物理|本科批|桂林学院|桂林学院02,文法教育、艺术传媒、经管商贸,经管+文法+艺术组,中,跨界混合,871402,新闻传播学类、戏剧与影视学类、工商管理类、物流管理与工程类、管理科学与工程类
物理|本科批|桂林学院|桂林学院03,带电工科,计算机电子组,低,同族,871403,计算机类、电子信息类
物理|本科批|广西中医药大学赛恩斯新医药学院|广西中医药大学赛恩斯新医药学院01,生环食品,食品工程组,低,同族,871501,食品科学与工程类
物理|本科批|桂林信息科技学院|桂林信息科技学院01,经管商贸、机械能源,经管+机械混合组,中,跨界混合,871601,金融学类、工商管理类、工业工程类、电子商务类、管理科学与工程类、经济与贸易类
物理|本科批|桂林信息科技学院|桂林信息科技学院02,带电工科、机械能源,带电+机械组,中,相近混合,871602,计算机类、电子信息类、自动化类、机械类、能源动力类、电气类
历史|本科批|南宁理工学院|南宁理工学院01,文法教育、经管商贸,经管+文法组,中,相近混合,871701,新闻传播学类、工商管理类、经济与贸易类、电子商务类、中国语言文学类、心理学类
物理|本科批|南宁理工学院|南宁理工学院02,文法教育、经管商贸,经管+文法组,低,相近混合,871702,新闻传播学类、工商管理类、经济学类、心理学类
物理|本科批|南宁理工学院|南宁理工学院03,带电工科、土建测绘,带电工科组（夹土木）,高,冷热混放,871703,电子信息类、计算机类、自动化类、土木类、电气类
历史|本科批|广西外国语学院|广西外国语学院01,文法教育、经管商贸,经管+文法组,中,相近混合,871801,外国语言文学类、中国语言文学类、新闻传播学类、经济与贸易类、旅游管理类、公共管理类
物理|本科批|广西外国语学院|广西外国语学院02,文法教育、经管商贸,文商组,中,大杂烩,871802,外国语言文学类、中国语言文学类、经济与贸易类、金融学类、电子商务类、工商管理类、公共管理类、财政学类
物理|本科批|广西外国语学院|广西外国语学院03,经管商贸,经管商贸组,低,同族,871803,金融学类、物流管理与工程类
物理|本科批|广西外国语学院|广西外国语学院04,带电工科、化材药,带电工科组（夹材料）,中,跨界混合,871804,计算机类、电子信息类、材料类
历史|本科批|海口经济学院|海口经济学院01,经管商贸、文法教育,经管+文法组,中,相近混合,874001,旅游管理类、工商管理类、新闻传播学类、电子商务类、外国语言文学类、经济学类、公共管理类
物理|本科批|海口经济学院|海口经济学院03,土建测绘、经管商贸,经管商贸组（夹建筑）,高,冷热混放,874003,建筑类、经济学类、金融学类
物理|本科批|海口经济学院|海口经济学院04,带电工科、土建测绘,带电工科组（夹测绘）,高,冷热混放,874004,计算机类、测绘类、电气类、自动化类、电子信息类
历史|本科批|三亚学院|三亚学院01,经管商贸,经管商贸组,低,同族,874101,工商管理类、经济与贸易类、电子商务类
历史|本科批|三亚学院|三亚学院02,文法教育、经管商贸,文法教育组（夹旅游管理）,高,冷热混放,874102,外国语言文学类、新闻传播学类、心理学类、旅游管理类、中国语言文学类
历史|本科批|三亚学院|三亚学院03,经管商贸,经贸组,低,同族,874103,经济与贸易类
物理|本科批|三亚学院|三亚学院04,经管商贸,财经组,低,同族,874104,经济学类、金融学类
物理|本科批|三亚学院|三亚学院05,经管商贸、文法教育,文商组（含物流/电商/旅游管理/工商管理）,高,大杂烩,874105,经济与贸易类、物流管理与工程类、电子商务类、旅游管理类、外国语言文学类、新闻传播学类、工商管理类、金融学类
物理|本科批|三亚学院|三亚学院06,经管商贸,经贸组,低,同族,874106,经济与贸易类
物理|本科批|三亚学院|三亚学院07,机械能源、带电工科,带电+机械组,低,相近混合,874107,机械类、电子信息类、计算机类
物理|本科批|三亚学院|三亚学院08,带电工科,电子信息组,低,同族,874108,电子信息类
历史|本科批|海南科技职业大学|海南科技职业大学01,经管商贸,财会组,低,同族,875701,财务会计类
物理|提前本科批|海南科技职业大学|海南科技职业大学03,交通航空,水运组,低,同族,875703,水上运输类
物理|本科批|海南科技职业大学|海南科技职业大学04,机械能源、化材药,化材药+机械混合组,低,跨界混合,875704,机械设计制造类、化工技术类、药品与医疗器械类
历史|本科批|成都东软学院|成都东软学院01,经管商贸、文法教育,经管+文法组,低,相近混合,876001,电子商务类、工商管理类、外国语言文学类
物理|本科批|成都东软学院|成都东软学院02,带电工科,计算机组,低,同族,876002,计算机类
物理|本科批|成都东软学院|成都东软学院03,带电工科,计算机电子组,低,同族,876003,计算机类、电子信息类
历史|本科批|电子科技大学成都学院|电子科技大学成都学院01,经管商贸、文法教育,经管+文法组,低,相近混合,876101,金融学类、经济与贸易类、外国语言文学类、工商管理类
物理|本科批|电子科技大学成都学院|电子科技大学成都学院02,经管商贸,工商管理组,低,同族,876102,工商管理类
物理|本科批|电子科技大学成都学院|电子科技大学成都学院03,带电工科、交通航空,带电+交通组,低,相近混合,876103,电子信息类、自动化类、计算机类、航空航天类
历史|本科批|成都理工大学工程技术学院|成都理工大学工程技术学院01,经管商贸、文法教育,文法教育组（含工商管理）,低,相近混合,876201,工商管理类、新闻传播学类、外国语言文学类
物理|本科批|成都理工大学工程技术学院|成都理工大学工程技术学院02,机械能源、带电工科,带电+机械组,低,相近混合,876202,核工程类、自动化类、机械类、计算机类、电子信息类
历史|本科批|四川传媒学院|四川传媒学院01,文法教育,新闻传播组,低,同族,876301,新闻传播学类
历史|本科批|四川传媒学院|四川传媒学院02,艺术传媒,戏剧影视组,低,同族,876302,戏剧与影视学类
历史|本科批|四川传媒学院|四川传媒学院03,文法教育,新闻传播组,低,同族,876303,新闻传播学类
历史|本科批|四川传媒学院|四川传媒学院04,艺术传媒,艺术传媒组,低,同族,876304,戏剧与影视学类、艺术学理论类
历史|本科批|四川传媒学院|四川传媒学院05,文法教育,新闻传播组,低,同族,876305,新闻传播学类
历史|本科批|四川传媒学院|四川传媒学院06,艺术传媒,戏剧影视组,低,同族,876306,戏剧与影视学类
物理|本科批|四川传媒学院|四川传媒学院07,文法教育,新闻传播组,低,同族,876307,新闻传播学类
物理|本科批|四川传媒学院|四川传媒学院08,艺术传媒,戏剧影视组,低,同族,876308,戏剧与影视学类
物理|本科批|四川传媒学院|四川传媒学院09,艺术传媒,戏剧影视组,低,同族,876309,戏剧与影视学类
物理|本科批|四川传媒学院|四川传媒学院10,文法教育,新闻传播组,低,同族,876310,新闻传播学类
物理|本科批|四川传媒学院|四川传媒学院11,艺术传媒,艺术传媒组,低,同族,876311,艺术学理论类、戏剧与影视学类
物理|本科批|四川传媒学院|四川传媒学院12,带电工科,计算机电子组,低,同族,876312,电子信息类、计算机类
物理|本科批|四川传媒学院|四川传媒学院13,带电工科,计算机组,低,同族,876313,计算机类
物理|本科批|四川传媒学院|四川传媒学院14,带电工科,计算机组,低,同族,876314,计算机类
历史|本科批|成都银杏酒店管理学院|成都银杏酒店管理学院01,经管商贸,旅游管理组,中,同族,876401,旅游管理类
物理|本科批|成都银杏酒店管理学院|成都银杏酒店管理学院02,经管商贸,旅游管理组,中,同族,876402,旅游管理类
物理|本科批|成都银杏酒店管理学院|成都银杏酒店管理学院03,生环食品,食品工程组,低,同族,876403,食品科学与工程类
历史|本科批|成都文理学院|成都文理学院01,经管商贸,旅游管理组,中,同族,876501,旅游管理类
物理|本科批|成都文理学院|成都文理学院02,经管商贸,旅游管理组,中,同族,876502,旅游管理类
物理|本科批|四川工商学院|四川工商学院02,带电工科、化材药,带电工科组（夹化工制药）,中,跨界混合,876602,电子信息类、化工与制药类
历史|本科批|成都外国语学院|成都外国语学院01,经管商贸、文法教育,文商组（含工商管理/物流/电商/旅游管理）,高,大杂烩,876701,经济与贸易类、中国语言文学类、外国语言文学类、新闻传播学类、工商管理类、物流管理与工程类、电子商务类、旅游管理类
物理|本科批|成都外国语学院|成都外国语学院02,经管商贸、文法教育,文商组（含工商管理/物流/电商/旅游管理）,高,大杂烩,876702,经济与贸易类、中国语言文学类、外国语言文学类、新闻传播学类、工商管理类、物流管理与工程类、电子商务类、旅游管理类
历史|本科批|成都锦城学院|成都锦城学院01,文法教育、经管商贸,经管+文法组,低,相近混合,876901,新闻传播学类、工商管理类、物流管理与工程类、金融学类
物理|本科批|成都锦城学院|成都锦城学院02,文法教育、经管商贸,经管+文法组,低,相近混合,876902,新闻传播学类、工商管理类、经济学类、管理科学与工程类、金融学类
物理|本科批|成都锦城学院|成都锦城学院03,带电工科,计算机组,低,同族,876903,计算机类
物理|本科批|成都锦城学院|成都锦城学院04,带电工科、机械能源,带电+机械组,低,相近混合,876904,电子信息类、计算机类、机械类、自动化类
历史|本科批|西南财经大学天府学院|西南财经大学天府学院01,经管商贸,金融组,低,同族,877001,金融学类
历史|本科批|西南财经大学天府学院|西南财经大学天府学院02,经管商贸、文法教育,经管+文法组,低,相近混合,877002,工商管理类、新闻传播学类
历史|本科批|西南财经大学天府学院|西南财经大学天府学院03,文法教育,中文组,低,同族,877003,中国语言文学类
物理|本科批|西南财经大学天府学院|西南财经大学天府学院04,经管商贸,金融组,低,同族,877004,金融学类
物理|本科批|西南财经大学天府学院|西南财经大学天府学院05,经管商贸,经济组,低,同族,877005,经济学类
物理|本科批|西南财经大学天府学院|西南财经大学天府学院06,机械能源、文法教育,文法+机械混合组,低,跨界混合,877006,机械设计制造类、中国语言文学类
物理|本科批|西南财经大学天府学院|西南财经大学天府学院07,经管商贸,工商管理组,低,同族,877007,工商管理类
物理|本科批|西南财经大学天府学院|西南财经大学天府学院08,经管商贸,金融组,低,同族,877008,金融学类
物理|本科批|西南财经大学天府学院|西南财经大学天府学院09,带电工科,带电工科组,低,同族,877009,计算机类、电气类
物理|本科批|西南财经大学天府学院|西南财经大学天府学院10,化材药,材料组,低,同族,877010,材料类
物理|本科批|西南财经大学天府学院|西南财经大学天府学院11,化材药,材料组,低,同族,877011,材料类
历史|本科批|四川大学锦江学院|四川大学锦江学院01,经管商贸、文法教育,经管+文法组,低,相近混合,877101,金融学类、中国语言文学类
历史|本科批|四川大学锦江学院|四川大学锦江学院02,文法教育,马理论组,低,同族,877102,马克思主义理论类
物理|本科批|四川大学锦江学院|四川大学锦江学院04,经管商贸、文法教育,经管+文法组,低,相近混合,877104,金融学类、中国语言文学类、管理科学与工程类
物理|本科批|四川大学锦江学院|四川大学锦江学院05,带电工科、机械能源、生环食品,带电工科组（夹食品工程）,中,跨界混合,877105,自动化类、机械类、计算机类、食品科学与工程类
物理|本科批|四川大学锦江学院|四川大学锦江学院06,文法教育,马理论组,低,同族,877106,马克思主义理论类
历史|本科批|西南交通大学希望学院|西南交通大学希望学院01,经管商贸,工商管理组,低,同族,877401,工商管理类
物理|本科批|西南交通大学希望学院|西南交通大学希望学院02,经管商贸,管工组,低,同族,877402,管理科学与工程类
物理|本科批|西南交通大学希望学院|西南交通大学希望学院03,土建测绘、机械能源、带电工科、交通航空,大理工组（夹土木）,高,大杂烩,877403,土木类、机械类、电气类、交通运输类、自动化类、电子信息类
历史|本科批|吉利学院|吉利学院01,经管商贸,经管商贸组,低,同族,878101,金融学类、工商管理类
物理|本科批|吉利学院|吉利学院02,机械能源,机械组,低,同族,878102,机械类
历史|本科批|重庆城市科技学院|重庆城市科技学院01,土建测绘、经管商贸、文法教育,工管/文混合组（夹建筑）,高,大杂烩,880101,建筑类、金融学类、经济与贸易类、工商管理类、电子商务类、中国语言文学类、外国语言文学类、心理学类、公共管理类、新闻传播学类
历史|本科批|重庆城市科技学院|重庆城市科技学院02,文法教育,马理论组,低,同族,880102,马克思主义理论类
物理|本科批|重庆城市科技学院|重庆城市科技学院03,土建测绘、经管商贸、文法教育,工管/文混合组（夹建筑）,高,大杂烩,880103,建筑类、管理科学与工程类、经济学类、金融学类、工商管理类、中国语言文学类、心理学类、公共管理类
物理|本科批|重庆城市科技学院|重庆城市科技学院04,土建测绘、交通航空、机械能源、带电工科,大理工组（夹土木）,高,大杂烩,880104,土木类、交通运输类、机械类、能源动力类、电气类、电子信息类、自动化类、计算机类
历史|本科批|重庆外语外事学院|重庆外语外事学院01,文法教育、经管商贸,经管+文法组,低,相近混合,880201,外国语言文学类、经济与贸易类、工商管理类
物理|本科批|重庆外语外事学院|重庆外语外事学院02,文法教育、经管商贸,经管+文法组,低,相近混合,880202,外国语言文学类、经济与贸易类、工商管理类
历史|本科批|重庆对外经贸学院|重庆对外经贸学院01,经管商贸、文法教育,经管+文法组,低,相近混合,880301,经济学类、外国语言文学类、新闻传播学类、工商管理类
物理|本科批|重庆对外经贸学院|重庆对外经贸学院02,经管商贸、文法教育、机械能源,经管+文法+机械组,中,跨界混合,880302,经济学类、金融学类、外国语言文学类、工商管理类、新闻传播学类、工业工程类
物理|本科批|重庆对外经贸学院|重庆对外经贸学院03,带电工科、理学基础,带电+理学组,低,相近混合,880303,计算机类、统计学类
历史|本科批|重庆财经学院|重庆财经学院01,经管商贸、文法教育,经管+文法组,低,相近混合,880401,金融学类、新闻传播学类、工商管理类、物流管理与工程类、电子商务类
物理|本科批|重庆财经学院|重庆财经学院02,经管商贸,经管商贸组,低,同族,880402,经济学类、金融学类、工商管理类、电子商务类
物理|本科批|重庆财经学院|重庆财经学院03,带电工科,计算机组,低,同族,880403,计算机类
历史|本科批|重庆工商大学派斯学院|重庆工商大学派斯学院01,文法教育、经管商贸,经管+文法组,中,相近混合,880501,中国语言文学类、外国语言文学类、新闻传播学类、工商管理类、物流管理与工程类、电子商务类
物理|本科批|重庆工商大学派斯学院|重庆工商大学派斯学院02,带电工科,计算机组,低,同族,880502,计算机类
历史|本科批|重庆移通学院|重庆移通学院01,经管商贸、文法教育、艺术传媒,经管+文法+艺术组,中,跨界混合,880601,工商管理类、外国语言文学类、公共管理类、金融学类、物流管理与工程类、戏剧与影视学类、新闻传播学类
物理|本科批|重庆移通学院|重庆移通学院02,经管商贸,经管商贸组,低,同族,880602,管理科学与工程类、经济学类
物理|本科批|重庆移通学院|重庆移通学院03,带电工科,带电工科组,低,同族,880603,电子信息类、电气类、计算机类
物理|本科批|重庆移通学院|重庆移通学院04,机械能源,机械组,低,同族,880604,机械类
物理|本科批|重庆移通学院|重庆移通学院05,带电工科,电气组,低,同族,880605,电气类
历史|本科批|重庆人文科技学院|重庆人文科技学院01,经管商贸、土建测绘,经管商贸组（含建筑）,中,跨界混合,880801,工商管理类、建筑类
物理|本科批|重庆人文科技学院|重庆人文科技学院02,带电工科,计算机组,低,同族,880802,计算机类
物理|本科批|四川工业科技学院|四川工业科技学院01,带电工科,计算机电子组,低,同族,883301,计算机类、电子信息类
历史|本科批|贵阳人文科技学院|贵阳人文科技学院01,经管商贸,工商管理组,低,同族,884101,工商管理类
历史|本科批|贵阳人文科技学院|贵阳人文科技学院02,文法教育,中文组,低,同族,884102,中国语言文学类
物理|本科批|贵阳人文科技学院|贵阳人文科技学院03,经管商贸,经济组,低,同族,884103,经济学类
物理|本科批|贵阳人文科技学院|贵阳人文科技学院04,经管商贸、带电工科、农林动物,带电工科组（夹植物生产）,中,跨界混合,884104,管理科学与工程类、电子信息类、计算机类、植物生产类
物理|本科批|茅台学院|茅台学院01,经管商贸,物流组,低,同族,884801,物流管理与工程类
物理|本科批|茅台学院|茅台学院02,生环食品,食品工程组,低,同族,884802,食品科学与工程类
物理|本科批|茅台学院|茅台学院03,生环食品,食品工程组,低,同族,884803,食品科学与工程类
物理|本科批|茅台学院|茅台学院04,生环食品,环境组,中,同族,884804,环境科学与工程类
物理|本科批|茅台学院|茅台学院05,化材药,化工制药组,低,同族,884805,化工与制药类
历史|本科批|滇池学院|滇池学院01,经管商贸、文法教育,文法教育组（夹工商管理/公管）,中,相近混合,887001,经济学类、工商管理类、公共管理类、社会学类、中国语言文学类、新闻传播学类、外国语言文学类
物理|本科批|滇池学院|滇池学院02,经管商贸,经管商贸组,低,同族,887002,经济学类、金融学类、经济与贸易类、工商管理类
物理|本科批|滇池学院|滇池学院03,理学基础、带电工科,带电+理学组,低,相近混合,887003,数学类、电子信息类、计算机类
历史|本科批|丽江文化旅游学院|丽江文化旅游学院01,经管商贸、文法教育,文法教育组（夹工商管理/旅游管理）,高,冷热混放,887101,工商管理类、旅游管理类、外国语言文学类、中国语言文学类、新闻传播学类
物理|本科批|丽江文化旅游学院|丽江文化旅游学院03,经管商贸、文法教育,经管+文法组,中,相近混合,887103,经济学类、金融学类、工商管理类、旅游管理类、外国语言文学类、中国语言文学类、新闻传播学类
物理|本科批|丽江文化旅游学院|丽江文化旅游学院04,带电工科、农林动物,带电工科组（夹植物生产）,中,跨界混合,887104,电子信息类、计算机类、植物生产类
历史|本科批|昆明城市学院|昆明城市学院01,文法教育、经管商贸,文法教育组（夹工商管理）,中,相近混合,887201,中国语言文学类、新闻传播学类、工商管理类
物理|本科批|昆明城市学院|昆明城市学院02,文法教育、经管商贸、农林动物,经管商贸组（含畜牧）,中,跨界混合,887202,心理学类、工商管理类、畜牧业类
物理|本科批|昆明城市学院|昆明城市学院03,带电工科,计算机电子组,低,同族,887203,电子信息类、计算机类
历史|本科批|昆明医科大学海源学院|昆明医科大学海源学院01,文法教育、经管商贸,经管+文法组,低,相近混合,887301,体育学类、公共管理类、心理学类、工商管理类
物理|本科批|昆明医科大学海源学院|昆明医科大学海源学院02,文法教育,文法教育组,低,同族,887302,体育学类、心理学类
历史|本科批|昆明传媒学院|昆明传媒学院01,文法教育,新闻传播组,低,同族,887401,新闻传播学类
物理|本科批|昆明传媒学院|昆明传媒学院02,文法教育,新闻传播组,低,同族,887402,新闻传播学类
物理|本科批|昆明传媒学院|昆明传媒学院03,带电工科,计算机组,低,同族,887403,计算机类
历史|本科批|昆明文理学院|昆明文理学院01,文法教育、经管商贸,经管+文法组,低,相近混合,887501,中国语言文学类、工商管理类
物理|本科批|昆明文理学院|昆明文理学院02,经管商贸,经管商贸组,低,同族,887502,经济学类、管理科学与工程类
物理|本科批|昆明文理学院|昆明文理学院03,带电工科,计算机电子组,低,同族,887503,计算机类、电子信息类
历史|本科批|昆明理工大学津桥学院|昆明理工大学津桥学院01,文法教育,新闻传播组,低,同族,887601,新闻传播学类
物理|本科批|昆明理工大学津桥学院|昆明理工大学津桥学院02,经管商贸,经管商贸组,低,同族,887602,管理科学与工程类、工商管理类、经济与贸易类
物理|本科批|昆明理工大学津桥学院|昆明理工大学津桥学院03,带电工科、土建测绘,带电工科组（夹土木）,高,冷热混放,887603,计算机类、电子信息类、电气类、自动化类、土木类
历史|本科批|云南经济管理学院|云南经济管理学院01,经管商贸,工商管理组,低,同族,887801,工商管理类
物理|本科批|云南经济管理学院|云南经济管理学院02,经管商贸,工商管理组,低,同族,887802,工商管理类
物理|本科批|云南经济管理学院|云南经济管理学院03,带电工科,电气组,低,同族,887803,电气类
历史|本科批|云南工商学院|云南工商学院01,经管商贸、文法教育,经管+文法组,低,相近混合,888201,工商管理类、经济学类、中国语言文学类
物理|本科批|云南工商学院|云南工商学院02,带电工科、机械能源,带电+机械组,低,相近混合,888202,电气类、机械类、计算机类
历史|本科批|西安培华学院|西安培华学院01,经管商贸,经管商贸组,低,同族,890101,工商管理类、电子商务类
历史|本科批|西安培华学院|西安培华学院02,文法教育、艺术传媒,文法+艺术组,低,相近混合,890102,外国语言文学类、中国语言文学类、戏剧与影视学类、新闻传播学类
物理|本科批|西安培华学院|西安培华学院03,文法教育,文新外语组,低,同族,890103,外国语言文学类、中国语言文学类、新闻传播学类
物理|本科批|西安培华学院|西安培华学院04,经管商贸,经管商贸组,低,同族,890104,工商管理类、金融学类、经济学类
物理|本科批|西安培华学院|西安培华学院05,带电工科,计算机电子组,低,同族,890105,电子信息类、计算机类
物理|本科批|西安培华学院|西安培华学院06,农林动物,动物医学组,低,同族,890106,动物医学类
历史|本科批|西安欧亚学院|西安欧亚学院01,文法教育、经管商贸、艺术传媒,文法教育组（含工商管理）,中,跨界混合,890201,外国语言文学类、新闻传播学类、心理学类、工商管理类、戏剧与影视学类
物理|本科批|西安欧亚学院|西安欧亚学院02,经管商贸、文法教育,文法+经管组,低,相近混合,890202,经济学类、外国语言文学类、新闻传播学类、心理学类、管理科学与工程类
物理|本科批|西安欧亚学院|西安欧亚学院03,带电工科,计算机电子组,低,同族,890203,电子信息类、计算机类
物理|本科批|西安欧亚学院|西安欧亚学院04,带电工科,计算机组,低,同族,890204,计算机类
历史|本科批|西安外事学院|西安外事学院01,经管商贸、文法教育、艺术传媒,文法教育组（夹工商管理/物流）,中,跨界混合,890301,工商管理类、中国语言文学类、新闻传播学类、外国语言文学类、物流管理与工程类、戏剧与影视学类
物理|本科批|西安外事学院|西安外事学院03,经管商贸、文法教育,经管+文法组,低,相近混合,890303,工商管理类、新闻传播学类、物流管理与工程类
物理|本科批|西安外事学院|西安外事学院04,带电工科、医药护理,带电+医药混合组,低,跨界混合,890304,计算机类、电子信息类、生物医学工程类
历史|本科批|西安翻译学院|西安翻译学院01,文法教育,中文组,低,同族,890401,中国语言文学类
物理|本科批|西安翻译学院|西安翻译学院02,经管商贸,工商管理组,低,同族,890402,工商管理类
历史|本科批|西京学院|西京学院01,经管商贸,经管商贸组,低,同族,890501,经济与贸易类、电子商务类
历史|本科批|西京学院|西京学院02,经管商贸,工商管理组,低,同族,890502,工商管理类
物理|本科批|西京学院|西京学院03,经管商贸,管工组,低,同族,890503,管理科学与工程类
物理|本科批|西京学院|西京学院04,化材药,材料组,低,同族,890504,材料类
历史|本科批|西安思源学院|西安思源学院01,经管商贸、文法教育,经管+文法组,低,相近混合,890601,经济与贸易类、新闻传播学类、工商管理类、电子商务类
物理|本科批|西安思源学院|西安思源学院02,文法教育、经管商贸,经管+文法组,低,相近混合,890602,中国语言文学类、管理科学与工程类
物理|本科批|西安思源学院|西安思源学院03,土建测绘,建筑组,中,同族,890603,建筑类
物理|本科批|西安思源学院|西安思源学院04,机械能源、带电工科,带电+机械组,低,相近混合,890604,机械类、电子信息类、计算机类
历史|本科批|陕西国际商贸学院|陕西国际商贸学院01,文法教育、经管商贸,经管+文法组,低,相近混合,890701,中国语言文学类、工商管理类
物理|本科批|陕西国际商贸学院|陕西国际商贸学院02,经管商贸,管理组,低,同族,890702,管理科学与工程类、工商管理类
历史|本科批|西安交通大学城市学院|西安交通大学城市学院01,经管商贸、文法教育,经管+文法组,低,相近混合,891001,金融学类、工商管理类、新闻传播学类
物理|本科批|西安交通大学城市学院|西安交通大学城市学院02,经管商贸、文法教育,经管+文法组,低,相近混合,891002,经济学类、金融学类、经济与贸易类、工商管理类、新闻传播学类
物理|本科批|西安交通大学城市学院|西安交通大学城市学院03,机械能源、带电工科、土建测绘,带电工科组（夹土木）,高,冷热混放,891003,机械类、自动化类、土木类、电气类、电子信息类、计算机类
历史|本科批|西北大学现代学院|西北大学现代学院01,艺术传媒、文法教育,文法+艺术组,低,相近混合,891101,戏剧与影视学类、中国语言文学类
物理|本科批|西北大学现代学院|西北大学现代学院02,艺术传媒、经管商贸,经管+艺术混合组,低,跨界混合,891102,戏剧与影视学类、金融学类、经济学类
历史|本科批|西安建筑科技大学华清学院|西安建筑科技大学华清学院01,经管商贸、文法教育,文法+经管组,低,相近混合,891201,经济学类、中国语言文学类、外国语言文学类
物理|本科批|西安建筑科技大学华清学院|西安建筑科技大学华清学院02,带电工科、机械能源、土建测绘,带电工科组（夹土木）,高,冷热混放,891202,自动化类、电气类、机械类、土木类
历史|本科批|西安财经大学行知学院|西安财经大学行知学院01,经管商贸、文法教育,经管+文法组,中,相近混合,891301,财政学类、金融学类、工商管理类、物流管理与工程类、外国语言文学类、新闻传播学类
物理|本科批|西安财经大学行知学院|西安财经大学行知学院02,经管商贸,经管商贸组,低,同族,891302,金融学类、经济学类、工商管理类、物流管理与工程类
物理|本科批|西安财经大学行知学院|西安财经大学行知学院03,带电工科,计算机组,低,同族,891303,计算机类
历史|本科批|西安工商学院|西安工商学院01,经管商贸、文法教育,文法教育组（夹工商管理）,中,相近混合,891401,工商管理类、新闻传播学类、中国语言文学类
物理|本科批|西安工商学院|西安工商学院03,经管商贸、文法教育,经管+文法组,低,相近混合,891403,工商管理类、金融学类、管理科学与工程类、新闻传播学类、电子商务类
物理|本科批|西安工商学院|西安工商学院04,带电工科、机械能源,带电+机械组,低,相近混合,891404,计算机类、电气类、机械类、电子信息类
物理|本科批|延安大学西安创新学院|延安大学西安创新学院01,文法教育、经管商贸,经管+文法组,低,相近混合,891501,中国语言文学类、工商管理类、经济学类、管理科学与工程类
物理|本科批|延安大学西安创新学院|延安大学西安创新学院02,带电工科、化材药、生环食品,带电工科组（夹化工制药/食品工程）,中,跨界混合,891502,计算机类、电子信息类、化工与制药类、食品科学与工程类
历史|本科批|西安明德理工学院|西安明德理工学院01,经管商贸,经管商贸组,低,同族,891601,金融学类、工商管理类
物理|本科批|西安明德理工学院|西安明德理工学院02,经管商贸,工商管理组,低,同族,891602,工商管理类
物理|本科批|西安明德理工学院|西安明德理工学院03,带电工科,计算机电子组,低,同族,891603,电子信息类、计算机类
历史|本科批|西安科技大学高新学院|西安科技大学高新学院01,文法教育、经管商贸,经管+文法组,低,相近混合,891801,新闻传播学类、工商管理类
物理|本科批|西安科技大学高新学院|西安科技大学高新学院02,文法教育、经管商贸,经管+文法组,低,相近混合,891802,新闻传播学类、管理科学与工程类
物理|本科批|西安科技大学高新学院|西安科技大学高新学院03,带电工科,带电工科组,低,同族,891803,电气类、电子信息类、计算机类
历史|本科批|兰州工商学院|兰州工商学院01,文法教育,外语组,低,同族,894001,外国语言文学类
历史|本科批|兰州工商学院|兰州工商学院02,经管商贸,工商管理组,低,同族,894002,工商管理类
物理|本科批|兰州工商学院|兰州工商学院03,经管商贸,管工组,低,同族,894003,管理科学与工程类
物理|本科批|兰州工商学院|兰州工商学院04,经管商贸、土建测绘,经管商贸组（夹建筑）,高,冷热混放,894004,经济学类、金融学类、建筑类、管理科学与工程类、工商管理类
历史|本科批|兰州博文科技学院|兰州博文科技学院01,经管商贸,工商管理组,低,同族,894101,工商管理类
物理|本科批|兰州博文科技学院|兰州博文科技学院02,经管商贸,管工组,低,同族,894102,管理科学与工程类
物理|本科批|兰州博文科技学院|兰州博文科技学院03,土建测绘、带电工科、机械能源,带电工科组（夹土木）,高,冷热混放,894103,土木类、电气类、自动化类、机械类、计算机类
物理|本科批|兰州信息科技学院|兰州信息科技学院01,带电工科、机械能源,带电+机械组,低,相近混合,894201,电气类、机械类
历史|本科批|宁夏理工学院|宁夏理工学院01,经管商贸、文法教育,经管+文法组,低,相近混合,897001,金融学类、工商管理类、电子商务类、外国语言文学类、中国语言文学类
物理|本科批|宁夏理工学院|宁夏理工学院02,经管商贸、文法教育,经管+文法组,低,相近混合,897002,金融学类、工商管理类、电子商务类、外国语言文学类、中国语言文学类
物理|本科批|宁夏理工学院|宁夏理工学院03,机械能源、化材药、地矿安全,机械能源组（含化工制药/安全工程）,中,跨界混合,897003,机械类、能源动力类、化工与制药类、安全科学与工程类
物理|本科批|宁夏理工学院|宁夏理工学院04,带电工科,带电工科组,低,同族,897004,电气类、自动化类、电子信息类、计算机类
历史|本科批|宁夏大学新华学院|宁夏大学新华学院01,文法教育,中文组,低,同族,897101,中国语言文学类
物理|本科批|宁夏大学新华学院|宁夏大学新华学院02,经管商贸,管工组,低,同族,897102,管理科学与工程类
物理|本科批|宁夏大学新华学院|宁夏大学新华学院03,生环食品,生物科学组,低,同族,897103,生物科学类
物理|本科批|宁夏大学新华学院|宁夏大学新华学院04,理学基础,数学组,低,同族,897104,数学类
物理|本科批|宁夏大学新华学院|宁夏大学新华学院05,机械能源、带电工科、化材药,带电工科组（夹化工制药）,中,跨界混合,897105,机械类、电气类、电子信息类、计算机类、化工与制药类
历史|本科批|银川能源学院|银川能源学院01,土建测绘,建筑组,中,同族,897201,建筑类
物理|本科批|银川能源学院|银川能源学院02,土建测绘,建筑组,中,同族,897202,建筑类
物理|本科批|银川能源学院|银川能源学院03,带电工科、机械能源,带电+机械组,低,相近混合,897203,电气类、机械类、计算机类
历史|本科批|新疆天山职业技术大学|新疆天山职业技术大学01,交通航空、经管商贸、艺术传媒,经管+交通+艺术组,中,跨界混合,898101,航空运输类、财政税务类、财务会计类、电子商务类、广播影视类
物理|本科批|新疆天山职业技术大学|新疆天山职业技术大学02,土建测绘、机械能源、交通航空、带电工科、经管商贸,大理工组（夹建筑设计/电商）,高,大杂烩,898102,建筑设计类、机械设计制造类、机电设备类、航空装备类、汽车制造类、航空运输类、计算机类、财政税务类、财务会计类、电子商务类
历史|提前本科批|香港中文大学|香港中文大学01,试验班,港校专业组,低,同族,910201,香港高校专业类
历史|提前本科批|香港中文大学|香港中文大学02,试验班,港校专业组,低,同族,910202,香港高校专业类
物理|提前本科批|香港中文大学|香港中文大学03,试验班,港校专业组,低,同族,910203,香港高校专业类
物理|提前本科批|香港中文大学|香港中文大学04,试验班,港校专业组,低,同族,910204,香港高校专业类
历史|本科批|香港珠海学院|香港珠海学院01,试验班,港校专业组,低,同族,911201,香港高校专业类
物理|本科批|香港珠海学院|香港珠海学院02,试验班,港校专业组,低,同族,911202,香港高校专业类
