院校,科类,专业组,院校专业组代码,专业代码,专业名称,原专业类,原专业大类,目录专业,新专业类,新专业大类,匹配方式
江苏司法警官职业学院,历史,江苏司法警官职业学院01,116101,01,刑事执行(只招男生),公安司法类,公安司法大类,刑事执行,法律执行类,公安与司法大类,exact
江苏司法警官职业学院,历史,江苏司法警官职业学院01,116101,02,刑事侦查技术(只招男生),公安司法类,公安司法大类,刑事侦查技术,司法技术类,公安与司法大类,exact
江苏司法警官职业学院,历史,江苏司法警官职业学院01,116101,03,罪犯心理测量与矫正技术(只招男生),公安司法类,公安司法大类,罪犯心理测量与矫正技术,司法技术类,公安与司法大类,exact
江苏司法警官职业学院,历史,江苏司法警官职业学院02,116102,04,刑事执行(只招女生),公安司法类,公安司法大类,刑事执行,法律执行类,公安与司法大类,exact
江苏司法警官职业学院,历史,江苏司法警官职业学院02,116102,05,刑事侦查技术(只招女生),公安司法类,公安司法大类,刑事侦查技术,司法技术类,公安与司法大类,exact
江苏司法警官职业学院,历史,江苏司法警官职业学院02,116102,06,罪犯心理测量与矫正技术(只招女生),公安司法类,公安司法大类,罪犯心理测量与矫正技术,司法技术类,公安与司法大类,exact
江苏司法警官职业学院,物理,江苏司法警官职业学院04,116104,12,刑事执行(只招男生),公安司法类,公安司法大类,刑事执行,法律执行类,公安与司法大类,exact
江苏司法警官职业学院,物理,江苏司法警官职业学院04,116104,13,刑事侦查技术(只招男生),公安司法类,公安司法大类,刑事侦查技术,司法技术类,公安与司法大类,exact
江苏司法警官职业学院,物理,江苏司法警官职业学院04,116104,14,司法信息安全(只招男生),公安司法类,公安司法大类,司法信息安全,司法技术类,公安与司法大类,exact
江苏司法警官职业学院,物理,江苏司法警官职业学院04,116104,15,罪犯心理测量与矫正技术(只招男生),公安司法类,公安司法大类,罪犯心理测量与矫正技术,司法技术类,公安与司法大类,exact
江苏司法警官职业学院,物理,江苏司法警官职业学院05,116105,16,刑事执行(只招女生),公安司法类,公安司法大类,刑事执行,法律执行类,公安与司法大类,exact
江苏司法警官职业学院,物理,江苏司法警官职业学院05,116105,17,刑事侦查技术(只招女生),公安司法类,公安司法大类,刑事侦查技术,司法技术类,公安与司法大类,exact
江苏司法警官职业学院,物理,江苏司法警官职业学院05,116105,18,司法信息安全(只招女生),公安司法类,公安司法大类,司法信息安全,司法技术类,公安与司法大类,exact
江苏司法警官职业学院,物理,江苏司法警官职业学院05,116105,19,罪犯心理测量与矫正技术(只招女生),公安司法类,公安司法大类,罪犯心理测量与矫正技术,司法技术类,公安与司法大类,exact
长沙民政职业技术学院,历史,长沙民政职业技术学院01,531201,01,软件技术,计算机类,电子与信息大类,软件技术,计算机类,电子与信息大类,exact
长沙民政职业技术学院,历史,长沙民政职业技术学院01,531201,02,金融服务与管理,财经商贸类,财经商贸大类,金融服务与管理,金融类,财经商贸大类,exact
长沙民政职业技术学院,历史,长沙民政职业技术学院01,531201,03,大数据与会计,财务会计类,财经商贸大类,大数据与会计,财务会计类,财经商贸大类,exact
长沙民政职业技术学院,历史,长沙民政职业技术学院01,531201,04,国际经济与贸易,财经商贸类,财经商贸大类,国际经济与贸易,经济贸易类,财经商贸大类,exact
长沙民政职业技术学院,历史,长沙民政职业技术学院01,531201,05,商务数据分析与应用,财经商贸类,财经商贸大类,商务数据分析与应用,电子商务类,财经商贸大类,exact
长沙民政职业技术学院,历史,长沙民政职业技术学院01,531201,06,商务英语,教育体育类,教育与体育大类,商务英语,语言类,教育与体育大类,exact
长沙民政职业技术学院,历史,长沙民政职业技术学院01,531201,07,商务日语,其他专业类,其他,商务日语,语言类,教育与体育大类,exact
长沙民政职业技术学院,历史,长沙民政职业技术学院01,531201,08,民政服务与管理,其他专业类,其他,民政服务与管理,公共管理类,公共管理与服务大类,exact
长沙民政职业技术学院,历史,长沙民政职业技术学院01,531201,09,人力资源管理,公共管理服务类,公共管理与服务大类,人力资源管理,公共管理类,公共管理与服务大类,exact
长沙民政职业技术学院,历史,长沙民政职业技术学院01,531201,10,婚庆服务与管理,公共管理服务类,公共管理与服务大类,婚庆服务与管理,公共服务类,公共管理与服务大类,exact
长沙民政职业技术学院,历史,长沙民政职业技术学院01,531201,11,现代殡葬技术与管理,公共管理服务类,公共管理与服务大类,现代殡葬技术与管理,公共服务类,公共管理与服务大类,exact
南京铁道职业技术学院,历史,南京铁道职业技术学院01,115501,01,大数据与会计(与金陵科技学院分段培养项目),财务会计类,财经商贸大类,大数据与会计,财务会计类,财经商贸大类,exact
南京铁道职业技术学院,历史,南京铁道职业技术学院02,115502,02,铁道交通运营管理(适合男生),铁道运输类,交通运输大类,铁道交通运营管理,铁道运输类,交通运输大类,exact
南京铁道职业技术学院,历史,南京铁道职业技术学院02,115502,03,城市轨道交通运营管理(适合男生),铁道运输类,交通运输大类,城市轨道交通运营管理,城市轨道交通类,交通运输大类,exact
南京铁道职业技术学院,历史,南京铁道职业技术学院02,115502,04,铁路物流管理(适合男生),铁道运输类,交通运输大类,铁路物流管理,物流类,财经商贸大类,exact
南京铁道职业技术学院,历史,南京铁道职业技术学院03,115503,05,业财数据应用与管理,其他专业类,其他,业财数据应用与管理,财务会计类,财经商贸大类,exact
南京铁道职业技术学院,历史,南京铁道职业技术学院03,115503,06,数智营销,其他专业类,其他,数智营销,工商管理类,财经商贸大类,exact
南京铁道职业技术学院,历史,南京铁道职业技术学院03,115503,07,低空物流技术与运营,财经商贸类,财经商贸大类,低空物流技术与运营,物流类,财经商贸大类,exact
南京铁道职业技术学院,历史,南京铁道职业技术学院03,115503,08,融媒体技术与运营,其他专业类,其他,融媒体技术与运营,广播影视类,新闻传播大类,exact
南京铁道职业技术学院,历史,南京铁道职业技术学院04,115504,09,"铁道交通运营管理(中外合作办学)(报考该专业有色觉要求,具体请查阅院校招生章程)(适合男生)",铁道运输类,交通运输大类,铁道交通运营管理,铁道运输类,交通运输大类,exact
中国民用航空飞行学院,物理,中国民用航空飞行学院05,030605,39,"飞机机电设备维修(成都天府校区)(报考该专业有色觉要求,具体请查阅院校招生章程)",航空运输类,交通运输大类,飞机机电设备维修,航空运输类,交通运输大类,exact
广州民航职业技术学院,历史,广州民航职业技术学院01,541501,01,民航运输服务(花都赤坭校区),航空运输类,交通运输大类,民航运输服务,航空运输类,交通运输大类,exact
广州民航职业技术学院,历史,广州民航职业技术学院01,541501,02,航空物流管理(花都赤坭校区),航空运输类,交通运输大类,航空物流管理,物流类,财经商贸大类,exact
石家庄邮电职业技术学院,物理,石家庄邮电职业技术学院01,330901,01,邮政快递运营管理(西校区)(南通地区就业),其他专业类,其他,邮政快递运营管理,邮政类,交通运输大类,exact
石家庄邮电职业技术学院,物理,石家庄邮电职业技术学院02,330902,02,机电一体化技术(邮政装备智能化方向)(西校区)(连云港地区就业),电气自动化类,装备制造大类,机电一体化技术,自动化类,装备制造大类,exact
石家庄邮电职业技术学院,物理,石家庄邮电职业技术学院02,330902,03,现代物流管理(东校区)(连云港地区就业),财经商贸类,财经商贸大类,现代物流管理,物流类,财经商贸大类,exact
石家庄邮电职业技术学院,物理,石家庄邮电职业技术学院02,330902,04,邮政快递运营管理(西校区)(连云港地区就业),其他专业类,其他,邮政快递运营管理,邮政类,交通运输大类,exact
石家庄邮电职业技术学院,物理,石家庄邮电职业技术学院03,330903,05,现代物流管理(东校区)(淮安地区就业),财经商贸类,财经商贸大类,现代物流管理,物流类,财经商贸大类,exact
石家庄邮电职业技术学院,物理,石家庄邮电职业技术学院03,330903,06,邮政快递运营管理(西校区)(淮安地区就业),其他专业类,其他,邮政快递运营管理,邮政类,交通运输大类,exact
石家庄邮电职业技术学院,物理,石家庄邮电职业技术学院04,330904,07,现代物流管理(东校区)(扬州地区就业),财经商贸类,财经商贸大类,现代物流管理,物流类,财经商贸大类,exact
石家庄邮电职业技术学院,物理,石家庄邮电职业技术学院04,330904,08,供应链运营(东校区)(扬州地区就业),其他专业类,其他,供应链运营,物流类,财经商贸大类,exact
石家庄邮电职业技术学院,物理,石家庄邮电职业技术学院04,330904,09,邮政快递运营管理(西校区)(扬州地区就业),其他专业类,其他,邮政快递运营管理,邮政类,交通运输大类,exact
石家庄邮电职业技术学院,物理,石家庄邮电职业技术学院05,330905,10,邮政快递智能技术(西校区)(镇江地区就业),其他专业类,其他,邮政快递智能技术,邮政类,交通运输大类,exact
石家庄邮电职业技术学院,物理,石家庄邮电职业技术学院05,330905,11,邮政快递运营管理(西校区)(镇江地区就业),其他专业类,其他,邮政快递运营管理,邮政类,交通运输大类,exact
石家庄邮电职业技术学院,物理,石家庄邮电职业技术学院06,330906,12,邮政快递运营管理(西校区)(宿迁地区就业),其他专业类,其他,邮政快递运营管理,邮政类,交通运输大类,exact
石家庄邮电职业技术学院,物理,石家庄邮电职业技术学院07,330907,13,低空物流技术与运营,财经商贸类,财经商贸大类,低空物流技术与运营,物流类,财经商贸大类,exact
石家庄邮电职业技术学院,物理,石家庄邮电职业技术学院07,330907,14,智能机器人技术,其他专业类,其他,智能机器人技术,自动化类,装备制造大类,exact
石家庄邮电职业技术学院,物理,石家庄邮电职业技术学院07,330907,15,低空智联网技术,其他专业类,其他,低空智联网技术,通信类,电子与信息大类,exact
石家庄邮电职业技术学院,物理,石家庄邮电职业技术学院07,330907,16,人工智能技术应用,计算机类,电子与信息大类,人工智能技术应用,计算机类,电子与信息大类,exact
石家庄邮电职业技术学院,物理,石家庄邮电职业技术学院07,330907,17,智能体技术应用,其他专业类,其他,智能体技术应用,计算机类,电子与信息大类,exact
浙江金融职业学院,历史,浙江金融职业学院01,225301,01,金融服务与管理(杭州校区),财经商贸类,财经商贸大类,金融服务与管理,金融类,财经商贸大类,exact
浙江金融职业学院,历史,浙江金融职业学院01,225301,02,财富管理(绍兴校区),其他专业类,其他,财富管理,金融类,财经商贸大类,exact
浙江金融职业学院,历史,浙江金融职业学院01,225301,03,大数据与会计(杭州校区),财务会计类,财经商贸大类,大数据与会计,财务会计类,财经商贸大类,exact
天津铁道职业技术学院,历史,天津铁道职业技术学院01,323801,01,铁道工程技术(海教园校区),铁道运输类,交通运输大类,铁道工程技术,铁道运输类,交通运输大类,exact
天津铁道职业技术学院,历史,天津铁道职业技术学院01,323801,02,铁道通信与信息化技术(海教园校区),铁道运输类,交通运输大类,铁道通信与信息化技术,铁道运输类,交通运输大类,exact
天津铁道职业技术学院,历史,天津铁道职业技术学院01,323801,03,城市轨道车辆应用技术(南校区),铁道运输类,交通运输大类,城市轨道车辆应用技术,城市轨道交通类,交通运输大类,exact
天津铁道职业技术学院,历史,天津铁道职业技术学院01,323801,04,城市轨道交通运营管理(南校区),铁道运输类,交通运输大类,城市轨道交通运营管理,城市轨道交通类,交通运输大类,exact
北京工业职业技术学院,历史,北京工业职业技术学院01,316801,01,大数据与会计,财务会计类,财经商贸大类,大数据与会计,财务会计类,财经商贸大类,exact
民政职业大学,历史,民政职业大学02,317602,10,民政服务与管理,其他专业类,其他,民政服务与管理,公共管理类,公共管理与服务大类,exact
民政职业大学,历史,民政职业大学02,317602,11,人力资源管理,公共管理服务类,公共管理与服务大类,人力资源管理,公共管理类,公共管理与服务大类,exact
民政职业大学,历史,民政职业大学02,317602,12,智慧健康养老服务与管理,公共管理服务类,公共管理与服务大类,智慧健康养老服务与管理,公共服务类,公共管理与服务大类,exact
民政职业大学,历史,民政职业大学02,317602,13,现代殡葬技术与管理,公共管理服务类,公共管理与服务大类,现代殡葬技术与管理,公共服务类,公共管理与服务大类,exact
民政职业大学,历史,民政职业大学02,317602,14,陵园服务与管理,其他专业类,其他,陵园服务与管理,公共服务类,公共管理与服务大类,exact
常州铁道职业技术学院,历史,常州铁道职业技术学院01,125701,01,城市轨道车辆应用技术,铁道运输类,交通运输大类,城市轨道车辆应用技术,城市轨道交通类,交通运输大类,exact
常州铁道职业技术学院,历史,常州铁道职业技术学院01,125701,02,城市轨道交通机电技术,铁道运输类,交通运输大类,城市轨道交通机电技术,城市轨道交通类,交通运输大类,exact
常州铁道职业技术学院,历史,常州铁道职业技术学院01,125701,03,城市轨道交通运营管理,铁道运输类,交通运输大类,城市轨道交通运营管理,城市轨道交通类,交通运输大类,exact
常州铁道职业技术学院,历史,常州铁道职业技术学院01,125701,04,动车组检修技术,铁道运输类,交通运输大类,动车组检修技术,铁道运输类,交通运输大类,exact
常州铁道职业技术学院,历史,常州铁道职业技术学院01,125701,05,机电一体化技术,电气自动化类,装备制造大类,机电一体化技术,自动化类,装备制造大类,exact
常州铁道职业技术学院,历史,常州铁道职业技术学院01,125701,06,铁道信号自动控制,铁道运输类,交通运输大类,铁道信号自动控制,铁道运输类,交通运输大类,exact
常州铁道职业技术学院,历史,常州铁道职业技术学院01,125701,07,铁道供电技术,铁道运输类,交通运输大类,铁道供电技术,铁道运输类,交通运输大类,exact
南京信息职业技术学院,历史,南京信息职业技术学院01,115401,01,电子信息工程技术,电子信息类,电子与信息大类,电子信息工程技术,电子信息类,电子与信息大类,exact
南京信息职业技术学院,历史,南京信息职业技术学院01,115401,02,大数据与会计,财务会计类,财经商贸大类,大数据与会计,财务会计类,财经商贸大类,exact
南京信息职业技术学院,历史,南京信息职业技术学院01,115401,03,网络营销与直播电商,计算机类,电子与信息大类,网络营销与直播电商,电子商务类,财经商贸大类,exact
南京信息职业技术学院,历史,南京信息职业技术学院01,115401,04,电子商务,财经商贸类,财经商贸大类,电子商务,电子商务类,财经商贸大类,exact
南京信息职业技术学院,历史,南京信息职业技术学院01,115401,05,检验检测技术与管理,其他专业类,其他,检验检测技术与管理,公共管理类,公共管理与服务大类,exact
南京信息职业技术学院,历史,南京信息职业技术学院01,115401,06,商务数据分析与应用,财经商贸类,财经商贸大类,商务数据分析与应用,电子商务类,财经商贸大类,exact
南京信息职业技术学院,历史,南京信息职业技术学院01,115401,07,光伏工程技术,能源动力与材料类,能源动力与材料大类,光伏工程技术,新能源发电工程类,能源动力与材料大类,exact
南京信息职业技术学院,历史,南京信息职业技术学院01,115401,08,集成电路技术,电子信息类,电子与信息大类,集成电路技术,集成电路类,电子与信息大类,exact
南京信息职业技术学院,历史,南京信息职业技术学院01,115401,09,机电一体化技术,电气自动化类,装备制造大类,机电一体化技术,自动化类,装备制造大类,exact
南京信息职业技术学院,历史,南京信息职业技术学院01,115401,10,嵌入式技术应用,其他专业类,其他,嵌入式技术应用,计算机类,电子与信息大类,exact
南京信息职业技术学院,历史,南京信息职业技术学院01,115401,11,新能源汽车技术,汽车制造类,装备制造大类,新能源汽车技术,汽车制造类,装备制造大类,exact
南京信息职业技术学院,历史,南京信息职业技术学院01,115401,12,现代通信技术,电子信息类,电子与信息大类,现代通信技术,通信类,电子与信息大类,exact
南京信息职业技术学院,历史,南京信息职业技术学院01,115401,13,移动应用开发,其他专业类,其他,移动应用开发,计算机类,电子与信息大类,exact
南京信息职业技术学院,历史,南京信息职业技术学院01,115401,14,工业机器人技术,电气自动化类,装备制造大类,工业机器人技术,自动化类,装备制造大类,exact
南京信息职业技术学院,历史,南京信息职业技术学院01,115401,15,智能体技术应用,其他专业类,其他,智能体技术应用,计算机类,电子与信息大类,exact
南京信息职业技术学院,历史,南京信息职业技术学院01,115401,16,物联网应用技术,计算机类,电子与信息大类,物联网应用技术,电子信息类,电子与信息大类,exact
南京信息职业技术学院,历史,南京信息职业技术学院01,115401,17,具身智能机器人技术,其他专业类,其他,具身智能机器人技术,自动化类,装备制造大类,exact
南京信息职业技术学院,历史,南京信息职业技术学院01,115401,18,云计算技术应用,计算机类,电子与信息大类,云计算技术应用,计算机类,电子与信息大类,exact
南京信息职业技术学院,历史,南京信息职业技术学院01,115401,19,低空智联网技术,其他专业类,其他,低空智联网技术,通信类,电子与信息大类,exact
南京信息职业技术学院,历史,南京信息职业技术学院01,115401,20,量子通信技术应用,电子信息类,电子与信息大类,量子通信技术应用,通信类,电子与信息大类,exact
南京信息职业技术学院,历史,南京信息职业技术学院01,115401,21,智能网联汽车技术,汽车制造类,装备制造大类,智能网联汽车技术,汽车制造类,装备制造大类,exact
南京信息职业技术学院,历史,南京信息职业技术学院01,115401,22,智能物流技术,财经商贸类,财经商贸大类,智能物流技术,物流类,财经商贸大类,exact
南京信息职业技术学院,历史,南京信息职业技术学院01,115401,23,智能交通技术,其他专业类,其他,智能交通技术,道路运输类,交通运输大类,exact
南京信息职业技术学院,历史,南京信息职业技术学院01,115401,24,数字媒体技术,计算机类,电子与信息大类,数字媒体技术,计算机类,电子与信息大类,exact
南京信息职业技术学院,历史,南京信息职业技术学院01,115401,25,虚拟现实技术应用,计算机类,电子与信息大类,虚拟现实技术应用,计算机类,电子与信息大类,exact
南京信息职业技术学院,历史,南京信息职业技术学院01,115401,26,人工智能技术应用,计算机类,电子与信息大类,人工智能技术应用,计算机类,电子与信息大类,exact
南京信息职业技术学院,历史,南京信息职业技术学院01,115401,27,工业互联网应用,电气自动化类,装备制造大类,工业互联网应用,自动化类,装备制造大类,exact
南京信息职业技术学院,历史,南京信息职业技术学院01,115401,28,人工智能数据工程技术,计算机类,电子与信息大类,人工智能数据工程技术,计算机类,电子与信息大类,exact
南京信息职业技术学院,历史,南京信息职业技术学院01,115401,29,电气自动化技术,电气自动化类,装备制造大类,电气自动化技术,自动化类,装备制造大类,exact
南京信息职业技术学院,历史,南京信息职业技术学院01,115401,30,智能控制技术,电气自动化类,装备制造大类,智能控制技术,自动化类,装备制造大类,exact
南京信息职业技术学院,历史,南京信息职业技术学院01,115401,31,电信服务与管理,其他专业类,其他,电信服务与管理,通信类,电子与信息大类,exact
南京信息职业技术学院,历史,南京信息职业技术学院01,115401,32,智能光电技术应用,电子信息类,电子与信息大类,智能光电技术应用,电子信息类,电子与信息大类,exact
南京信息职业技术学院,历史,南京信息职业技术学院01,115401,33,软件技术,计算机类,电子与信息大类,软件技术,计算机类,电子与信息大类,exact
南京信息职业技术学院,历史,南京信息职业技术学院01,115401,34,大数据技术,计算机类,电子与信息大类,大数据技术,计算机类,电子与信息大类,exact
南京铁道职业技术学院,物理,南京铁道职业技术学院05,115505,10,智能控制技术(与南京工业职业技术大学分段培养项目),电气自动化类,装备制造大类,智能控制技术,自动化类,装备制造大类,exact
南京铁道职业技术学院,物理,南京铁道职业技术学院06,115506,11,大数据与会计(与金陵科技学院分段培养项目),财务会计类,财经商贸大类,大数据与会计,财务会计类,财经商贸大类,exact
南京铁道职业技术学院,物理,南京铁道职业技术学院07,115507,12,轨道交通通信信号设备制造与维护(适合男生),铁道运输类,交通运输大类,轨道交通通信信号设备制造与维护,轨道装备类,装备制造大类,exact
南京铁道职业技术学院,物理,南京铁道职业技术学院07,115507,13,铁道工程技术(适合男生),铁道运输类,交通运输大类,铁道工程技术,铁道运输类,交通运输大类,exact
南京铁道职业技术学院,物理,南京铁道职业技术学院07,115507,14,高速铁路施工与维护(适合男生),铁道运输类,交通运输大类,高速铁路施工与维护,铁道运输类,交通运输大类,exact
南京铁道职业技术学院,物理,南京铁道职业技术学院07,115507,15,铁道供电技术(适合男生),铁道运输类,交通运输大类,铁道供电技术,铁道运输类,交通运输大类,exact
南京铁道职业技术学院,物理,南京铁道职业技术学院07,115507,16,高速铁路综合维修技术(适合男生),铁道运输类,交通运输大类,高速铁路综合维修技术,铁道运输类,交通运输大类,exact
南京铁道职业技术学院,物理,南京铁道职业技术学院07,115507,17,铁道信号自动控制(适合男生),铁道运输类,交通运输大类,铁道信号自动控制,铁道运输类,交通运输大类,exact
南京铁道职业技术学院,物理,南京铁道职业技术学院07,115507,18,铁道交通运营管理(适合男生),铁道运输类,交通运输大类,铁道交通运营管理,铁道运输类,交通运输大类,exact
南京铁道职业技术学院,物理,南京铁道职业技术学院07,115507,19,城市轨道交通工程技术(适合男生),铁道运输类,交通运输大类,城市轨道交通工程技术,城市轨道交通类,交通运输大类,exact
南京铁道职业技术学院,物理,南京铁道职业技术学院07,115507,20,城市轨道交通机电技术(适合男生),铁道运输类,交通运输大类,城市轨道交通机电技术,城市轨道交通类,交通运输大类,exact
南京铁道职业技术学院,物理,南京铁道职业技术学院07,115507,21,城市轨道交通通信信号技术(适合男生),铁道运输类,交通运输大类,城市轨道交通通信信号技术,城市轨道交通类,交通运输大类,exact
南京铁道职业技术学院,物理,南京铁道职业技术学院07,115507,22,城市轨道交通供配电技术(适合男生),铁道运输类,交通运输大类,城市轨道交通供配电技术,城市轨道交通类,交通运输大类,exact
南京铁道职业技术学院,物理,南京铁道职业技术学院07,115507,23,城市轨道交通运营管理(适合男生),铁道运输类,交通运输大类,城市轨道交通运营管理,城市轨道交通类,交通运输大类,exact
南京铁道职业技术学院,物理,南京铁道职业技术学院07,115507,24,城市轨道交通车辆制造与维护(适合男生),铁道运输类,交通运输大类,城市轨道交通车辆制造与维护,轨道装备类,装备制造大类,exact
南京铁道职业技术学院,物理,南京铁道职业技术学院07,115507,25,铁道机车运用与维护(适合男生),铁道运输类,交通运输大类,铁道机车运用与维护,铁道运输类,交通运输大类,exact
南京铁道职业技术学院,物理,南京铁道职业技术学院07,115507,26,铁道车辆技术(适合男生),铁道运输类,交通运输大类,铁道车辆技术,铁道运输类,交通运输大类,exact
南京铁道职业技术学院,物理,南京铁道职业技术学院07,115507,27,动车组检修技术(适合男生),铁道运输类,交通运输大类,动车组检修技术,铁道运输类,交通运输大类,exact
南京铁道职业技术学院,物理,南京铁道职业技术学院07,115507,28,轨道车辆智能运维技术(适合男生),汽车制造类,装备制造大类,轨道车辆智能运维技术,铁道运输类,交通运输大类,exact
南京铁道职业技术学院,物理,南京铁道职业技术学院07,115507,29,城市轨道车辆应用技术(适合男生),铁道运输类,交通运输大类,城市轨道车辆应用技术,城市轨道交通类,交通运输大类,exact
南京铁道职业技术学院,物理,南京铁道职业技术学院07,115507,30,铁道通信与信息化技术(适合男生),铁道运输类,交通运输大类,铁道通信与信息化技术,铁道运输类,交通运输大类,exact
南京铁道职业技术学院,物理,南京铁道职业技术学院07,115507,31,铁路物流管理(适合男生),铁道运输类,交通运输大类,铁路物流管理,物流类,财经商贸大类,exact
南京铁道职业技术学院,物理,南京铁道职业技术学院08,115508,32,供用电技术,能源动力与材料类,能源动力与材料大类,供用电技术,电力技术类,能源动力与材料大类,exact
南京铁道职业技术学院,物理,南京铁道职业技术学院08,115508,33,低空飞行器装备技术,其他专业类,其他,低空飞行器装备技术,机电设备类,装备制造大类,exact
南京铁道职业技术学院,物理,南京铁道职业技术学院08,115508,34,智能机电技术,其他专业类,其他,智能机电技术,自动化类,装备制造大类,exact
南京铁道职业技术学院,物理,南京铁道职业技术学院08,115508,35,电气自动化技术,电气自动化类,装备制造大类,电气自动化技术,自动化类,装备制造大类,exact
南京铁道职业技术学院,物理,南京铁道职业技术学院08,115508,36,人工智能技术应用,计算机类,电子与信息大类,人工智能技术应用,计算机类,电子与信息大类,exact
南京铁道职业技术学院,物理,南京铁道职业技术学院08,115508,37,移动应用开发,其他专业类,其他,移动应用开发,计算机类,电子与信息大类,exact
南京铁道职业技术学院,物理,南京铁道职业技术学院08,115508,38,现代通信技术,电子信息类,电子与信息大类,现代通信技术,通信类,电子与信息大类,exact
南京铁道职业技术学院,物理,南京铁道职业技术学院08,115508,39,业财数据应用与管理,其他专业类,其他,业财数据应用与管理,财务会计类,财经商贸大类,exact
南京铁道职业技术学院,物理,南京铁道职业技术学院08,115508,40,数智营销,其他专业类,其他,数智营销,工商管理类,财经商贸大类,exact
南京铁道职业技术学院,物理,南京铁道职业技术学院08,115508,41,低空物流技术与运营,财经商贸类,财经商贸大类,低空物流技术与运营,物流类,财经商贸大类,exact
南京铁道职业技术学院,物理,南京铁道职业技术学院08,115508,42,建筑工程技术,土木建筑类,土木建筑大类,建筑工程技术,土建施工类,土木建筑大类,exact
南京铁道职业技术学院,物理,南京铁道职业技术学院08,115508,43,融媒体技术与运营,其他专业类,其他,融媒体技术与运营,广播影视类,新闻传播大类,exact
南京铁道职业技术学院,物理,南京铁道职业技术学院09,115509,44,"铁道信号自动控制(中外合作办学)(报考该专业有色觉要求,具体请查阅院校招生章程)(适合男生)",铁道运输类,交通运输大类,铁道信号自动控制,铁道运输类,交通运输大类,exact
南京铁道职业技术学院,物理,南京铁道职业技术学院09,115509,45,"铁道交通运营管理(中外合作办学)(报考该专业有色觉要求,具体请查阅院校招生章程)(适合男生)",铁道运输类,交通运输大类,铁道交通运营管理,铁道运输类,交通运输大类,exact
陕西铁路工程职业技术学院,历史,陕西铁路工程职业技术学院01,714601,01,铁道工程技术(高新校区),铁道运输类,交通运输大类,铁道工程技术,铁道运输类,交通运输大类,exact
陕西铁路工程职业技术学院,历史,陕西铁路工程职业技术学院01,714601,02,铁道机车运用与维护(临渭校区),铁道运输类,交通运输大类,铁道机车运用与维护,铁道运输类,交通运输大类,exact
武汉铁路职业技术学院,历史,武汉铁路职业技术学院01,525201,01,铁道交通运营管理,铁道运输类,交通运输大类,铁道交通运营管理,铁道运输类,交通运输大类,exact
武汉铁路职业技术学院,历史,武汉铁路职业技术学院01,525201,02,城市轨道交通运营管理,铁道运输类,交通运输大类,城市轨道交通运营管理,城市轨道交通类,交通运输大类,exact
武汉铁路职业技术学院,历史,武汉铁路职业技术学院01,525201,03,铁路物流管理,铁道运输类,交通运输大类,铁路物流管理,物流类,财经商贸大类,exact
武汉铁路职业技术学院,历史,武汉铁路职业技术学院01,525201,04,城市轨道车辆应用技术,铁道运输类,交通运输大类,城市轨道车辆应用技术,城市轨道交通类,交通运输大类,exact
武汉铁路职业技术学院,历史,武汉铁路职业技术学院01,525201,05,城市轨道交通通信信号技术,铁道运输类,交通运输大类,城市轨道交通通信信号技术,城市轨道交通类,交通运输大类,exact
武汉铁路职业技术学院,历史,武汉铁路职业技术学院01,525201,06,轨道交通通信信号设备制造与维护,铁道运输类,交通运输大类,轨道交通通信信号设备制造与维护,轨道装备类,装备制造大类,exact
武汉铁路职业技术学院,历史,武汉铁路职业技术学院01,525201,07,城市轨道交通供配电技术,铁道运输类,交通运输大类,城市轨道交通供配电技术,城市轨道交通类,交通运输大类,exact
武汉铁路职业技术学院,历史,武汉铁路职业技术学院01,525201,08,测绘工程技术,资源环境安全类,资源环境与安全大类,测绘工程技术,测绘地理信息类,资源环境与安全大类,exact
武汉铁路职业技术学院,历史,武汉铁路职业技术学院01,525201,09,城市轨道交通机电技术,铁道运输类,交通运输大类,城市轨道交通机电技术,城市轨道交通类,交通运输大类,exact
武汉铁路职业技术学院,历史,武汉铁路职业技术学院01,525201,10,数字化设计与制造技术,机械设计制造类,装备制造大类,数字化设计与制造技术,机械设计制造类,装备制造大类,exact
武汉铁路职业技术学院,历史,武汉铁路职业技术学院01,525201,11,大数据与会计,财务会计类,财经商贸大类,大数据与会计,财务会计类,财经商贸大类,exact
苏州职业技术大学,历史,苏州职业技术大学02,127002,04,服装设计与工艺,文化艺术类,文化艺术大类,服装设计与工艺,纺织服装类,轻工纺织大类,exact
苏州职业技术大学,历史,苏州职业技术大学02,127002,05,食品检验检测技术,食品药品类,食品药品与粮食大类,食品检验检测技术,食品类,食品药品与粮食大类,exact
苏州职业技术大学,历史,苏州职业技术大学02,127002,06,物联网应用技术,计算机类,电子与信息大类,物联网应用技术,电子信息类,电子与信息大类,exact
苏州职业技术大学,历史,苏州职业技术大学02,127002,07,计算机应用技术,计算机类,电子与信息大类,计算机应用技术,计算机类,电子与信息大类,exact
苏州职业技术大学,历史,苏州职业技术大学02,127002,08,计算机网络技术,计算机类,电子与信息大类,计算机网络技术,计算机类,电子与信息大类,exact
苏州职业技术大学,历史,苏州职业技术大学02,127002,09,软件技术,计算机类,电子与信息大类,软件技术,计算机类,电子与信息大类,exact
苏州职业技术大学,历史,苏州职业技术大学02,127002,10,大数据技术,计算机类,电子与信息大类,大数据技术,计算机类,电子与信息大类,exact
苏州职业技术大学,历史,苏州职业技术大学02,127002,11,动漫制作技术,文化艺术类,文化艺术大类,动漫制作技术,计算机类,电子与信息大类,exact
苏州职业技术大学,历史,苏州职业技术大学02,127002,12,大数据与财务管理,财务会计类,财经商贸大类,大数据与财务管理,财务会计类,财经商贸大类,exact
苏州职业技术大学,历史,苏州职业技术大学02,127002,13,国际经济与贸易,财经商贸类,财经商贸大类,国际经济与贸易,经济贸易类,财经商贸大类,exact
苏州职业技术大学,历史,苏州职业技术大学02,127002,14,市场营销,财经商贸类,财经商贸大类,市场营销,工商管理类,财经商贸大类,exact
苏州职业技术大学,历史,苏州职业技术大学02,127002,15,电子商务,财经商贸类,财经商贸大类,电子商务,电子商务类,财经商贸大类,exact
苏州职业技术大学,历史,苏州职业技术大学02,127002,16,跨境电子商务,财经商贸类,财经商贸大类,跨境电子商务,电子商务类,财经商贸大类,exact
苏州职业技术大学,历史,苏州职业技术大学02,127002,17,现代物流管理,财经商贸类,财经商贸大类,现代物流管理,物流类,财经商贸大类,exact
苏州职业技术大学,历史,苏州职业技术大学02,127002,18,会展策划与管理(干将路校区),旅游餐饮类,旅游大类,会展策划与管理,旅游类,旅游大类,exact
苏州职业技术大学,历史,苏州职业技术大学02,127002,19,学前教育(师范)(干将路校区),教育体育类,教育与体育大类,学前教育,教育类,教育与体育大类,exact
苏州职业技术大学,历史,苏州职业技术大学02,127002,20,商务英语(只招英语考生)(干将路校区),教育体育类,教育与体育大类,商务英语,语言类,教育与体育大类,exact
苏州职业技术大学,历史,苏州职业技术大学02,127002,21,法律事务,公安司法类,公安司法大类,法律事务,法律实务类,公安与司法大类,exact
苏州职业技术大学,历史,苏州职业技术大学02,127002,22,人力资源管理,公共管理服务类,公共管理与服务大类,人力资源管理,公共管理类,公共管理与服务大类,exact
苏州职业技术大学,历史,苏州职业技术大学02,127002,23,现代文秘,公共管理服务类,公共管理与服务大类,现代文秘,文秘类,公共管理与服务大类,exact
苏州职业技术大学,历史,苏州职业技术大学02,127002,24,网络新闻与传播,计算机类,电子与信息大类,网络新闻与传播,新闻出版类,新闻传播大类,exact
江苏卫生健康职业学院,历史,江苏卫生健康职业学院01,115801,01,护理(与南通大学分段培养项目),护理医学类,医药卫生大类,护理,护理类,医药卫生大类,exact
江苏卫生健康职业学院,历史,江苏卫生健康职业学院01,115801,02,护理(与徐州医科大学分段培养项目),护理医学类,医药卫生大类,护理,护理类,医药卫生大类,exact
江苏卫生健康职业学院,历史,江苏卫生健康职业学院01,115801,03,药学(与徐州医科大学分段培养项目),药学类,医药卫生大类,药学,药学类,医药卫生大类,exact
江苏卫生健康职业学院,历史,江苏卫生健康职业学院02,115802,04,中医学(为南京市六合区定向培养),护理医学类,医药卫生大类,中医学,中医药类,医药卫生大类,exact
江苏卫生健康职业学院,历史,江苏卫生健康职业学院02,115802,05,中医学(为徐州市贾汪区定向培养),护理医学类,医药卫生大类,中医学,中医药类,医药卫生大类,exact
江苏卫生健康职业学院,历史,江苏卫生健康职业学院02,115802,06,针灸推拿(为徐州市贾汪区定向培养),护理医学类,医药卫生大类,针灸推拿,中医药类,医药卫生大类,exact
江苏卫生健康职业学院,历史,江苏卫生健康职业学院02,115802,07,中医学(为徐州市新沂市定向培养),护理医学类,医药卫生大类,中医学,中医药类,医药卫生大类,exact
江苏卫生健康职业学院,历史,江苏卫生健康职业学院02,115802,08,中医学(为徐州市沛县定向培养),护理医学类,医药卫生大类,中医学,中医药类,医药卫生大类,exact
江苏卫生健康职业学院,历史,江苏卫生健康职业学院02,115802,09,针灸推拿(为徐州市沛县定向培养),护理医学类,医药卫生大类,针灸推拿,中医药类,医药卫生大类,exact
江苏卫生健康职业学院,历史,江苏卫生健康职业学院02,115802,10,中医学(为徐州市丰县定向培养),护理医学类,医药卫生大类,中医学,中医药类,医药卫生大类,exact
江苏卫生健康职业学院,历史,江苏卫生健康职业学院02,115802,11,针灸推拿(为徐州市丰县定向培养),护理医学类,医药卫生大类,针灸推拿,中医药类,医药卫生大类,exact
江苏卫生健康职业学院,历史,江苏卫生健康职业学院02,115802,12,中医学(为徐州市邳州市定向培养),护理医学类,医药卫生大类,中医学,中医药类,医药卫生大类,exact
江苏卫生健康职业学院,历史,江苏卫生健康职业学院02,115802,13,针灸推拿(为徐州市邳州市定向培养),护理医学类,医药卫生大类,针灸推拿,中医药类,医药卫生大类,exact
江苏卫生健康职业学院,历史,江苏卫生健康职业学院02,115802,14,中医学(为徐州市铜山区定向培养),护理医学类,医药卫生大类,中医学,中医药类,医药卫生大类,exact
江苏卫生健康职业学院,历史,江苏卫生健康职业学院02,115802,15,针灸推拿(为徐州市铜山区定向培养),护理医学类,医药卫生大类,针灸推拿,中医药类,医药卫生大类,exact
江苏卫生健康职业学院,历史,江苏卫生健康职业学院02,115802,16,中医学(为常州市溧阳市定向培养),护理医学类,医药卫生大类,中医学,中医药类,医药卫生大类,exact
江苏卫生健康职业学院,历史,江苏卫生健康职业学院02,115802,17,针灸推拿(为常州市溧阳市定向培养),护理医学类,医药卫生大类,针灸推拿,中医药类,医药卫生大类,exact
江苏卫生健康职业学院,历史,江苏卫生健康职业学院02,115802,18,针灸推拿(为连云港市东海县定向培养),护理医学类,医药卫生大类,针灸推拿,中医药类,医药卫生大类,exact
江苏卫生健康职业学院,历史,江苏卫生健康职业学院02,115802,19,针灸推拿(为连云港市海州区定向培养),护理医学类,医药卫生大类,针灸推拿,中医药类,医药卫生大类,exact
江苏卫生健康职业学院,历史,江苏卫生健康职业学院02,115802,20,针灸推拿(为连云港市连云区定向培养),护理医学类,医药卫生大类,针灸推拿,中医药类,医药卫生大类,exact
江苏卫生健康职业学院,历史,江苏卫生健康职业学院02,115802,21,中医学(为扬州市高邮市定向培养),护理医学类,医药卫生大类,中医学,中医药类,医药卫生大类,exact
江苏卫生健康职业学院,历史,江苏卫生健康职业学院02,115802,22,中医学(为扬州市仪征市定向培养),护理医学类,医药卫生大类,中医学,中医药类,医药卫生大类,exact
江苏卫生健康职业学院,历史,江苏卫生健康职业学院02,115802,23,中医学(为镇江市丹徒区定向培养),护理医学类,医药卫生大类,中医学,中医药类,医药卫生大类,exact
江苏卫生健康职业学院,历史,江苏卫生健康职业学院02,115802,24,针灸推拿(为泰州市靖江市定向培养),护理医学类,医药卫生大类,针灸推拿,中医药类,医药卫生大类,exact
江苏卫生健康职业学院,历史,江苏卫生健康职业学院02,115802,25,针灸推拿(为宿迁市沭阳县定向培养),护理医学类,医药卫生大类,针灸推拿,中医药类,医药卫生大类,exact
江苏卫生健康职业学院,历史,江苏卫生健康职业学院02,115802,26,中医学(为宿迁市宿城区定向培养),护理医学类,医药卫生大类,中医学,中医药类,医药卫生大类,exact
江苏卫生健康职业学院,历史,江苏卫生健康职业学院02,115802,27,针灸推拿(为宿迁市宿城区定向培养),护理医学类,医药卫生大类,针灸推拿,中医药类,医药卫生大类,exact
江苏卫生健康职业学院,历史,江苏卫生健康职业学院03,115803,28,中医学,护理医学类,医药卫生大类,中医学,中医药类,医药卫生大类,exact
江苏卫生健康职业学院,历史,江苏卫生健康职业学院03,115803,29,针灸推拿,护理医学类,医药卫生大类,针灸推拿,中医药类,医药卫生大类,exact
江苏卫生健康职业学院,历史,江苏卫生健康职业学院03,115803,30,护理,护理医学类,医药卫生大类,护理,护理类,医药卫生大类,exact
江苏卫生健康职业学院,历史,江苏卫生健康职业学院03,115803,31,助产,护理医学类,医药卫生大类,助产,护理类,医药卫生大类,exact
江苏卫生健康职业学院,历史,江苏卫生健康职业学院03,115803,32,药学,药学类,医药卫生大类,药学,药学类,医药卫生大类,exact
江苏卫生健康职业学院,历史,江苏卫生健康职业学院03,115803,33,中药学,药学类,医药卫生大类,中药学,中医药类,医药卫生大类,exact
江苏卫生健康职业学院,历史,江苏卫生健康职业学院03,115803,34,医学检验技术,护理医学类,医药卫生大类,医学检验技术,医学技术类,医药卫生大类,exact
江苏卫生健康职业学院,历史,江苏卫生健康职业学院03,115803,35,医学营养,食品药品类,食品药品与粮食大类,医学营养,健康管理与促进类,医药卫生大类,exact
江苏卫生健康职业学院,历史,江苏卫生健康职业学院03,115803,36,医养照护服务,其他专业类,其他,医养照护服务,健康管理与促进类,医药卫生大类,exact
江苏卫生健康职业学院,历史,江苏卫生健康职业学院03,115803,37,康复治疗技术,护理医学类,医药卫生大类,康复治疗技术,康复治疗类,医药卫生大类,exact
江苏卫生健康职业学院,历史,江苏卫生健康职业学院03,115803,38,医学美容技术,其他专业类,其他,医学美容技术,医学技术类,医药卫生大类,exact
江苏卫生健康职业学院,历史,江苏卫生健康职业学院03,115803,39,医学影像技术,护理医学类,医药卫生大类,医学影像技术,医学技术类,医药卫生大类,exact
江苏卫生健康职业学院,历史,江苏卫生健康职业学院04,115804,40,药品经营与管理,药学类,医药卫生大类,药品经营与管理,药品与医疗器械类,食品药品与粮食大类,exact
江苏卫生健康职业学院,历史,江苏卫生健康职业学院04,115804,41,健康管理,护理医学类,医药卫生大类,健康管理,健康管理与促进类,医药卫生大类,exact
江苏卫生健康职业学院,历史,江苏卫生健康职业学院04,115804,42,老年保健与管理,其他专业类,其他,老年保健与管理,健康管理与促进类,医药卫生大类,exact
江苏卫生健康职业学院,历史,江苏卫生健康职业学院04,115804,43,智慧健康养老服务与管理,公共管理服务类,公共管理与服务大类,智慧健康养老服务与管理,公共服务类,公共管理与服务大类,exact
江苏卫生健康职业学院,历史,江苏卫生健康职业学院04,115804,44,婴幼儿托育服务与管理,护理医学类,医药卫生大类,婴幼儿托育服务与管理,健康管理与促进类,医药卫生大类,exact
江苏卫生健康职业学院,历史,江苏卫生健康职业学院04,115804,45,中医康复技术,护理医学类,医药卫生大类,中医康复技术,中医药类,医药卫生大类,exact
江苏卫生健康职业学院,历史,江苏卫生健康职业学院04,115804,46,体育保健与康复,教育体育类,教育与体育大类,体育保健与康复,体育类,教育与体育大类,exact
江苏卫生健康职业学院,历史,江苏卫生健康职业学院04,115804,47,智能医疗装备技术,其他专业类,其他,智能医疗装备技术,药品与医疗器械类,食品药品与粮食大类,exact
江苏卫生健康职业学院,历史,江苏卫生健康职业学院04,115804,48,医疗器械维护与管理,其他专业类,其他,医疗器械维护与管理,药品与医疗器械类,食品药品与粮食大类,exact
江苏卫生健康职业学院,历史,江苏卫生健康职业学院04,115804,49,卫生信息管理,护理医学类,医药卫生大类,卫生信息管理,公共卫生与卫生管理类,医药卫生大类,exact
江苏卫生健康职业学院,历史,江苏卫生健康职业学院04,115804,50,健康大数据管理与服务,其他专业类,其他,健康大数据管理与服务,公共卫生与卫生管理类,医药卫生大类,exact
苏州工业职业技术学院,历史,苏州工业职业技术学院01,127301,01,市场营销(与苏州城市学院分段培养项目),财经商贸类,财经商贸大类,市场营销,工商管理类,财经商贸大类,exact
苏州工业职业技术学院,历史,苏州工业职业技术学院02,127302,02,机械制造及自动化,电气自动化类,装备制造大类,机械制造及自动化,机械设计制造类,装备制造大类,exact
苏州工业职业技术学院,历史,苏州工业职业技术学院02,127302,03,物联网应用技术,计算机类,电子与信息大类,物联网应用技术,电子信息类,电子与信息大类,exact
苏州工业职业技术学院,历史,苏州工业职业技术学院02,127302,04,现代通信技术,电子信息类,电子与信息大类,现代通信技术,通信类,电子与信息大类,exact
苏州工业职业技术学院,历史,苏州工业职业技术学院02,127302,05,大数据技术,计算机类,电子与信息大类,大数据技术,计算机类,电子与信息大类,exact
苏州工业职业技术学院,历史,苏州工业职业技术学院02,127302,06,数字孪生应用技术,其他专业类,其他,数字孪生应用技术,计算机类,电子与信息大类,exact
苏州工业职业技术学院,历史,苏州工业职业技术学院02,127302,07,新能源汽车技术,汽车制造类,装备制造大类,新能源汽车技术,汽车制造类,装备制造大类,exact
苏州工业职业技术学院,历史,苏州工业职业技术学院02,127302,08,汽车检测与维修技术,汽车制造类,装备制造大类,汽车检测与维修技术,道路运输类,交通运输大类,exact
苏州工业职业技术学院,历史,苏州工业职业技术学院02,127302,09,智能网联汽车技术,汽车制造类,装备制造大类,智能网联汽车技术,汽车制造类,装备制造大类,exact
苏州工业职业技术学院,历史,苏州工业职业技术学院03,127303,10,会计信息管理,财务会计类,财经商贸大类,会计信息管理,财务会计类,财经商贸大类,exact
安徽审计职业学院,历史,安徽审计职业学院01,232901,01,"大数据与审计[本专业拟按4300元/年收费,实际收费以物价(或主管)部门批复为准]",财务会计类,财经商贸大类,大数据与审计,财务会计类,财经商贸大类,exact
安徽审计职业学院,历史,安徽审计职业学院01,232901,02,"大数据与会计[本专业拟按4300元/年收费,实际收费以物价(或主管)部门批复为准]",财务会计类,财经商贸大类,大数据与会计,财务会计类,财经商贸大类,exact
江西电力职业技术学院,历史,江西电力职业技术学院01,251901,01,发电厂及电力系统,能源动力与材料类,能源动力与材料大类,发电厂及电力系统,电力技术类,能源动力与材料大类,exact
江西电力职业技术学院,历史,江西电力职业技术学院01,251901,02,供用电技术,能源动力与材料类,能源动力与材料大类,供用电技术,电力技术类,能源动力与材料大类,exact
江西电力职业技术学院,历史,江西电力职业技术学院01,251901,03,电力储能应用技术,能源动力与材料类,能源动力与材料大类,电力储能应用技术,电力技术类,能源动力与材料大类,exact
浙江经贸职业技术学院,历史,浙江经贸职业技术学院01,221701,01,市场营销,财经商贸类,财经商贸大类,市场营销,工商管理类,财经商贸大类,exact
浙江经贸职业技术学院,历史,浙江经贸职业技术学院01,221701,02,现代物流管理,财经商贸类,财经商贸大类,现代物流管理,物流类,财经商贸大类,exact
浙江经贸职业技术学院,历史,浙江经贸职业技术学院01,221701,03,应用英语,教育体育类,教育与体育大类,应用英语,语言类,教育与体育大类,exact
浙江经贸职业技术学院,历史,浙江经贸职业技术学院01,221701,04,大数据与会计,财务会计类,财经商贸大类,大数据与会计,财务会计类,财经商贸大类,exact
长沙航空职业技术学院,历史,长沙航空职业技术学院01,531101,01,导弹维修技术(水面舰艇人员合格)(只招男生)(海军),其他专业类,其他,导弹维修技术,航空装备类,装备制造大类,exact
长沙航空职业技术学院,历史,长沙航空职业技术学院02,531102,02,飞行器维修技术(只招男生)[空军(机务兵)],其他专业类,其他,飞行器维修技术,航空装备类,装备制造大类,exact
长沙航空职业技术学院,历史,长沙航空职业技术学院02,531102,03,导弹维修技术(只招男生)(空军),其他专业类,其他,导弹维修技术,航空装备类,装备制造大类,exact
长沙航空职业技术学院,历史,长沙航空职业技术学院02,531102,04,无人机应用技术(只招男生)(陆军),航空运输类,交通运输大类,无人机应用技术,航空装备类,装备制造大类,exact
长沙航空职业技术学院,历史,长沙航空职业技术学院02,531102,05,无人机应用技术(只招男生)(武警部队),航空运输类,交通运输大类,无人机应用技术,航空装备类,装备制造大类,exact
长沙民政职业技术学院,物理,长沙民政职业技术学院02,531202,12,机电一体化技术,电气自动化类,装备制造大类,机电一体化技术,自动化类,装备制造大类,exact
长沙民政职业技术学院,物理,长沙民政职业技术学院02,531202,13,物联网应用技术,计算机类,电子与信息大类,物联网应用技术,电子信息类,电子与信息大类,exact
长沙民政职业技术学院,物理,长沙民政职业技术学院02,531202,14,金融服务与管理,财经商贸类,财经商贸大类,金融服务与管理,金融类,财经商贸大类,exact
长沙民政职业技术学院,物理,长沙民政职业技术学院02,531202,15,人力资源管理,公共管理服务类,公共管理与服务大类,人力资源管理,公共管理类,公共管理与服务大类,exact
长沙民政职业技术学院,物理,长沙民政职业技术学院02,531202,16,婚庆服务与管理,公共管理服务类,公共管理与服务大类,婚庆服务与管理,公共服务类,公共管理与服务大类,exact
长沙民政职业技术学院,物理,长沙民政职业技术学院02,531202,17,现代殡葬技术与管理,公共管理服务类,公共管理与服务大类,现代殡葬技术与管理,公共服务类,公共管理与服务大类,exact
江苏信息职业技术学院,历史,江苏信息职业技术学院01,121001,01,物联网应用技术(只招男生)(空军),计算机类,电子与信息大类,物联网应用技术,电子信息类,电子与信息大类,exact
上海工艺美术职业学院,历史,上海工艺美术职业学院01,214601,01,文物修复与保护,其他专业类,其他,文物修复与保护,文化服务类,文化艺术大类,exact
上海工艺美术职业学院,历史,上海工艺美术职业学院01,214601,02,数字媒体技术,计算机类,电子与信息大类,数字媒体技术,计算机类,电子与信息大类,exact
上海工艺美术职业学院,历史,上海工艺美术职业学院01,214601,03,虚拟现实技术应用,计算机类,电子与信息大类,虚拟现实技术应用,计算机类,电子与信息大类,exact
上海工艺美术职业学院,历史,上海工艺美术职业学院01,214601,04,风景园林设计,土木建筑类,土木建筑大类,风景园林设计,建筑设计类,土木建筑大类,exact
上海工艺美术职业学院,历史,上海工艺美术职业学院01,214601,05,空间数字建模与应用技术,其他专业类,其他,空间数字建模与应用技术,测绘地理信息类,资源环境与安全大类,exact
南京信息职业技术学院,物理,南京信息职业技术学院07,115407,76,计算机网络技术(水面舰艇人员合格)(只招男生)(海军),计算机类,电子与信息大类,计算机网络技术,计算机类,电子与信息大类,exact
南京信息职业技术学院,物理,南京信息职业技术学院07,115407,77,大数据技术(水面舰艇人员合格)(只招男生)(海军),计算机类,电子与信息大类,大数据技术,计算机类,电子与信息大类,exact
南京信息职业技术学院,物理,南京信息职业技术学院08,115408,78,电子信息工程技术(只招男生)(火箭军),电子信息类,电子与信息大类,电子信息工程技术,电子信息类,电子与信息大类,exact
南京信息职业技术学院,物理,南京信息职业技术学院08,115408,79,计算机网络技术(只招男生)(火箭军),计算机类,电子与信息大类,计算机网络技术,计算机类,电子与信息大类,exact
太湖创意职业技术学院,历史,太湖创意职业技术学院01,195901,01,"护理(与无锡太湖学院分段培养项目)(报考该专业有色觉要求,具体请查阅院校招生章程)",护理医学类,医药卫生大类,护理,护理类,医药卫生大类,exact
太湖创意职业技术学院,历史,太湖创意职业技术学院02,195902,02,大数据与会计(与无锡太湖学院分段培养项目),财务会计类,财经商贸大类,大数据与会计,财务会计类,财经商贸大类,exact
太湖创意职业技术学院,历史,太湖创意职业技术学院03,195903,03,机电一体化技术,电气自动化类,装备制造大类,机电一体化技术,自动化类,装备制造大类,exact
太湖创意职业技术学院,历史,太湖创意职业技术学院03,195903,04,新能源汽车技术,汽车制造类,装备制造大类,新能源汽车技术,汽车制造类,装备制造大类,exact
太湖创意职业技术学院,历史,太湖创意职业技术学院03,195903,05,"计算机应用技术(报考该专业有色觉要求,具体请查阅院校招生章程)",计算机类,电子与信息大类,计算机应用技术,计算机类,电子与信息大类,exact
太湖创意职业技术学院,历史,太湖创意职业技术学院03,195903,06,动漫制作技术,文化艺术类,文化艺术大类,动漫制作技术,计算机类,电子与信息大类,exact
太湖创意职业技术学院,历史,太湖创意职业技术学院03,195903,07,集成电路技术,电子信息类,电子与信息大类,集成电路技术,集成电路类,电子与信息大类,exact
太湖创意职业技术学院,历史,太湖创意职业技术学院03,195903,08,"护理(报考该专业有色觉要求,具体请查阅院校招生章程)",护理医学类,医药卫生大类,护理,护理类,医药卫生大类,exact
太湖创意职业技术学院,历史,太湖创意职业技术学院03,195903,09,"婴幼儿托育服务与管理(报考该专业有色觉要求,具体请查阅院校招生章程)",护理医学类,医药卫生大类,婴幼儿托育服务与管理,健康管理与促进类,医药卫生大类,exact
太湖创意职业技术学院,历史,太湖创意职业技术学院03,195903,10,大数据与会计,财务会计类,财经商贸大类,大数据与会计,财务会计类,财经商贸大类,exact
太湖创意职业技术学院,历史,太湖创意职业技术学院03,195903,11,市场营销,财经商贸类,财经商贸大类,市场营销,工商管理类,财经商贸大类,exact
太湖创意职业技术学院,历史,太湖创意职业技术学院03,195903,12,电子商务,财经商贸类,财经商贸大类,电子商务,电子商务类,财经商贸大类,exact
太湖创意职业技术学院,历史,太湖创意职业技术学院03,195903,13,网络营销与直播电商,计算机类,电子与信息大类,网络营销与直播电商,电子商务类,财经商贸大类,exact
太湖创意职业技术学院,历史,太湖创意职业技术学院03,195903,14,商务英语,教育体育类,教育与体育大类,商务英语,语言类,教育与体育大类,exact
太湖创意职业技术学院,历史,太湖创意职业技术学院03,195903,15,智慧健康养老服务与管理,公共管理服务类,公共管理与服务大类,智慧健康养老服务与管理,公共服务类,公共管理与服务大类,exact
无锡职业技术大学,历史,无锡职业技术大学01,121101,01,模具设计与制造,机械设计制造类,装备制造大类,模具设计与制造,机械设计制造类,装备制造大类,exact
无锡职业技术大学,历史,无锡职业技术大学01,121101,02,智能制造装备技术,电气自动化类,装备制造大类,智能制造装备技术,机电设备类,装备制造大类,exact
无锡职业技术大学,历史,无锡职业技术大学01,121101,03,机电一体化技术,电气自动化类,装备制造大类,机电一体化技术,自动化类,装备制造大类,exact
无锡职业技术大学,历史,无锡职业技术大学01,121101,04,数字化设计与制造技术,机械设计制造类,装备制造大类,数字化设计与制造技术,机械设计制造类,装备制造大类,exact
无锡职业技术大学,历史,无锡职业技术大学01,121101,05,电子信息工程技术,电子信息类,电子与信息大类,电子信息工程技术,电子信息类,电子与信息大类,exact
无锡职业技术大学,历史,无锡职业技术大学01,121101,06,嵌入式技术应用,其他专业类,其他,嵌入式技术应用,计算机类,电子与信息大类,exact
无锡职业技术大学,历史,无锡职业技术大学01,121101,07,微电子技术,电子信息类,电子与信息大类,微电子技术,集成电路类,电子与信息大类,exact
无锡职业技术大学,历史,无锡职业技术大学01,121101,08,计算机网络技术,计算机类,电子与信息大类,计算机网络技术,计算机类,电子与信息大类,exact
无锡职业技术大学,历史,无锡职业技术大学01,121101,09,云计算技术应用,计算机类,电子与信息大类,云计算技术应用,计算机类,电子与信息大类,exact
无锡职业技术大学,历史,无锡职业技术大学01,121101,10,大数据技术,计算机类,电子与信息大类,大数据技术,计算机类,电子与信息大类,exact
无锡职业技术大学,历史,无锡职业技术大学01,121101,11,工业互联网技术,电气自动化类,装备制造大类,工业互联网技术,计算机类,电子与信息大类,exact
无锡职业技术大学,历史,无锡职业技术大学01,121101,12,工商企业管理,其他专业类,其他,工商企业管理,工商管理类,财经商贸大类,exact
无锡职业技术大学,历史,无锡职业技术大学01,121101,13,市场营销,财经商贸类,财经商贸大类,市场营销,工商管理类,财经商贸大类,exact
无锡职业技术大学,历史,无锡职业技术大学01,121101,14,电子商务,财经商贸类,财经商贸大类,电子商务,电子商务类,财经商贸大类,exact
无锡职业技术大学,历史,无锡职业技术大学01,121101,15,现代物流管理,财经商贸类,财经商贸大类,现代物流管理,物流类,财经商贸大类,exact
无锡职业技术大学,历史,无锡职业技术大学01,121101,16,金融服务与管理,财经商贸类,财经商贸大类,金融服务与管理,金融类,财经商贸大类,exact
无锡职业技术大学,历史,无锡职业技术大学01,121101,17,大数据与财务管理,财务会计类,财经商贸大类,大数据与财务管理,财务会计类,财经商贸大类,exact
无锡职业技术大学,历史,无锡职业技术大学01,121101,18,大数据与会计,财务会计类,财经商贸大类,大数据与会计,财务会计类,财经商贸大类,exact
无锡职业技术大学,历史,无锡职业技术大学01,121101,19,国际经济与贸易,财经商贸类,财经商贸大类,国际经济与贸易,经济贸易类,财经商贸大类,exact
无锡职业技术大学,历史,无锡职业技术大学01,121101,20,汽车检测与维修技术,汽车制造类,装备制造大类,汽车检测与维修技术,道路运输类,交通运输大类,exact
无锡职业技术大学,历史,无锡职业技术大学01,121101,21,新能源汽车技术,汽车制造类,装备制造大类,新能源汽车技术,汽车制造类,装备制造大类,exact
无锡职业技术大学,历史,无锡职业技术大学01,121101,22,汽车制造与试验技术,机械设计制造类,装备制造大类,汽车制造与试验技术,汽车制造类,装备制造大类,exact
无锡职业技术大学,历史,无锡职业技术大学01,121101,23,空中乘务,航空运输类,交通运输大类,空中乘务,航空运输类,交通运输大类,exact
无锡职业技术大学,历史,无锡职业技术大学01,121101,24,智能网联汽车技术,汽车制造类,装备制造大类,智能网联汽车技术,汽车制造类,装备制造大类,exact
无锡职业技术大学,历史,无锡职业技术大学01,121101,25,旅游管理,旅游餐饮类,旅游大类,旅游管理,旅游类,旅游大类,exact
无锡职业技术大学,历史,无锡职业技术大学01,121101,26,酒店管理与数字化运营,旅游餐饮类,旅游大类,酒店管理与数字化运营,旅游类,旅游大类,exact
无锡职业技术大学,历史,无锡职业技术大学01,121101,27,智慧旅游技术应用,旅游餐饮类,旅游大类,智慧旅游技术应用,旅游类,旅游大类,exact
无锡职业技术大学,历史,无锡职业技术大学01,121101,28,智慧健康养老服务与管理,公共管理服务类,公共管理与服务大类,智慧健康养老服务与管理,公共服务类,公共管理与服务大类,exact
无锡职业技术大学,历史,无锡职业技术大学02,121102,29,机电一体化技术(中外合作办学),电气自动化类,装备制造大类,机电一体化技术,自动化类,装备制造大类,exact
无锡职业技术大学,历史,无锡职业技术大学02,121102,30,数字化设计与制造技术(中外合作办学),机械设计制造类,装备制造大类,数字化设计与制造技术,机械设计制造类,装备制造大类,exact
无锡职业技术大学,历史,无锡职业技术大学02,121102,31,应用电子技术(中外合作办学),电子信息类,电子与信息大类,应用电子技术,电子信息类,电子与信息大类,exact
无锡职业技术大学,历史,无锡职业技术大学02,121102,32,大数据与财务管理(中外合作办学),财务会计类,财经商贸大类,大数据与财务管理,财务会计类,财经商贸大类,exact
南京信息职业技术学院,历史,南京信息职业技术学院02,115402,35,计算机网络技术(水面舰艇人员合格)(只招男生)(海军),计算机类,电子与信息大类,计算机网络技术,计算机类,电子与信息大类,exact
南京信息职业技术学院,历史,南京信息职业技术学院02,115402,36,大数据技术(水面舰艇人员合格)(只招男生)(海军),计算机类,电子与信息大类,大数据技术,计算机类,电子与信息大类,exact
南京信息职业技术学院,历史,南京信息职业技术学院03,115403,37,电子信息工程技术(只招男生)(火箭军),电子信息类,电子与信息大类,电子信息工程技术,电子信息类,电子与信息大类,exact
南京信息职业技术学院,历史,南京信息职业技术学院03,115403,38,计算机网络技术(只招男生)(火箭军),计算机类,电子与信息大类,计算机网络技术,计算机类,电子与信息大类,exact
苏州卫生职业技术学院,历史,苏州卫生职业技术学院01,127501,01,护理(与徐州医科大学分段培养项目),护理医学类,医药卫生大类,护理,护理类,医药卫生大类,exact
苏州卫生职业技术学院,历史,苏州卫生职业技术学院01,127501,02,中药学(与南京中医药大学分段培养项目),护理医学类,医药卫生大类,中药学,中医药类,医药卫生大类,exact
苏州卫生职业技术学院,历史,苏州卫生职业技术学院01,127501,03,医学检验技术(与徐州医科大学分段培养项目),护理医学类,医药卫生大类,医学检验技术,医学技术类,医药卫生大类,exact
苏州卫生职业技术学院,历史,苏州卫生职业技术学院02,127502,04,中医学,护理医学类,医药卫生大类,中医学,中医药类,医药卫生大类,exact
苏州卫生职业技术学院,历史,苏州卫生职业技术学院02,127502,05,康复治疗技术,护理医学类,医药卫生大类,康复治疗技术,康复治疗类,医药卫生大类,exact
苏州卫生职业技术学院,历史,苏州卫生职业技术学院02,127502,06,医学影像技术,护理医学类,医药卫生大类,医学影像技术,医学技术类,医药卫生大类,exact
苏州卫生职业技术学院,历史,苏州卫生职业技术学院02,127502,07,智能医疗装备技术,其他专业类,其他,智能医疗装备技术,药品与医疗器械类,食品药品与粮食大类,exact
苏州卫生职业技术学院,历史,苏州卫生职业技术学院02,127502,08,护理,护理医学类,医药卫生大类,护理,护理类,医药卫生大类,exact
苏州卫生职业技术学院,历史,苏州卫生职业技术学院02,127502,09,助产,护理医学类,医药卫生大类,助产,护理类,医药卫生大类,exact
苏州卫生职业技术学院,历史,苏州卫生职业技术学院02,127502,10,药学,药学类,医药卫生大类,药学,药学类,医药卫生大类,exact
苏州卫生职业技术学院,历史,苏州卫生职业技术学院02,127502,11,中药学,药学类,医药卫生大类,中药学,中医药类,医药卫生大类,exact
苏州卫生职业技术学院,历史,苏州卫生职业技术学院02,127502,12,药品质量与安全,药学类,医药卫生大类,药品质量与安全,药品与医疗器械类,食品药品与粮食大类,exact
苏州卫生职业技术学院,历史,苏州卫生职业技术学院02,127502,13,生物制药技术,生物化工类,生物与化工大类,生物制药技术,药品与医疗器械类,食品药品与粮食大类,exact
苏州卫生职业技术学院,历史,苏州卫生职业技术学院02,127502,14,医学检验技术,护理医学类,医药卫生大类,医学检验技术,医学技术类,医药卫生大类,exact
苏州卫生职业技术学院,历史,苏州卫生职业技术学院02,127502,15,医学营养,食品药品类,食品药品与粮食大类,医学营养,健康管理与促进类,医药卫生大类,exact
苏州卫生职业技术学院,历史,苏州卫生职业技术学院02,127502,16,医学生物技术,其他专业类,其他,医学生物技术,医学技术类,医药卫生大类,exact
苏州卫生职业技术学院,历史,苏州卫生职业技术学院02,127502,17,健康管理,护理医学类,医药卫生大类,健康管理,健康管理与促进类,医药卫生大类,exact
苏州卫生职业技术学院,历史,苏州卫生职业技术学院02,127502,18,老年保健与管理,其他专业类,其他,老年保健与管理,健康管理与促进类,医药卫生大类,exact
苏州卫生职业技术学院,历史,苏州卫生职业技术学院02,127502,19,健康大数据管理与服务,其他专业类,其他,健康大数据管理与服务,公共卫生与卫生管理类,医药卫生大类,exact
苏州卫生职业技术学院,历史,苏州卫生职业技术学院02,127502,20,智慧健康养老服务与管理,公共管理服务类,公共管理与服务大类,智慧健康养老服务与管理,公共服务类,公共管理与服务大类,exact
苏州卫生职业技术学院,历史,苏州卫生职业技术学院02,127502,21,口腔医学技术,护理医学类,医药卫生大类,口腔医学技术,医学技术类,医药卫生大类,exact
苏州卫生职业技术学院,历史,苏州卫生职业技术学院02,127502,22,眼视光技术,护理医学类,医药卫生大类,眼视光技术,眼视光类,医药卫生大类,exact
苏州卫生职业技术学院,历史,苏州卫生职业技术学院02,127502,23,视觉训练与康复,文化艺术类,文化艺术大类,视觉训练与康复,眼视光类,医药卫生大类,exact
苏州经贸职业技术学院,历史,苏州经贸职业技术学院01,127401,01,软件技术(与南京工业职业技术大学分段培养项目),计算机类,电子与信息大类,软件技术,计算机类,电子与信息大类,exact
苏州经贸职业技术学院,历史,苏州经贸职业技术学院01,127401,02,现代物流管理(与南京工业职业技术大学分段培养项目),财经商贸类,财经商贸大类,现代物流管理,物流类,财经商贸大类,exact
苏州经贸职业技术学院,历史,苏州经贸职业技术学院01,127401,03,工业互联网应用[与苏州职业技术大学(原苏州市职业大学)分段培养项目],电气自动化类,装备制造大类,工业互联网应用,自动化类,装备制造大类,exact
苏州经贸职业技术学院,历史,苏州经贸职业技术学院02,127402,04,现代物流管理,财经商贸类,财经商贸大类,现代物流管理,物流类,财经商贸大类,exact
苏州经贸职业技术学院,历史,苏州经贸职业技术学院02,127402,05,财税大数据应用,其他专业类,其他,财税大数据应用,财政税务类,财经商贸大类,exact
苏州经贸职业技术学院,历史,苏州经贸职业技术学院02,127402,06,大数据技术,计算机类,电子与信息大类,大数据技术,计算机类,电子与信息大类,exact
苏州经贸职业技术学院,历史,苏州经贸职业技术学院02,127402,07,国际经济与贸易,财经商贸类,财经商贸大类,国际经济与贸易,经济贸易类,财经商贸大类,exact
苏州经贸职业技术学院,历史,苏州经贸职业技术学院02,127402,08,计算机应用技术,计算机类,电子与信息大类,计算机应用技术,计算机类,电子与信息大类,exact
苏州经贸职业技术学院,历史,苏州经贸职业技术学院02,127402,09,应用电子技术,电子信息类,电子与信息大类,应用电子技术,电子信息类,电子与信息大类,exact
苏州经贸职业技术学院,历史,苏州经贸职业技术学院02,127402,10,软件技术,计算机类,电子与信息大类,软件技术,计算机类,电子与信息大类,exact
苏州经贸职业技术学院,历史,苏州经贸职业技术学院02,127402,11,智能产品开发与应用,电子信息类,电子与信息大类,智能产品开发与应用,电子信息类,电子与信息大类,exact
苏州经贸职业技术学院,历史,苏州经贸职业技术学院02,127402,12,物联网应用技术,计算机类,电子与信息大类,物联网应用技术,电子信息类,电子与信息大类,exact
苏州经贸职业技术学院,历史,苏州经贸职业技术学院02,127402,13,数字化设计与制造技术,机械设计制造类,装备制造大类,数字化设计与制造技术,机械设计制造类,装备制造大类,exact
苏州经贸职业技术学院,历史,苏州经贸职业技术学院02,127402,14,人工智能技术应用,计算机类,电子与信息大类,人工智能技术应用,计算机类,电子与信息大类,exact
苏州经贸职业技术学院,历史,苏州经贸职业技术学院02,127402,15,工业互联网技术,电气自动化类,装备制造大类,工业互联网技术,计算机类,电子与信息大类,exact
苏州经贸职业技术学院,历史,苏州经贸职业技术学院02,127402,16,市场营销,财经商贸类,财经商贸大类,市场营销,工商管理类,财经商贸大类,exact
苏州经贸职业技术学院,历史,苏州经贸职业技术学院02,127402,17,信息安全技术应用,计算机类,电子与信息大类,信息安全技术应用,计算机类,电子与信息大类,exact
苏州经贸职业技术学院,历史,苏州经贸职业技术学院02,127402,18,分析检验技术,生物化工类,生物与化工大类,分析检验技术,化工技术类,生物与化工大类,exact
苏州经贸职业技术学院,历史,苏州经贸职业技术学院02,127402,19,电子商务,财经商贸类,财经商贸大类,电子商务,电子商务类,财经商贸大类,exact
苏州经贸职业技术学院,历史,苏州经贸职业技术学院02,127402,20,金融服务与管理,财经商贸类,财经商贸大类,金融服务与管理,金融类,财经商贸大类,exact
苏州经贸职业技术学院,历史,苏州经贸职业技术学院02,127402,21,酒店管理与数字化运营,旅游餐饮类,旅游大类,酒店管理与数字化运营,旅游类,旅游大类,exact
苏州经贸职业技术学院,历史,苏州经贸职业技术学院02,127402,22,跨境电子商务,财经商贸类,财经商贸大类,跨境电子商务,电子商务类,财经商贸大类,exact
苏州经贸职业技术学院,历史,苏州经贸职业技术学院02,127402,23,财富管理,其他专业类,其他,财富管理,金融类,财经商贸大类,exact
苏州经贸职业技术学院,历史,苏州经贸职业技术学院02,127402,24,会展策划与管理,旅游餐饮类,旅游大类,会展策划与管理,旅游类,旅游大类,exact
苏州经贸职业技术学院,历史,苏州经贸职业技术学院02,127402,25,连锁经营与管理,财经商贸类,财经商贸大类,连锁经营与管理,工商管理类,财经商贸大类,exact
苏州经贸职业技术学院,历史,苏州经贸职业技术学院02,127402,26,大数据与会计,财务会计类,财经商贸大类,大数据与会计,财务会计类,财经商贸大类,exact
苏州经贸职业技术学院,历史,苏州经贸职业技术学院02,127402,27,现代文秘,公共管理服务类,公共管理与服务大类,现代文秘,文秘类,公共管理与服务大类,exact
苏州经贸职业技术学院,历史,苏州经贸职业技术学院02,127402,28,网络营销与直播电商,计算机类,电子与信息大类,网络营销与直播电商,电子商务类,财经商贸大类,exact
苏州经贸职业技术学院,历史,苏州经贸职业技术学院02,127402,29,大数据与财务管理,财务会计类,财经商贸大类,大数据与财务管理,财务会计类,财经商贸大类,exact
苏州经贸职业技术学院,历史,苏州经贸职业技术学院02,127402,30,商务英语(只招英语考生),教育体育类,教育与体育大类,商务英语,语言类,教育与体育大类,exact
郑州电力高等专科学校,物理,郑州电力高等专科学校01,510801,01,电力系统自动化技术,电气自动化类,装备制造大类,电力系统自动化技术,电力技术类,能源动力与材料大类,exact
郑州电力高等专科学校,物理,郑州电力高等专科学校01,510801,02,电力系统继电保护技术,能源动力与材料类,能源动力与材料大类,电力系统继电保护技术,电力技术类,能源动力与材料大类,exact
郑州电力高等专科学校,物理,郑州电力高等专科学校01,510801,03,输配电工程技术,其他专业类,其他,输配电工程技术,电力技术类,能源动力与材料大类,exact
江苏经贸职业技术学院,历史,江苏经贸职业技术学院01,115601,01,金融服务与管理(与金陵科技学院分段培养项目),财经商贸类,财经商贸大类,金融服务与管理,金融类,财经商贸大类,exact
江苏经贸职业技术学院,历史,江苏经贸职业技术学院02,115602,02,大数据与会计,财务会计类,财经商贸大类,大数据与会计,财务会计类,财经商贸大类,exact
江苏经贸职业技术学院,历史,江苏经贸职业技术学院02,115602,03,大数据与财务管理,财务会计类,财经商贸大类,大数据与财务管理,财务会计类,财经商贸大类,exact
江苏经贸职业技术学院,历史,江苏经贸职业技术学院02,115602,04,大数据与审计,财务会计类,财经商贸大类,大数据与审计,财务会计类,财经商贸大类,exact
江苏经贸职业技术学院,历史,江苏经贸职业技术学院02,115602,05,业财数据应用与管理,其他专业类,其他,业财数据应用与管理,财务会计类,财经商贸大类,exact
江苏经贸职业技术学院,历史,江苏经贸职业技术学院02,115602,06,金融服务与管理,财经商贸类,财经商贸大类,金融服务与管理,金融类,财经商贸大类,exact
江苏经贸职业技术学院,历史,江苏经贸职业技术学院02,115602,07,金融科技应用,财经商贸类,财经商贸大类,金融科技应用,金融类,财经商贸大类,exact
江苏经贸职业技术学院,历史,江苏经贸职业技术学院02,115602,08,食品检验检测技术,食品药品类,食品药品与粮食大类,食品检验检测技术,食品类,食品药品与粮食大类,exact
江苏经贸职业技术学院,历史,江苏经贸职业技术学院02,115602,09,食品药品监督管理,食品药品类,食品药品与粮食大类,食品药品监督管理,药品与医疗器械类,食品药品与粮食大类,exact
江苏经贸职业技术学院,历史,江苏经贸职业技术学院02,115602,10,智慧健康养老服务与管理,公共管理服务类,公共管理与服务大类,智慧健康养老服务与管理,公共服务类,公共管理与服务大类,exact
江苏经贸职业技术学院,历史,江苏经贸职业技术学院02,115602,11,制冷与空调技术,其他专业类,其他,制冷与空调技术,机电设备类,装备制造大类,exact
江苏经贸职业技术学院,历史,江苏经贸职业技术学院02,115602,12,智能网联汽车技术,汽车制造类,装备制造大类,智能网联汽车技术,汽车制造类,装备制造大类,exact
江苏经贸职业技术学院,历史,江苏经贸职业技术学院02,115602,13,智能产品开发与应用,电子信息类,电子与信息大类,智能产品开发与应用,电子信息类,电子与信息大类,exact
江苏经贸职业技术学院,历史,江苏经贸职业技术学院02,115602,14,人工智能技术应用,计算机类,电子与信息大类,人工智能技术应用,计算机类,电子与信息大类,exact
江苏经贸职业技术学院,历史,江苏经贸职业技术学院02,115602,15,人工智能数据工程技术,计算机类,电子与信息大类,人工智能数据工程技术,计算机类,电子与信息大类,exact
江苏经贸职业技术学院,历史,江苏经贸职业技术学院02,115602,16,现代物流管理,财经商贸类,财经商贸大类,现代物流管理,物流类,财经商贸大类,exact
江苏经贸职业技术学院,历史,江苏经贸职业技术学院02,115602,17,物联网应用技术,计算机类,电子与信息大类,物联网应用技术,电子信息类,电子与信息大类,exact
江苏经贸职业技术学院,历史,江苏经贸职业技术学院02,115602,18,供应链运营,其他专业类,其他,供应链运营,物流类,财经商贸大类,exact
江苏经贸职业技术学院,历史,江苏经贸职业技术学院02,115602,19,连锁经营与管理,财经商贸类,财经商贸大类,连锁经营与管理,工商管理类,财经商贸大类,exact
江苏经贸职业技术学院,历史,江苏经贸职业技术学院02,115602,20,低空物流技术与运营,财经商贸类,财经商贸大类,低空物流技术与运营,物流类,财经商贸大类,exact
江苏经贸职业技术学院,历史,江苏经贸职业技术学院02,115602,21,旅游管理,旅游餐饮类,旅游大类,旅游管理,旅游类,旅游大类,exact
江苏经贸职业技术学院,历史,江苏经贸职业技术学院02,115602,22,酒店管理与数字化运营,旅游餐饮类,旅游大类,酒店管理与数字化运营,旅游类,旅游大类,exact
江苏经贸职业技术学院,历史,江苏经贸职业技术学院02,115602,23,商务英语(只招英语考生),教育体育类,教育与体育大类,商务英语,语言类,教育与体育大类,exact
江苏经贸职业技术学院,历史,江苏经贸职业技术学院02,115602,24,文化产业经营与管理,其他专业类,其他,文化产业经营与管理,文化服务类,文化艺术大类,exact
江苏经贸职业技术学院,历史,江苏经贸职业技术学院02,115602,25,法律事务,公安司法类,公安司法大类,法律事务,法律实务类,公安与司法大类,exact
江苏经贸职业技术学院,历史,江苏经贸职业技术学院02,115602,26,移动商务,其他专业类,其他,移动商务,电子商务类,财经商贸大类,exact
江苏经贸职业技术学院,历史,江苏经贸职业技术学院02,115602,27,跨境电子商务,财经商贸类,财经商贸大类,跨境电子商务,电子商务类,财经商贸大类,exact
江苏经贸职业技术学院,历史,江苏经贸职业技术学院02,115602,28,电子商务,财经商贸类,财经商贸大类,电子商务,电子商务类,财经商贸大类,exact
江苏经贸职业技术学院,历史,江苏经贸职业技术学院02,115602,29,工商企业管理,其他专业类,其他,工商企业管理,工商管理类,财经商贸大类,exact
江苏经贸职业技术学院,历史,江苏经贸职业技术学院02,115602,30,数智营销,其他专业类,其他,数智营销,工商管理类,财经商贸大类,exact
江苏经贸职业技术学院,历史,江苏经贸职业技术学院02,115602,31,人力资源管理,公共管理服务类,公共管理与服务大类,人力资源管理,公共管理类,公共管理与服务大类,exact
南京信息职业技术学院,物理,南京信息职业技术学院04,115404,39,物联网应用技术(与江苏理工学院分段培养项目),计算机类,电子与信息大类,物联网应用技术,电子信息类,电子与信息大类,exact
南京信息职业技术学院,物理,南京信息职业技术学院05,115405,40,现代通信技术(与南京工业职业技术大学分段培养项目),电子信息类,电子与信息大类,现代通信技术,通信类,电子与信息大类,exact
南京信息职业技术学院,物理,南京信息职业技术学院06,115406,41,电子信息工程技术,电子信息类,电子与信息大类,电子信息工程技术,电子信息类,电子与信息大类,exact
南京信息职业技术学院,物理,南京信息职业技术学院06,115406,42,数字媒体技术,计算机类,电子与信息大类,数字媒体技术,计算机类,电子与信息大类,exact
南京信息职业技术学院,物理,南京信息职业技术学院06,115406,43,机电一体化技术,电气自动化类,装备制造大类,机电一体化技术,自动化类,装备制造大类,exact
南京信息职业技术学院,物理,南京信息职业技术学院06,115406,44,光伏工程技术,能源动力与材料类,能源动力与材料大类,光伏工程技术,新能源发电工程类,能源动力与材料大类,exact
南京信息职业技术学院,物理,南京信息职业技术学院06,115406,45,集成电路技术,电子信息类,电子与信息大类,集成电路技术,集成电路类,电子与信息大类,exact
南京信息职业技术学院,物理,南京信息职业技术学院06,115406,46,新能源汽车技术,汽车制造类,装备制造大类,新能源汽车技术,汽车制造类,装备制造大类,exact
南京信息职业技术学院,物理,南京信息职业技术学院06,115406,47,嵌入式技术应用,其他专业类,其他,嵌入式技术应用,计算机类,电子与信息大类,exact
南京信息职业技术学院,物理,南京信息职业技术学院06,115406,48,智能体技术应用,其他专业类,其他,智能体技术应用,计算机类,电子与信息大类,exact
南京信息职业技术学院,物理,南京信息职业技术学院06,115406,49,移动应用开发,其他专业类,其他,移动应用开发,计算机类,电子与信息大类,exact
南京信息职业技术学院,物理,南京信息职业技术学院06,115406,50,工业机器人技术,电气自动化类,装备制造大类,工业机器人技术,自动化类,装备制造大类,exact
南京信息职业技术学院,物理,南京信息职业技术学院06,115406,51,现代通信技术,电子信息类,电子与信息大类,现代通信技术,通信类,电子与信息大类,exact
南京信息职业技术学院,物理,南京信息职业技术学院06,115406,52,物联网应用技术,计算机类,电子与信息大类,物联网应用技术,电子信息类,电子与信息大类,exact
南京信息职业技术学院,物理,南京信息职业技术学院06,115406,53,具身智能机器人技术,其他专业类,其他,具身智能机器人技术,自动化类,装备制造大类,exact
南京信息职业技术学院,物理,南京信息职业技术学院06,115406,54,云计算技术应用,计算机类,电子与信息大类,云计算技术应用,计算机类,电子与信息大类,exact
南京信息职业技术学院,物理,南京信息职业技术学院06,115406,55,低空智联网技术,其他专业类,其他,低空智联网技术,通信类,电子与信息大类,exact
南京信息职业技术学院,物理,南京信息职业技术学院06,115406,56,量子通信技术应用,电子信息类,电子与信息大类,量子通信技术应用,通信类,电子与信息大类,exact
南京信息职业技术学院,物理,南京信息职业技术学院06,115406,57,智能网联汽车技术,汽车制造类,装备制造大类,智能网联汽车技术,汽车制造类,装备制造大类,exact
南京信息职业技术学院,物理,南京信息职业技术学院06,115406,58,智能交通技术,其他专业类,其他,智能交通技术,道路运输类,交通运输大类,exact
南京信息职业技术学院,物理,南京信息职业技术学院06,115406,59,虚拟现实技术应用,计算机类,电子与信息大类,虚拟现实技术应用,计算机类,电子与信息大类,exact
南京信息职业技术学院,物理,南京信息职业技术学院06,115406,60,软件技术,计算机类,电子与信息大类,软件技术,计算机类,电子与信息大类,exact
南京信息职业技术学院,物理,南京信息职业技术学院06,115406,61,电气自动化技术,电气自动化类,装备制造大类,电气自动化技术,自动化类,装备制造大类,exact
南京信息职业技术学院,物理,南京信息职业技术学院06,115406,62,大数据与会计,财务会计类,财经商贸大类,大数据与会计,财务会计类,财经商贸大类,exact
南京信息职业技术学院,物理,南京信息职业技术学院06,115406,63,人工智能数据工程技术,计算机类,电子与信息大类,人工智能数据工程技术,计算机类,电子与信息大类,exact
南京信息职业技术学院,物理,南京信息职业技术学院06,115406,64,网络营销与直播电商,计算机类,电子与信息大类,网络营销与直播电商,电子商务类,财经商贸大类,exact
南京信息职业技术学院,物理,南京信息职业技术学院06,115406,65,人工智能技术应用,计算机类,电子与信息大类,人工智能技术应用,计算机类,电子与信息大类,exact
南京信息职业技术学院,物理,南京信息职业技术学院06,115406,66,智能控制技术,电气自动化类,装备制造大类,智能控制技术,自动化类,装备制造大类,exact
南京信息职业技术学院,物理,南京信息职业技术学院06,115406,67,检验检测技术与管理,其他专业类,其他,检验检测技术与管理,公共管理类,公共管理与服务大类,exact
南京信息职业技术学院,物理,南京信息职业技术学院06,115406,68,电子商务,财经商贸类,财经商贸大类,电子商务,电子商务类,财经商贸大类,exact
南京信息职业技术学院,物理,南京信息职业技术学院06,115406,69,商务数据分析与应用,财经商贸类,财经商贸大类,商务数据分析与应用,电子商务类,财经商贸大类,exact
南京信息职业技术学院,物理,南京信息职业技术学院06,115406,70,工业互联网应用,电气自动化类,装备制造大类,工业互联网应用,自动化类,装备制造大类,exact
南京信息职业技术学院,物理,南京信息职业技术学院06,115406,71,电信服务与管理,其他专业类,其他,电信服务与管理,通信类,电子与信息大类,exact
南京信息职业技术学院,物理,南京信息职业技术学院06,115406,72,智能光电技术应用,电子信息类,电子与信息大类,智能光电技术应用,电子信息类,电子与信息大类,exact
南京信息职业技术学院,物理,南京信息职业技术学院06,115406,73,大数据技术,计算机类,电子与信息大类,大数据技术,计算机类,电子与信息大类,exact
南京信息职业技术学院,物理,南京信息职业技术学院06,115406,74,智能物流技术,财经商贸类,财经商贸大类,智能物流技术,物流类,财经商贸大类,exact
南京信息职业技术学院,物理,南京信息职业技术学院06,115406,75,电子产品检测技术,电子信息类,电子与信息大类,电子产品检测技术,电子信息类,电子与信息大类,exact
南京机电职业技术学院,历史,南京机电职业技术学院01,115901,01,机电一体化技术,电气自动化类,装备制造大类,机电一体化技术,自动化类,装备制造大类,exact
南京机电职业技术学院,历史,南京机电职业技术学院01,115901,02,电气自动化技术,电气自动化类,装备制造大类,电气自动化技术,自动化类,装备制造大类,exact
南京机电职业技术学院,历史,南京机电职业技术学院01,115901,03,供用电技术,能源动力与材料类,能源动力与材料大类,供用电技术,电力技术类,能源动力与材料大类,exact
南京机电职业技术学院,历史,南京机电职业技术学院01,115901,04,智能控制技术,电气自动化类,装备制造大类,智能控制技术,自动化类,装备制造大类,exact
南京机电职业技术学院,历史,南京机电职业技术学院01,115901,05,机械制造及自动化,电气自动化类,装备制造大类,机械制造及自动化,机械设计制造类,装备制造大类,exact
南京机电职业技术学院,历史,南京机电职业技术学院01,115901,06,数控技术,机械设计制造类,装备制造大类,数控技术,机械设计制造类,装备制造大类,exact
南京机电职业技术学院,历史,南京机电职业技术学院01,115901,07,机械设计与制造,机械设计制造类,装备制造大类,机械设计与制造,机械设计制造类,装备制造大类,exact
南京机电职业技术学院,历史,南京机电职业技术学院01,115901,08,智能制造装备技术,电气自动化类,装备制造大类,智能制造装备技术,机电设备类,装备制造大类,exact
南京机电职业技术学院,历史,南京机电职业技术学院01,115901,09,航天装备精密制造技术,机械设计制造类,装备制造大类,航天装备精密制造技术,航空装备类,装备制造大类,exact
南京机电职业技术学院,历史,南京机电职业技术学院01,115901,10,电子信息工程技术,电子信息类,电子与信息大类,电子信息工程技术,电子信息类,电子与信息大类,exact
南京机电职业技术学院,历史,南京机电职业技术学院01,115901,11,物联网应用技术,计算机类,电子与信息大类,物联网应用技术,电子信息类,电子与信息大类,exact
南京机电职业技术学院,历史,南京机电职业技术学院01,115901,12,智能产品开发与应用,电子信息类,电子与信息大类,智能产品开发与应用,电子信息类,电子与信息大类,exact
南京机电职业技术学院,历史,南京机电职业技术学院01,115901,13,无人机应用技术,航空运输类,交通运输大类,无人机应用技术,航空装备类,装备制造大类,exact
南京机电职业技术学院,历史,南京机电职业技术学院01,115901,14,软件技术,计算机类,电子与信息大类,软件技术,计算机类,电子与信息大类,exact
南京机电职业技术学院,历史,南京机电职业技术学院01,115901,15,现代通信技术,电子信息类,电子与信息大类,现代通信技术,通信类,电子与信息大类,exact
南京机电职业技术学院,历史,南京机电职业技术学院01,115901,16,移动商务,其他专业类,其他,移动商务,电子商务类,财经商贸大类,exact
南京机电职业技术学院,历史,南京机电职业技术学院01,115901,17,云计算技术应用,计算机类,电子与信息大类,云计算技术应用,计算机类,电子与信息大类,exact
南京机电职业技术学院,历史,南京机电职业技术学院01,115901,18,卫星通信与导航技术,电子信息类,电子与信息大类,卫星通信与导航技术,通信类,电子与信息大类,exact
南京机电职业技术学院,历史,南京机电职业技术学院01,115901,19,大数据与会计,财务会计类,财经商贸大类,大数据与会计,财务会计类,财经商贸大类,exact
南京机电职业技术学院,历史,南京机电职业技术学院01,115901,20,数字媒体技术,计算机类,电子与信息大类,数字媒体技术,计算机类,电子与信息大类,exact
南京机电职业技术学院,历史,南京机电职业技术学院01,115901,21,金融科技应用,财经商贸类,财经商贸大类,金融科技应用,金融类,财经商贸大类,exact
上海民航职业技术学院,历史,上海民航职业技术学院01,216701,01,民航运输服务,航空运输类,交通运输大类,民航运输服务,航空运输类,交通运输大类,exact
上海民航职业技术学院,历史,上海民航职业技术学院01,216701,02,民航运输服务(民航电子商务),航空运输类,交通运输大类,民航运输服务,航空运输类,交通运输大类,exact
上海民航职业技术学院,历史,上海民航职业技术学院01,216701,03,航空物流管理,航空运输类,交通运输大类,航空物流管理,物流类,财经商贸大类,exact
上海民航职业技术学院,历史,上海民航职业技术学院01,216701,04,民航安全技术管理,航空运输类,交通运输大类,民航安全技术管理,航空运输类,交通运输大类,exact
上海民航职业技术学院,历史,上海民航职业技术学院02,216702,05,空中乘务(浦东校区)(报考该专业须查阅院校官网报考指南),航空运输类,交通运输大类,空中乘务,航空运输类,交通运输大类,exact
上海民航职业技术学院,历史,上海民航职业技术学院03,216703,06,民航空中安全保卫(浦东校区)(报考该专业须查阅院校官网报考指南),航空运输类,交通运输大类,民航空中安全保卫,航空运输类,交通运输大类,exact
上海出版印刷高等专科学校,历史,上海出版印刷高等专科学校01,213201,01,商务英语(该校要求报考该专业外语成绩不低于60分),教育体育类,教育与体育大类,商务英语,语言类,教育与体育大类,exact
上海出版印刷高等专科学校,历史,上海出版印刷高等专科学校01,213201,02,电子竞技运动与管理,教育体育类,教育与体育大类,电子竞技运动与管理,体育类,教育与体育大类,exact
上海出版印刷高等专科学校,历史,上海出版印刷高等专科学校01,213201,03,大数据与会计,财务会计类,财经商贸大类,大数据与会计,财务会计类,财经商贸大类,exact
上海出版印刷高等专科学校,历史,上海出版印刷高等专科学校01,213201,04,文化产业经营与管理,其他专业类,其他,文化产业经营与管理,文化服务类,文化艺术大类,exact
上海出版印刷高等专科学校,历史,上海出版印刷高等专科学校01,213201,05,数字图文信息处理技术,其他专业类,其他,数字图文信息处理技术,新闻出版类,新闻传播大类,exact
上海出版印刷高等专科学校,历史,上海出版印刷高等专科学校01,213201,06,数字出版,新闻传播类,新闻传播大类,数字出版,新闻出版类,新闻传播大类,exact
南京城市职业学院,历史,南京城市职业学院01,117201,01,跨境电子商务(与金陵科技学院分段培养项目)(南京市溧水区高山路1号),财经商贸类,财经商贸大类,跨境电子商务,电子商务类,财经商贸大类,exact
南京城市职业学院,历史,南京城市职业学院02,117202,02,大数据与会计(与三江学院分段培养项目)(南京市溧水区高山路1号),财务会计类,财经商贸大类,大数据与会计,财务会计类,财经商贸大类,exact
南京城市职业学院,历史,南京城市职业学院03,117203,03,软件技术(与南京传媒学院分段培养项目)(南京市溧水区高山路1号),计算机类,电子与信息大类,软件技术,计算机类,电子与信息大类,exact
南京城市职业学院,历史,南京城市职业学院04,117204,04,传播与策划,新闻传播类,新闻传播大类,传播与策划,广播影视类,新闻传播大类,exact
南京城市职业学院,历史,南京城市职业学院04,117204,05,大数据与会计,财务会计类,财经商贸大类,大数据与会计,财务会计类,财经商贸大类,exact
南京城市职业学院,历史,南京城市职业学院04,117204,06,跨境电子商务,财经商贸类,财经商贸大类,跨境电子商务,电子商务类,财经商贸大类,exact
南京城市职业学院,历史,南京城市职业学院04,117204,07,网络营销与直播电商,计算机类,电子与信息大类,网络营销与直播电商,电子商务类,财经商贸大类,exact
南京城市职业学院,历史,南京城市职业学院04,117204,08,商务数据分析与应用,财经商贸类,财经商贸大类,商务数据分析与应用,电子商务类,财经商贸大类,exact
南京城市职业学院,历史,南京城市职业学院04,117204,09,现代物流管理,财经商贸类,财经商贸大类,现代物流管理,物流类,财经商贸大类,exact
南京城市职业学院,历史,南京城市职业学院04,117204,10,智慧健康养老服务与管理,公共管理服务类,公共管理与服务大类,智慧健康养老服务与管理,公共服务类,公共管理与服务大类,exact
南京城市职业学院,历史,南京城市职业学院04,117204,11,健康管理,护理医学类,医药卫生大类,健康管理,健康管理与促进类,医药卫生大类,exact
南京城市职业学院,历史,南京城市职业学院04,117204,12,康复治疗技术,护理医学类,医药卫生大类,康复治疗技术,康复治疗类,医药卫生大类,exact
南京城市职业学院,历史,南京城市职业学院04,117204,13,软件技术,计算机类,电子与信息大类,软件技术,计算机类,电子与信息大类,exact
南京城市职业学院,历史,南京城市职业学院04,117204,14,计算机应用技术,计算机类,电子与信息大类,计算机应用技术,计算机类,电子与信息大类,exact
南京城市职业学院,历史,南京城市职业学院04,117204,15,计算机网络技术,计算机类,电子与信息大类,计算机网络技术,计算机类,电子与信息大类,exact
南京城市职业学院,历史,南京城市职业学院04,117204,16,电子信息工程技术,电子信息类,电子与信息大类,电子信息工程技术,电子信息类,电子与信息大类,exact
武汉城市职业学院,历史,武汉城市职业学院01,527201,01,文化创意与策划,其他专业类,其他,文化创意与策划,文化服务类,文化艺术大类,exact
武汉城市职业学院,历史,武汉城市职业学院01,527201,02,数智营销,其他专业类,其他,数智营销,工商管理类,财经商贸大类,exact
广州民航职业技术学院,物理,广州民航职业技术学院02,541502,03,飞机部件修理(白云机场校区),航空运输类,交通运输大类,飞机部件修理,航空运输类,交通运输大类,exact
广州民航职业技术学院,物理,广州民航职业技术学院02,541502,04,航空发动机维修技术(机场路校区),航空运输类,交通运输大类,航空发动机维修技术,航空装备类,装备制造大类,exact
广州民航职业技术学院,物理,广州民航职业技术学院02,541502,05,民航运输服务,航空运输类,交通运输大类,民航运输服务,航空运输类,交通运输大类,exact
广州民航职业技术学院,物理,广州民航职业技术学院02,541502,06,人工智能技术应用,计算机类,电子与信息大类,人工智能技术应用,计算机类,电子与信息大类,exact
广州民航职业技术学院,物理,广州民航职业技术学院02,541502,07,低空智联网技术,其他专业类,其他,低空智联网技术,通信类,电子与信息大类,exact
广州民航职业技术学院,物理,广州民航职业技术学院02,541502,08,无人机应用技术,航空运输类,交通运输大类,无人机应用技术,航空装备类,装备制造大类,exact
广州民航职业技术学院,物理,广州民航职业技术学院03,541503,09,飞机机电设备维修(中外合作办学)(机场路校区),航空运输类,交通运输大类,飞机机电设备维修,航空运输类,交通运输大类,exact
广州民航职业技术学院,物理,广州民航职业技术学院03,541503,10,飞机结构修理(中外合作办学),航空运输类,交通运输大类,飞机结构修理,航空运输类,交通运输大类,exact
广州民航职业技术学院,物理,广州民航职业技术学院03,541503,11,飞机电子设备维修(中外合作办学),航空运输类,交通运输大类,飞机电子设备维修,航空运输类,交通运输大类,exact
江西电力职业技术学院,物理,江西电力职业技术学院02,251902,04,电力系统自动化技术,电气自动化类,装备制造大类,电力系统自动化技术,电力技术类,能源动力与材料大类,exact
江西电力职业技术学院,物理,江西电力职业技术学院02,251902,05,发电厂及电力系统,能源动力与材料类,能源动力与材料大类,发电厂及电力系统,电力技术类,能源动力与材料大类,exact
江西电力职业技术学院,物理,江西电力职业技术学院02,251902,06,供用电技术,能源动力与材料类,能源动力与材料大类,供用电技术,电力技术类,能源动力与材料大类,exact
江西电力职业技术学院,物理,江西电力职业技术学院02,251902,07,电力储能应用技术,能源动力与材料类,能源动力与材料大类,电力储能应用技术,电力技术类,能源动力与材料大类,exact
浙江金融职业学院,物理,浙江金融职业学院02,225302,04,金融服务与管理(杭州校区),财经商贸类,财经商贸大类,金融服务与管理,金融类,财经商贸大类,exact
浙江金融职业学院,物理,浙江金融职业学院02,225302,05,财富管理(绍兴校区),其他专业类,其他,财富管理,金融类,财经商贸大类,exact
浙江金融职业学院,物理,浙江金融职业学院02,225302,06,大数据与会计(杭州校区),财务会计类,财经商贸大类,大数据与会计,财务会计类,财经商贸大类,exact
常州信息职业技术大学,历史,常州信息职业技术大学02,125002,02,光伏工程技术,能源动力与材料类,能源动力与材料大类,光伏工程技术,新能源发电工程类,能源动力与材料大类,exact
常州信息职业技术大学,历史,常州信息职业技术大学02,125002,03,数字化设计与制造技术,机械设计制造类,装备制造大类,数字化设计与制造技术,机械设计制造类,装备制造大类,exact
常州信息职业技术大学,历史,常州信息职业技术大学02,125002,04,模具设计与制造,机械设计制造类,装备制造大类,模具设计与制造,机械设计制造类,装备制造大类,exact
常州信息职业技术大学,历史,常州信息职业技术大学02,125002,05,机电一体化技术,电气自动化类,装备制造大类,机电一体化技术,自动化类,装备制造大类,exact
常州信息职业技术大学,历史,常州信息职业技术大学02,125002,06,智能控制技术,电气自动化类,装备制造大类,智能控制技术,自动化类,装备制造大类,exact
常州信息职业技术大学,历史,常州信息职业技术大学02,125002,07,工业机器人技术,电气自动化类,装备制造大类,工业机器人技术,自动化类,装备制造大类,exact
常州信息职业技术大学,历史,常州信息职业技术大学02,125002,08,工业互联网应用,电气自动化类,装备制造大类,工业互联网应用,自动化类,装备制造大类,exact
常州信息职业技术大学,历史,常州信息职业技术大学02,125002,09,新能源汽车技术,汽车制造类,装备制造大类,新能源汽车技术,汽车制造类,装备制造大类,exact
常州信息职业技术大学,历史,常州信息职业技术大学02,125002,10,物联网应用技术,计算机类,电子与信息大类,物联网应用技术,电子信息类,电子与信息大类,exact
常州信息职业技术大学,历史,常州信息职业技术大学02,125002,11,应用电子技术,电子信息类,电子与信息大类,应用电子技术,电子信息类,电子与信息大类,exact
常州信息职业技术大学,历史,常州信息职业技术大学02,125002,12,计算机应用技术,计算机类,电子与信息大类,计算机应用技术,计算机类,电子与信息大类,exact
常州信息职业技术大学,历史,常州信息职业技术大学02,125002,13,计算机网络技术,计算机类,电子与信息大类,计算机网络技术,计算机类,电子与信息大类,exact
常州信息职业技术大学,历史,常州信息职业技术大学02,125002,14,大数据技术,计算机类,电子与信息大类,大数据技术,计算机类,电子与信息大类,exact
常州信息职业技术大学,历史,常州信息职业技术大学02,125002,15,云计算技术应用,计算机类,电子与信息大类,云计算技术应用,计算机类,电子与信息大类,exact
常州信息职业技术大学,历史,常州信息职业技术大学02,125002,16,虚拟现实技术应用,计算机类,电子与信息大类,虚拟现实技术应用,计算机类,电子与信息大类,exact
常州信息职业技术大学,历史,常州信息职业技术大学02,125002,17,人工智能技术应用,计算机类,电子与信息大类,人工智能技术应用,计算机类,电子与信息大类,exact
常州信息职业技术大学,历史,常州信息职业技术大学02,125002,18,工业互联网技术,电气自动化类,装备制造大类,工业互联网技术,计算机类,电子与信息大类,exact
常州信息职业技术大学,历史,常州信息职业技术大学02,125002,19,区块链技术应用,计算机类,电子与信息大类,区块链技术应用,计算机类,电子与信息大类,exact
常州信息职业技术大学,历史,常州信息职业技术大学02,125002,20,动漫制作技术,文化艺术类,文化艺术大类,动漫制作技术,计算机类,电子与信息大类,exact
常州信息职业技术大学,历史,常州信息职业技术大学02,125002,21,密码技术应用,其他专业类,其他,密码技术应用,计算机类,电子与信息大类,exact
常州信息职业技术大学,历史,常州信息职业技术大学02,125002,22,集成电路技术,电子信息类,电子与信息大类,集成电路技术,集成电路类,电子与信息大类,exact
常州信息职业技术大学,历史,常州信息职业技术大学02,125002,23,财税大数据应用,其他专业类,其他,财税大数据应用,财政税务类,财经商贸大类,exact
常州信息职业技术大学,历史,常州信息职业技术大学02,125002,24,会计信息管理,财务会计类,财经商贸大类,会计信息管理,财务会计类,财经商贸大类,exact
常州信息职业技术大学,历史,常州信息职业技术大学02,125002,25,国际经济与贸易,财经商贸类,财经商贸大类,国际经济与贸易,经济贸易类,财经商贸大类,exact
常州信息职业技术大学,历史,常州信息职业技术大学02,125002,26,市场营销,财经商贸类,财经商贸大类,市场营销,工商管理类,财经商贸大类,exact
常州信息职业技术大学,历史,常州信息职业技术大学02,125002,27,电子商务,财经商贸类,财经商贸大类,电子商务,电子商务类,财经商贸大类,exact
常州信息职业技术大学,历史,常州信息职业技术大学02,125002,28,跨境电子商务,财经商贸类,财经商贸大类,跨境电子商务,电子商务类,财经商贸大类,exact
常州信息职业技术大学,历史,常州信息职业技术大学02,125002,29,视觉传达设计,文化艺术类,文化艺术大类,视觉传达设计,艺术设计类,文化艺术大类,exact
常州信息职业技术大学,历史,常州信息职业技术大学02,125002,30,数字媒体艺术设计,文化艺术类,文化艺术大类,数字媒体艺术设计,艺术设计类,文化艺术大类,exact
常州信息职业技术大学,历史,常州信息职业技术大学02,125002,31,环境艺术设计,文化艺术类,文化艺术大类,环境艺术设计,艺术设计类,文化艺术大类,exact
常州信息职业技术大学,历史,常州信息职业技术大学02,125002,32,智能网联汽车技术,汽车制造类,装备制造大类,智能网联汽车技术,汽车制造类,装备制造大类,exact
常州信息职业技术大学,历史,常州信息职业技术大学02,125002,33,工业软件开发技术,计算机类,电子与信息大类,工业软件开发技术,计算机类,电子与信息大类,exact
常州信息职业技术大学,历史,常州信息职业技术大学03,125003,34,大数据技术(与常州大学分段培养项目),计算机类,电子与信息大类,大数据技术,计算机类,电子与信息大类,exact
常州信息职业技术大学,历史,常州信息职业技术大学04,125004,35,电气自动化技术(中外合作办学),电气自动化类,装备制造大类,电气自动化技术,自动化类,装备制造大类,exact
长沙航空职业技术学院,物理,长沙航空职业技术学院04,531104,22,飞行器维修技术(只招男生)[空军(机务兵)],其他专业类,其他,飞行器维修技术,航空装备类,装备制造大类,exact
长沙航空职业技术学院,物理,长沙航空职业技术学院04,531104,23,导弹维修技术(只招男生)(空军),其他专业类,其他,导弹维修技术,航空装备类,装备制造大类,exact
长沙航空职业技术学院,物理,长沙航空职业技术学院04,531104,24,无人机应用技术(只招男生)(陆军),航空运输类,交通运输大类,无人机应用技术,航空装备类,装备制造大类,exact
长沙航空职业技术学院,物理,长沙航空职业技术学院04,531104,25,无人机应用技术(只招男生)(武警部队),航空运输类,交通运输大类,无人机应用技术,航空装备类,装备制造大类,exact
长沙航空职业技术学院,物理,长沙航空职业技术学院05,531105,26,导弹维修技术(水面舰艇人员合格)(只招男生)(海军),其他专业类,其他,导弹维修技术,航空装备类,装备制造大类,exact
山东职业学院,历史,山东职业学院01,264601,01,铁道交通运营管理,铁道运输类,交通运输大类,铁道交通运营管理,铁道运输类,交通运输大类,exact
山东职业学院,历史,山东职业学院01,264601,02,城市轨道车辆应用技术,铁道运输类,交通运输大类,城市轨道车辆应用技术,城市轨道交通类,交通运输大类,exact
山东职业学院,历史,山东职业学院01,264601,03,城市轨道交通机电技术,铁道运输类,交通运输大类,城市轨道交通机电技术,城市轨道交通类,交通运输大类,exact
山东职业学院,历史,山东职业学院01,264601,04,城市轨道交通运营管理,铁道运输类,交通运输大类,城市轨道交通运营管理,城市轨道交通类,交通运输大类,exact
山东职业学院,历史,山东职业学院01,264601,05,港口机械与智能控制,航海运输类,交通运输大类,港口机械与智能控制,水上运输类,交通运输大类,exact
山东职业学院,历史,山东职业学院01,264601,06,软件技术,计算机类,电子与信息大类,软件技术,计算机类,电子与信息大类,exact
山东职业学院,历史,山东职业学院01,264601,07,民航安全技术管理,航空运输类,交通运输大类,民航安全技术管理,航空运输类,交通运输大类,exact
山东职业学院,历史,山东职业学院01,264601,08,低空安全与技术,资源环境安全类,资源环境与安全大类,低空安全与技术,电子信息类,电子与信息大类,exact
山东职业学院,历史,山东职业学院02,264602,09,铁道供电技术(中外合作办学),铁道运输类,交通运输大类,铁道供电技术,铁道运输类,交通运输大类,exact
山东职业学院,历史,山东职业学院02,264602,10,铁道工程技术(中外合作办学),铁道运输类,交通运输大类,铁道工程技术,铁道运输类,交通运输大类,exact
山东职业学院,历史,山东职业学院02,264602,11,铁道信号自动控制(中外合作办学),铁道运输类,交通运输大类,铁道信号自动控制,铁道运输类,交通运输大类,exact
武汉民政职业学院,历史,武汉民政职业学院01,523501,01,社会工作,公共管理服务类,公共管理与服务大类,社会工作,公共事业类,公共管理与服务大类,exact
武汉民政职业学院,历史,武汉民政职业学院01,523501,02,行政管理,其他专业类,其他,行政管理,公共管理类,公共管理与服务大类,exact
武汉民政职业学院,历史,武汉民政职业学院01,523501,03,智慧健康养老服务与管理,公共管理服务类,公共管理与服务大类,智慧健康养老服务与管理,公共服务类,公共管理与服务大类,exact
武汉民政职业学院,历史,武汉民政职业学院01,523501,04,现代殡葬技术与管理,公共管理服务类,公共管理与服务大类,现代殡葬技术与管理,公共服务类,公共管理与服务大类,exact
苏州农业职业技术学院,历史,苏州农业职业技术学院01,127201,01,现代物流管理(与南京工业职业技术大学分段培养项目)(校本部),财经商贸类,财经商贸大类,现代物流管理,物流类,财经商贸大类,exact
苏州农业职业技术学院,历史,苏州农业职业技术学院02,127202,02,风景园林设计(与徐州工程学院分段培养项目)(校本部),土木建筑类,土木建筑大类,风景园林设计,建筑设计类,土木建筑大类,exact
苏州农业职业技术学院,历史,苏州农业职业技术学院03,127203,03,园艺技术(东山校区),农林牧渔类,农林牧渔大类,园艺技术,农业类,农林牧渔大类,exact
苏州农业职业技术学院,历史,苏州农业职业技术学院03,127203,04,现代农业技术(东山校区),农林牧渔类,农林牧渔大类,现代农业技术,农业类,农林牧渔大类,exact
苏州农业职业技术学院,历史,苏州农业职业技术学院03,127203,05,茶叶生产与加工技术(东山校区),农林牧渔类,农林牧渔大类,茶叶生产与加工技术,农业类,农林牧渔大类,exact
苏州农业职业技术学院,历史,苏州农业职业技术学院03,127203,06,花卉生产与花艺(东山校区),其他专业类,其他,花卉生产与花艺,林业类,农林牧渔大类,exact
苏州农业职业技术学院,历史,苏州农业职业技术学院03,127203,07,园林技术,农林牧渔类,农林牧渔大类,园林技术,林业类,农林牧渔大类,exact
苏州农业职业技术学院,历史,苏州农业职业技术学院03,127203,08,园林工程技术,土木建筑类,土木建筑大类,园林工程技术,建筑设计类,土木建筑大类,exact
苏州农业职业技术学院,历史,苏州农业职业技术学院03,127203,09,风景园林设计,土木建筑类,土木建筑大类,风景园林设计,建筑设计类,土木建筑大类,exact
苏州农业职业技术学院,历史,苏州农业职业技术学院03,127203,10,林草生态保护与修复,其他专业类,其他,林草生态保护与修复,林业类,农林牧渔大类,exact
苏州农业职业技术学院,历史,苏州农业职业技术学院03,127203,11,古建筑工程技术,土木建筑类,土木建筑大类,古建筑工程技术,建筑设计类,土木建筑大类,exact
苏州农业职业技术学院,历史,苏州农业职业技术学院03,127203,12,森林生态旅游与康养,旅游餐饮类,旅游大类,森林生态旅游与康养,林业类,农林牧渔大类,exact
苏州农业职业技术学院,历史,苏州农业职业技术学院03,127203,13,大数据与会计,财务会计类,财经商贸大类,大数据与会计,财务会计类,财经商贸大类,exact
苏州农业职业技术学院,历史,苏州农业职业技术学院03,127203,14,旅游管理,旅游餐饮类,旅游大类,旅游管理,旅游类,旅游大类,exact
苏州农业职业技术学院,历史,苏州农业职业技术学院03,127203,15,跨境电子商务,财经商贸类,财经商贸大类,跨境电子商务,电子商务类,财经商贸大类,exact
苏州农业职业技术学院,历史,苏州农业职业技术学院03,127203,16,无人机应用技术,航空运输类,交通运输大类,无人机应用技术,航空装备类,装备制造大类,exact
苏州农业职业技术学院,历史,苏州农业职业技术学院03,127203,17,物联网应用技术,计算机类,电子与信息大类,物联网应用技术,电子信息类,电子与信息大类,exact
苏州农业职业技术学院,历史,苏州农业职业技术学院03,127203,18,人工智能技术应用,计算机类,电子与信息大类,人工智能技术应用,计算机类,电子与信息大类,exact
苏州农业职业技术学院,历史,苏州农业职业技术学院03,127203,19,智慧农业技术与装备,农林牧渔类,农林牧渔大类,智慧农业技术与装备,农业类,农林牧渔大类,exact
苏州农业职业技术学院,历史,苏州农业职业技术学院03,127203,20,食品检验检测技术,食品药品类,食品药品与粮食大类,食品检验检测技术,食品类,食品药品与粮食大类,exact
苏州农业职业技术学院,历史,苏州农业职业技术学院03,127203,21,食品药品监督管理,食品药品类,食品药品与粮食大类,食品药品监督管理,药品与医疗器械类,食品药品与粮食大类,exact
苏州农业职业技术学院,历史,苏州农业职业技术学院03,127203,22,食品智能加工技术,食品药品类,食品药品与粮食大类,食品智能加工技术,食品类,食品药品与粮食大类,exact
苏州农业职业技术学院,历史,苏州农业职业技术学院03,127203,23,药品生物技术,其他专业类,其他,药品生物技术,生物技术类,生物与化工大类,exact
苏州农业职业技术学院,历史,苏州农业职业技术学院03,127203,24,农产品加工与质量检测,农林牧渔类,农林牧渔大类,农产品加工与质量检测,农业类,农林牧渔大类,exact
苏州农业职业技术学院,历史,苏州农业职业技术学院03,127203,25,环境工程技术,资源环境安全类,资源环境与安全大类,环境工程技术,环境保护类,资源环境与安全大类,exact
苏州农业职业技术学院,历史,苏州农业职业技术学院03,127203,26,环境监测技术,资源环境安全类,资源环境与安全大类,环境监测技术,环境保护类,资源环境与安全大类,exact
苏州农业职业技术学院,历史,苏州农业职业技术学院03,127203,27,生态环境修复技术,资源环境安全类,资源环境与安全大类,生态环境修复技术,环境保护类,资源环境与安全大类,exact
苏州农业职业技术学院,历史,苏州农业职业技术学院03,127203,28,水产养殖技术,农林牧渔类,农林牧渔大类,水产养殖技术,渔业类,农林牧渔大类,exact
苏州农业职业技术学院,历史,苏州农业职业技术学院03,127203,29,商务日语,其他专业类,其他,商务日语,语言类,教育与体育大类,exact
苏州农业职业技术学院,历史,苏州农业职业技术学院03,127203,30,法律文秘,公安司法类,公安司法大类,法律文秘,法律实务类,公安与司法大类,exact
苏州农业职业技术学院,历史,苏州农业职业技术学院03,127203,31,会展策划与管理,旅游餐饮类,旅游大类,会展策划与管理,旅游类,旅游大类,exact
苏州农业职业技术学院,历史,苏州农业职业技术学院04,127204,32,环境工程技术(中外合作办学)(校本部),资源环境安全类,资源环境与安全大类,环境工程技术,环境保护类,资源环境与安全大类,exact
湖南铁道职业技术学院,历史,湖南铁道职业技术学院01,539401,01,铁道机车车辆制造与维护,铁道运输类,交通运输大类,铁道机车车辆制造与维护,轨道装备类,装备制造大类,exact
湖南铁道职业技术学院,历史,湖南铁道职业技术学院01,539401,02,铁道车辆技术,铁道运输类,交通运输大类,铁道车辆技术,铁道运输类,交通运输大类,exact
湖南铁道职业技术学院,历史,湖南铁道职业技术学院01,539401,03,铁道机车运用与维护,铁道运输类,交通运输大类,铁道机车运用与维护,铁道运输类,交通运输大类,exact
湖南铁道职业技术学院,历史,湖南铁道职业技术学院01,539401,04,铁道通信与信息化技术,铁道运输类,交通运输大类,铁道通信与信息化技术,铁道运输类,交通运输大类,exact
湖南铁道职业技术学院,历史,湖南铁道职业技术学院01,539401,05,铁道交通运营管理,铁道运输类,交通运输大类,铁道交通运营管理,铁道运输类,交通运输大类,exact
湖南铁道职业技术学院,历史,湖南铁道职业技术学院01,539401,06,城市轨道交通运营管理,铁道运输类,交通运输大类,城市轨道交通运营管理,城市轨道交通类,交通运输大类,exact
湖南铁道职业技术学院,历史,湖南铁道职业技术学院01,539401,07,城市轨道车辆应用技术,铁道运输类,交通运输大类,城市轨道车辆应用技术,城市轨道交通类,交通运输大类,exact
北京科技职业大学,物理,北京科技职业大学01,317801,01,电气自动化技术(只招男生)(火箭军),电气自动化类,装备制造大类,电气自动化技术,自动化类,装备制造大类,exact
北京科技职业大学,物理,北京科技职业大学01,317801,02,电子信息工程技术(只招男生)(火箭军),电子信息类,电子与信息大类,电子信息工程技术,电子信息类,电子与信息大类,exact
北京科技职业大学,物理,北京科技职业大学01,317801,03,电子信息工程技术(只招男生)(网络空间部队),计算机类,电子与信息大类,电子信息工程技术,电子信息类,电子与信息大类,exact
南京交通职业技术学院,历史,南京交通职业技术学院01,115201,01,现代物流管理(与金陵科技学院分段培养项目),财经商贸类,财经商贸大类,现代物流管理,物流类,财经商贸大类,exact
南京交通职业技术学院,历史,南京交通职业技术学院02,115202,02,汽车检测与维修技术,汽车制造类,装备制造大类,汽车检测与维修技术,道路运输类,交通运输大类,exact
南京交通职业技术学院,历史,南京交通职业技术学院02,115202,03,新能源汽车检测与维修技术,汽车制造类,装备制造大类,新能源汽车检测与维修技术,道路运输类,交通运输大类,exact
南京交通职业技术学院,历史,南京交通职业技术学院02,115202,04,新能源汽车技术,汽车制造类,装备制造大类,新能源汽车技术,汽车制造类,装备制造大类,exact
南京交通职业技术学院,历史,南京交通职业技术学院02,115202,05,智能网联汽车技术,汽车制造类,装备制造大类,智能网联汽车技术,汽车制造类,装备制造大类,exact
南京交通职业技术学院,历史,南京交通职业技术学院02,115202,06,道路与桥梁工程技术,土木建筑类,土木建筑大类,道路与桥梁工程技术,道路运输类,交通运输大类,exact
南京交通职业技术学院,历史,南京交通职业技术学院02,115202,07,城市轨道交通工程技术,铁道运输类,交通运输大类,城市轨道交通工程技术,城市轨道交通类,交通运输大类,exact
南京交通职业技术学院,历史,南京交通职业技术学院02,115202,08,道路工程检测技术,其他专业类,其他,道路工程检测技术,道路运输类,交通运输大类,exact
南京交通职业技术学院,历史,南京交通职业技术学院02,115202,09,安全技术与管理,资源环境安全类,资源环境与安全大类,安全技术与管理,安全类,资源环境与安全大类,exact
南京交通职业技术学院,历史,南京交通职业技术学院02,115202,10,现代物流管理,财经商贸类,财经商贸大类,现代物流管理,物流类,财经商贸大类,exact
南京交通职业技术学院,历史,南京交通职业技术学院02,115202,11,大数据与会计,财务会计类,财经商贸大类,大数据与会计,财务会计类,财经商贸大类,exact
南京交通职业技术学院,历史,南京交通职业技术学院02,115202,12,关务与外贸服务,财经商贸类,财经商贸大类,关务与外贸服务,经济贸易类,财经商贸大类,exact
南京交通职业技术学院,历史,南京交通职业技术学院02,115202,13,低空物流技术与运营,财经商贸类,财经商贸大类,低空物流技术与运营,物流类,财经商贸大类,exact
南京交通职业技术学院,历史,南京交通职业技术学院02,115202,14,城市轨道交通运营管理,铁道运输类,交通运输大类,城市轨道交通运营管理,城市轨道交通类,交通运输大类,exact
南京交通职业技术学院,历史,南京交通职业技术学院02,115202,15,软件技术,计算机类,电子与信息大类,软件技术,计算机类,电子与信息大类,exact
南京交通职业技术学院,历史,南京交通职业技术学院02,115202,16,现代通信技术,电子信息类,电子与信息大类,现代通信技术,通信类,电子与信息大类,exact
南京交通职业技术学院,历史,南京交通职业技术学院02,115202,17,智能交通技术,其他专业类,其他,智能交通技术,道路运输类,交通运输大类,exact
南京交通职业技术学院,历史,南京交通职业技术学院02,115202,18,无人机应用技术,航空运输类,交通运输大类,无人机应用技术,航空装备类,装备制造大类,exact
南京交通职业技术学院,历史,南京交通职业技术学院02,115202,19,人工智能数据工程技术,计算机类,电子与信息大类,人工智能数据工程技术,计算机类,电子与信息大类,exact
南京交通职业技术学院,历史,南京交通职业技术学院02,115202,20,智能工程机械运用技术,机械设计制造类,装备制造大类,智能工程机械运用技术,道路运输类,交通运输大类,exact
南京交通职业技术学院,历史,南京交通职业技术学院02,115202,21,工业机器人技术,电气自动化类,装备制造大类,工业机器人技术,自动化类,装备制造大类,exact
南京交通职业技术学院,历史,南京交通职业技术学院02,115202,22,城市轨道交通机电技术,铁道运输类,交通运输大类,城市轨道交通机电技术,城市轨道交通类,交通运输大类,exact
南京交通职业技术学院,历史,南京交通职业技术学院02,115202,23,城市轨道车辆应用技术,铁道运输类,交通运输大类,城市轨道车辆应用技术,城市轨道交通类,交通运输大类,exact
南京交通职业技术学院,历史,南京交通职业技术学院02,115202,24,智能建造技术,其他专业类,其他,智能建造技术,土建施工类,土木建筑大类,exact
南京交通职业技术学院,历史,南京交通职业技术学院02,115202,25,工程造价,土木建筑类,土木建筑大类,工程造价,建设工程管理类,土木建筑大类,exact
江苏司法警官职业学院,历史,江苏司法警官职业学院03,116103,07,法律文秘,公安司法类,公安司法大类,法律文秘,法律实务类,公安与司法大类,exact
江苏司法警官职业学院,历史,江苏司法警官职业学院03,116103,08,法律事务,公安司法类,公安司法大类,法律事务,法律实务类,公安与司法大类,exact
江苏司法警官职业学院,历史,江苏司法警官职业学院03,116103,09,社区矫正,公共管理服务类,公共管理与服务大类,社区矫正,法律执行类,公安与司法大类,exact
江苏司法警官职业学院,历史,江苏司法警官职业学院03,116103,10,消防救援技术,资源环境安全类,资源环境与安全大类,消防救援技术,安全类,资源环境与安全大类,exact
江苏司法警官职业学院,历史,江苏司法警官职业学院03,116103,11,民航空中安全保卫,航空运输类,交通运输大类,民航空中安全保卫,航空运输类,交通运输大类,exact
浙江邮电职业技术学院,物理,浙江邮电职业技术学院02,222602,02,现代通信技术,电子信息类,电子与信息大类,现代通信技术,通信类,电子与信息大类,exact
浙江邮电职业技术学院,物理,浙江邮电职业技术学院02,222602,03,无人机应用技术,航空运输类,交通运输大类,无人机应用技术,航空装备类,装备制造大类,exact
浙江邮电职业技术学院,物理,浙江邮电职业技术学院02,222602,04,数字媒体艺术设计,文化艺术类,文化艺术大类,数字媒体艺术设计,艺术设计类,文化艺术大类,exact
浙江邮电职业技术学院,物理,浙江邮电职业技术学院02,222602,05,邮政快递智能技术,其他专业类,其他,邮政快递智能技术,邮政类,交通运输大类,exact
武汉民政职业学院,物理,武汉民政职业学院02,523502,05,数智营销,其他专业类,其他,数智营销,工商管理类,财经商贸大类,exact
武汉民政职业学院,物理,武汉民政职业学院02,523502,06,视觉传达设计,文化艺术类,文化艺术大类,视觉传达设计,艺术设计类,文化艺术大类,exact
武汉民政职业学院,物理,武汉民政职业学院02,523502,07,民政服务与管理,其他专业类,其他,民政服务与管理,公共管理类,公共管理与服务大类,exact
武汉民政职业学院,物理,武汉民政职业学院02,523502,08,智慧健康养老服务与管理,公共管理服务类,公共管理与服务大类,智慧健康养老服务与管理,公共服务类,公共管理与服务大类,exact
武汉民政职业学院,物理,武汉民政职业学院02,523502,09,现代殡葬技术与管理,公共管理服务类,公共管理与服务大类,现代殡葬技术与管理,公共服务类,公共管理与服务大类,exact
厦门海洋职业技术学院,物理,厦门海洋职业技术学院01,241701,03,航海技术,航海运输类,交通运输大类,航海技术,水上运输类,交通运输大类,exact
厦门海洋职业技术学院,物理,厦门海洋职业技术学院01,241701,04,轮机工程技术,航海运输类,交通运输大类,轮机工程技术,水上运输类,交通运输大类,exact
吉林工业职业技术学院,历史,吉林工业职业技术学院01,421801,01,大数据与会计(吉桦东路校区),财务会计类,财经商贸大类,大数据与会计,财务会计类,财经商贸大类,exact
南京科技职业学院,历史,南京科技职业学院01,115301,01,材料工程技术,能源动力与材料类,能源动力与材料大类,材料工程技术,非金属材料类,能源动力与材料大类,exact
南京科技职业学院,历史,南京科技职业学院01,115301,02,高分子材料智能制造技术,电气自动化类,装备制造大类,高分子材料智能制造技术,非金属材料类,能源动力与材料大类,exact
南京科技职业学院,历史,南京科技职业学院01,115301,03,应用化工技术,生物化工类,生物与化工大类,应用化工技术,化工技术类,生物与化工大类,exact
南京科技职业学院,历史,南京科技职业学院01,115301,04,精细化工技术,生物化工类,生物与化工大类,精细化工技术,化工技术类,生物与化工大类,exact
南京科技职业学院,历史,南京科技职业学院01,115301,05,环境监测技术,资源环境安全类,资源环境与安全大类,环境监测技术,环境保护类,资源环境与安全大类,exact
南京科技职业学院,历史,南京科技职业学院01,115301,06,环境工程技术,资源环境安全类,资源环境与安全大类,环境工程技术,环境保护类,资源环境与安全大类,exact
南京科技职业学院,历史,南京科技职业学院01,115301,07,应急救援技术,资源环境安全类,资源环境与安全大类,应急救援技术,安全类,资源环境与安全大类,exact
南京科技职业学院,历史,南京科技职业学院01,115301,08,分析检验技术,生物化工类,生物与化工大类,分析检验技术,化工技术类,生物与化工大类,exact
南京科技职业学院,历史,南京科技职业学院01,115301,09,药品生物技术,其他专业类,其他,药品生物技术,生物技术类,生物与化工大类,exact
南京科技职业学院,历史,南京科技职业学院01,115301,10,绿色生物制造技术,机械设计制造类,装备制造大类,绿色生物制造技术,生物技术类,生物与化工大类,exact
南京科技职业学院,历史,南京科技职业学院01,115301,11,药学,药学类,医药卫生大类,药学,药学类,医药卫生大类,exact
南京科技职业学院,历史,南京科技职业学院01,115301,12,健康管理,护理医学类,医药卫生大类,健康管理,健康管理与促进类,医药卫生大类,exact
南京科技职业学院,历史,南京科技职业学院01,115301,13,眼视光技术,护理医学类,医药卫生大类,眼视光技术,眼视光类,医药卫生大类,exact
南京科技职业学院,历史,南京科技职业学院01,115301,14,数字化设计与制造技术,机械设计制造类,装备制造大类,数字化设计与制造技术,机械设计制造类,装备制造大类,exact
南京科技职业学院,历史,南京科技职业学院01,115301,15,无人机应用技术,航空运输类,交通运输大类,无人机应用技术,航空装备类,装备制造大类,exact
南京科技职业学院,历史,南京科技职业学院01,115301,16,化工装备技术,生物化工类,生物与化工大类,化工装备技术,化工技术类,生物与化工大类,exact
南京科技职业学院,历史,南京科技职业学院01,115301,17,汽车检测与维修技术,汽车制造类,装备制造大类,汽车检测与维修技术,道路运输类,交通运输大类,exact
南京科技职业学院,历史,南京科技职业学院01,115301,18,机电一体化技术,电气自动化类,装备制造大类,机电一体化技术,自动化类,装备制造大类,exact
南京科技职业学院,历史,南京科技职业学院01,115301,19,工业机器人技术,电气自动化类,装备制造大类,工业机器人技术,自动化类,装备制造大类,exact
南京科技职业学院,历史,南京科技职业学院01,115301,20,工业过程自动化技术,电气自动化类,装备制造大类,工业过程自动化技术,自动化类,装备制造大类,exact
南京科技职业学院,历史,南京科技职业学院01,115301,21,电子信息工程技术,电子信息类,电子与信息大类,电子信息工程技术,电子信息类,电子与信息大类,exact
南京科技职业学院,历史,南京科技职业学院01,115301,22,计算机应用技术,计算机类,电子与信息大类,计算机应用技术,计算机类,电子与信息大类,exact
南京科技职业学院,历史,南京科技职业学院01,115301,23,云计算技术应用,计算机类,电子与信息大类,云计算技术应用,计算机类,电子与信息大类,exact
南京科技职业学院,历史,南京科技职业学院01,115301,24,人工智能技术应用,计算机类,电子与信息大类,人工智能技术应用,计算机类,电子与信息大类,exact
南京科技职业学院,历史,南京科技职业学院01,115301,25,大数据与财务管理,财务会计类,财经商贸大类,大数据与财务管理,财务会计类,财经商贸大类,exact
南京科技职业学院,历史,南京科技职业学院01,115301,26,市场营销,财经商贸类,财经商贸大类,市场营销,工商管理类,财经商贸大类,exact
南京科技职业学院,历史,南京科技职业学院01,115301,27,电子商务,财经商贸类,财经商贸大类,电子商务,电子商务类,财经商贸大类,exact
南京科技职业学院,历史,南京科技职业学院01,115301,28,智能建造技术,其他专业类,其他,智能建造技术,土建施工类,土木建筑大类,exact
南京科技职业学院,历史,南京科技职业学院01,115301,29,数字媒体技术,计算机类,电子与信息大类,数字媒体技术,计算机类,电子与信息大类,exact
南京科技职业学院,历史,南京科技职业学院01,115301,30,工程造价,土木建筑类,土木建筑大类,工程造价,建设工程管理类,土木建筑大类,exact
南京科技职业学院,历史,南京科技职业学院02,115302,31,软件技术(与南京工业职业技术大学分段培养项目),计算机类,电子与信息大类,软件技术,计算机类,电子与信息大类,exact
南京科技职业学院,历史,南京科技职业学院03,115303,32,电气自动化技术(与南通理工学院分段培养项目),电气自动化类,装备制造大类,电气自动化技术,自动化类,装备制造大类,exact
苏州工业职业技术学院,物理,苏州工业职业技术学院04,127304,11,机械制造及自动化[与苏州职业技术大学(原苏州市职业大学)分段培养项目],电气自动化类,装备制造大类,机械制造及自动化,机械设计制造类,装备制造大类,exact
苏州工业职业技术学院,物理,苏州工业职业技术学院04,127304,12,工业机器人技术[与苏州职业技术大学(原苏州市职业大学)分段培养项目],电气自动化类,装备制造大类,工业机器人技术,自动化类,装备制造大类,exact
苏州工业职业技术学院,物理,苏州工业职业技术学院05,127305,13,数控技术(与南京工业职业技术大学分段培养项目),机械设计制造类,装备制造大类,数控技术,机械设计制造类,装备制造大类,exact
苏州工业职业技术学院,物理,苏州工业职业技术学院05,127305,14,机电一体化技术(与苏州城市学院分段培养项目),电气自动化类,装备制造大类,机电一体化技术,自动化类,装备制造大类,exact
苏州工业职业技术学院,物理,苏州工业职业技术学院05,127305,15,电子信息工程技术(与苏州城市学院分段培养项目),电子信息类,电子与信息大类,电子信息工程技术,电子信息类,电子与信息大类,exact
苏州工业职业技术学院,物理,苏州工业职业技术学院05,127305,16,人工智能技术应用(与南京工业职业技术大学分段培养项目),计算机类,电子与信息大类,人工智能技术应用,计算机类,电子与信息大类,exact
苏州工业职业技术学院,物理,苏州工业职业技术学院06,127306,17,物联网应用技术,计算机类,电子与信息大类,物联网应用技术,电子信息类,电子与信息大类,exact
苏州工业职业技术学院,物理,苏州工业职业技术学院06,127306,18,现代通信技术,电子信息类,电子与信息大类,现代通信技术,通信类,电子与信息大类,exact
苏州工业职业技术学院,物理,苏州工业职业技术学院06,127306,19,集成电路技术,电子信息类,电子与信息大类,集成电路技术,集成电路类,电子与信息大类,exact
苏州工业职业技术学院,物理,苏州工业职业技术学院06,127306,20,大数据技术,计算机类,电子与信息大类,大数据技术,计算机类,电子与信息大类,exact
苏州工业职业技术学院,物理,苏州工业职业技术学院06,127306,21,数字孪生应用技术,其他专业类,其他,数字孪生应用技术,计算机类,电子与信息大类,exact
苏州工业职业技术学院,物理,苏州工业职业技术学院06,127306,22,新能源汽车技术,汽车制造类,装备制造大类,新能源汽车技术,汽车制造类,装备制造大类,exact
苏州工业职业技术学院,物理,苏州工业职业技术学院06,127306,23,汽车检测与维修技术,汽车制造类,装备制造大类,汽车检测与维修技术,道路运输类,交通运输大类,exact
苏州工业职业技术学院,物理,苏州工业职业技术学院06,127306,24,智能网联汽车技术,汽车制造类,装备制造大类,智能网联汽车技术,汽车制造类,装备制造大类,exact
苏州工业职业技术学院,物理,苏州工业职业技术学院07,127307,25,数控技术,机械设计制造类,装备制造大类,数控技术,机械设计制造类,装备制造大类,exact
苏州工业职业技术学院,物理,苏州工业职业技术学院07,127307,26,机械制造及自动化,电气自动化类,装备制造大类,机械制造及自动化,机械设计制造类,装备制造大类,exact
苏州工业职业技术学院,物理,苏州工业职业技术学院07,127307,27,智能制造装备技术,电气自动化类,装备制造大类,智能制造装备技术,机电设备类,装备制造大类,exact
苏州工业职业技术学院,物理,苏州工业职业技术学院07,127307,28,机电一体化技术,电气自动化类,装备制造大类,机电一体化技术,自动化类,装备制造大类,exact
苏州工业职业技术学院,物理,苏州工业职业技术学院07,127307,29,电气自动化技术,电气自动化类,装备制造大类,电气自动化技术,自动化类,装备制造大类,exact
苏州工业职业技术学院,物理,苏州工业职业技术学院07,127307,30,工业互联网应用,电气自动化类,装备制造大类,工业互联网应用,自动化类,装备制造大类,exact
上海电子信息职业技术学院,物理,上海电子信息职业技术学院01,213801,01,计算机应用技术(奉贤校区),计算机类,电子与信息大类,计算机应用技术,计算机类,电子与信息大类,exact
上海电子信息职业技术学院,物理,上海电子信息职业技术学院01,213801,02,信息安全技术应用(奉贤校区),计算机类,电子与信息大类,信息安全技术应用,计算机类,电子与信息大类,exact
郑州铁路职业技术大学,物理,郑州铁路职业技术大学02,511602,02,"城市轨道交通供配电技术(第一学年在兰考校区学习,第二学年起在主校区学习)",铁道运输类,交通运输大类,城市轨道交通供配电技术,城市轨道交通类,交通运输大类,exact
无锡职业技术大学,物理,无锡职业技术大学04,121104,45,模具设计与制造,机械设计制造类,装备制造大类,模具设计与制造,机械设计制造类,装备制造大类,exact
无锡职业技术大学,物理,无锡职业技术大学04,121104,46,智能制造装备技术,电气自动化类,装备制造大类,智能制造装备技术,机电设备类,装备制造大类,exact
无锡职业技术大学,物理,无锡职业技术大学04,121104,47,机电一体化技术,电气自动化类,装备制造大类,机电一体化技术,自动化类,装备制造大类,exact
无锡职业技术大学,物理,无锡职业技术大学04,121104,48,数字化设计与制造技术,机械设计制造类,装备制造大类,数字化设计与制造技术,机械设计制造类,装备制造大类,exact
无锡职业技术大学,物理,无锡职业技术大学04,121104,49,电子信息工程技术,电子信息类,电子与信息大类,电子信息工程技术,电子信息类,电子与信息大类,exact
无锡职业技术大学,物理,无锡职业技术大学04,121104,50,嵌入式技术应用,其他专业类,其他,嵌入式技术应用,计算机类,电子与信息大类,exact
无锡职业技术大学,物理,无锡职业技术大学04,121104,51,微电子技术,电子信息类,电子与信息大类,微电子技术,集成电路类,电子与信息大类,exact
无锡职业技术大学,物理,无锡职业技术大学04,121104,52,计算机网络技术,计算机类,电子与信息大类,计算机网络技术,计算机类,电子与信息大类,exact
无锡职业技术大学,物理,无锡职业技术大学04,121104,53,云计算技术应用,计算机类,电子与信息大类,云计算技术应用,计算机类,电子与信息大类,exact
无锡职业技术大学,物理,无锡职业技术大学04,121104,54,大数据技术,计算机类,电子与信息大类,大数据技术,计算机类,电子与信息大类,exact
无锡职业技术大学,物理,无锡职业技术大学04,121104,55,工业互联网技术,电气自动化类,装备制造大类,工业互联网技术,计算机类,电子与信息大类,exact
无锡职业技术大学,物理,无锡职业技术大学04,121104,56,工商企业管理,其他专业类,其他,工商企业管理,工商管理类,财经商贸大类,exact
无锡职业技术大学,物理,无锡职业技术大学04,121104,57,市场营销,财经商贸类,财经商贸大类,市场营销,工商管理类,财经商贸大类,exact
无锡职业技术大学,物理,无锡职业技术大学04,121104,58,电子商务,财经商贸类,财经商贸大类,电子商务,电子商务类,财经商贸大类,exact
无锡职业技术大学,物理,无锡职业技术大学04,121104,59,现代物流管理,财经商贸类,财经商贸大类,现代物流管理,物流类,财经商贸大类,exact
无锡职业技术大学,物理,无锡职业技术大学04,121104,60,金融服务与管理,财经商贸类,财经商贸大类,金融服务与管理,金融类,财经商贸大类,exact
无锡职业技术大学,物理,无锡职业技术大学04,121104,61,大数据与财务管理,财务会计类,财经商贸大类,大数据与财务管理,财务会计类,财经商贸大类,exact
无锡职业技术大学,物理,无锡职业技术大学04,121104,62,大数据与会计,财务会计类,财经商贸大类,大数据与会计,财务会计类,财经商贸大类,exact
无锡职业技术大学,物理,无锡职业技术大学04,121104,63,国际经济与贸易,财经商贸类,财经商贸大类,国际经济与贸易,经济贸易类,财经商贸大类,exact
无锡职业技术大学,物理,无锡职业技术大学04,121104,64,汽车检测与维修技术,汽车制造类,装备制造大类,汽车检测与维修技术,道路运输类,交通运输大类,exact
无锡职业技术大学,物理,无锡职业技术大学04,121104,65,新能源汽车技术,汽车制造类,装备制造大类,新能源汽车技术,汽车制造类,装备制造大类,exact
无锡职业技术大学,物理,无锡职业技术大学04,121104,66,汽车制造与试验技术,机械设计制造类,装备制造大类,汽车制造与试验技术,汽车制造类,装备制造大类,exact
无锡职业技术大学,物理,无锡职业技术大学04,121104,67,空中乘务,航空运输类,交通运输大类,空中乘务,航空运输类,交通运输大类,exact
无锡职业技术大学,物理,无锡职业技术大学04,121104,68,智能网联汽车技术,汽车制造类,装备制造大类,智能网联汽车技术,汽车制造类,装备制造大类,exact
无锡职业技术大学,物理,无锡职业技术大学04,121104,69,旅游管理,旅游餐饮类,旅游大类,旅游管理,旅游类,旅游大类,exact
无锡职业技术大学,物理,无锡职业技术大学04,121104,70,酒店管理与数字化运营,旅游餐饮类,旅游大类,酒店管理与数字化运营,旅游类,旅游大类,exact
无锡职业技术大学,物理,无锡职业技术大学04,121104,71,智慧旅游技术应用,旅游餐饮类,旅游大类,智慧旅游技术应用,旅游类,旅游大类,exact
无锡职业技术大学,物理,无锡职业技术大学04,121104,72,智慧健康养老服务与管理,公共管理服务类,公共管理与服务大类,智慧健康养老服务与管理,公共服务类,公共管理与服务大类,exact
无锡职业技术大学,物理,无锡职业技术大学05,121105,73,机电一体化技术(中外合作办学),电气自动化类,装备制造大类,机电一体化技术,自动化类,装备制造大类,exact
无锡职业技术大学,物理,无锡职业技术大学05,121105,74,数字化设计与制造技术(中外合作办学),机械设计制造类,装备制造大类,数字化设计与制造技术,机械设计制造类,装备制造大类,exact
无锡职业技术大学,物理,无锡职业技术大学05,121105,75,应用电子技术(中外合作办学),电子信息类,电子与信息大类,应用电子技术,电子信息类,电子与信息大类,exact
无锡职业技术大学,物理,无锡职业技术大学05,121105,76,大数据与财务管理(中外合作办学),财务会计类,财经商贸大类,大数据与财务管理,财务会计类,财经商贸大类,exact
苏州职业技术大学,物理,苏州职业技术大学04,127004,34,数字化设计与制造技术,机械设计制造类,装备制造大类,数字化设计与制造技术,机械设计制造类,装备制造大类,exact
苏州职业技术大学,物理,苏州职业技术大学04,127004,35,数控技术,机械设计制造类,装备制造大类,数控技术,机械设计制造类,装备制造大类,exact
苏州职业技术大学,物理,苏州职业技术大学04,127004,36,新能源汽车技术,汽车制造类,装备制造大类,新能源汽车技术,汽车制造类,装备制造大类,exact
苏州职业技术大学,物理,苏州职业技术大学04,127004,37,智能网联汽车技术,汽车制造类,装备制造大类,智能网联汽车技术,汽车制造类,装备制造大类,exact
苏州职业技术大学,物理,苏州职业技术大学04,127004,38,服装设计与工艺,文化艺术类,文化艺术大类,服装设计与工艺,纺织服装类,轻工纺织大类,exact
苏州职业技术大学,物理,苏州职业技术大学04,127004,39,食品检验检测技术,食品药品类,食品药品与粮食大类,食品检验检测技术,食品类,食品药品与粮食大类,exact
苏州职业技术大学,物理,苏州职业技术大学04,127004,40,电子信息工程技术,电子信息类,电子与信息大类,电子信息工程技术,电子信息类,电子与信息大类,exact
苏州职业技术大学,物理,苏州职业技术大学04,127004,41,物联网应用技术,计算机类,电子与信息大类,物联网应用技术,电子信息类,电子与信息大类,exact
苏州职业技术大学,物理,苏州职业技术大学04,127004,42,应用电子技术,电子信息类,电子与信息大类,应用电子技术,电子信息类,电子与信息大类,exact
苏州职业技术大学,物理,苏州职业技术大学04,127004,43,智能产品开发与应用,电子信息类,电子与信息大类,智能产品开发与应用,电子信息类,电子与信息大类,exact
苏州职业技术大学,物理,苏州职业技术大学04,127004,44,计算机应用技术,计算机类,电子与信息大类,计算机应用技术,计算机类,电子与信息大类,exact
苏州职业技术大学,物理,苏州职业技术大学04,127004,45,计算机网络技术,计算机类,电子与信息大类,计算机网络技术,计算机类,电子与信息大类,exact
苏州职业技术大学,物理,苏州职业技术大学04,127004,46,软件技术,计算机类,电子与信息大类,软件技术,计算机类,电子与信息大类,exact
苏州职业技术大学,物理,苏州职业技术大学04,127004,47,大数据技术,计算机类,电子与信息大类,大数据技术,计算机类,电子与信息大类,exact
苏州职业技术大学,物理,苏州职业技术大学04,127004,48,动漫制作技术,文化艺术类,文化艺术大类,动漫制作技术,计算机类,电子与信息大类,exact
苏州职业技术大学,物理,苏州职业技术大学04,127004,49,现代通信技术,电子信息类,电子与信息大类,现代通信技术,通信类,电子与信息大类,exact
苏州职业技术大学,物理,苏州职业技术大学04,127004,50,大数据与财务管理,财务会计类,财经商贸大类,大数据与财务管理,财务会计类,财经商贸大类,exact
苏州职业技术大学,物理,苏州职业技术大学04,127004,51,商务英语(只招英语考生)(干将路校区),教育体育类,教育与体育大类,商务英语,语言类,教育与体育大类,exact
苏州职业技术大学,物理,苏州职业技术大学04,127004,52,法律事务,公安司法类,公安司法大类,法律事务,法律实务类,公安与司法大类,exact
苏州职业技术大学,物理,苏州职业技术大学04,127004,53,机电一体化技术,电气自动化类,装备制造大类,机电一体化技术,自动化类,装备制造大类,exact
苏州职业技术大学,物理,苏州职业技术大学04,127004,54,智能控制技术,电气自动化类,装备制造大类,智能控制技术,自动化类,装备制造大类,exact
苏州职业技术大学,物理,苏州职业技术大学04,127004,55,无人机应用技术,航空运输类,交通运输大类,无人机应用技术,航空装备类,装备制造大类,exact
苏州职业技术大学,物理,苏州职业技术大学04,127004,56,网络新闻与传播,计算机类,电子与信息大类,网络新闻与传播,新闻出版类,新闻传播大类,exact
苏州职业技术大学,物理,苏州职业技术大学05,127005,57,生物制药技术(校本部),生物化工类,生物与化工大类,生物制药技术,药品与医疗器械类,食品药品与粮食大类,exact
南京城市职业学院,物理,南京城市职业学院05,117205,17,跨境电子商务(与金陵科技学院分段培养项目)(南京市溧水区高山路1号),财经商贸类,财经商贸大类,跨境电子商务,电子商务类,财经商贸大类,exact
南京城市职业学院,物理,南京城市职业学院06,117206,18,大数据与会计(与三江学院分段培养项目)(南京市溧水区高山路1号),财务会计类,财经商贸大类,大数据与会计,财务会计类,财经商贸大类,exact
南京城市职业学院,物理,南京城市职业学院07,117207,19,软件技术(与南京传媒学院分段培养项目)(南京市溧水区高山路1号),计算机类,电子与信息大类,软件技术,计算机类,电子与信息大类,exact
南京城市职业学院,物理,南京城市职业学院08,117208,20,大数据与会计,财务会计类,财经商贸大类,大数据与会计,财务会计类,财经商贸大类,exact
南京城市职业学院,物理,南京城市职业学院08,117208,21,跨境电子商务,财经商贸类,财经商贸大类,跨境电子商务,电子商务类,财经商贸大类,exact
南京城市职业学院,物理,南京城市职业学院08,117208,22,商务数据分析与应用,财经商贸类,财经商贸大类,商务数据分析与应用,电子商务类,财经商贸大类,exact
南京城市职业学院,物理,南京城市职业学院08,117208,23,现代物流管理,财经商贸类,财经商贸大类,现代物流管理,物流类,财经商贸大类,exact
南京城市职业学院,物理,南京城市职业学院08,117208,24,康复治疗技术,护理医学类,医药卫生大类,康复治疗技术,康复治疗类,医药卫生大类,exact
南京城市职业学院,物理,南京城市职业学院08,117208,25,软件技术,计算机类,电子与信息大类,软件技术,计算机类,电子与信息大类,exact
南京城市职业学院,物理,南京城市职业学院08,117208,26,计算机应用技术,计算机类,电子与信息大类,计算机应用技术,计算机类,电子与信息大类,exact
南京城市职业学院,物理,南京城市职业学院08,117208,27,计算机网络技术,计算机类,电子与信息大类,计算机网络技术,计算机类,电子与信息大类,exact
南京城市职业学院,物理,南京城市职业学院08,117208,28,云计算技术应用,计算机类,电子与信息大类,云计算技术应用,计算机类,电子与信息大类,exact
南京城市职业学院,物理,南京城市职业学院08,117208,29,电子信息工程技术,电子信息类,电子与信息大类,电子信息工程技术,电子信息类,电子与信息大类,exact
南京城市职业学院,物理,南京城市职业学院08,117208,30,新能源汽车技术,汽车制造类,装备制造大类,新能源汽车技术,汽车制造类,装备制造大类,exact
南京城市职业学院,物理,南京城市职业学院08,117208,31,智能网联汽车技术,汽车制造类,装备制造大类,智能网联汽车技术,汽车制造类,装备制造大类,exact
江苏信息职业技术学院,物理,江苏信息职业技术学院04,121004,22,物联网应用技术(只招男生)(空军),计算机类,电子与信息大类,物联网应用技术,电子信息类,电子与信息大类,exact
江苏信息职业技术学院,物理,江苏信息职业技术学院04,121004,23,现代移动通信技术(只招男生)(空军),电子信息类,电子与信息大类,现代移动通信技术,通信类,电子与信息大类,exact
武汉铁路职业技术学院,物理,武汉铁路职业技术学院02,525202,12,铁道交通运营管理,铁道运输类,交通运输大类,铁道交通运营管理,铁道运输类,交通运输大类,exact
武汉铁路职业技术学院,物理,武汉铁路职业技术学院02,525202,13,城市轨道交通运营管理,铁道运输类,交通运输大类,城市轨道交通运营管理,城市轨道交通类,交通运输大类,exact
武汉铁路职业技术学院,物理,武汉铁路职业技术学院02,525202,14,铁路物流管理,铁道运输类,交通运输大类,铁路物流管理,物流类,财经商贸大类,exact
武汉铁路职业技术学院,物理,武汉铁路职业技术学院02,525202,15,城市轨道车辆应用技术,铁道运输类,交通运输大类,城市轨道车辆应用技术,城市轨道交通类,交通运输大类,exact
武汉铁路职业技术学院,物理,武汉铁路职业技术学院02,525202,16,铁道通信与信息化技术,铁道运输类,交通运输大类,铁道通信与信息化技术,铁道运输类,交通运输大类,exact
武汉铁路职业技术学院,物理,武汉铁路职业技术学院02,525202,17,城市轨道交通通信信号技术,铁道运输类,交通运输大类,城市轨道交通通信信号技术,城市轨道交通类,交通运输大类,exact
武汉铁路职业技术学院,物理,武汉铁路职业技术学院02,525202,18,轨道交通通信信号设备制造与维护,铁道运输类,交通运输大类,轨道交通通信信号设备制造与维护,轨道装备类,装备制造大类,exact
武汉铁路职业技术学院,物理,武汉铁路职业技术学院02,525202,19,城市轨道交通供配电技术,铁道运输类,交通运输大类,城市轨道交通供配电技术,城市轨道交通类,交通运输大类,exact
武汉铁路职业技术学院,物理,武汉铁路职业技术学院02,525202,20,测绘工程技术,资源环境安全类,资源环境与安全大类,测绘工程技术,测绘地理信息类,资源环境与安全大类,exact
武汉铁路职业技术学院,物理,武汉铁路职业技术学院02,525202,21,城市轨道交通机电技术,铁道运输类,交通运输大类,城市轨道交通机电技术,城市轨道交通类,交通运输大类,exact
武汉铁路职业技术学院,物理,武汉铁路职业技术学院02,525202,22,数字化设计与制造技术,机械设计制造类,装备制造大类,数字化设计与制造技术,机械设计制造类,装备制造大类,exact
武汉铁路职业技术学院,物理,武汉铁路职业技术学院02,525202,23,大数据与会计,财务会计类,财经商贸大类,大数据与会计,财务会计类,财经商贸大类,exact
上海工艺美术职业学院,物理,上海工艺美术职业学院02,214602,06,文物修复与保护,其他专业类,其他,文物修复与保护,文化服务类,文化艺术大类,exact
上海工艺美术职业学院,物理,上海工艺美术职业学院02,214602,07,数字媒体技术,计算机类,电子与信息大类,数字媒体技术,计算机类,电子与信息大类,exact
上海工艺美术职业学院,物理,上海工艺美术职业学院02,214602,08,虚拟现实技术应用,计算机类,电子与信息大类,虚拟现实技术应用,计算机类,电子与信息大类,exact
上海工艺美术职业学院,物理,上海工艺美术职业学院02,214602,09,风景园林设计,土木建筑类,土木建筑大类,风景园林设计,建筑设计类,土木建筑大类,exact
上海工艺美术职业学院,物理,上海工艺美术职业学院02,214602,10,空间数字建模与应用技术,其他专业类,其他,空间数字建模与应用技术,测绘地理信息类,资源环境与安全大类,exact
重庆电力高等专科学校,历史,重庆电力高等专科学校01,623901,01,"热能动力工程技术(第一、二学年在潼南校区学习,第三学年在九龙坡校区学习)(报考该专业有色觉要求,具体请查阅院校招生章程)",能源动力与材料类,能源动力与材料大类,热能动力工程技术,热能与发电工程类,能源动力与材料大类,exact
无锡城市职业技术学院,历史,无锡城市职业技术学院01,121401,01,广播影视节目制作(与南京传媒学院分段培养项目),电子信息类,电子与信息大类,广播影视节目制作,广播影视类,新闻传播大类,exact
无锡城市职业技术学院,历史,无锡城市职业技术学院01,121401,02,休闲服务与管理(与南京传媒学院分段培养项目),其他专业类,其他,休闲服务与管理,旅游类,旅游大类,exact
无锡城市职业技术学院,历史,无锡城市职业技术学院01,121401,03,电子商务(与南京传媒学院分段培养项目),财经商贸类,财经商贸大类,电子商务,电子商务类,财经商贸大类,exact
无锡城市职业技术学院,历史,无锡城市职业技术学院02,121402,04,电子商务,财经商贸类,财经商贸大类,电子商务,电子商务类,财经商贸大类,exact
无锡城市职业技术学院,历史,无锡城市职业技术学院02,121402,05,现代物流管理,财经商贸类,财经商贸大类,现代物流管理,物流类,财经商贸大类,exact
无锡城市职业技术学院,历史,无锡城市职业技术学院02,121402,06,邮政快递智能技术,其他专业类,其他,邮政快递智能技术,邮政类,交通运输大类,exact
无锡城市职业技术学院,历史,无锡城市职业技术学院02,121402,07,网络营销与直播电商,计算机类,电子与信息大类,网络营销与直播电商,电子商务类,财经商贸大类,exact
无锡城市职业技术学院,历史,无锡城市职业技术学院02,121402,08,国际经济与贸易,财经商贸类,财经商贸大类,国际经济与贸易,经济贸易类,财经商贸大类,exact
无锡城市职业技术学院,历史,无锡城市职业技术学院02,121402,09,大数据与会计,财务会计类,财经商贸大类,大数据与会计,财务会计类,财经商贸大类,exact
无锡城市职业技术学院,历史,无锡城市职业技术学院02,121402,10,会计信息管理,财务会计类,财经商贸大类,会计信息管理,财务会计类,财经商贸大类,exact
无锡城市职业技术学院,历史,无锡城市职业技术学院02,121402,11,酒店管理与数字化运营,旅游餐饮类,旅游大类,酒店管理与数字化运营,旅游类,旅游大类,exact
无锡城市职业技术学院,历史,无锡城市职业技术学院02,121402,12,会展策划与管理,旅游餐饮类,旅游大类,会展策划与管理,旅游类,旅游大类,exact
无锡城市职业技术学院,历史,无锡城市职业技术学院02,121402,13,研学旅行管理与服务,其他专业类,其他,研学旅行管理与服务,旅游类,旅游大类,exact
无锡城市职业技术学院,历史,无锡城市职业技术学院02,121402,14,旅游英语,教育体育类,教育与体育大类,旅游英语,语言类,教育与体育大类,exact
无锡城市职业技术学院,历史,无锡城市职业技术学院02,121402,15,计算机应用技术,计算机类,电子与信息大类,计算机应用技术,计算机类,电子与信息大类,exact
无锡城市职业技术学院,历史,无锡城市职业技术学院02,121402,16,信息安全技术应用,计算机类,电子与信息大类,信息安全技术应用,计算机类,电子与信息大类,exact
无锡城市职业技术学院,历史,无锡城市职业技术学院02,121402,17,工业互联网技术,电气自动化类,装备制造大类,工业互联网技术,计算机类,电子与信息大类,exact
无锡城市职业技术学院,历史,无锡城市职业技术学院02,121402,18,人工智能技术应用,计算机类,电子与信息大类,人工智能技术应用,计算机类,电子与信息大类,exact
无锡城市职业技术学院,历史,无锡城市职业技术学院02,121402,19,电气自动化技术,电气自动化类,装备制造大类,电气自动化技术,自动化类,装备制造大类,exact
无锡城市职业技术学院,历史,无锡城市职业技术学院02,121402,20,机电一体化技术,电气自动化类,装备制造大类,机电一体化技术,自动化类,装备制造大类,exact
无锡城市职业技术学院,历史,无锡城市职业技术学院02,121402,21,物联网应用技术,计算机类,电子与信息大类,物联网应用技术,电子信息类,电子与信息大类,exact
无锡城市职业技术学院,历史,无锡城市职业技术学院02,121402,22,无人机应用技术,航空运输类,交通运输大类,无人机应用技术,航空装备类,装备制造大类,exact
无锡城市职业技术学院,历史,无锡城市职业技术学院02,121402,23,建筑工程技术,土木建筑类,土木建筑大类,建筑工程技术,土建施工类,土木建筑大类,exact
无锡城市职业技术学院,历史,无锡城市职业技术学院02,121402,24,工程造价,土木建筑类,土木建筑大类,工程造价,建设工程管理类,土木建筑大类,exact
无锡城市职业技术学院,历史,无锡城市职业技术学院02,121402,25,建筑装饰工程技术,土木建筑类,土木建筑大类,建筑装饰工程技术,建筑设计类,土木建筑大类,exact
无锡城市职业技术学院,历史,无锡城市职业技术学院02,121402,26,风景园林设计,土木建筑类,土木建筑大类,风景园林设计,建筑设计类,土木建筑大类,exact
无锡城市职业技术学院,历史,无锡城市职业技术学院02,121402,27,建筑室内设计,土木建筑类,土木建筑大类,建筑室内设计,建筑设计类,土木建筑大类,exact
无锡城市职业技术学院,历史,无锡城市职业技术学院02,121402,28,影视编导,文化艺术类,文化艺术大类,影视编导,广播影视类,新闻传播大类,exact
浙江经贸职业技术学院,物理,浙江经贸职业技术学院02,221702,05,软件技术,计算机类,电子与信息大类,软件技术,计算机类,电子与信息大类,exact
浙江经贸职业技术学院,物理,浙江经贸职业技术学院02,221702,06,食品检验检测技术,食品药品类,食品药品与粮食大类,食品检验检测技术,食品类,食品药品与粮食大类,exact
浙江经贸职业技术学院,物理,浙江经贸职业技术学院02,221702,07,食品营养与健康,食品药品类,食品药品与粮食大类,食品营养与健康,食品类,食品药品与粮食大类,exact
浙江经贸职业技术学院,物理,浙江经贸职业技术学院02,221702,08,药品生物技术,其他专业类,其他,药品生物技术,生物技术类,生物与化工大类,exact
浙江经贸职业技术学院,物理,浙江经贸职业技术学院02,221702,09,工业机器人技术,电气自动化类,装备制造大类,工业机器人技术,自动化类,装备制造大类,exact
浙江经贸职业技术学院,物理,浙江经贸职业技术学院02,221702,10,新能源汽车技术,汽车制造类,装备制造大类,新能源汽车技术,汽车制造类,装备制造大类,exact
南京机电职业技术学院,物理,南京机电职业技术学院02,115902,22,机电一体化技术,电气自动化类,装备制造大类,机电一体化技术,自动化类,装备制造大类,exact
南京机电职业技术学院,物理,南京机电职业技术学院02,115902,23,电气自动化技术,电气自动化类,装备制造大类,电气自动化技术,自动化类,装备制造大类,exact
南京机电职业技术学院,物理,南京机电职业技术学院02,115902,24,供用电技术,能源动力与材料类,能源动力与材料大类,供用电技术,电力技术类,能源动力与材料大类,exact
南京机电职业技术学院,物理,南京机电职业技术学院02,115902,25,智能控制技术,电气自动化类,装备制造大类,智能控制技术,自动化类,装备制造大类,exact
南京机电职业技术学院,物理,南京机电职业技术学院02,115902,26,机械制造及自动化,电气自动化类,装备制造大类,机械制造及自动化,机械设计制造类,装备制造大类,exact
南京机电职业技术学院,物理,南京机电职业技术学院02,115902,27,数控技术,机械设计制造类,装备制造大类,数控技术,机械设计制造类,装备制造大类,exact
南京机电职业技术学院,物理,南京机电职业技术学院02,115902,28,工业设计,文化艺术类,文化艺术大类,工业设计,机械设计制造类,装备制造大类,exact
南京机电职业技术学院,物理,南京机电职业技术学院02,115902,29,机械设计与制造,机械设计制造类,装备制造大类,机械设计与制造,机械设计制造类,装备制造大类,exact
南京机电职业技术学院,物理,南京机电职业技术学院02,115902,30,智能制造装备技术,电气自动化类,装备制造大类,智能制造装备技术,机电设备类,装备制造大类,exact
南京机电职业技术学院,物理,南京机电职业技术学院02,115902,31,航天装备精密制造技术,机械设计制造类,装备制造大类,航天装备精密制造技术,航空装备类,装备制造大类,exact
南京机电职业技术学院,物理,南京机电职业技术学院02,115902,32,电子信息工程技术,电子信息类,电子与信息大类,电子信息工程技术,电子信息类,电子与信息大类,exact
南京机电职业技术学院,物理,南京机电职业技术学院02,115902,33,物联网应用技术,计算机类,电子与信息大类,物联网应用技术,电子信息类,电子与信息大类,exact
南京机电职业技术学院,物理,南京机电职业技术学院02,115902,34,智能产品开发与应用,电子信息类,电子与信息大类,智能产品开发与应用,电子信息类,电子与信息大类,exact
南京机电职业技术学院,物理,南京机电职业技术学院02,115902,35,无人机应用技术,航空运输类,交通运输大类,无人机应用技术,航空装备类,装备制造大类,exact
南京机电职业技术学院,物理,南京机电职业技术学院02,115902,36,软件技术,计算机类,电子与信息大类,软件技术,计算机类,电子与信息大类,exact
南京机电职业技术学院,物理,南京机电职业技术学院02,115902,37,现代通信技术,电子信息类,电子与信息大类,现代通信技术,通信类,电子与信息大类,exact
南京机电职业技术学院,物理,南京机电职业技术学院02,115902,38,移动商务,其他专业类,其他,移动商务,电子商务类,财经商贸大类,exact
南京机电职业技术学院,物理,南京机电职业技术学院02,115902,39,云计算技术应用,计算机类,电子与信息大类,云计算技术应用,计算机类,电子与信息大类,exact
南京机电职业技术学院,物理,南京机电职业技术学院02,115902,40,卫星通信与导航技术,电子信息类,电子与信息大类,卫星通信与导航技术,通信类,电子与信息大类,exact
南京机电职业技术学院,物理,南京机电职业技术学院02,115902,41,大数据与会计,财务会计类,财经商贸大类,大数据与会计,财务会计类,财经商贸大类,exact
南京机电职业技术学院,物理,南京机电职业技术学院02,115902,42,数字媒体技术,计算机类,电子与信息大类,数字媒体技术,计算机类,电子与信息大类,exact
南京机电职业技术学院,物理,南京机电职业技术学院02,115902,43,金融科技应用,财经商贸类,财经商贸大类,金融科技应用,金融类,财经商贸大类,exact
苏州信息职业技术学院,历史,苏州信息职业技术学院01,127701,01,大数据与会计,财务会计类,财经商贸大类,大数据与会计,财务会计类,财经商贸大类,exact
苏州信息职业技术学院,历史,苏州信息职业技术学院01,127701,02,大数据与审计,财务会计类,财经商贸大类,大数据与审计,财务会计类,财经商贸大类,exact
苏州信息职业技术学院,历史,苏州信息职业技术学院01,127701,03,财税大数据应用,其他专业类,其他,财税大数据应用,财政税务类,财经商贸大类,exact
苏州信息职业技术学院,历史,苏州信息职业技术学院01,127701,04,业财数据应用与管理,其他专业类,其他,业财数据应用与管理,财务会计类,财经商贸大类,exact
苏州信息职业技术学院,历史,苏州信息职业技术学院01,127701,05,旅游管理,旅游餐饮类,旅游大类,旅游管理,旅游类,旅游大类,exact
苏州信息职业技术学院,历史,苏州信息职业技术学院01,127701,06,市场营销,财经商贸类,财经商贸大类,市场营销,工商管理类,财经商贸大类,exact
苏州信息职业技术学院,历史,苏州信息职业技术学院01,127701,07,现代物流管理,财经商贸类,财经商贸大类,现代物流管理,物流类,财经商贸大类,exact
苏州信息职业技术学院,历史,苏州信息职业技术学院01,127701,08,跨境电子商务,财经商贸类,财经商贸大类,跨境电子商务,电子商务类,财经商贸大类,exact
苏州信息职业技术学院,历史,苏州信息职业技术学院01,127701,09,动漫制作技术,文化艺术类,文化艺术大类,动漫制作技术,计算机类,电子与信息大类,exact
安徽粮食工程职业学院,历史,安徽粮食工程职业学院01,237901,01,粮食储运与质量安全,食品药品类,食品药品与粮食大类,粮食储运与质量安全,粮食类,食品药品与粮食大类,exact
陕西财经职业技术学院,历史,陕西财经职业技术学院01,715201,01,大数据与会计,财务会计类,财经商贸大类,大数据与会计,财务会计类,财经商贸大类,exact
江西财经职业学院,历史,江西财经职业学院01,256201,01,大数据与会计,财务会计类,财经商贸大类,大数据与会计,财务会计类,财经商贸大类,exact
江西财经职业学院,历史,江西财经职业学院01,256201,02,大数据与审计,财务会计类,财经商贸大类,大数据与审计,财务会计类,财经商贸大类,exact
常州铁道职业技术学院,物理,常州铁道职业技术学院02,125702,08,城市轨道车辆应用技术,铁道运输类,交通运输大类,城市轨道车辆应用技术,城市轨道交通类,交通运输大类,exact
常州铁道职业技术学院,物理,常州铁道职业技术学院02,125702,09,城市轨道交通机电技术,铁道运输类,交通运输大类,城市轨道交通机电技术,城市轨道交通类,交通运输大类,exact
常州铁道职业技术学院,物理,常州铁道职业技术学院02,125702,10,城市轨道交通运营管理,铁道运输类,交通运输大类,城市轨道交通运营管理,城市轨道交通类,交通运输大类,exact
常州铁道职业技术学院,物理,常州铁道职业技术学院02,125702,11,动车组检修技术,铁道运输类,交通运输大类,动车组检修技术,铁道运输类,交通运输大类,exact
常州铁道职业技术学院,物理,常州铁道职业技术学院02,125702,12,机电一体化技术,电气自动化类,装备制造大类,机电一体化技术,自动化类,装备制造大类,exact
常州铁道职业技术学院,物理,常州铁道职业技术学院02,125702,13,智能焊接技术,机械设计制造类,装备制造大类,智能焊接技术,机械设计制造类,装备制造大类,exact
常州铁道职业技术学院,物理,常州铁道职业技术学院02,125702,14,铁道信号自动控制,铁道运输类,交通运输大类,铁道信号自动控制,铁道运输类,交通运输大类,exact
常州铁道职业技术学院,物理,常州铁道职业技术学院02,125702,15,铁道供电技术,铁道运输类,交通运输大类,铁道供电技术,铁道运输类,交通运输大类,exact
江苏海事职业技术学院,历史,江苏海事职业技术学院02,115002,09,水路运输安全管理,航海运输类,交通运输大类,水路运输安全管理,水上运输类,交通运输大类,exact
江苏海事职业技术学院,历史,江苏海事职业技术学院02,115002,10,港口与航运管理,航海运输类,交通运输大类,港口与航运管理,水上运输类,交通运输大类,exact
江苏海事职业技术学院,历史,江苏海事职业技术学院02,115002,11,现代物流管理,财经商贸类,财经商贸大类,现代物流管理,物流类,财经商贸大类,exact
江苏海事职业技术学院,历史,江苏海事职业技术学院02,115002,12,关务与外贸服务,财经商贸类,财经商贸大类,关务与外贸服务,经济贸易类,财经商贸大类,exact
江苏海事职业技术学院,历史,江苏海事职业技术学院02,115002,13,国际经济与贸易,财经商贸类,财经商贸大类,国际经济与贸易,经济贸易类,财经商贸大类,exact
江苏海事职业技术学院,历史,江苏海事职业技术学院02,115002,14,商务英语(只招英语考生),教育体育类,教育与体育大类,商务英语,语言类,教育与体育大类,exact
江苏海事职业技术学院,历史,江苏海事职业技术学院02,115002,15,国际邮轮乘务管理,其他专业类,其他,国际邮轮乘务管理,水上运输类,交通运输大类,exact
江苏海事职业技术学院,历史,江苏海事职业技术学院02,115002,16,邮轮内装技术,其他专业类,其他,邮轮内装技术,船舶与海洋工程装备类,装备制造大类,exact
江苏海事职业技术学院,历史,江苏海事职业技术学院02,115002,17,电子商务,财经商贸类,财经商贸大类,电子商务,电子商务类,财经商贸大类,exact
陕西铁路工程职业技术学院,物理,陕西铁路工程职业技术学院02,714602,03,铁道工程技术(高新校区),铁道运输类,交通运输大类,铁道工程技术,铁道运输类,交通运输大类,exact
陕西铁路工程职业技术学院,物理,陕西铁路工程职业技术学院02,714602,04,铁道机车运用与维护,铁道运输类,交通运输大类,铁道机车运用与维护,铁道运输类,交通运输大类,exact
陕西铁路工程职业技术学院,物理,陕西铁路工程职业技术学院02,714602,05,机电一体化技术,电气自动化类,装备制造大类,机电一体化技术,自动化类,装备制造大类,exact
上海城建职业学院,历史,上海城建职业学院01,215501,01,现代物业管理(杨浦校区),其他专业类,其他,现代物业管理,房地产类,土木建筑大类,exact
上海城建职业学院,历史,上海城建职业学院01,215501,02,园林技术(杨浦校区),农林牧渔类,农林牧渔大类,园林技术,林业类,农林牧渔大类,exact
上海城建职业学院,历史,上海城建职业学院01,215501,03,机电一体化技术,电气自动化类,装备制造大类,机电一体化技术,自动化类,装备制造大类,exact
上海城建职业学院,历史,上海城建职业学院01,215501,04,智能控制技术,电气自动化类,装备制造大类,智能控制技术,自动化类,装备制造大类,exact
上海城建职业学院,历史,上海城建职业学院01,215501,05,社会工作,公共管理服务类,公共管理与服务大类,社会工作,公共事业类,公共管理与服务大类,exact
上海城建职业学院,历史,上海城建职业学院01,215501,06,国际商务,财经商贸类,财经商贸大类,国际商务,经济贸易类,财经商贸大类,exact
上海城建职业学院,历史,上海城建职业学院01,215501,07,文物修复与保护,其他专业类,其他,文物修复与保护,文化服务类,文化艺术大类,exact
上海城建职业学院,物理,上海城建职业学院02,215502,08,建筑工程技术,土木建筑类,土木建筑大类,建筑工程技术,土建施工类,土木建筑大类,exact
上海城建职业学院,物理,上海城建职业学院02,215502,09,智能建造技术,其他专业类,其他,智能建造技术,土建施工类,土木建筑大类,exact
上海城建职业学院,物理,上海城建职业学院02,215502,10,物联网应用技术,计算机类,电子与信息大类,物联网应用技术,电子信息类,电子与信息大类,exact
上海城建职业学院,物理,上海城建职业学院02,215502,11,环境工程技术,资源环境安全类,资源环境与安全大类,环境工程技术,环境保护类,资源环境与安全大类,exact
上海城建职业学院,物理,上海城建职业学院02,215502,12,机电一体化技术(奉贤校区),电气自动化类,装备制造大类,机电一体化技术,自动化类,装备制造大类,exact
上海城建职业学院,物理,上海城建职业学院02,215502,13,智能控制技术(奉贤校区),电气自动化类,装备制造大类,智能控制技术,自动化类,装备制造大类,exact
山东职业学院,物理,山东职业学院03,264603,12,铁道机车运用与维护,铁道运输类,交通运输大类,铁道机车运用与维护,铁道运输类,交通运输大类,exact
山东职业学院,物理,山东职业学院03,264603,13,铁道车辆技术,铁道运输类,交通运输大类,铁道车辆技术,铁道运输类,交通运输大类,exact
山东职业学院,物理,山东职业学院03,264603,14,动车组检修技术,铁道运输类,交通运输大类,动车组检修技术,铁道运输类,交通运输大类,exact
山东职业学院,物理,山东职业学院03,264603,15,铁道交通运营管理,铁道运输类,交通运输大类,铁道交通运营管理,铁道运输类,交通运输大类,exact
山东职业学院,物理,山东职业学院03,264603,16,城市轨道车辆应用技术,铁道运输类,交通运输大类,城市轨道车辆应用技术,城市轨道交通类,交通运输大类,exact
山东职业学院,物理,山东职业学院03,264603,17,城市轨道交通机电技术,铁道运输类,交通运输大类,城市轨道交通机电技术,城市轨道交通类,交通运输大类,exact
山东职业学院,物理,山东职业学院03,264603,18,城市轨道交通运营管理,铁道运输类,交通运输大类,城市轨道交通运营管理,城市轨道交通类,交通运输大类,exact
山东职业学院,物理,山东职业学院03,264603,19,机电一体化技术,电气自动化类,装备制造大类,机电一体化技术,自动化类,装备制造大类,exact
山东职业学院,物理,山东职业学院03,264603,20,电气自动化技术,电气自动化类,装备制造大类,电气自动化技术,自动化类,装备制造大类,exact
山东职业学院,物理,山东职业学院03,264603,21,港口机械与智能控制,航海运输类,交通运输大类,港口机械与智能控制,水上运输类,交通运输大类,exact
山东职业学院,物理,山东职业学院03,264603,22,软件技术,计算机类,电子与信息大类,软件技术,计算机类,电子与信息大类,exact
山东职业学院,物理,山东职业学院03,264603,23,民航安全技术管理,航空运输类,交通运输大类,民航安全技术管理,航空运输类,交通运输大类,exact
山东职业学院,物理,山东职业学院03,264603,24,低空安全与技术,资源环境安全类,资源环境与安全大类,低空安全与技术,电子信息类,电子与信息大类,exact
山东职业学院,物理,山东职业学院04,264604,25,铁道供电技术(中外合作办学),铁道运输类,交通运输大类,铁道供电技术,铁道运输类,交通运输大类,exact
山东职业学院,物理,山东职业学院04,264604,26,铁道信号自动控制(中外合作办学),铁道运输类,交通运输大类,铁道信号自动控制,铁道运输类,交通运输大类,exact
山东职业学院,物理,山东职业学院04,264604,27,铁道工程技术(中外合作办学),铁道运输类,交通运输大类,铁道工程技术,铁道运输类,交通运输大类,exact
苏州工业园区服务外包职业学院,历史,苏州工业园区服务外包职业学院01,127601,01,"微电子技术[在苏州工业园区服务外包职业学院学习三年,考核合格者可转入苏州职业技术大学(原苏州市职业大学)学习两年,毕业后颁发苏州职业技术大学(原苏州市职业大学)本科文凭]",电子信息类,电子与信息大类,微电子技术,集成电路类,电子与信息大类,exact
苏州工业园区服务外包职业学院,历史,苏州工业园区服务外包职业学院01,127601,02,"智能产品开发与应用[在苏州工业园区服务外包职业学院学习五年,其中前三年高职阶段教育考核合格者,后两年本科阶段教育继续在高职院校内学习,由本科院校与高职院校联合实施教学,毕业后颁发苏州职业技术大学(原苏州市职业大学)本科文凭]",电子信息类,电子与信息大类,智能产品开发与应用,电子信息类,电子与信息大类,exact
苏州工业园区服务外包职业学院,历史,苏州工业园区服务外包职业学院01,127601,03,"软件技术(在苏州工业园区服务外包职业学院学习五年,其中前三年高职阶段教育考核合格者,后两年本科阶段教育继续在高职院校内学习,由本科院校与高职院校联合实施教学,毕业后颁发无锡太湖学院本科文凭)",计算机类,电子与信息大类,软件技术,计算机类,电子与信息大类,exact
苏州工业园区服务外包职业学院,历史,苏州工业园区服务外包职业学院01,127601,04,"嵌入式技术应用(在苏州工业园区服务外包职业学院学习五年,其中前三年高职阶段教育考核合格者,后两年本科阶段教育继续在高职院校内学习,由本科院校与高职院校联合实施教学,毕业后颁发无锡太湖学院本科文凭)",其他专业类,其他,嵌入式技术应用,计算机类,电子与信息大类,exact
苏州工业园区服务外包职业学院,历史,苏州工业园区服务外包职业学院02,127602,05,大数据技术,计算机类,电子与信息大类,大数据技术,计算机类,电子与信息大类,exact
苏州工业园区服务外包职业学院,历史,苏州工业园区服务外包职业学院02,127602,06,大数据与会计,财务会计类,财经商贸大类,大数据与会计,财务会计类,财经商贸大类,exact
苏州工业园区服务外包职业学院,历史,苏州工业园区服务外包职业学院02,127602,07,业财数据应用与管理,其他专业类,其他,业财数据应用与管理,财务会计类,财经商贸大类,exact
苏州工业园区服务外包职业学院,历史,苏州工业园区服务外包职业学院02,127602,08,生物产品检验检疫,其他专业类,其他,生物产品检验检疫,生物技术类,生物与化工大类,exact
苏州工业园区服务外包职业学院,历史,苏州工业园区服务外包职业学院02,127602,09,生物制药技术,生物化工类,生物与化工大类,生物制药技术,药品与医疗器械类,食品药品与粮食大类,exact
苏州工业园区服务外包职业学院,历史,苏州工业园区服务外包职业学院02,127602,10,药品生物技术,其他专业类,其他,药品生物技术,生物技术类,生物与化工大类,exact
苏州工业园区服务外包职业学院,历史,苏州工业园区服务外包职业学院02,127602,11,药品质量与安全,药学类,医药卫生大类,药品质量与安全,药品与医疗器械类,食品药品与粮食大类,exact
苏州工业园区服务外包职业学院,历史,苏州工业园区服务外包职业学院02,127602,12,动漫制作技术,文化艺术类,文化艺术大类,动漫制作技术,计算机类,电子与信息大类,exact
苏州工业园区服务外包职业学院,历史,苏州工业园区服务外包职业学院02,127602,13,虚拟现实技术应用,计算机类,电子与信息大类,虚拟现实技术应用,计算机类,电子与信息大类,exact
苏州工业园区服务外包职业学院,历史,苏州工业园区服务外包职业学院02,127602,14,数字出版,新闻传播类,新闻传播大类,数字出版,新闻出版类,新闻传播大类,exact
苏州工业园区服务外包职业学院,历史,苏州工业园区服务外包职业学院02,127602,15,工业互联网技术,电气自动化类,装备制造大类,工业互联网技术,计算机类,电子与信息大类,exact
苏州工业园区服务外包职业学院,历史,苏州工业园区服务外包职业学院02,127602,16,云计算技术应用,计算机类,电子与信息大类,云计算技术应用,计算机类,电子与信息大类,exact
苏州工业园区服务外包职业学院,历史,苏州工业园区服务外包职业学院02,127602,17,信息安全技术应用,计算机类,电子与信息大类,信息安全技术应用,计算机类,电子与信息大类,exact
山东信息职业技术学院,历史,山东信息职业技术学院01,275901,01,无人机应用技术(只招男生)(陆军),航空运输类,交通运输大类,无人机应用技术,航空装备类,装备制造大类,exact
山东信息职业技术学院,历史,山东信息职业技术学院01,275901,02,应用电子技术(只招男生)(空军),电子信息类,电子与信息大类,应用电子技术,电子信息类,电子与信息大类,exact
上海交通职业技术学院,历史,上海交通职业技术学院01,215401,01,"城市轨道交通运营管理(报考该专业有色觉要求,具体请查阅院校招生章程)",铁道运输类,交通运输大类,城市轨道交通运营管理,城市轨道交通类,交通运输大类,exact
上海交通职业技术学院,历史,上海交通职业技术学院01,215401,02,关务与外贸服务,财经商贸类,财经商贸大类,关务与外贸服务,经济贸易类,财经商贸大类,exact
上海交通职业技术学院,历史,上海交通职业技术学院01,215401,03,国际商务,财经商贸类,财经商贸大类,国际商务,经济贸易类,财经商贸大类,exact
上海交通职业技术学院,历史,上海交通职业技术学院01,215401,04,现代物流管理,财经商贸类,财经商贸大类,现代物流管理,物流类,财经商贸大类,exact
上海民航职业技术学院,物理,上海民航职业技术学院04,216704,07,空中乘务(浦东校区)(报考该专业须查阅院校官网报考指南),航空运输类,交通运输大类,空中乘务,航空运输类,交通运输大类,exact
上海民航职业技术学院,物理,上海民航职业技术学院05,216705,08,民航空中安全保卫(浦东校区)(报考该专业须查阅院校官网报考指南),航空运输类,交通运输大类,民航空中安全保卫,航空运输类,交通运输大类,exact
上海民航职业技术学院,物理,上海民航职业技术学院06,216706,09,"飞机机电设备维修(中外合作办学)(浦东校区)(报考该专业有色觉要求,具体请查阅院校招生章程)",航空运输类,交通运输大类,飞机机电设备维修,航空运输类,交通运输大类,exact
上海民航职业技术学院,物理,上海民航职业技术学院07,216707,10,民航运输服务,航空运输类,交通运输大类,民航运输服务,航空运输类,交通运输大类,exact
上海民航职业技术学院,物理,上海民航职业技术学院07,216707,11,民航运输服务(民航电子商务),航空运输类,交通运输大类,民航运输服务,航空运输类,交通运输大类,exact
上海民航职业技术学院,物理,上海民航职业技术学院07,216707,12,航空物流管理,航空运输类,交通运输大类,航空物流管理,物流类,财经商贸大类,exact
上海民航职业技术学院,物理,上海民航职业技术学院07,216707,13,机场运行服务与管理(航空港管理),航空运输类,交通运输大类,机场运行服务与管理,航空运输类,交通运输大类,exact
上海民航职业技术学院,物理,上海民航职业技术学院07,216707,14,机场电工技术,航空运输类,交通运输大类,机场电工技术,电力技术类,能源动力与材料大类,exact
上海民航职业技术学院,物理,上海民航职业技术学院07,216707,15,飞机机电设备维修,航空运输类,交通运输大类,飞机机电设备维修,航空运输类,交通运输大类,exact
上海民航职业技术学院,物理,上海民航职业技术学院07,216707,16,飞机电子设备维修,航空运输类,交通运输大类,飞机电子设备维修,航空运输类,交通运输大类,exact
上海民航职业技术学院,物理,上海民航职业技术学院07,216707,17,飞机结构修理,航空运输类,交通运输大类,飞机结构修理,航空运输类,交通运输大类,exact
上海民航职业技术学院,物理,上海民航职业技术学院07,216707,18,飞行器数字化制造技术,机械设计制造类,装备制造大类,飞行器数字化制造技术,航空装备类,装备制造大类,exact
上海民航职业技术学院,物理,上海民航职业技术学院07,216707,19,航空发动机装配调试技术,航空运输类,交通运输大类,航空发动机装配调试技术,航空装备类,装备制造大类,exact
上海民航职业技术学院,物理,上海民航职业技术学院07,216707,20,航空复合材料成型与加工技术,航空运输类,交通运输大类,航空复合材料成型与加工技术,非金属材料类,能源动力与材料大类,exact
上海民航职业技术学院,物理,上海民航职业技术学院07,216707,21,无人机应用技术,航空运输类,交通运输大类,无人机应用技术,航空装备类,装备制造大类,exact
上海民航职业技术学院,物理,上海民航职业技术学院07,216707,22,无人机测绘技术,资源环境安全类,资源环境与安全大类,无人机测绘技术,测绘地理信息类,资源环境与安全大类,exact
上海民航职业技术学院,物理,上海民航职业技术学院07,216707,23,飞行器数字化制造技术(通航飞机制造),航空运输类,交通运输大类,飞行器数字化制造技术,航空装备类,装备制造大类,exact
长沙航空职业技术学院,物理,长沙航空职业技术学院03,531103,06,飞机电子设备维修,航空运输类,交通运输大类,飞机电子设备维修,航空运输类,交通运输大类,exact
长沙航空职业技术学院,物理,长沙航空职业技术学院03,531103,07,应用电子技术,电子信息类,电子与信息大类,应用电子技术,电子信息类,电子与信息大类,exact
长沙航空职业技术学院,物理,长沙航空职业技术学院03,531103,08,电气自动化技术,电气自动化类,装备制造大类,电气自动化技术,自动化类,装备制造大类,exact
长沙航空职业技术学院,物理,长沙航空职业技术学院03,531103,09,民航通信技术,航空运输类,交通运输大类,民航通信技术,航空运输类,交通运输大类,exact
长沙航空职业技术学院,物理,长沙航空职业技术学院03,531103,10,工业互联网技术,电气自动化类,装备制造大类,工业互联网技术,计算机类,电子与信息大类,exact
长沙航空职业技术学院,物理,长沙航空职业技术学院03,531103,11,飞行器维修技术,其他专业类,其他,飞行器维修技术,航空装备类,装备制造大类,exact
长沙航空职业技术学院,物理,长沙航空职业技术学院03,531103,12,航空发动机维修技术,航空运输类,交通运输大类,航空发动机维修技术,航空装备类,装备制造大类,exact
长沙航空职业技术学院,物理,长沙航空职业技术学院03,531103,13,通用航空器维修,航空运输类,交通运输大类,通用航空器维修,航空运输类,交通运输大类,exact
长沙航空职业技术学院,物理,长沙航空职业技术学院03,531103,14,无人机应用技术,航空运输类,交通运输大类,无人机应用技术,航空装备类,装备制造大类,exact
长沙航空职业技术学院,物理,长沙航空职业技术学院03,531103,15,理化测试与质检技术,机械设计制造类,装备制造大类,理化测试与质检技术,机械设计制造类,装备制造大类,exact
长沙航空职业技术学院,物理,长沙航空职业技术学院03,531103,16,飞行器数字化制造技术,机械设计制造类,装备制造大类,飞行器数字化制造技术,航空装备类,装备制造大类,exact
长沙航空职业技术学院,物理,长沙航空职业技术学院03,531103,17,航空发动机制造技术,航空运输类,交通运输大类,航空发动机制造技术,航空装备类,装备制造大类,exact
长沙航空职业技术学院,物理,长沙航空职业技术学院03,531103,18,航空发动机装配调试技术,航空运输类,交通运输大类,航空发动机装配调试技术,航空装备类,装备制造大类,exact
长沙航空职业技术学院,物理,长沙航空职业技术学院03,531103,19,低空飞行器装备技术,其他专业类,其他,低空飞行器装备技术,机电设备类,装备制造大类,exact
长沙航空职业技术学院,物理,长沙航空职业技术学院03,531103,20,机电一体化技术,电气自动化类,装备制造大类,机电一体化技术,自动化类,装备制造大类,exact
长沙航空职业技术学院,物理,长沙航空职业技术学院03,531103,21,数控技术,机械设计制造类,装备制造大类,数控技术,机械设计制造类,装备制造大类,exact
上海农林职业技术学院,历史,上海农林职业技术学院01,215001,01,"宠物养护与驯导(报考该专业有色觉要求,具体请查阅院校招生章程)",农林牧渔类,农林牧渔大类,宠物养护与驯导,畜牧业类,农林牧渔大类,exact
上海农林职业技术学院,历史,上海农林职业技术学院01,215001,02,人工智能技术应用,计算机类,电子与信息大类,人工智能技术应用,计算机类,电子与信息大类,exact
安徽审计职业学院,物理,安徽审计职业学院02,232902,03,"大数据与审计[本专业拟按4300元/年收费,实际收费以物价(或主管)部门批复为准]",财务会计类,财经商贸大类,大数据与审计,财务会计类,财经商贸大类,exact
安徽审计职业学院,物理,安徽审计职业学院02,232902,04,"大数据与会计[本专业拟按4300元/年收费,实际收费以物价(或主管)部门批复为准]",财务会计类,财经商贸大类,大数据与会计,财务会计类,财经商贸大类,exact
上海行健职业学院,物理,上海行健职业学院02,216602,04,软件技术,计算机类,电子与信息大类,软件技术,计算机类,电子与信息大类,exact
上海行健职业学院,物理,上海行健职业学院02,216602,05,信息安全技术应用,计算机类,电子与信息大类,信息安全技术应用,计算机类,电子与信息大类,exact
上海行健职业学院,物理,上海行健职业学院02,216602,06,人工智能技术应用,计算机类,电子与信息大类,人工智能技术应用,计算机类,电子与信息大类,exact
上海行健职业学院,物理,上海行健职业学院02,216602,07,影视多媒体技术,文化艺术类,文化艺术大类,影视多媒体技术,广播影视类,新闻传播大类,exact
湖南高速铁路职业技术学院,历史,湖南高速铁路职业技术学院01,533301,01,铁道工程技术,铁道运输类,交通运输大类,铁道工程技术,铁道运输类,交通运输大类,exact
湖南高速铁路职业技术学院,历史,湖南高速铁路职业技术学院01,533301,02,动车组检修技术,铁道运输类,交通运输大类,动车组检修技术,铁道运输类,交通运输大类,exact
湖南高速铁路职业技术学院,历史,湖南高速铁路职业技术学院01,533301,03,铁道交通运营管理,铁道运输类,交通运输大类,铁道交通运营管理,铁道运输类,交通运输大类,exact
湖南高速铁路职业技术学院,历史,湖南高速铁路职业技术学院01,533301,04,城市轨道交通运营管理,铁道运输类,交通运输大类,城市轨道交通运营管理,城市轨道交通类,交通运输大类,exact
湖南高速铁路职业技术学院,历史,湖南高速铁路职业技术学院01,533301,05,城市轨道交通通信信号技术,铁道运输类,交通运输大类,城市轨道交通通信信号技术,城市轨道交通类,交通运输大类,exact
苏州卫生职业技术学院,物理,苏州卫生职业技术学院03,127503,24,护理(与徐州医科大学分段培养项目),护理医学类,医药卫生大类,护理,护理类,医药卫生大类,exact
苏州卫生职业技术学院,物理,苏州卫生职业技术学院03,127503,25,中药学(与南京中医药大学分段培养项目),护理医学类,医药卫生大类,中药学,中医药类,医药卫生大类,exact
苏州卫生职业技术学院,物理,苏州卫生职业技术学院03,127503,26,医学检验技术(与徐州医科大学分段培养项目),护理医学类,医药卫生大类,医学检验技术,医学技术类,医药卫生大类,exact
苏州卫生职业技术学院,物理,苏州卫生职业技术学院04,127504,27,中医学,护理医学类,医药卫生大类,中医学,中医药类,医药卫生大类,exact
苏州卫生职业技术学院,物理,苏州卫生职业技术学院04,127504,28,康复治疗技术,护理医学类,医药卫生大类,康复治疗技术,康复治疗类,医药卫生大类,exact
苏州卫生职业技术学院,物理,苏州卫生职业技术学院04,127504,29,医学影像技术,护理医学类,医药卫生大类,医学影像技术,医学技术类,医药卫生大类,exact
苏州卫生职业技术学院,物理,苏州卫生职业技术学院04,127504,30,智能医疗装备技术,其他专业类,其他,智能医疗装备技术,药品与医疗器械类,食品药品与粮食大类,exact
苏州卫生职业技术学院,物理,苏州卫生职业技术学院04,127504,31,护理,护理医学类,医药卫生大类,护理,护理类,医药卫生大类,exact
苏州卫生职业技术学院,物理,苏州卫生职业技术学院04,127504,32,助产,护理医学类,医药卫生大类,助产,护理类,医药卫生大类,exact
苏州卫生职业技术学院,物理,苏州卫生职业技术学院04,127504,33,药学,药学类,医药卫生大类,药学,药学类,医药卫生大类,exact
苏州卫生职业技术学院,物理,苏州卫生职业技术学院04,127504,34,中药学,药学类,医药卫生大类,中药学,中医药类,医药卫生大类,exact
苏州卫生职业技术学院,物理,苏州卫生职业技术学院04,127504,35,药品质量与安全,药学类,医药卫生大类,药品质量与安全,药品与医疗器械类,食品药品与粮食大类,exact
苏州卫生职业技术学院,物理,苏州卫生职业技术学院04,127504,36,生物制药技术,生物化工类,生物与化工大类,生物制药技术,药品与医疗器械类,食品药品与粮食大类,exact
苏州卫生职业技术学院,物理,苏州卫生职业技术学院04,127504,37,医学检验技术,护理医学类,医药卫生大类,医学检验技术,医学技术类,医药卫生大类,exact
苏州卫生职业技术学院,物理,苏州卫生职业技术学院04,127504,38,医学营养,食品药品类,食品药品与粮食大类,医学营养,健康管理与促进类,医药卫生大类,exact
苏州卫生职业技术学院,物理,苏州卫生职业技术学院04,127504,39,医学生物技术,其他专业类,其他,医学生物技术,医学技术类,医药卫生大类,exact
苏州卫生职业技术学院,物理,苏州卫生职业技术学院04,127504,40,健康管理,护理医学类,医药卫生大类,健康管理,健康管理与促进类,医药卫生大类,exact
苏州卫生职业技术学院,物理,苏州卫生职业技术学院04,127504,41,老年保健与管理,其他专业类,其他,老年保健与管理,健康管理与促进类,医药卫生大类,exact
苏州卫生职业技术学院,物理,苏州卫生职业技术学院04,127504,42,健康大数据管理与服务,其他专业类,其他,健康大数据管理与服务,公共卫生与卫生管理类,医药卫生大类,exact
苏州卫生职业技术学院,物理,苏州卫生职业技术学院04,127504,43,智慧健康养老服务与管理,公共管理服务类,公共管理与服务大类,智慧健康养老服务与管理,公共服务类,公共管理与服务大类,exact
苏州卫生职业技术学院,物理,苏州卫生职业技术学院04,127504,44,口腔医学技术,护理医学类,医药卫生大类,口腔医学技术,医学技术类,医药卫生大类,exact
苏州卫生职业技术学院,物理,苏州卫生职业技术学院04,127504,45,眼视光技术,护理医学类,医药卫生大类,眼视光技术,眼视光类,医药卫生大类,exact
苏州卫生职业技术学院,物理,苏州卫生职业技术学院04,127504,46,视觉训练与康复,文化艺术类,文化艺术大类,视觉训练与康复,眼视光类,医药卫生大类,exact
苏州卫生职业技术学院,物理,苏州卫生职业技术学院05,127505,47,临床医学,护理医学类,医药卫生大类,临床医学,临床医学类,医药卫生大类,exact
苏州卫生职业技术学院,物理,苏州卫生职业技术学院05,127505,48,预防医学,其他专业类,其他,预防医学,公共卫生与卫生管理类,医药卫生大类,exact
苏州卫生职业技术学院,物理,苏州卫生职业技术学院05,127505,49,口腔医学,护理医学类,医药卫生大类,口腔医学,临床医学类,医药卫生大类,exact
苏州卫生职业技术学院,物理,苏州卫生职业技术学院06,127506,50,临床医学(为南京市六合区定向培养),护理医学类,医药卫生大类,临床医学,临床医学类,医药卫生大类,exact
苏州卫生职业技术学院,物理,苏州卫生职业技术学院06,127506,51,临床医学(为常州市武进区定向培养),护理医学类,医药卫生大类,临床医学,临床医学类,医药卫生大类,exact
苏州卫生职业技术学院,物理,苏州卫生职业技术学院06,127506,52,临床医学(为常州市溧阳市定向培养),护理医学类,医药卫生大类,临床医学,临床医学类,医药卫生大类,exact
苏州卫生职业技术学院,物理,苏州卫生职业技术学院06,127506,53,临床医学(为南通市启东市定向培养),护理医学类,医药卫生大类,临床医学,临床医学类,医药卫生大类,exact
苏州卫生职业技术学院,物理,苏州卫生职业技术学院06,127506,54,临床医学(为南通市海安市定向培养),护理医学类,医药卫生大类,临床医学,临床医学类,医药卫生大类,exact
苏州卫生职业技术学院,物理,苏州卫生职业技术学院06,127506,55,临床医学(为南通市通州区定向培养),护理医学类,医药卫生大类,临床医学,临床医学类,医药卫生大类,exact
苏州卫生职业技术学院,物理,苏州卫生职业技术学院06,127506,56,临床医学(为连云港市连云区定向培养),护理医学类,医药卫生大类,临床医学,临床医学类,医药卫生大类,exact
苏州卫生职业技术学院,物理,苏州卫生职业技术学院06,127506,57,临床医学(为扬州市高邮市定向培养),护理医学类,医药卫生大类,临床医学,临床医学类,医药卫生大类,exact
苏州卫生职业技术学院,物理,苏州卫生职业技术学院06,127506,58,临床医学(为扬州市仪征市定向培养),护理医学类,医药卫生大类,临床医学,临床医学类,医药卫生大类,exact
四川工程职业技术大学,历史,四川工程职业技术大学01,613501,01,机电一体化技术,电气自动化类,装备制造大类,机电一体化技术,自动化类,装备制造大类,exact
四川工程职业技术大学,历史,四川工程职业技术大学01,613501,02,城市轨道交通机电技术,铁道运输类,交通运输大类,城市轨道交通机电技术,城市轨道交通类,交通运输大类,exact
成都航空职业技术大学,物理,成都航空职业技术大学02,613802,03,飞行器数字化制造技术(只招男生)(新都校区)[海军(机务兵)],机械设计制造类,装备制造大类,飞行器数字化制造技术,航空装备类,装备制造大类,exact
成都航空职业技术大学,物理,成都航空职业技术大学02,613802,04,无人机应用技术(只招男生)(龙泉校区)[海军(机务兵)],航空运输类,交通运输大类,无人机应用技术,航空装备类,装备制造大类,exact
成都航空职业技术大学,物理,成都航空职业技术大学02,613802,05,飞机机电设备维修(只招男生)(龙泉校区)[空军(机务兵)],航空运输类,交通运输大类,飞机机电设备维修,航空运输类,交通运输大类,exact
浙江机电职业技术大学,历史,浙江机电职业技术大学01,225501,01,电子商务(海宁校区),财经商贸类,财经商贸大类,电子商务,电子商务类,财经商贸大类,exact
浙江机电职业技术大学,历史,浙江机电职业技术大学01,225501,02,跨境电子商务(海宁校区),财经商贸类,财经商贸大类,跨境电子商务,电子商务类,财经商贸大类,exact
浙江机电职业技术大学,历史,浙江机电职业技术大学01,225501,03,产品艺术设计(滨江校区),文化艺术类,文化艺术大类,产品艺术设计,艺术设计类,文化艺术大类,exact
重庆城市管理职业大学,历史,重庆城市管理职业大学01,622501,01,现代物流管理,财经商贸类,财经商贸大类,现代物流管理,物流类,财经商贸大类,exact
重庆城市管理职业大学,历史,重庆城市管理职业大学01,622501,02,商务英语,教育体育类,教育与体育大类,商务英语,语言类,教育与体育大类,exact
重庆城市管理职业大学,历史,重庆城市管理职业大学01,622501,03,大数据与会计,财务会计类,财经商贸大类,大数据与会计,财务会计类,财经商贸大类,exact
青岛港湾职业技术学院,物理,青岛港湾职业技术学院02,264002,05,港口机械与智能控制,航海运输类,交通运输大类,港口机械与智能控制,水上运输类,交通运输大类,exact
青岛港湾职业技术学院,物理,青岛港湾职业技术学院02,264002,06,机电一体化技术,电气自动化类,装备制造大类,机电一体化技术,自动化类,装备制造大类,exact
青岛港湾职业技术学院,物理,青岛港湾职业技术学院02,264002,08,港口与航运管理,航海运输类,交通运输大类,港口与航运管理,水上运输类,交通运输大类,exact
江苏医药职业学院,历史,江苏医药职业学院01,137101,01,口腔医学技术,护理医学类,医药卫生大类,口腔医学技术,医学技术类,医药卫生大类,exact
江苏医药职业学院,历史,江苏医药职业学院01,137101,02,护理,护理医学类,医药卫生大类,护理,护理类,医药卫生大类,exact
江苏医药职业学院,历史,江苏医药职业学院01,137101,03,医学美容技术,其他专业类,其他,医学美容技术,医学技术类,医药卫生大类,exact
江苏医药职业学院,历史,江苏医药职业学院01,137101,04,健康管理,护理医学类,医药卫生大类,健康管理,健康管理与促进类,医药卫生大类,exact
江苏医药职业学院,历史,江苏医药职业学院01,137101,05,老年保健与管理,其他专业类,其他,老年保健与管理,健康管理与促进类,医药卫生大类,exact
江苏医药职业学院,历史,江苏医药职业学院01,137101,06,智慧健康养老服务与管理,公共管理服务类,公共管理与服务大类,智慧健康养老服务与管理,公共服务类,公共管理与服务大类,exact
江苏医药职业学院,历史,江苏医药职业学院01,137101,07,社会工作,公共管理服务类,公共管理与服务大类,社会工作,公共事业类,公共管理与服务大类,exact
江苏医药职业学院,历史,江苏医药职业学院01,137101,08,现代家政服务与管理,公共管理服务类,公共管理与服务大类,现代家政服务与管理,公共服务类,公共管理与服务大类,exact
江苏医药职业学院,历史,江苏医药职业学院01,137101,09,药学,药学类,医药卫生大类,药学,药学类,医药卫生大类,exact
江苏医药职业学院,历史,江苏医药职业学院01,137101,10,生物制药技术,生物化工类,生物与化工大类,生物制药技术,药品与医疗器械类,食品药品与粮食大类,exact
江苏医药职业学院,历史,江苏医药职业学院01,137101,11,中医学,护理医学类,医药卫生大类,中医学,中医药类,医药卫生大类,exact
江苏医药职业学院,历史,江苏医药职业学院01,137101,12,中药学,药学类,医药卫生大类,中药学,中医药类,医药卫生大类,exact
江苏医药职业学院,历史,江苏医药职业学院01,137101,13,针灸推拿,护理医学类,医药卫生大类,针灸推拿,中医药类,医药卫生大类,exact
江苏医药职业学院,历史,江苏医药职业学院01,137101,14,医学影像技术,护理医学类,医药卫生大类,医学影像技术,医学技术类,医药卫生大类,exact
江苏医药职业学院,历史,江苏医药职业学院01,137101,15,智能医疗装备技术,其他专业类,其他,智能医疗装备技术,药品与医疗器械类,食品药品与粮食大类,exact
江苏医药职业学院,历史,江苏医药职业学院01,137101,16,放射治疗技术,其他专业类,其他,放射治疗技术,医学技术类,医药卫生大类,exact
江苏医药职业学院,历史,江苏医药职业学院01,137101,17,医用材料与应用,能源动力与材料类,能源动力与材料大类,医用材料与应用,药品与医疗器械类,食品药品与粮食大类,exact
江苏医药职业学院,历史,江苏医药职业学院01,137101,18,医疗器械经营与服务,其他专业类,其他,医疗器械经营与服务,药品与医疗器械类,食品药品与粮食大类,exact
江苏医药职业学院,历史,江苏医药职业学院01,137101,19,康复治疗技术,护理医学类,医药卫生大类,康复治疗技术,康复治疗类,医药卫生大类,exact
江苏医药职业学院,历史,江苏医药职业学院01,137101,20,中医康复技术,护理医学类,医药卫生大类,中医康复技术,中医药类,医药卫生大类,exact
江苏医药职业学院,历史,江苏医药职业学院01,137101,21,社区康复,公共管理服务类,公共管理与服务大类,社区康复,公共服务类,公共管理与服务大类,exact
江苏医药职业学院,历史,江苏医药职业学院01,137101,22,医学检验技术,护理医学类,医药卫生大类,医学检验技术,医学技术类,医药卫生大类,exact
江苏医药职业学院,历史,江苏医药职业学院01,137101,23,司法鉴定技术,公安司法类,公安司法大类,司法鉴定技术,司法技术类,公安与司法大类,exact
江苏医药职业学院,历史,江苏医药职业学院01,137101,24,卫生信息管理,护理医学类,医药卫生大类,卫生信息管理,公共卫生与卫生管理类,医药卫生大类,exact
江苏医药职业学院,历史,江苏医药职业学院01,137101,25,检验检测技术与管理,其他专业类,其他,检验检测技术与管理,公共管理类,公共管理与服务大类,exact
江苏医药职业学院,历史,江苏医药职业学院02,137102,26,言语听觉康复技术(与南京特殊教育师范学院分段培养项目),其他专业类,其他,言语听觉康复技术,康复治疗类,医药卫生大类,exact
江苏医药职业学院,历史,江苏医药职业学院03,137103,27,中医学(中外合作办学),护理医学类,医药卫生大类,中医学,中医药类,医药卫生大类,exact
江苏医药职业学院,历史,江苏医药职业学院03,137103,28,药学(中外合作办学),药学类,医药卫生大类,药学,药学类,医药卫生大类,exact
江苏医药职业学院,历史,江苏医药职业学院03,137103,29,康复治疗技术(中外合作办学),护理医学类,医药卫生大类,康复治疗技术,康复治疗类,医药卫生大类,exact
桂林理工大学,历史,桂林理工大学02,551202,05,大数据与会计,财务会计类,财经商贸大类,大数据与会计,财务会计类,财经商贸大类,exact
桂林理工大学,历史,桂林理工大学02,551202,06,大数据与财务管理,财务会计类,财经商贸大类,大数据与财务管理,财务会计类,财经商贸大类,exact
苏州工艺美术职业技术学院,物理,苏州工艺美术职业技术学院02,127102,04,装配化装修技术,其他专业类,其他,装配化装修技术,建筑设计类,土木建筑大类,exact
苏州工艺美术职业技术学院,物理,苏州工艺美术职业技术学院02,127102,05,数字孪生应用技术,其他专业类,其他,数字孪生应用技术,计算机类,电子与信息大类,exact
苏州工艺美术职业技术学院,物理,苏州工艺美术职业技术学院02,127102,06,数字媒体技术,计算机类,电子与信息大类,数字媒体技术,计算机类,电子与信息大类,exact
重庆电力高等专科学校,物理,重庆电力高等专科学校02,623902,02,发电厂及电力系统,能源动力与材料类,能源动力与材料大类,发电厂及电力系统,电力技术类,能源动力与材料大类,exact
重庆电力高等专科学校,物理,重庆电力高等专科学校02,623902,03,电力系统继电保护技术,能源动力与材料类,能源动力与材料大类,电力系统继电保护技术,电力技术类,能源动力与材料大类,exact
重庆电力高等专科学校,物理,重庆电力高等专科学校02,623902,04,电力系统自动化技术,电气自动化类,装备制造大类,电力系统自动化技术,电力技术类,能源动力与材料大类,exact
重庆电力高等专科学校,物理,重庆电力高等专科学校02,623902,05,智能控制技术,电气自动化类,装备制造大类,智能控制技术,自动化类,装备制造大类,exact
重庆电力高等专科学校,物理,重庆电力高等专科学校02,623902,06,工业互联网应用,电气自动化类,装备制造大类,工业互联网应用,自动化类,装备制造大类,exact
重庆电力高等专科学校,物理,重庆电力高等专科学校02,623902,07,智能机电技术,其他专业类,其他,智能机电技术,自动化类,装备制造大类,exact
常州信息职业技术大学,物理,常州信息职业技术大学06,125006,41,光伏工程技术,能源动力与材料类,能源动力与材料大类,光伏工程技术,新能源发电工程类,能源动力与材料大类,exact
常州信息职业技术大学,物理,常州信息职业技术大学06,125006,42,数字化设计与制造技术,机械设计制造类,装备制造大类,数字化设计与制造技术,机械设计制造类,装备制造大类,exact
常州信息职业技术大学,物理,常州信息职业技术大学06,125006,43,模具设计与制造,机械设计制造类,装备制造大类,模具设计与制造,机械设计制造类,装备制造大类,exact
常州信息职业技术大学,物理,常州信息职业技术大学06,125006,44,机电一体化技术,电气自动化类,装备制造大类,机电一体化技术,自动化类,装备制造大类,exact
常州信息职业技术大学,物理,常州信息职业技术大学06,125006,45,智能控制技术,电气自动化类,装备制造大类,智能控制技术,自动化类,装备制造大类,exact
常州信息职业技术大学,物理,常州信息职业技术大学06,125006,46,工业机器人技术,电气自动化类,装备制造大类,工业机器人技术,自动化类,装备制造大类,exact
常州信息职业技术大学,物理,常州信息职业技术大学06,125006,47,工业互联网应用,电气自动化类,装备制造大类,工业互联网应用,自动化类,装备制造大类,exact
常州信息职业技术大学,物理,常州信息职业技术大学06,125006,48,新能源汽车技术,汽车制造类,装备制造大类,新能源汽车技术,汽车制造类,装备制造大类,exact
常州信息职业技术大学,物理,常州信息职业技术大学06,125006,49,物联网应用技术,计算机类,电子与信息大类,物联网应用技术,电子信息类,电子与信息大类,exact
常州信息职业技术大学,物理,常州信息职业技术大学06,125006,50,应用电子技术,电子信息类,电子与信息大类,应用电子技术,电子信息类,电子与信息大类,exact
常州信息职业技术大学,物理,常州信息职业技术大学06,125006,51,计算机应用技术,计算机类,电子与信息大类,计算机应用技术,计算机类,电子与信息大类,exact
常州信息职业技术大学,物理,常州信息职业技术大学06,125006,52,计算机网络技术,计算机类,电子与信息大类,计算机网络技术,计算机类,电子与信息大类,exact
常州信息职业技术大学,物理,常州信息职业技术大学06,125006,53,大数据技术,计算机类,电子与信息大类,大数据技术,计算机类,电子与信息大类,exact
常州信息职业技术大学,物理,常州信息职业技术大学06,125006,54,云计算技术应用,计算机类,电子与信息大类,云计算技术应用,计算机类,电子与信息大类,exact
常州信息职业技术大学,物理,常州信息职业技术大学06,125006,55,虚拟现实技术应用,计算机类,电子与信息大类,虚拟现实技术应用,计算机类,电子与信息大类,exact
常州信息职业技术大学,物理,常州信息职业技术大学06,125006,56,人工智能技术应用,计算机类,电子与信息大类,人工智能技术应用,计算机类,电子与信息大类,exact
常州信息职业技术大学,物理,常州信息职业技术大学06,125006,57,工业互联网技术,电气自动化类,装备制造大类,工业互联网技术,计算机类,电子与信息大类,exact
常州信息职业技术大学,物理,常州信息职业技术大学06,125006,58,区块链技术应用,计算机类,电子与信息大类,区块链技术应用,计算机类,电子与信息大类,exact
常州信息职业技术大学,物理,常州信息职业技术大学06,125006,59,动漫制作技术,文化艺术类,文化艺术大类,动漫制作技术,计算机类,电子与信息大类,exact
常州信息职业技术大学,物理,常州信息职业技术大学06,125006,60,密码技术应用,其他专业类,其他,密码技术应用,计算机类,电子与信息大类,exact
常州信息职业技术大学,物理,常州信息职业技术大学06,125006,61,集成电路技术,电子信息类,电子与信息大类,集成电路技术,集成电路类,电子与信息大类,exact
常州信息职业技术大学,物理,常州信息职业技术大学06,125006,62,财税大数据应用,其他专业类,其他,财税大数据应用,财政税务类,财经商贸大类,exact
常州信息职业技术大学,物理,常州信息职业技术大学06,125006,63,会计信息管理,财务会计类,财经商贸大类,会计信息管理,财务会计类,财经商贸大类,exact
常州信息职业技术大学,物理,常州信息职业技术大学06,125006,64,国际经济与贸易,财经商贸类,财经商贸大类,国际经济与贸易,经济贸易类,财经商贸大类,exact
常州信息职业技术大学,物理,常州信息职业技术大学06,125006,65,市场营销,财经商贸类,财经商贸大类,市场营销,工商管理类,财经商贸大类,exact
常州信息职业技术大学,物理,常州信息职业技术大学06,125006,66,电子商务,财经商贸类,财经商贸大类,电子商务,电子商务类,财经商贸大类,exact
常州信息职业技术大学,物理,常州信息职业技术大学06,125006,67,跨境电子商务,财经商贸类,财经商贸大类,跨境电子商务,电子商务类,财经商贸大类,exact
常州信息职业技术大学,物理,常州信息职业技术大学06,125006,68,现代物流管理,财经商贸类,财经商贸大类,现代物流管理,物流类,财经商贸大类,exact
常州信息职业技术大学,物理,常州信息职业技术大学06,125006,69,智能网联汽车技术,汽车制造类,装备制造大类,智能网联汽车技术,汽车制造类,装备制造大类,exact
常州信息职业技术大学,物理,常州信息职业技术大学06,125006,70,工业软件开发技术,计算机类,电子与信息大类,工业软件开发技术,计算机类,电子与信息大类,exact
常州信息职业技术大学,物理,常州信息职业技术大学07,125007,71,大数据技术(与常州大学分段培养项目),计算机类,电子与信息大类,大数据技术,计算机类,电子与信息大类,exact
常州信息职业技术大学,物理,常州信息职业技术大学08,125008,72,电气自动化技术(中外合作办学),电气自动化类,装备制造大类,电气自动化技术,自动化类,装备制造大类,exact
太湖创意职业技术学院,物理,太湖创意职业技术学院04,195904,16,"护理(与无锡太湖学院分段培养项目)(报考该专业有色觉要求,具体请查阅院校招生章程)",护理医学类,医药卫生大类,护理,护理类,医药卫生大类,exact
太湖创意职业技术学院,物理,太湖创意职业技术学院05,195905,17,大数据与会计(与无锡太湖学院分段培养项目),财务会计类,财经商贸大类,大数据与会计,财务会计类,财经商贸大类,exact
太湖创意职业技术学院,物理,太湖创意职业技术学院06,195906,18,机电一体化技术,电气自动化类,装备制造大类,机电一体化技术,自动化类,装备制造大类,exact
太湖创意职业技术学院,物理,太湖创意职业技术学院06,195906,19,新能源汽车技术,汽车制造类,装备制造大类,新能源汽车技术,汽车制造类,装备制造大类,exact
太湖创意职业技术学院,物理,太湖创意职业技术学院06,195906,20,"计算机应用技术(报考该专业有色觉要求,具体请查阅院校招生章程)",计算机类,电子与信息大类,计算机应用技术,计算机类,电子与信息大类,exact
太湖创意职业技术学院,物理,太湖创意职业技术学院06,195906,21,动漫制作技术,文化艺术类,文化艺术大类,动漫制作技术,计算机类,电子与信息大类,exact
太湖创意职业技术学院,物理,太湖创意职业技术学院06,195906,22,集成电路技术,电子信息类,电子与信息大类,集成电路技术,集成电路类,电子与信息大类,exact
太湖创意职业技术学院,物理,太湖创意职业技术学院06,195906,23,"护理(报考该专业有色觉要求,具体请查阅院校招生章程)",护理医学类,医药卫生大类,护理,护理类,医药卫生大类,exact
太湖创意职业技术学院,物理,太湖创意职业技术学院06,195906,24,"婴幼儿托育服务与管理(报考该专业有色觉要求,具体请查阅院校招生章程)",护理医学类,医药卫生大类,婴幼儿托育服务与管理,健康管理与促进类,医药卫生大类,exact
太湖创意职业技术学院,物理,太湖创意职业技术学院06,195906,25,大数据与会计,财务会计类,财经商贸大类,大数据与会计,财务会计类,财经商贸大类,exact
太湖创意职业技术学院,物理,太湖创意职业技术学院06,195906,26,市场营销,财经商贸类,财经商贸大类,市场营销,工商管理类,财经商贸大类,exact
太湖创意职业技术学院,物理,太湖创意职业技术学院06,195906,27,电子商务,财经商贸类,财经商贸大类,电子商务,电子商务类,财经商贸大类,exact
太湖创意职业技术学院,物理,太湖创意职业技术学院06,195906,28,网络营销与直播电商,计算机类,电子与信息大类,网络营销与直播电商,电子商务类,财经商贸大类,exact
太湖创意职业技术学院,物理,太湖创意职业技术学院06,195906,29,商务英语,教育体育类,教育与体育大类,商务英语,语言类,教育与体育大类,exact
太湖创意职业技术学院,物理,太湖创意职业技术学院06,195906,30,智慧健康养老服务与管理,公共管理服务类,公共管理与服务大类,智慧健康养老服务与管理,公共服务类,公共管理与服务大类,exact
温州商学院,历史,温州商学院02,805202,06,国际金融,财经商贸类,财经商贸大类,国际金融,金融类,财经商贸大类,exact
温州商学院,历史,温州商学院02,805202,07,大数据与会计,财务会计类,财经商贸大类,大数据与会计,财务会计类,财经商贸大类,exact
山东信息职业技术学院,物理,山东信息职业技术学院02,275902,03,无人机应用技术(只招男生)(陆军),航空运输类,交通运输大类,无人机应用技术,航空装备类,装备制造大类,exact
山东信息职业技术学院,物理,山东信息职业技术学院02,275902,04,应用电子技术(只招男生)(空军),电子信息类,电子与信息大类,应用电子技术,电子信息类,电子与信息大类,exact
苏州经贸职业技术学院,物理,苏州经贸职业技术学院03,127403,31,软件技术(与南京工业职业技术大学分段培养项目),计算机类,电子与信息大类,软件技术,计算机类,电子与信息大类,exact
苏州经贸职业技术学院,物理,苏州经贸职业技术学院03,127403,32,现代物流管理(与南京工业职业技术大学分段培养项目),财经商贸类,财经商贸大类,现代物流管理,物流类,财经商贸大类,exact
苏州经贸职业技术学院,物理,苏州经贸职业技术学院03,127403,33,工业互联网应用[与苏州职业技术大学(原苏州市职业大学)分段培养项目],电气自动化类,装备制造大类,工业互联网应用,自动化类,装备制造大类,exact
苏州经贸职业技术学院,物理,苏州经贸职业技术学院04,127404,34,物联网应用技术,计算机类,电子与信息大类,物联网应用技术,电子信息类,电子与信息大类,exact
苏州经贸职业技术学院,物理,苏州经贸职业技术学院04,127404,35,工业互联网应用,电气自动化类,装备制造大类,工业互联网应用,自动化类,装备制造大类,exact
苏州经贸职业技术学院,物理,苏州经贸职业技术学院04,127404,36,人工智能技术应用,计算机类,电子与信息大类,人工智能技术应用,计算机类,电子与信息大类,exact
苏州经贸职业技术学院,物理,苏州经贸职业技术学院04,127404,37,制冷与空调技术,其他专业类,其他,制冷与空调技术,机电设备类,装备制造大类,exact
苏州经贸职业技术学院,物理,苏州经贸职业技术学院04,127404,38,信息安全技术应用,计算机类,电子与信息大类,信息安全技术应用,计算机类,电子与信息大类,exact
苏州经贸职业技术学院,物理,苏州经贸职业技术学院04,127404,39,智能产品开发与应用,电子信息类,电子与信息大类,智能产品开发与应用,电子信息类,电子与信息大类,exact
苏州经贸职业技术学院,物理,苏州经贸职业技术学院04,127404,40,市场营销,财经商贸类,财经商贸大类,市场营销,工商管理类,财经商贸大类,exact
苏州经贸职业技术学院,物理,苏州经贸职业技术学院04,127404,41,金融服务与管理,财经商贸类,财经商贸大类,金融服务与管理,金融类,财经商贸大类,exact
苏州经贸职业技术学院,物理,苏州经贸职业技术学院04,127404,42,数字化设计与制造技术,机械设计制造类,装备制造大类,数字化设计与制造技术,机械设计制造类,装备制造大类,exact
苏州经贸职业技术学院,物理,苏州经贸职业技术学院04,127404,43,电子商务,财经商贸类,财经商贸大类,电子商务,电子商务类,财经商贸大类,exact
苏州经贸职业技术学院,物理,苏州经贸职业技术学院04,127404,44,财富管理,其他专业类,其他,财富管理,金融类,财经商贸大类,exact
苏州经贸职业技术学院,物理,苏州经贸职业技术学院04,127404,45,工业互联网技术,电气自动化类,装备制造大类,工业互联网技术,计算机类,电子与信息大类,exact
苏州经贸职业技术学院,物理,苏州经贸职业技术学院04,127404,46,跨境电子商务,财经商贸类,财经商贸大类,跨境电子商务,电子商务类,财经商贸大类,exact
苏州经贸职业技术学院,物理,苏州经贸职业技术学院04,127404,47,大数据与会计,财务会计类,财经商贸大类,大数据与会计,财务会计类,财经商贸大类,exact
苏州经贸职业技术学院,物理,苏州经贸职业技术学院04,127404,48,分析检验技术,生物化工类,生物与化工大类,分析检验技术,化工技术类,生物与化工大类,exact
苏州经贸职业技术学院,物理,苏州经贸职业技术学院04,127404,49,网络营销与直播电商,计算机类,电子与信息大类,网络营销与直播电商,电子商务类,财经商贸大类,exact
苏州经贸职业技术学院,物理,苏州经贸职业技术学院04,127404,50,大数据与财务管理,财务会计类,财经商贸大类,大数据与财务管理,财务会计类,财经商贸大类,exact
苏州经贸职业技术学院,物理,苏州经贸职业技术学院04,127404,51,酒店管理与数字化运营,旅游餐饮类,旅游大类,酒店管理与数字化运营,旅游类,旅游大类,exact
苏州经贸职业技术学院,物理,苏州经贸职业技术学院04,127404,52,现代物流管理,财经商贸类,财经商贸大类,现代物流管理,物流类,财经商贸大类,exact
苏州经贸职业技术学院,物理,苏州经贸职业技术学院04,127404,53,财税大数据应用,其他专业类,其他,财税大数据应用,财政税务类,财经商贸大类,exact
苏州经贸职业技术学院,物理,苏州经贸职业技术学院04,127404,54,会展策划与管理,旅游餐饮类,旅游大类,会展策划与管理,旅游类,旅游大类,exact
苏州经贸职业技术学院,物理,苏州经贸职业技术学院04,127404,55,大数据技术,计算机类,电子与信息大类,大数据技术,计算机类,电子与信息大类,exact
苏州经贸职业技术学院,物理,苏州经贸职业技术学院04,127404,56,国际经济与贸易,财经商贸类,财经商贸大类,国际经济与贸易,经济贸易类,财经商贸大类,exact
苏州经贸职业技术学院,物理,苏州经贸职业技术学院04,127404,57,现代文秘,公共管理服务类,公共管理与服务大类,现代文秘,文秘类,公共管理与服务大类,exact
苏州经贸职业技术学院,物理,苏州经贸职业技术学院04,127404,58,计算机应用技术,计算机类,电子与信息大类,计算机应用技术,计算机类,电子与信息大类,exact
苏州经贸职业技术学院,物理,苏州经贸职业技术学院04,127404,59,应用电子技术,电子信息类,电子与信息大类,应用电子技术,电子信息类,电子与信息大类,exact
苏州经贸职业技术学院,物理,苏州经贸职业技术学院04,127404,60,商务英语(只招英语考生),教育体育类,教育与体育大类,商务英语,语言类,教育与体育大类,exact
苏州经贸职业技术学院,物理,苏州经贸职业技术学院04,127404,61,软件技术,计算机类,电子与信息大类,软件技术,计算机类,电子与信息大类,exact
苏州经贸职业技术学院,物理,苏州经贸职业技术学院04,127404,62,机电一体化技术,电气自动化类,装备制造大类,机电一体化技术,自动化类,装备制造大类,exact
成都航空职业技术大学,物理,成都航空职业技术大学03,613803,06,飞机机电设备维修(龙泉校区),航空运输类,交通运输大类,飞机机电设备维修,航空运输类,交通运输大类,exact
成都航空职业技术大学,物理,成都航空职业技术大学03,613803,07,飞机电子设备维修(龙泉校区),航空运输类,交通运输大类,飞机电子设备维修,航空运输类,交通运输大类,exact
成都航空职业技术大学,物理,成都航空职业技术大学03,613803,08,增材制造技术,机械设计制造类,装备制造大类,增材制造技术,机械设计制造类,装备制造大类,exact
成都航空职业技术大学,物理,成都航空职业技术大学03,613803,09,电气自动化技术,电气自动化类,装备制造大类,电气自动化技术,自动化类,装备制造大类,exact
成都航空职业技术大学,物理,成都航空职业技术大学03,613803,10,工业机器人技术,电气自动化类,装备制造大类,工业机器人技术,自动化类,装备制造大类,exact
成都航空职业技术大学,物理,成都航空职业技术大学03,613803,11,机电一体化技术,电气自动化类,装备制造大类,机电一体化技术,自动化类,装备制造大类,exact
成都航空职业技术大学,物理,成都航空职业技术大学03,613803,12,电子信息工程技术(龙泉校区),电子信息类,电子与信息大类,电子信息工程技术,电子信息类,电子与信息大类,exact
桂林理工大学,物理,桂林理工大学07,551207,30,电气自动化技术,电气自动化类,装备制造大类,电气自动化技术,自动化类,装备制造大类,exact
桂林理工大学,物理,桂林理工大学07,551207,31,机电一体化技术,电气自动化类,装备制造大类,机电一体化技术,自动化类,装备制造大类,exact
桂林理工大学,物理,桂林理工大学07,551207,32,智能制造装备技术,电气自动化类,装备制造大类,智能制造装备技术,机电设备类,装备制造大类,exact
桂林理工大学,物理,桂林理工大学07,551207,33,计算机应用技术,计算机类,电子与信息大类,计算机应用技术,计算机类,电子与信息大类,exact
桂林理工大学,物理,桂林理工大学07,551207,34,无人机测绘技术,资源环境安全类,资源环境与安全大类,无人机测绘技术,测绘地理信息类,资源环境与安全大类,exact
江苏经贸职业技术学院,物理,江苏经贸职业技术学院03,115603,32,金融服务与管理(与金陵科技学院分段培养项目),财经商贸类,财经商贸大类,金融服务与管理,金融类,财经商贸大类,exact
江苏经贸职业技术学院,物理,江苏经贸职业技术学院04,115604,33,大数据与会计,财务会计类,财经商贸大类,大数据与会计,财务会计类,财经商贸大类,exact
江苏经贸职业技术学院,物理,江苏经贸职业技术学院04,115604,34,大数据与财务管理,财务会计类,财经商贸大类,大数据与财务管理,财务会计类,财经商贸大类,exact
江苏经贸职业技术学院,物理,江苏经贸职业技术学院04,115604,35,大数据与审计,财务会计类,财经商贸大类,大数据与审计,财务会计类,财经商贸大类,exact
江苏经贸职业技术学院,物理,江苏经贸职业技术学院04,115604,36,业财数据应用与管理,其他专业类,其他,业财数据应用与管理,财务会计类,财经商贸大类,exact
江苏经贸职业技术学院,物理,江苏经贸职业技术学院04,115604,37,金融服务与管理,财经商贸类,财经商贸大类,金融服务与管理,金融类,财经商贸大类,exact
江苏经贸职业技术学院,物理,江苏经贸职业技术学院04,115604,38,金融科技应用,财经商贸类,财经商贸大类,金融科技应用,金融类,财经商贸大类,exact
江苏经贸职业技术学院,物理,江苏经贸职业技术学院04,115604,39,食品检验检测技术,食品药品类,食品药品与粮食大类,食品检验检测技术,食品类,食品药品与粮食大类,exact
江苏经贸职业技术学院,物理,江苏经贸职业技术学院04,115604,40,食品药品监督管理,食品药品类,食品药品与粮食大类,食品药品监督管理,药品与医疗器械类,食品药品与粮食大类,exact
江苏经贸职业技术学院,物理,江苏经贸职业技术学院04,115604,41,智慧健康养老服务与管理,公共管理服务类,公共管理与服务大类,智慧健康养老服务与管理,公共服务类,公共管理与服务大类,exact
江苏经贸职业技术学院,物理,江苏经贸职业技术学院04,115604,42,制冷与空调技术,其他专业类,其他,制冷与空调技术,机电设备类,装备制造大类,exact
江苏经贸职业技术学院,物理,江苏经贸职业技术学院04,115604,43,智能网联汽车技术,汽车制造类,装备制造大类,智能网联汽车技术,汽车制造类,装备制造大类,exact
江苏经贸职业技术学院,物理,江苏经贸职业技术学院04,115604,44,智能产品开发与应用,电子信息类,电子与信息大类,智能产品开发与应用,电子信息类,电子与信息大类,exact
江苏经贸职业技术学院,物理,江苏经贸职业技术学院04,115604,45,人工智能技术应用,计算机类,电子与信息大类,人工智能技术应用,计算机类,电子与信息大类,exact
江苏经贸职业技术学院,物理,江苏经贸职业技术学院04,115604,46,人工智能数据工程技术,计算机类,电子与信息大类,人工智能数据工程技术,计算机类,电子与信息大类,exact
江苏经贸职业技术学院,物理,江苏经贸职业技术学院04,115604,47,现代物流管理,财经商贸类,财经商贸大类,现代物流管理,物流类,财经商贸大类,exact
江苏经贸职业技术学院,物理,江苏经贸职业技术学院04,115604,48,物联网应用技术,计算机类,电子与信息大类,物联网应用技术,电子信息类,电子与信息大类,exact
江苏经贸职业技术学院,物理,江苏经贸职业技术学院04,115604,49,供应链运营,其他专业类,其他,供应链运营,物流类,财经商贸大类,exact
江苏经贸职业技术学院,物理,江苏经贸职业技术学院04,115604,50,连锁经营与管理,财经商贸类,财经商贸大类,连锁经营与管理,工商管理类,财经商贸大类,exact
江苏经贸职业技术学院,物理,江苏经贸职业技术学院04,115604,51,低空物流技术与运营,财经商贸类,财经商贸大类,低空物流技术与运营,物流类,财经商贸大类,exact
江苏经贸职业技术学院,物理,江苏经贸职业技术学院04,115604,52,旅游管理,旅游餐饮类,旅游大类,旅游管理,旅游类,旅游大类,exact
江苏经贸职业技术学院,物理,江苏经贸职业技术学院04,115604,53,酒店管理与数字化运营,旅游餐饮类,旅游大类,酒店管理与数字化运营,旅游类,旅游大类,exact
江苏经贸职业技术学院,物理,江苏经贸职业技术学院04,115604,54,商务英语(只招英语考生),教育体育类,教育与体育大类,商务英语,语言类,教育与体育大类,exact
江苏经贸职业技术学院,物理,江苏经贸职业技术学院04,115604,55,文化产业经营与管理,其他专业类,其他,文化产业经营与管理,文化服务类,文化艺术大类,exact
江苏经贸职业技术学院,物理,江苏经贸职业技术学院04,115604,56,法律事务,公安司法类,公安司法大类,法律事务,法律实务类,公安与司法大类,exact
江苏经贸职业技术学院,物理,江苏经贸职业技术学院04,115604,57,移动商务,其他专业类,其他,移动商务,电子商务类,财经商贸大类,exact
江苏经贸职业技术学院,物理,江苏经贸职业技术学院04,115604,58,跨境电子商务,财经商贸类,财经商贸大类,跨境电子商务,电子商务类,财经商贸大类,exact
江苏经贸职业技术学院,物理,江苏经贸职业技术学院04,115604,59,电子商务,财经商贸类,财经商贸大类,电子商务,电子商务类,财经商贸大类,exact
江苏经贸职业技术学院,物理,江苏经贸职业技术学院04,115604,60,工商企业管理,其他专业类,其他,工商企业管理,工商管理类,财经商贸大类,exact
江苏经贸职业技术学院,物理,江苏经贸职业技术学院04,115604,61,数智营销,其他专业类,其他,数智营销,工商管理类,财经商贸大类,exact
江苏经贸职业技术学院,物理,江苏经贸职业技术学院04,115604,62,人力资源管理,公共管理服务类,公共管理与服务大类,人力资源管理,公共管理类,公共管理与服务大类,exact
南京科技职业学院,物理,南京科技职业学院04,115304,33,材料工程技术,能源动力与材料类,能源动力与材料大类,材料工程技术,非金属材料类,能源动力与材料大类,exact
南京科技职业学院,物理,南京科技职业学院04,115304,34,高分子材料智能制造技术,电气自动化类,装备制造大类,高分子材料智能制造技术,非金属材料类,能源动力与材料大类,exact
南京科技职业学院,物理,南京科技职业学院04,115304,35,应用化工技术,生物化工类,生物与化工大类,应用化工技术,化工技术类,生物与化工大类,exact
南京科技职业学院,物理,南京科技职业学院04,115304,36,精细化工技术,生物化工类,生物与化工大类,精细化工技术,化工技术类,生物与化工大类,exact
南京科技职业学院,物理,南京科技职业学院04,115304,37,环境监测技术,资源环境安全类,资源环境与安全大类,环境监测技术,环境保护类,资源环境与安全大类,exact
南京科技职业学院,物理,南京科技职业学院04,115304,38,环境工程技术,资源环境安全类,资源环境与安全大类,环境工程技术,环境保护类,资源环境与安全大类,exact
南京科技职业学院,物理,南京科技职业学院04,115304,39,应急救援技术,资源环境安全类,资源环境与安全大类,应急救援技术,安全类,资源环境与安全大类,exact
南京科技职业学院,物理,南京科技职业学院04,115304,40,分析检验技术,生物化工类,生物与化工大类,分析检验技术,化工技术类,生物与化工大类,exact
南京科技职业学院,物理,南京科技职业学院04,115304,41,药品生物技术,其他专业类,其他,药品生物技术,生物技术类,生物与化工大类,exact
南京科技职业学院,物理,南京科技职业学院04,115304,42,绿色生物制造技术,机械设计制造类,装备制造大类,绿色生物制造技术,生物技术类,生物与化工大类,exact
南京科技职业学院,物理,南京科技职业学院04,115304,43,药学,药学类,医药卫生大类,药学,药学类,医药卫生大类,exact
南京科技职业学院,物理,南京科技职业学院04,115304,44,健康管理,护理医学类,医药卫生大类,健康管理,健康管理与促进类,医药卫生大类,exact
南京科技职业学院,物理,南京科技职业学院04,115304,45,眼视光技术,护理医学类,医药卫生大类,眼视光技术,眼视光类,医药卫生大类,exact
南京科技职业学院,物理,南京科技职业学院04,115304,46,数字化设计与制造技术,机械设计制造类,装备制造大类,数字化设计与制造技术,机械设计制造类,装备制造大类,exact
南京科技职业学院,物理,南京科技职业学院04,115304,47,无人机应用技术,航空运输类,交通运输大类,无人机应用技术,航空装备类,装备制造大类,exact
南京科技职业学院,物理,南京科技职业学院04,115304,48,化工装备技术,生物化工类,生物与化工大类,化工装备技术,化工技术类,生物与化工大类,exact
南京科技职业学院,物理,南京科技职业学院04,115304,49,汽车检测与维修技术,汽车制造类,装备制造大类,汽车检测与维修技术,道路运输类,交通运输大类,exact
南京科技职业学院,物理,南京科技职业学院04,115304,50,机电一体化技术,电气自动化类,装备制造大类,机电一体化技术,自动化类,装备制造大类,exact
南京科技职业学院,物理,南京科技职业学院04,115304,51,工业机器人技术,电气自动化类,装备制造大类,工业机器人技术,自动化类,装备制造大类,exact
南京科技职业学院,物理,南京科技职业学院04,115304,52,工业过程自动化技术,电气自动化类,装备制造大类,工业过程自动化技术,自动化类,装备制造大类,exact
南京科技职业学院,物理,南京科技职业学院04,115304,53,电子信息工程技术,电子信息类,电子与信息大类,电子信息工程技术,电子信息类,电子与信息大类,exact
南京科技职业学院,物理,南京科技职业学院04,115304,54,计算机应用技术,计算机类,电子与信息大类,计算机应用技术,计算机类,电子与信息大类,exact
南京科技职业学院,物理,南京科技职业学院04,115304,55,云计算技术应用,计算机类,电子与信息大类,云计算技术应用,计算机类,电子与信息大类,exact
南京科技职业学院,物理,南京科技职业学院04,115304,56,人工智能技术应用,计算机类,电子与信息大类,人工智能技术应用,计算机类,电子与信息大类,exact
南京科技职业学院,物理,南京科技职业学院04,115304,57,大数据与财务管理,财务会计类,财经商贸大类,大数据与财务管理,财务会计类,财经商贸大类,exact
南京科技职业学院,物理,南京科技职业学院04,115304,58,市场营销,财经商贸类,财经商贸大类,市场营销,工商管理类,财经商贸大类,exact
南京科技职业学院,物理,南京科技职业学院04,115304,59,电子商务,财经商贸类,财经商贸大类,电子商务,电子商务类,财经商贸大类,exact
南京科技职业学院,物理,南京科技职业学院04,115304,60,智能建造技术,其他专业类,其他,智能建造技术,土建施工类,土木建筑大类,exact
南京科技职业学院,物理,南京科技职业学院04,115304,61,数字媒体技术,计算机类,电子与信息大类,数字媒体技术,计算机类,电子与信息大类,exact
南京科技职业学院,物理,南京科技职业学院04,115304,62,工程造价,土木建筑类,土木建筑大类,工程造价,建设工程管理类,土木建筑大类,exact
南京科技职业学院,物理,南京科技职业学院05,115305,63,软件技术(与南京工业职业技术大学分段培养项目),计算机类,电子与信息大类,软件技术,计算机类,电子与信息大类,exact
南京科技职业学院,物理,南京科技职业学院06,115306,64,电气自动化技术(与南通理工学院分段培养项目),电气自动化类,装备制造大类,电气自动化技术,自动化类,装备制造大类,exact
上海杉达学院,物理,上海杉达学院05,800105,25,现代物流管理,财经商贸类,财经商贸大类,现代物流管理,物流类,财经商贸大类,exact
上海杉达学院,物理,上海杉达学院05,800105,26,电气自动化技术,电气自动化类,装备制造大类,电气自动化技术,自动化类,装备制造大类,exact
阜阳职业技术学院,物理,阜阳职业技术学院01,238601,01,机电一体化技术(只招男生)(七渔河校区)(火箭军),电气自动化类,装备制造大类,机电一体化技术,自动化类,装备制造大类,exact
阜阳职业技术学院,物理,阜阳职业技术学院01,238601,02,计算机应用技术(只招男生)(七渔河校区)(信息支援部队),计算机类,电子与信息大类,计算机应用技术,计算机类,电子与信息大类,exact
扬州职业技术大学,历史,扬州职业技术大学02,139002,05,模具设计与制造,机械设计制造类,装备制造大类,模具设计与制造,机械设计制造类,装备制造大类,exact
扬州职业技术大学,历史,扬州职业技术大学02,139002,06,数控技术,机械设计制造类,装备制造大类,数控技术,机械设计制造类,装备制造大类,exact
扬州职业技术大学,历史,扬州职业技术大学02,139002,07,计算机网络技术,计算机类,电子与信息大类,计算机网络技术,计算机类,电子与信息大类,exact
扬州职业技术大学,历史,扬州职业技术大学02,139002,08,云计算技术应用,计算机类,电子与信息大类,云计算技术应用,计算机类,电子与信息大类,exact
扬州职业技术大学,历史,扬州职业技术大学02,139002,09,软件技术,计算机类,电子与信息大类,软件技术,计算机类,电子与信息大类,exact
扬州职业技术大学,历史,扬州职业技术大学02,139002,10,大数据技术,计算机类,电子与信息大类,大数据技术,计算机类,电子与信息大类,exact
扬州职业技术大学,历史,扬州职业技术大学02,139002,11,旅游管理,旅游餐饮类,旅游大类,旅游管理,旅游类,旅游大类,exact
扬州职业技术大学,历史,扬州职业技术大学02,139002,12,酒店管理与数字化运营,旅游餐饮类,旅游大类,酒店管理与数字化运营,旅游类,旅游大类,exact
扬州职业技术大学,历史,扬州职业技术大学02,139002,13,商务英语,教育体育类,教育与体育大类,商务英语,语言类,教育与体育大类,exact
扬州职业技术大学,历史,扬州职业技术大学02,139002,14,商务日语,其他专业类,其他,商务日语,语言类,教育与体育大类,exact
扬州职业技术大学,历史,扬州职业技术大学02,139002,15,现代文秘,公共管理服务类,公共管理与服务大类,现代文秘,文秘类,公共管理与服务大类,exact
扬州职业技术大学,历史,扬州职业技术大学02,139002,16,人力资源管理,公共管理服务类,公共管理与服务大类,人力资源管理,公共管理类,公共管理与服务大类,exact
扬州职业技术大学,历史,扬州职业技术大学03,139003,17,智能建造技术(瘦西湖校区),其他专业类,其他,智能建造技术,土建施工类,土木建筑大类,exact
扬州职业技术大学,历史,扬州职业技术大学03,139003,18,工程造价(瘦西湖校区),土木建筑类,土木建筑大类,工程造价,建设工程管理类,土木建筑大类,exact
扬州职业技术大学,历史,扬州职业技术大学03,139003,19,道路与桥梁工程技术(瘦西湖校区),土木建筑类,土木建筑大类,道路与桥梁工程技术,道路运输类,交通运输大类,exact
扬州职业技术大学,历史,扬州职业技术大学03,139003,20,无人机测绘技术,资源环境安全类,资源环境与安全大类,无人机测绘技术,测绘地理信息类,资源环境与安全大类,exact
扬州职业技术大学,历史,扬州职业技术大学03,139003,21,风景园林设计,土木建筑类,土木建筑大类,风景园林设计,建筑设计类,土木建筑大类,exact
扬州职业技术大学,历史,扬州职业技术大学03,139003,22,"护理(报考该专业有色觉要求,具体请查阅院校招生章程)",护理医学类,医药卫生大类,护理,护理类,医药卫生大类,exact
扬州职业技术大学,历史,扬州职业技术大学03,139003,23,"医学检验技术(报考该专业有色觉要求,具体请查阅院校招生章程)",护理医学类,医药卫生大类,医学检验技术,医学技术类,医药卫生大类,exact
扬州职业技术大学,历史,扬州职业技术大学03,139003,24,市场营销(瘦西湖校区),财经商贸类,财经商贸大类,市场营销,工商管理类,财经商贸大类,exact
扬州职业技术大学,历史,扬州职业技术大学03,139003,25,现代物流管理(瘦西湖校区),财经商贸类,财经商贸大类,现代物流管理,物流类,财经商贸大类,exact
扬州职业技术大学,历史,扬州职业技术大学03,139003,26,电子商务(瘦西湖校区),财经商贸类,财经商贸大类,电子商务,电子商务类,财经商贸大类,exact
扬州职业技术大学,历史,扬州职业技术大学03,139003,27,大数据与会计(瘦西湖校区),财务会计类,财经商贸大类,大数据与会计,财务会计类,财经商贸大类,exact
扬州职业技术大学,历史,扬州职业技术大学03,139003,28,金融服务与管理(瘦西湖校区),财经商贸类,财经商贸大类,金融服务与管理,金融类,财经商贸大类,exact
扬州职业技术大学,历史,扬州职业技术大学03,139003,29,传播与策划(瘦西湖校区),新闻传播类,新闻传播大类,传播与策划,广播影视类,新闻传播大类,exact
扬州职业技术大学,历史,扬州职业技术大学03,139003,30,婴幼儿托育服务与管理,护理医学类,医药卫生大类,婴幼儿托育服务与管理,健康管理与促进类,医药卫生大类,exact
四川铁道职业学院,物理,四川铁道职业学院01,615301,01,铁道机车运用与维护,铁道运输类,交通运输大类,铁道机车运用与维护,铁道运输类,交通运输大类,exact
四川铁道职业学院,物理,四川铁道职业学院01,615301,02,轨道车辆智能运维技术,汽车制造类,装备制造大类,轨道车辆智能运维技术,铁道运输类,交通运输大类,exact
四川铁道职业学院,物理,四川铁道职业学院01,615301,03,城市轨道车辆应用技术,铁道运输类,交通运输大类,城市轨道车辆应用技术,城市轨道交通类,交通运输大类,exact
四川铁道职业学院,物理,四川铁道职业学院01,615301,04,城市轨道交通供配电技术,铁道运输类,交通运输大类,城市轨道交通供配电技术,城市轨道交通类,交通运输大类,exact
四川铁道职业学院,物理,四川铁道职业学院01,615301,05,铁道信号自动控制,铁道运输类,交通运输大类,铁道信号自动控制,铁道运输类,交通运输大类,exact
四川铁道职业学院,物理,四川铁道职业学院01,615301,06,电气自动化技术,电气自动化类,装备制造大类,电气自动化技术,自动化类,装备制造大类,exact
温州商学院,物理,温州商学院05,805205,14,国际金融,财经商贸类,财经商贸大类,国际金融,金融类,财经商贸大类,exact
温州商学院,物理,温州商学院05,805205,15,大数据与会计,财务会计类,财经商贸大类,大数据与会计,财务会计类,财经商贸大类,exact
湖南铁道职业技术学院,物理,湖南铁道职业技术学院02,539402,08,铁道机车车辆制造与维护,铁道运输类,交通运输大类,铁道机车车辆制造与维护,轨道装备类,装备制造大类,exact
湖南铁道职业技术学院,物理,湖南铁道职业技术学院02,539402,09,铁道车辆技术,铁道运输类,交通运输大类,铁道车辆技术,铁道运输类,交通运输大类,exact
湖南铁道职业技术学院,物理,湖南铁道职业技术学院02,539402,10,铁道机车运用与维护,铁道运输类,交通运输大类,铁道机车运用与维护,铁道运输类,交通运输大类,exact
湖南铁道职业技术学院,物理,湖南铁道职业技术学院02,539402,11,动车组检修技术,铁道运输类,交通运输大类,动车组检修技术,铁道运输类,交通运输大类,exact
湖南铁道职业技术学院,物理,湖南铁道职业技术学院02,539402,12,铁道信号自动控制,铁道运输类,交通运输大类,铁道信号自动控制,铁道运输类,交通运输大类,exact
湖南铁道职业技术学院,物理,湖南铁道职业技术学院02,539402,13,铁道通信与信息化技术,铁道运输类,交通运输大类,铁道通信与信息化技术,铁道运输类,交通运输大类,exact
湖南铁道职业技术学院,物理,湖南铁道职业技术学院02,539402,14,城市轨道交通通信信号技术,铁道运输类,交通运输大类,城市轨道交通通信信号技术,城市轨道交通类,交通运输大类,exact
湖南铁道职业技术学院,物理,湖南铁道职业技术学院02,539402,15,铁道交通运营管理,铁道运输类,交通运输大类,铁道交通运营管理,铁道运输类,交通运输大类,exact
湖南铁道职业技术学院,物理,湖南铁道职业技术学院02,539402,16,城市轨道车辆应用技术,铁道运输类,交通运输大类,城市轨道车辆应用技术,城市轨道交通类,交通运输大类,exact
上海出版印刷高等专科学校,物理,上海出版印刷高等专科学校02,213202,07,工业设计,文化艺术类,文化艺术大类,工业设计,机械设计制造类,装备制造大类,exact
上海出版印刷高等专科学校,物理,上海出版印刷高等专科学校02,213202,08,包装工程技术,其他专业类,其他,包装工程技术,包装类,轻工纺织大类,exact
上海出版印刷高等专科学校,物理,上海出版印刷高等专科学校02,213202,09,虚拟现实技术应用,计算机类,电子与信息大类,虚拟现实技术应用,计算机类,电子与信息大类,exact
上海出版印刷高等专科学校,物理,上海出版印刷高等专科学校02,213202,10,人工智能技术应用,计算机类,电子与信息大类,人工智能技术应用,计算机类,电子与信息大类,exact
上海出版印刷高等专科学校,物理,上海出版印刷高等专科学校02,213202,11,移动应用开发,其他专业类,其他,移动应用开发,计算机类,电子与信息大类,exact
上海出版印刷高等专科学校,物理,上海出版印刷高等专科学校02,213202,12,动漫制作技术,文化艺术类,文化艺术大类,动漫制作技术,计算机类,电子与信息大类,exact
上海出版印刷高等专科学校,物理,上海出版印刷高等专科学校02,213202,13,大数据与会计,财务会计类,财经商贸大类,大数据与会计,财务会计类,财经商贸大类,exact
上海出版印刷高等专科学校,物理,上海出版印刷高等专科学校02,213202,14,文化产业经营与管理,其他专业类,其他,文化产业经营与管理,文化服务类,文化艺术大类,exact
上海出版印刷高等专科学校,物理,上海出版印刷高等专科学校02,213202,15,数字图文信息处理技术,其他专业类,其他,数字图文信息处理技术,新闻出版类,新闻传播大类,exact
上海交通职业技术学院,物理,上海交通职业技术学院02,215402,05,城市轨道车辆应用技术,铁道运输类,交通运输大类,城市轨道车辆应用技术,城市轨道交通类,交通运输大类,exact
上海交通职业技术学院,物理,上海交通职业技术学院02,215402,06,城市轨道交通工程技术,铁道运输类,交通运输大类,城市轨道交通工程技术,城市轨道交通类,交通运输大类,exact
上海交通职业技术学院,物理,上海交通职业技术学院02,215402,07,城市轨道交通供配电技术,铁道运输类,交通运输大类,城市轨道交通供配电技术,城市轨道交通类,交通运输大类,exact
上海交通职业技术学院,物理,上海交通职业技术学院02,215402,08,城市轨道交通机电技术,铁道运输类,交通运输大类,城市轨道交通机电技术,城市轨道交通类,交通运输大类,exact
上海交通职业技术学院,物理,上海交通职业技术学院02,215402,09,城市轨道交通通信信号技术,铁道运输类,交通运输大类,城市轨道交通通信信号技术,城市轨道交通类,交通运输大类,exact
上海交通职业技术学院,物理,上海交通职业技术学院02,215402,10,新能源汽车技术(宝山校区),汽车制造类,装备制造大类,新能源汽车技术,汽车制造类,装备制造大类,exact
上海交通职业技术学院,物理,上海交通职业技术学院02,215402,11,港口机械与智能控制,航海运输类,交通运输大类,港口机械与智能控制,水上运输类,交通运输大类,exact
上海交通职业技术学院,物理,上海交通职业技术学院02,215402,12,轮机工程技术,航海运输类,交通运输大类,轮机工程技术,水上运输类,交通运输大类,exact
天津海运职业学院,物理,天津海运职业学院02,323702,02,航海技术(报考该专业须查阅院校招生章程、招生简章并详询院校),航海运输类,交通运输大类,航海技术,水上运输类,交通运输大类,exact
南京旅游职业学院,历史,南京旅游职业学院01,116001,01,酒店管理与数字化运营,旅游餐饮类,旅游大类,酒店管理与数字化运营,旅游类,旅游大类,exact
南京旅游职业学院,历史,南京旅游职业学院01,116001,02,大数据与财务管理,财务会计类,财经商贸大类,大数据与财务管理,财务会计类,财经商贸大类,exact
南京旅游职业学院,历史,南京旅游职业学院01,116001,03,大数据技术,计算机类,电子与信息大类,大数据技术,计算机类,电子与信息大类,exact
南京旅游职业学院,历史,南京旅游职业学院01,116001,04,人工智能技术应用,计算机类,电子与信息大类,人工智能技术应用,计算机类,电子与信息大类,exact
南京旅游职业学院,历史,南京旅游职业学院01,116001,05,旅游管理,旅游餐饮类,旅游大类,旅游管理,旅游类,旅游大类,exact
南京旅游职业学院,历史,南京旅游职业学院01,116001,06,电子商务,财经商贸类,财经商贸大类,电子商务,电子商务类,财经商贸大类,exact
南京旅游职业学院,历史,南京旅游职业学院01,116001,07,研学旅行管理与服务,其他专业类,其他,研学旅行管理与服务,旅游类,旅游大类,exact
南京旅游职业学院,历史,南京旅游职业学院01,116001,08,智慧旅游技术应用,旅游餐饮类,旅游大类,智慧旅游技术应用,旅游类,旅游大类,exact
南京旅游职业学院,历史,南京旅游职业学院01,116001,09,烹饪工艺与营养,食品药品类,食品药品与粮食大类,烹饪工艺与营养,餐饮类,旅游大类,exact
南京旅游职业学院,历史,南京旅游职业学院01,116001,10,中西面点工艺,其他专业类,其他,中西面点工艺,餐饮类,旅游大类,exact
南京旅游职业学院,历史,南京旅游职业学院01,116001,11,西式烹饪工艺,食品药品类,食品药品与粮食大类,西式烹饪工艺,餐饮类,旅游大类,exact
南京旅游职业学院,历史,南京旅游职业学院01,116001,12,餐饮智能管理,旅游餐饮类,旅游大类,餐饮智能管理,餐饮类,旅游大类,exact
南京旅游职业学院,历史,南京旅游职业学院01,116001,13,空中乘务,航空运输类,交通运输大类,空中乘务,航空运输类,交通运输大类,exact
南京旅游职业学院,历史,南京旅游职业学院01,116001,14,旅游英语,教育体育类,教育与体育大类,旅游英语,语言类,教育与体育大类,exact
南京旅游职业学院,历史,南京旅游职业学院01,116001,15,旅游日语,旅游餐饮类,旅游大类,旅游日语,语言类,教育与体育大类,exact
南京旅游职业学院,历史,南京旅游职业学院01,116001,16,应用韩语,其他专业类,其他,应用韩语,语言类,教育与体育大类,exact
南京旅游职业学院,历史,南京旅游职业学院01,116001,17,应用西班牙语,其他专业类,其他,应用西班牙语,语言类,教育与体育大类,exact
南京旅游职业学院,历史,南京旅游职业学院02,116002,18,旅游管理(与南京工业职业技术大学分段培养项目),旅游餐饮类,旅游大类,旅游管理,旅游类,旅游大类,exact
南京旅游职业学院,历史,南京旅游职业学院03,116003,19,会展策划与管理(与南京传媒学院分段培养项目),旅游餐饮类,旅游大类,会展策划与管理,旅游类,旅游大类,exact
南京旅游职业学院,历史,南京旅游职业学院04,116004,20,电子商务(与南京传媒学院分段培养项目),财经商贸类,财经商贸大类,电子商务,电子商务类,财经商贸大类,exact
南京旅游职业学院,历史,南京旅游职业学院05,116005,21,大数据与财务管理(与南京传媒学院分段培养项目),财务会计类,财经商贸大类,大数据与财务管理,财务会计类,财经商贸大类,exact
无锡商业职业技术学院,历史,无锡商业职业技术学院01,121201,01,数字媒体技术(与南京传媒学院分段培养项目),计算机类,电子与信息大类,数字媒体技术,计算机类,电子与信息大类,exact
无锡商业职业技术学院,历史,无锡商业职业技术学院02,121202,02,国际经济与贸易,财经商贸类,财经商贸大类,国际经济与贸易,经济贸易类,财经商贸大类,exact
无锡商业职业技术学院,历史,无锡商业职业技术学院02,121202,03,工商企业管理,其他专业类,其他,工商企业管理,工商管理类,财经商贸大类,exact
无锡商业职业技术学院,历史,无锡商业职业技术学院02,121202,04,市场营销,财经商贸类,财经商贸大类,市场营销,工商管理类,财经商贸大类,exact
无锡商业职业技术学院,历史,无锡商业职业技术学院02,121202,05,数智营销,其他专业类,其他,数智营销,工商管理类,财经商贸大类,exact
无锡商业职业技术学院,历史,无锡商业职业技术学院02,121202,06,电子商务,财经商贸类,财经商贸大类,电子商务,电子商务类,财经商贸大类,exact
无锡商业职业技术学院,历史,无锡商业职业技术学院02,121202,07,跨境电子商务,财经商贸类,财经商贸大类,跨境电子商务,电子商务类,财经商贸大类,exact
无锡商业职业技术学院,历史,无锡商业职业技术学院02,121202,08,网络营销与直播电商,计算机类,电子与信息大类,网络营销与直播电商,电子商务类,财经商贸大类,exact
无锡商业职业技术学院,历史,无锡商业职业技术学院02,121202,09,商务数据分析与应用,财经商贸类,财经商贸大类,商务数据分析与应用,电子商务类,财经商贸大类,exact
无锡商业职业技术学院,历史,无锡商业职业技术学院02,121202,10,现代物流管理,财经商贸类,财经商贸大类,现代物流管理,物流类,财经商贸大类,exact
无锡商业职业技术学院,历史,无锡商业职业技术学院02,121202,11,大数据与财务管理,财务会计类,财经商贸大类,大数据与财务管理,财务会计类,财经商贸大类,exact
无锡商业职业技术学院,历史,无锡商业职业技术学院02,121202,12,大数据与会计,财务会计类,财经商贸大类,大数据与会计,财务会计类,财经商贸大类,exact
无锡商业职业技术学院,历史,无锡商业职业技术学院02,121202,13,大数据与审计,财务会计类,财经商贸大类,大数据与审计,财务会计类,财经商贸大类,exact
无锡商业职业技术学院,历史,无锡商业职业技术学院02,121202,14,智能财务系统应用与运维,财务会计类,财经商贸大类,智能财务系统应用与运维,财务会计类,财经商贸大类,exact
无锡商业职业技术学院,历史,无锡商业职业技术学院02,121202,15,旅游管理,旅游餐饮类,旅游大类,旅游管理,旅游类,旅游大类,exact
无锡商业职业技术学院,历史,无锡商业职业技术学院02,121202,16,酒店管理与数字化运营,旅游餐饮类,旅游大类,酒店管理与数字化运营,旅游类,旅游大类,exact
无锡商业职业技术学院,历史,无锡商业职业技术学院02,121202,17,烹饪工艺与营养,食品药品类,食品药品与粮食大类,烹饪工艺与营养,餐饮类,旅游大类,exact
无锡商业职业技术学院,历史,无锡商业职业技术学院02,121202,18,中西面点工艺,其他专业类,其他,中西面点工艺,餐饮类,旅游大类,exact
无锡商业职业技术学院,历史,无锡商业职业技术学院02,121202,19,建筑室内设计,土木建筑类,土木建筑大类,建筑室内设计,建筑设计类,土木建筑大类,exact
无锡商业职业技术学院,历史,无锡商业职业技术学院02,121202,20,工程造价,土木建筑类,土木建筑大类,工程造价,建设工程管理类,土木建筑大类,exact
无锡商业职业技术学院,历史,无锡商业职业技术学院02,121202,21,数字媒体技术,计算机类,电子与信息大类,数字媒体技术,计算机类,电子与信息大类,exact
无锡商业职业技术学院,历史,无锡商业职业技术学院02,121202,22,电气自动化技术,电气自动化类,装备制造大类,电气自动化技术,自动化类,装备制造大类,exact
无锡商业职业技术学院,历史,无锡商业职业技术学院02,121202,23,物联网应用技术,计算机类,电子与信息大类,物联网应用技术,电子信息类,电子与信息大类,exact
无锡商业职业技术学院,历史,无锡商业职业技术学院02,121202,24,应用电子技术,电子信息类,电子与信息大类,应用电子技术,电子信息类,电子与信息大类,exact
无锡商业职业技术学院,历史,无锡商业职业技术学院02,121202,25,计算机网络技术,计算机类,电子与信息大类,计算机网络技术,计算机类,电子与信息大类,exact
无锡商业职业技术学院,历史,无锡商业职业技术学院02,121202,26,软件技术,计算机类,电子与信息大类,软件技术,计算机类,电子与信息大类,exact
无锡商业职业技术学院,历史,无锡商业职业技术学院02,121202,27,云计算技术应用,计算机类,电子与信息大类,云计算技术应用,计算机类,电子与信息大类,exact
无锡商业职业技术学院,历史,无锡商业职业技术学院02,121202,28,人工智能技术应用,计算机类,电子与信息大类,人工智能技术应用,计算机类,电子与信息大类,exact
无锡商业职业技术学院,历史,无锡商业职业技术学院02,121202,29,机电一体化技术,电气自动化类,装备制造大类,机电一体化技术,自动化类,装备制造大类,exact
无锡商业职业技术学院,历史,无锡商业职业技术学院02,121202,30,工业机器人技术,电气自动化类,装备制造大类,工业机器人技术,自动化类,装备制造大类,exact
无锡商业职业技术学院,历史,无锡商业职业技术学院02,121202,31,新能源汽车技术,汽车制造类,装备制造大类,新能源汽车技术,汽车制造类,装备制造大类,exact
无锡商业职业技术学院,历史,无锡商业职业技术学院02,121202,32,智能网联汽车技术,汽车制造类,装备制造大类,智能网联汽车技术,汽车制造类,装备制造大类,exact
无锡商业职业技术学院,历史,无锡商业职业技术学院02,121202,33,汽车检测与维修技术,汽车制造类,装备制造大类,汽车检测与维修技术,道路运输类,交通运输大类,exact
无锡商业职业技术学院,历史,无锡商业职业技术学院03,121203,34,大数据与会计(中外合作办学),财务会计类,财经商贸大类,大数据与会计,财务会计类,财经商贸大类,exact
张家界航空工业职业技术学院,物理,张家界航空工业职业技术学院04,535604,09,无人机应用技术(只招男生)(陆军),航空运输类,交通运输大类,无人机应用技术,航空装备类,装备制造大类,exact
张家界航空工业职业技术学院,物理,张家界航空工业职业技术学院04,535604,10,航空发动机装配调试技术(只招男生)[空军(机务兵)],航空运输类,交通运输大类,航空发动机装配调试技术,航空装备类,装备制造大类,exact
张家界航空工业职业技术学院,物理,张家界航空工业职业技术学院04,535604,11,电气自动化技术(只招男生)[空军(机务兵)],电气自动化类,装备制造大类,电气自动化技术,自动化类,装备制造大类,exact
上海科学技术职业学院,历史,上海科学技术职业学院01,214901,01,现代通信技术,电子信息类,电子与信息大类,现代通信技术,通信类,电子与信息大类,exact
上海科学技术职业学院,历史,上海科学技术职业学院01,214901,02,信息安全技术应用,计算机类,电子与信息大类,信息安全技术应用,计算机类,电子与信息大类,exact
上海科学技术职业学院,历史,上海科学技术职业学院01,214901,03,移动互联应用技术,其他专业类,其他,移动互联应用技术,电子信息类,电子与信息大类,exact
上海科学技术职业学院,历史,上海科学技术职业学院01,214901,04,人工智能技术应用,计算机类,电子与信息大类,人工智能技术应用,计算机类,电子与信息大类,exact
上海科学技术职业学院,历史,上海科学技术职业学院01,214901,05,物联网应用技术,计算机类,电子与信息大类,物联网应用技术,电子信息类,电子与信息大类,exact
上海科学技术职业学院,历史,上海科学技术职业学院01,214901,06,智能产品开发与应用,电子信息类,电子与信息大类,智能产品开发与应用,电子信息类,电子与信息大类,exact
上海科学技术职业学院,历史,上海科学技术职业学院01,214901,07,智能网联汽车技术,汽车制造类,装备制造大类,智能网联汽车技术,汽车制造类,装备制造大类,exact
上海科学技术职业学院,历史,上海科学技术职业学院01,214901,08,新能源汽车技术,汽车制造类,装备制造大类,新能源汽车技术,汽车制造类,装备制造大类,exact
上海科学技术职业学院,历史,上海科学技术职业学院01,214901,09,新能源汽车检测与维修技术,汽车制造类,装备制造大类,新能源汽车检测与维修技术,道路运输类,交通运输大类,exact
上海科学技术职业学院,历史,上海科学技术职业学院01,214901,10,机电一体化技术,电气自动化类,装备制造大类,机电一体化技术,自动化类,装备制造大类,exact
上海科学技术职业学院,历史,上海科学技术职业学院01,214901,11,机械制造及自动化,电气自动化类,装备制造大类,机械制造及自动化,机械设计制造类,装备制造大类,exact
上海科学技术职业学院,历史,上海科学技术职业学院01,214901,12,工业机器人技术,电气自动化类,装备制造大类,工业机器人技术,自动化类,装备制造大类,exact
上海科学技术职业学院,历史,上海科学技术职业学院01,214901,13,智能控制技术,电气自动化类,装备制造大类,智能控制技术,自动化类,装备制造大类,exact
上海科学技术职业学院,历史,上海科学技术职业学院01,214901,14,智能机电技术,其他专业类,其他,智能机电技术,自动化类,装备制造大类,exact
上海科学技术职业学院,历史,上海科学技术职业学院01,214901,15,网络营销与直播电商,计算机类,电子与信息大类,网络营销与直播电商,电子商务类,财经商贸大类,exact
上海科学技术职业学院,历史,上海科学技术职业学院01,214901,16,跨境电子商务,财经商贸类,财经商贸大类,跨境电子商务,电子商务类,财经商贸大类,exact
上海科学技术职业学院,历史,上海科学技术职业学院01,214901,17,大数据与会计,财务会计类,财经商贸大类,大数据与会计,财务会计类,财经商贸大类,exact
上海科学技术职业学院,历史,上海科学技术职业学院01,214901,18,电子商务,财经商贸类,财经商贸大类,电子商务,电子商务类,财经商贸大类,exact
上海科学技术职业学院,历史,上海科学技术职业学院01,214901,19,现代物流管理,财经商贸类,财经商贸大类,现代物流管理,物流类,财经商贸大类,exact
上海科学技术职业学院,历史,上海科学技术职业学院01,214901,20,社会工作,公共管理服务类,公共管理与服务大类,社会工作,公共事业类,公共管理与服务大类,exact
上海科学技术职业学院,历史,上海科学技术职业学院01,214901,21,数字媒体技术,计算机类,电子与信息大类,数字媒体技术,计算机类,电子与信息大类,exact
天津职业大学,历史,天津职业大学01,322401,01,现代物流管理(北辰校区),财经商贸类,财经商贸大类,现代物流管理,物流类,财经商贸大类,exact
天津职业大学,历史,天津职业大学01,322401,02,人力资源管理(海河园校区),公共管理服务类,公共管理与服务大类,人力资源管理,公共管理类,公共管理与服务大类,exact
南京交通职业技术学院,物理,南京交通职业技术学院03,115203,26,汽车检测与维修技术(与金陵科技学院分段培养项目),汽车制造类,装备制造大类,汽车检测与维修技术,道路运输类,交通运输大类,exact
南京交通职业技术学院,物理,南京交通职业技术学院03,115203,27,现代物流管理(与金陵科技学院分段培养项目),财经商贸类,财经商贸大类,现代物流管理,物流类,财经商贸大类,exact
南京交通职业技术学院,物理,南京交通职业技术学院04,115204,28,汽车检测与维修技术,汽车制造类,装备制造大类,汽车检测与维修技术,道路运输类,交通运输大类,exact
南京交通职业技术学院,物理,南京交通职业技术学院04,115204,29,新能源汽车检测与维修技术,汽车制造类,装备制造大类,新能源汽车检测与维修技术,道路运输类,交通运输大类,exact
南京交通职业技术学院,物理,南京交通职业技术学院04,115204,30,新能源汽车技术,汽车制造类,装备制造大类,新能源汽车技术,汽车制造类,装备制造大类,exact
南京交通职业技术学院,物理,南京交通职业技术学院04,115204,31,智能网联汽车技术,汽车制造类,装备制造大类,智能网联汽车技术,汽车制造类,装备制造大类,exact
南京交通职业技术学院,物理,南京交通职业技术学院04,115204,32,道路与桥梁工程技术,土木建筑类,土木建筑大类,道路与桥梁工程技术,道路运输类,交通运输大类,exact
南京交通职业技术学院,物理,南京交通职业技术学院04,115204,33,城市轨道交通工程技术,铁道运输类,交通运输大类,城市轨道交通工程技术,城市轨道交通类,交通运输大类,exact
南京交通职业技术学院,物理,南京交通职业技术学院04,115204,34,道路工程检测技术,其他专业类,其他,道路工程检测技术,道路运输类,交通运输大类,exact
南京交通职业技术学院,物理,南京交通职业技术学院04,115204,35,安全技术与管理,资源环境安全类,资源环境与安全大类,安全技术与管理,安全类,资源环境与安全大类,exact
南京交通职业技术学院,物理,南京交通职业技术学院04,115204,36,现代物流管理,财经商贸类,财经商贸大类,现代物流管理,物流类,财经商贸大类,exact
南京交通职业技术学院,物理,南京交通职业技术学院04,115204,37,大数据与会计,财务会计类,财经商贸大类,大数据与会计,财务会计类,财经商贸大类,exact
南京交通职业技术学院,物理,南京交通职业技术学院04,115204,38,关务与外贸服务,财经商贸类,财经商贸大类,关务与外贸服务,经济贸易类,财经商贸大类,exact
南京交通职业技术学院,物理,南京交通职业技术学院04,115204,39,低空物流技术与运营,财经商贸类,财经商贸大类,低空物流技术与运营,物流类,财经商贸大类,exact
南京交通职业技术学院,物理,南京交通职业技术学院04,115204,40,城市轨道交通运营管理,铁道运输类,交通运输大类,城市轨道交通运营管理,城市轨道交通类,交通运输大类,exact
南京交通职业技术学院,物理,南京交通职业技术学院04,115204,41,软件技术,计算机类,电子与信息大类,软件技术,计算机类,电子与信息大类,exact
南京交通职业技术学院,物理,南京交通职业技术学院04,115204,42,现代通信技术,电子信息类,电子与信息大类,现代通信技术,通信类,电子与信息大类,exact
南京交通职业技术学院,物理,南京交通职业技术学院04,115204,43,智能交通技术,其他专业类,其他,智能交通技术,道路运输类,交通运输大类,exact
南京交通职业技术学院,物理,南京交通职业技术学院04,115204,44,无人机应用技术,航空运输类,交通运输大类,无人机应用技术,航空装备类,装备制造大类,exact
南京交通职业技术学院,物理,南京交通职业技术学院04,115204,45,人工智能数据工程技术,计算机类,电子与信息大类,人工智能数据工程技术,计算机类,电子与信息大类,exact
南京交通职业技术学院,物理,南京交通职业技术学院04,115204,46,智能工程机械运用技术,机械设计制造类,装备制造大类,智能工程机械运用技术,道路运输类,交通运输大类,exact
南京交通职业技术学院,物理,南京交通职业技术学院04,115204,47,工业机器人技术,电气自动化类,装备制造大类,工业机器人技术,自动化类,装备制造大类,exact
南京交通职业技术学院,物理,南京交通职业技术学院04,115204,48,城市轨道交通机电技术,铁道运输类,交通运输大类,城市轨道交通机电技术,城市轨道交通类,交通运输大类,exact
南京交通职业技术学院,物理,南京交通职业技术学院04,115204,49,城市轨道车辆应用技术,铁道运输类,交通运输大类,城市轨道车辆应用技术,城市轨道交通类,交通运输大类,exact
南京交通职业技术学院,物理,南京交通职业技术学院04,115204,50,城市轨道交通通信信号技术,铁道运输类,交通运输大类,城市轨道交通通信信号技术,城市轨道交通类,交通运输大类,exact
南京交通职业技术学院,物理,南京交通职业技术学院04,115204,51,智能建造技术,其他专业类,其他,智能建造技术,土建施工类,土木建筑大类,exact
南京交通职业技术学院,物理,南京交通职业技术学院04,115204,52,工程造价,土木建筑类,土木建筑大类,工程造价,建设工程管理类,土木建筑大类,exact
江苏海事职业技术学院,物理,江苏海事职业技术学院03,115003,18,航海技术(水面舰艇人员合格)(只招男生)(陆军),航海运输类,交通运输大类,航海技术,水上运输类,交通运输大类,exact
江苏海事职业技术学院,物理,江苏海事职业技术学院03,115003,19,船舶电子电气技术(水面舰艇人员合格)(只招男生)(陆军),航海运输类,交通运输大类,船舶电子电气技术,水上运输类,交通运输大类,exact
江苏海事职业技术学院,物理,江苏海事职业技术学院03,115003,20,轮机工程技术(水面舰艇人员合格)(只招男生)(陆军),航海运输类,交通运输大类,轮机工程技术,水上运输类,交通运输大类,exact
江苏海事职业技术学院,物理,江苏海事职业技术学院03,115003,21,轮机工程技术(水面舰艇人员合格)(只招男生)(海军),航海运输类,交通运输大类,轮机工程技术,水上运输类,交通运输大类,exact
江苏海事职业技术学院,物理,江苏海事职业技术学院03,115003,22,港口机械与智能控制(水面舰艇人员合格)(只招男生)(海军),航海运输类,交通运输大类,港口机械与智能控制,水上运输类,交通运输大类,exact
江苏海事职业技术学院,物理,江苏海事职业技术学院03,115003,23,航海技术(水面舰艇人员合格)(只招男生)(武警部队),航海运输类,交通运输大类,航海技术,水上运输类,交通运输大类,exact
江苏海事职业技术学院,物理,江苏海事职业技术学院03,115003,24,轮机工程技术(水面舰艇人员合格)(只招男生)(武警部队),航海运输类,交通运输大类,轮机工程技术,水上运输类,交通运输大类,exact
江苏海事职业技术学院,物理,江苏海事职业技术学院03,115003,25,船舶电子电气技术(水面舰艇人员合格)(只招男生)(武警部队),航海运输类,交通运输大类,船舶电子电气技术,水上运输类,交通运输大类,exact
江苏海事职业技术学院,物理,江苏海事职业技术学院05,115005,27,航海技术,航海运输类,交通运输大类,航海技术,水上运输类,交通运输大类,exact
江苏海事职业技术学院,物理,江苏海事职业技术学院05,115005,28,轮机工程技术,航海运输类,交通运输大类,轮机工程技术,水上运输类,交通运输大类,exact
常州机电职业技术学院,历史,常州机电职业技术学院01,125401,01,工业设计(与南京工业职业技术大学分段培养项目),文化艺术类,文化艺术大类,工业设计,机械设计制造类,装备制造大类,exact
常州机电职业技术学院,历史,常州机电职业技术学院02,125402,02,机械制造及自动化,电气自动化类,装备制造大类,机械制造及自动化,机械设计制造类,装备制造大类,exact
常州机电职业技术学院,历史,常州机电职业技术学院02,125402,03,工业机器人技术,电气自动化类,装备制造大类,工业机器人技术,自动化类,装备制造大类,exact
常州机电职业技术学院,历史,常州机电职业技术学院02,125402,04,机电一体化技术,电气自动化类,装备制造大类,机电一体化技术,自动化类,装备制造大类,exact
常州机电职业技术学院,历史,常州机电职业技术学院02,125402,05,电气自动化技术,电气自动化类,装备制造大类,电气自动化技术,自动化类,装备制造大类,exact
常州机电职业技术学院,历史,常州机电职业技术学院02,125402,06,新能源装备技术,能源动力与材料类,能源动力与材料大类,新能源装备技术,机电设备类,装备制造大类,exact
常州机电职业技术学院,历史,常州机电职业技术学院02,125402,07,物联网应用技术,计算机类,电子与信息大类,物联网应用技术,电子信息类,电子与信息大类,exact
常州机电职业技术学院,历史,常州机电职业技术学院02,125402,08,计算机网络技术,计算机类,电子与信息大类,计算机网络技术,计算机类,电子与信息大类,exact
常州机电职业技术学院,历史,常州机电职业技术学院02,125402,09,数智营销,其他专业类,其他,数智营销,工商管理类,财经商贸大类,exact
常州机电职业技术学院,历史,常州机电职业技术学院03,125403,10,工业机器人技术(中外合作办学),电气自动化类,装备制造大类,工业机器人技术,自动化类,装备制造大类,exact
常州机电职业技术学院,历史,常州机电职业技术学院03,125403,11,计算机网络技术(中外合作办学),计算机类,电子与信息大类,计算机网络技术,计算机类,电子与信息大类,exact
日照职业技术大学,历史,日照职业技术大学01,264701,01,软件技术(卧龙山校区),计算机类,电子与信息大类,软件技术,计算机类,电子与信息大类,exact
日照职业技术大学,历史,日照职业技术大学01,264701,02,大数据与会计(卧龙山校区),财务会计类,财经商贸大类,大数据与会计,财务会计类,财经商贸大类,exact
日照职业技术大学,历史,日照职业技术大学01,264701,03,通用航空航务技术(天台山校区),航空运输类,交通运输大类,通用航空航务技术,航空运输类,交通运输大类,exact
日照职业技术大学,历史,日照职业技术大学01,264701,04,新能源汽车技术(天台山校区),汽车制造类,装备制造大类,新能源汽车技术,汽车制造类,装备制造大类,exact
苏州农业职业技术学院,物理,苏州农业职业技术学院05,127205,33,现代物流管理(与南京工业职业技术大学分段培养项目)(校本部),财经商贸类,财经商贸大类,现代物流管理,物流类,财经商贸大类,exact
苏州农业职业技术学院,物理,苏州农业职业技术学院06,127206,34,风景园林设计(与徐州工程学院分段培养项目)(校本部),土木建筑类,土木建筑大类,风景园林设计,建筑设计类,土木建筑大类,exact
苏州农业职业技术学院,物理,苏州农业职业技术学院07,127207,35,物联网应用技术(与南京工业职业技术大学分段培养项目)(校本部),计算机类,电子与信息大类,物联网应用技术,电子信息类,电子与信息大类,exact
苏州农业职业技术学院,物理,苏州农业职业技术学院08,127208,36,园艺技术(东山校区),农林牧渔类,农林牧渔大类,园艺技术,农业类,农林牧渔大类,exact
苏州农业职业技术学院,物理,苏州农业职业技术学院08,127208,37,现代农业技术(东山校区),农林牧渔类,农林牧渔大类,现代农业技术,农业类,农林牧渔大类,exact
苏州农业职业技术学院,物理,苏州农业职业技术学院08,127208,38,茶叶生产与加工技术(东山校区),农林牧渔类,农林牧渔大类,茶叶生产与加工技术,农业类,农林牧渔大类,exact
苏州农业职业技术学院,物理,苏州农业职业技术学院08,127208,39,花卉生产与花艺(东山校区),其他专业类,其他,花卉生产与花艺,林业类,农林牧渔大类,exact
苏州农业职业技术学院,物理,苏州农业职业技术学院08,127208,40,植物保护与检疫技术(东山校区),其他专业类,其他,植物保护与检疫技术,农业类,农林牧渔大类,exact
苏州农业职业技术学院,物理,苏州农业职业技术学院08,127208,41,园林技术,农林牧渔类,农林牧渔大类,园林技术,林业类,农林牧渔大类,exact
苏州农业职业技术学院,物理,苏州农业职业技术学院08,127208,42,园林工程技术,土木建筑类,土木建筑大类,园林工程技术,建筑设计类,土木建筑大类,exact
苏州农业职业技术学院,物理,苏州农业职业技术学院08,127208,43,风景园林设计,土木建筑类,土木建筑大类,风景园林设计,建筑设计类,土木建筑大类,exact
苏州农业职业技术学院,物理,苏州农业职业技术学院08,127208,44,林草生态保护与修复,其他专业类,其他,林草生态保护与修复,林业类,农林牧渔大类,exact
苏州农业职业技术学院,物理,苏州农业职业技术学院08,127208,45,古建筑工程技术,土木建筑类,土木建筑大类,古建筑工程技术,建筑设计类,土木建筑大类,exact
苏州农业职业技术学院,物理,苏州农业职业技术学院08,127208,46,森林生态旅游与康养,旅游餐饮类,旅游大类,森林生态旅游与康养,林业类,农林牧渔大类,exact
苏州农业职业技术学院,物理,苏州农业职业技术学院08,127208,47,大数据与会计,财务会计类,财经商贸大类,大数据与会计,财务会计类,财经商贸大类,exact
苏州农业职业技术学院,物理,苏州农业职业技术学院08,127208,48,跨境电子商务,财经商贸类,财经商贸大类,跨境电子商务,电子商务类,财经商贸大类,exact
苏州农业职业技术学院,物理,苏州农业职业技术学院08,127208,49,机电一体化技术,电气自动化类,装备制造大类,机电一体化技术,自动化类,装备制造大类,exact
苏州农业职业技术学院,物理,苏州农业职业技术学院08,127208,50,电气自动化技术,电气自动化类,装备制造大类,电气自动化技术,自动化类,装备制造大类,exact
苏州农业职业技术学院,物理,苏州农业职业技术学院08,127208,51,无人机应用技术,航空运输类,交通运输大类,无人机应用技术,航空装备类,装备制造大类,exact
苏州农业职业技术学院,物理,苏州农业职业技术学院08,127208,52,物联网应用技术,计算机类,电子与信息大类,物联网应用技术,电子信息类,电子与信息大类,exact
苏州农业职业技术学院,物理,苏州农业职业技术学院08,127208,53,人工智能技术应用,计算机类,电子与信息大类,人工智能技术应用,计算机类,电子与信息大类,exact
苏州农业职业技术学院,物理,苏州农业职业技术学院08,127208,54,云计算技术应用,计算机类,电子与信息大类,云计算技术应用,计算机类,电子与信息大类,exact
苏州农业职业技术学院,物理,苏州农业职业技术学院08,127208,55,智慧农业技术与装备,农林牧渔类,农林牧渔大类,智慧农业技术与装备,农业类,农林牧渔大类,exact
苏州农业职业技术学院,物理,苏州农业职业技术学院08,127208,56,食品检验检测技术,食品药品类,食品药品与粮食大类,食品检验检测技术,食品类,食品药品与粮食大类,exact
苏州农业职业技术学院,物理,苏州农业职业技术学院08,127208,57,食品智能加工技术,食品药品类,食品药品与粮食大类,食品智能加工技术,食品类,食品药品与粮食大类,exact
苏州农业职业技术学院,物理,苏州农业职业技术学院08,127208,58,药品生物技术,其他专业类,其他,药品生物技术,生物技术类,生物与化工大类,exact
苏州农业职业技术学院,物理,苏州农业职业技术学院08,127208,59,农产品加工与质量检测,农林牧渔类,农林牧渔大类,农产品加工与质量检测,农业类,农林牧渔大类,exact
苏州农业职业技术学院,物理,苏州农业职业技术学院08,127208,60,环境工程技术,资源环境安全类,资源环境与安全大类,环境工程技术,环境保护类,资源环境与安全大类,exact
苏州农业职业技术学院,物理,苏州农业职业技术学院08,127208,61,环境监测技术,资源环境安全类,资源环境与安全大类,环境监测技术,环境保护类,资源环境与安全大类,exact
苏州农业职业技术学院,物理,苏州农业职业技术学院08,127208,62,生态环境修复技术,资源环境安全类,资源环境与安全大类,生态环境修复技术,环境保护类,资源环境与安全大类,exact
苏州农业职业技术学院,物理,苏州农业职业技术学院08,127208,63,水产养殖技术,农林牧渔类,农林牧渔大类,水产养殖技术,渔业类,农林牧渔大类,exact
苏州农业职业技术学院,物理,苏州农业职业技术学院08,127208,64,商务日语,其他专业类,其他,商务日语,语言类,教育与体育大类,exact
苏州农业职业技术学院,物理,苏州农业职业技术学院08,127208,65,法律文秘,公安司法类,公安司法大类,法律文秘,法律实务类,公安与司法大类,exact
苏州农业职业技术学院,物理,苏州农业职业技术学院08,127208,66,会展策划与管理,旅游餐饮类,旅游大类,会展策划与管理,旅游类,旅游大类,exact
苏州农业职业技术学院,物理,苏州农业职业技术学院09,127209,67,环境工程技术(中外合作办学)(校本部),资源环境安全类,资源环境与安全大类,环境工程技术,环境保护类,资源环境与安全大类,exact
苏州工业园区服务外包职业学院,物理,苏州工业园区服务外包职业学院03,127603,18,"微电子技术[在苏州工业园区服务外包职业学院学习三年,考核合格者可转入苏州职业技术大学(原苏州市职业大学)学习两年,毕业后颁发苏州职业技术大学(原苏州市职业大学)本科文凭]",电子信息类,电子与信息大类,微电子技术,集成电路类,电子与信息大类,exact
苏州工业园区服务外包职业学院,物理,苏州工业园区服务外包职业学院03,127603,19,"智能产品开发与应用[在苏州工业园区服务外包职业学院学习五年,其中前三年高职阶段教育考核合格者,后两年本科阶段教育继续在高职院校内学习,由本科院校与高职院校联合实施教学,毕业后颁发苏州职业技术大学(原苏州市职业大学)本科文凭]",电子信息类,电子与信息大类,智能产品开发与应用,电子信息类,电子与信息大类,exact
苏州工业园区服务外包职业学院,物理,苏州工业园区服务外包职业学院03,127603,20,"软件技术(在苏州工业园区服务外包职业学院学习五年,其中前三年高职阶段教育考核合格者,后两年本科阶段教育继续在高职院校内学习,由本科院校与高职院校联合实施教学,毕业后颁发无锡太湖学院本科文凭)",计算机类,电子与信息大类,软件技术,计算机类,电子与信息大类,exact
苏州工业园区服务外包职业学院,物理,苏州工业园区服务外包职业学院03,127603,21,"嵌入式技术应用(在苏州工业园区服务外包职业学院学习五年,其中前三年高职阶段教育考核合格者,后两年本科阶段教育继续在高职院校内学习,由本科院校与高职院校联合实施教学,毕业后颁发无锡太湖学院本科文凭)",其他专业类,其他,嵌入式技术应用,计算机类,电子与信息大类,exact
苏州工业园区服务外包职业学院,物理,苏州工业园区服务外包职业学院04,127604,22,大数据技术,计算机类,电子与信息大类,大数据技术,计算机类,电子与信息大类,exact
苏州工业园区服务外包职业学院,物理,苏州工业园区服务外包职业学院04,127604,23,大数据与会计,财务会计类,财经商贸大类,大数据与会计,财务会计类,财经商贸大类,exact
苏州工业园区服务外包职业学院,物理,苏州工业园区服务外包职业学院04,127604,24,业财数据应用与管理,其他专业类,其他,业财数据应用与管理,财务会计类,财经商贸大类,exact
苏州工业园区服务外包职业学院,物理,苏州工业园区服务外包职业学院04,127604,25,生物产品检验检疫,其他专业类,其他,生物产品检验检疫,生物技术类,生物与化工大类,exact
苏州工业园区服务外包职业学院,物理,苏州工业园区服务外包职业学院04,127604,26,生物制药技术,生物化工类,生物与化工大类,生物制药技术,药品与医疗器械类,食品药品与粮食大类,exact
苏州工业园区服务外包职业学院,物理,苏州工业园区服务外包职业学院04,127604,27,药品生物技术,其他专业类,其他,药品生物技术,生物技术类,生物与化工大类,exact
苏州工业园区服务外包职业学院,物理,苏州工业园区服务外包职业学院04,127604,28,药品质量与安全,药学类,医药卫生大类,药品质量与安全,药品与医疗器械类,食品药品与粮食大类,exact
苏州工业园区服务外包职业学院,物理,苏州工业园区服务外包职业学院04,127604,29,动漫制作技术,文化艺术类,文化艺术大类,动漫制作技术,计算机类,电子与信息大类,exact
苏州工业园区服务外包职业学院,物理,苏州工业园区服务外包职业学院04,127604,30,虚拟现实技术应用,计算机类,电子与信息大类,虚拟现实技术应用,计算机类,电子与信息大类,exact
苏州工业园区服务外包职业学院,物理,苏州工业园区服务外包职业学院04,127604,31,数字出版,新闻传播类,新闻传播大类,数字出版,新闻出版类,新闻传播大类,exact
苏州工业园区服务外包职业学院,物理,苏州工业园区服务外包职业学院04,127604,32,工业互联网技术,电气自动化类,装备制造大类,工业互联网技术,计算机类,电子与信息大类,exact
苏州工业园区服务外包职业学院,物理,苏州工业园区服务外包职业学院04,127604,33,云计算技术应用,计算机类,电子与信息大类,云计算技术应用,计算机类,电子与信息大类,exact
苏州工业园区服务外包职业学院,物理,苏州工业园区服务外包职业学院04,127604,34,信息安全技术应用,计算机类,电子与信息大类,信息安全技术应用,计算机类,电子与信息大类,exact
浙江国际海运职业技术学院,物理,浙江国际海运职业技术学院01,223801,01,航海技术,航海运输类,交通运输大类,航海技术,水上运输类,交通运输大类,exact
浙江国际海运职业技术学院,物理,浙江国际海运职业技术学院01,223801,02,轮机工程技术,航海运输类,交通运输大类,轮机工程技术,水上运输类,交通运输大类,exact
三峡电力职业学院,物理,三峡电力职业学院02,526602,06,发电厂及电力系统,能源动力与材料类,能源动力与材料大类,发电厂及电力系统,电力技术类,能源动力与材料大类,exact
三峡电力职业学院,物理,三峡电力职业学院02,526602,07,电力系统继电保护技术,能源动力与材料类,能源动力与材料大类,电力系统继电保护技术,电力技术类,能源动力与材料大类,exact
三峡电力职业学院,物理,三峡电力职业学院02,526602,08,电力系统自动化技术,电气自动化类,装备制造大类,电力系统自动化技术,电力技术类,能源动力与材料大类,exact
三峡电力职业学院,物理,三峡电力职业学院02,526602,09,机电一体化技术,电气自动化类,装备制造大类,机电一体化技术,自动化类,装备制造大类,exact
三峡电力职业学院,物理,三峡电力职业学院02,526602,10,电气自动化技术,电气自动化类,装备制造大类,电气自动化技术,自动化类,装备制造大类,exact
上海科创职业技术学院,物理,上海科创职业技术学院01,217101,01,数控技术,机械设计制造类,装备制造大类,数控技术,机械设计制造类,装备制造大类,exact
上海科创职业技术学院,物理,上海科创职业技术学院01,217101,02,电气自动化技术,电气自动化类,装备制造大类,电气自动化技术,自动化类,装备制造大类,exact
上海科创职业技术学院,物理,上海科创职业技术学院01,217101,03,智能控制技术,电气自动化类,装备制造大类,智能控制技术,自动化类,装备制造大类,exact
上海科创职业技术学院,物理,上海科创职业技术学院01,217101,04,新能源汽车技术,汽车制造类,装备制造大类,新能源汽车技术,汽车制造类,装备制造大类,exact
上海科创职业技术学院,物理,上海科创职业技术学院01,217101,05,智能网联汽车技术,汽车制造类,装备制造大类,智能网联汽车技术,汽车制造类,装备制造大类,exact
上海科创职业技术学院,物理,上海科创职业技术学院01,217101,06,建筑装饰工程技术,土木建筑类,土木建筑大类,建筑装饰工程技术,建筑设计类,土木建筑大类,exact
江苏信息职业技术学院,历史,江苏信息职业技术学院02,121002,02,集成电路技术,电子信息类,电子与信息大类,集成电路技术,集成电路类,电子与信息大类,exact
江苏信息职业技术学院,历史,江苏信息职业技术学院02,121002,03,微电子技术,电子信息类,电子与信息大类,微电子技术,集成电路类,电子与信息大类,exact
江苏信息职业技术学院,历史,江苏信息职业技术学院02,121002,04,电子信息工程技术,电子信息类,电子与信息大类,电子信息工程技术,电子信息类,电子与信息大类,exact
江苏信息职业技术学院,历史,江苏信息职业技术学院02,121002,05,应用电子技术,电子信息类,电子与信息大类,应用电子技术,电子信息类,电子与信息大类,exact
江苏信息职业技术学院,历史,江苏信息职业技术学院02,121002,06,无人机应用技术,航空运输类,交通运输大类,无人机应用技术,航空装备类,装备制造大类,exact
江苏信息职业技术学院,历史,江苏信息职业技术学院02,121002,07,机械制造及自动化,电气自动化类,装备制造大类,机械制造及自动化,机械设计制造类,装备制造大类,exact
江苏信息职业技术学院,历史,江苏信息职业技术学院02,121002,08,模具设计与制造,机械设计制造类,装备制造大类,模具设计与制造,机械设计制造类,装备制造大类,exact
江苏信息职业技术学院,历史,江苏信息职业技术学院02,121002,09,物联网应用技术,计算机类,电子与信息大类,物联网应用技术,电子信息类,电子与信息大类,exact
江苏信息职业技术学院,历史,江苏信息职业技术学院02,121002,10,软件技术,计算机类,电子与信息大类,软件技术,计算机类,电子与信息大类,exact
江苏信息职业技术学院,历史,江苏信息职业技术学院02,121002,11,信息安全技术应用,计算机类,电子与信息大类,信息安全技术应用,计算机类,电子与信息大类,exact
江苏信息职业技术学院,历史,江苏信息职业技术学院02,121002,12,人工智能技术应用,计算机类,电子与信息大类,人工智能技术应用,计算机类,电子与信息大类,exact
江苏信息职业技术学院,历史,江苏信息职业技术学院02,121002,13,大数据技术,计算机类,电子与信息大类,大数据技术,计算机类,电子与信息大类,exact
江苏信息职业技术学院,历史,江苏信息职业技术学院02,121002,14,工业互联网技术,电气自动化类,装备制造大类,工业互联网技术,计算机类,电子与信息大类,exact
江苏信息职业技术学院,历史,江苏信息职业技术学院02,121002,15,大数据与财务管理,财务会计类,财经商贸大类,大数据与财务管理,财务会计类,财经商贸大类,exact
江苏信息职业技术学院,历史,江苏信息职业技术学院02,121002,16,大数据与会计,财务会计类,财经商贸大类,大数据与会计,财务会计类,财经商贸大类,exact
江苏信息职业技术学院,历史,江苏信息职业技术学院02,121002,17,电子商务,财经商贸类,财经商贸大类,电子商务,电子商务类,财经商贸大类,exact
江苏信息职业技术学院,历史,江苏信息职业技术学院02,121002,18,跨境电子商务,财经商贸类,财经商贸大类,跨境电子商务,电子商务类,财经商贸大类,exact
江苏信息职业技术学院,历史,江苏信息职业技术学院02,121002,19,智能物流技术,财经商贸类,财经商贸大类,智能物流技术,物流类,财经商贸大类,exact
江苏信息职业技术学院,历史,江苏信息职业技术学院02,121002,20,智能建造技术,其他专业类,其他,智能建造技术,土建施工类,土木建筑大类,exact
江苏信息职业技术学院,历史,江苏信息职业技术学院03,121003,21,物联网应用技术(中外合作办学),计算机类,电子与信息大类,物联网应用技术,电子信息类,电子与信息大类,exact
武汉交通职业学院,物理,武汉交通职业学院03,523603,05,"航海技术(报考该专业有色觉等要求,具体请查阅院校招生章程)",航海运输类,交通运输大类,航海技术,水上运输类,交通运输大类,exact
武汉交通职业学院,物理,武汉交通职业学院04,523604,06,航海技术(水面舰艇人员合格)(只招男生)(武警部队),航海运输类,交通运输大类,航海技术,水上运输类,交通运输大类,exact
武汉交通职业学院,物理,武汉交通职业学院05,523605,07,机电一体化技术(只招男生)(陆军),电气自动化类,装备制造大类,机电一体化技术,自动化类,装备制造大类,exact
武汉交通职业学院,物理,武汉交通职业学院05,523605,08,现代物流管理(只招男生)(联勤保障部队),财经商贸类,财经商贸大类,现代物流管理,物流类,财经商贸大类,exact
湖南大众传媒职业技术学院,物理,湖南大众传媒职业技术学院02,531302,04,数字媒体技术,计算机类,电子与信息大类,数字媒体技术,计算机类,电子与信息大类,exact
湖南大众传媒职业技术学院,物理,湖南大众传媒职业技术学院02,531302,05,无人机应用技术,航空运输类,交通运输大类,无人机应用技术,航空装备类,装备制造大类,exact
上海农林职业技术学院,物理,上海农林职业技术学院02,215002,03,"宠物养护与驯导(报考该专业有色觉要求,具体请查阅院校招生章程)",农林牧渔类,农林牧渔大类,宠物养护与驯导,畜牧业类,农林牧渔大类,exact
上海农林职业技术学院,物理,上海农林职业技术学院02,215002,04,人工智能技术应用,计算机类,电子与信息大类,人工智能技术应用,计算机类,电子与信息大类,exact
常州工程职业技术学院,历史,常州工程职业技术学院01,125201,01,分析检验技术,生物化工类,生物与化工大类,分析检验技术,化工技术类,生物与化工大类,exact
常州工程职业技术学院,历史,常州工程职业技术学院01,125201,02,食品质量与安全,食品药品类,食品药品与粮食大类,食品质量与安全,食品类,食品药品与粮食大类,exact
常州工程职业技术学院,历史,常州工程职业技术学院01,125201,03,生物产品检验检疫,其他专业类,其他,生物产品检验检疫,生物技术类,生物与化工大类,exact
常州工程职业技术学院,历史,常州工程职业技术学院01,125201,04,药品生产技术,药学类,医药卫生大类,药品生产技术,药品与医疗器械类,食品药品与粮食大类,exact
常州工程职业技术学院,历史,常州工程职业技术学院01,125201,05,大数据与会计,财务会计类,财经商贸大类,大数据与会计,财务会计类,财经商贸大类,exact
常州工程职业技术学院,历史,常州工程职业技术学院01,125201,06,市场营销,财经商贸类,财经商贸大类,市场营销,工商管理类,财经商贸大类,exact
常州工程职业技术学院,历史,常州工程职业技术学院01,125201,07,酒店管理与数字化运营,旅游餐饮类,旅游大类,酒店管理与数字化运营,旅游类,旅游大类,exact
常州工程职业技术学院,历史,常州工程职业技术学院01,125201,08,电子商务,财经商贸类,财经商贸大类,电子商务,电子商务类,财经商贸大类,exact
常州工程职业技术学院,历史,常州工程职业技术学院01,125201,09,商务数据分析与应用,财经商贸类,财经商贸大类,商务数据分析与应用,电子商务类,财经商贸大类,exact
常州工程职业技术学院,历史,常州工程职业技术学院01,125201,10,建筑装饰工程技术,土木建筑类,土木建筑大类,建筑装饰工程技术,建筑设计类,土木建筑大类,exact
常州工程职业技术学院,历史,常州工程职业技术学院01,125201,11,数字媒体技术,计算机类,电子与信息大类,数字媒体技术,计算机类,电子与信息大类,exact
常州工程职业技术学院,历史,常州工程职业技术学院01,125201,12,电气自动化技术,电气自动化类,装备制造大类,电气自动化技术,自动化类,装备制造大类,exact
常州工程职业技术学院,历史,常州工程职业技术学院01,125201,13,物联网应用技术,计算机类,电子与信息大类,物联网应用技术,电子信息类,电子与信息大类,exact
常州工程职业技术学院,历史,常州工程职业技术学院01,125201,14,机电一体化技术,电气自动化类,装备制造大类,机电一体化技术,自动化类,装备制造大类,exact
常州工程职业技术学院,历史,常州工程职业技术学院01,125201,15,人工智能技术应用,计算机类,电子与信息大类,人工智能技术应用,计算机类,电子与信息大类,exact
常州工程职业技术学院,历史,常州工程职业技术学院01,125201,16,新能源汽车技术,汽车制造类,装备制造大类,新能源汽车技术,汽车制造类,装备制造大类,exact
常州工程职业技术学院,历史,常州工程职业技术学院01,125201,17,云计算技术应用,计算机类,电子与信息大类,云计算技术应用,计算机类,电子与信息大类,exact
常州工程职业技术学院,历史,常州工程职业技术学院01,125201,18,大数据技术,计算机类,电子与信息大类,大数据技术,计算机类,电子与信息大类,exact
常州工程职业技术学院,历史,常州工程职业技术学院01,125201,19,光伏材料制备技术,能源动力与材料类,能源动力与材料大类,光伏材料制备技术,非金属材料类,能源动力与材料大类,exact
常州工程职业技术学院,历史,常州工程职业技术学院01,125201,20,高分子材料智能制造技术,电气自动化类,装备制造大类,高分子材料智能制造技术,非金属材料类,能源动力与材料大类,exact
常州工程职业技术学院,历史,常州工程职业技术学院01,125201,21,储能材料技术,能源动力与材料类,能源动力与材料大类,储能材料技术,有色金属材料类,能源动力与材料大类,exact
常州工程职业技术学院,历史,常州工程职业技术学院01,125201,22,智能建造技术,其他专业类,其他,智能建造技术,土建施工类,土木建筑大类,exact
常州工程职业技术学院,历史,常州工程职业技术学院01,125201,23,道路与桥梁工程技术,土木建筑类,土木建筑大类,道路与桥梁工程技术,道路运输类,交通运输大类,exact
扬州职业技术大学,物理,扬州职业技术大学07,139007,44,模具设计与制造,机械设计制造类,装备制造大类,模具设计与制造,机械设计制造类,装备制造大类,exact
扬州职业技术大学,物理,扬州职业技术大学07,139007,45,数控技术,机械设计制造类,装备制造大类,数控技术,机械设计制造类,装备制造大类,exact
扬州职业技术大学,物理,扬州职业技术大学07,139007,46,工业机器人技术,电气自动化类,装备制造大类,工业机器人技术,自动化类,装备制造大类,exact
扬州职业技术大学,物理,扬州职业技术大学07,139007,47,机电一体化技术,电气自动化类,装备制造大类,机电一体化技术,自动化类,装备制造大类,exact
扬州职业技术大学,物理,扬州职业技术大学07,139007,48,航空发动机制造技术,航空运输类,交通运输大类,航空发动机制造技术,航空装备类,装备制造大类,exact
扬州职业技术大学,物理,扬州职业技术大学07,139007,49,计算机网络技术,计算机类,电子与信息大类,计算机网络技术,计算机类,电子与信息大类,exact
扬州职业技术大学,物理,扬州职业技术大学07,139007,50,大数据技术,计算机类,电子与信息大类,大数据技术,计算机类,电子与信息大类,exact
扬州职业技术大学,物理,扬州职业技术大学07,139007,51,云计算技术应用,计算机类,电子与信息大类,云计算技术应用,计算机类,电子与信息大类,exact
扬州职业技术大学,物理,扬州职业技术大学07,139007,52,软件技术,计算机类,电子与信息大类,软件技术,计算机类,电子与信息大类,exact
扬州职业技术大学,物理,扬州职业技术大学07,139007,53,旅游管理,旅游餐饮类,旅游大类,旅游管理,旅游类,旅游大类,exact
扬州职业技术大学,物理,扬州职业技术大学07,139007,54,酒店管理与数字化运营,旅游餐饮类,旅游大类,酒店管理与数字化运营,旅游类,旅游大类,exact
扬州职业技术大学,物理,扬州职业技术大学07,139007,55,商务英语,教育体育类,教育与体育大类,商务英语,语言类,教育与体育大类,exact
扬州职业技术大学,物理,扬州职业技术大学07,139007,56,商务日语,其他专业类,其他,商务日语,语言类,教育与体育大类,exact
扬州职业技术大学,物理,扬州职业技术大学07,139007,57,现代文秘,公共管理服务类,公共管理与服务大类,现代文秘,文秘类,公共管理与服务大类,exact
扬州职业技术大学,物理,扬州职业技术大学07,139007,58,统计与大数据分析,其他专业类,其他,统计与大数据分析,统计类,财经商贸大类,exact
扬州职业技术大学,物理,扬州职业技术大学08,139008,59,电子信息工程技术,电子信息类,电子与信息大类,电子信息工程技术,电子信息类,电子与信息大类,exact
扬州职业技术大学,物理,扬州职业技术大学08,139008,60,现代通信技术,电子信息类,电子与信息大类,现代通信技术,通信类,电子与信息大类,exact
扬州职业技术大学,物理,扬州职业技术大学08,139008,61,智能建造技术(瘦西湖校区),其他专业类,其他,智能建造技术,土建施工类,土木建筑大类,exact
扬州职业技术大学,物理,扬州职业技术大学08,139008,62,工程造价(瘦西湖校区),土木建筑类,土木建筑大类,工程造价,建设工程管理类,土木建筑大类,exact
扬州职业技术大学,物理,扬州职业技术大学08,139008,63,道路与桥梁工程技术(瘦西湖校区),土木建筑类,土木建筑大类,道路与桥梁工程技术,道路运输类,交通运输大类,exact
扬州职业技术大学,物理,扬州职业技术大学08,139008,64,无人机测绘技术,资源环境安全类,资源环境与安全大类,无人机测绘技术,测绘地理信息类,资源环境与安全大类,exact
扬州职业技术大学,物理,扬州职业技术大学08,139008,65,风景园林设计,土木建筑类,土木建筑大类,风景园林设计,建筑设计类,土木建筑大类,exact
扬州职业技术大学,物理,扬州职业技术大学08,139008,66,宠物医疗技术,农林牧渔类,农林牧渔大类,宠物医疗技术,畜牧业类,农林牧渔大类,exact
扬州职业技术大学,物理,扬州职业技术大学08,139008,67,"护理(报考该专业有色觉要求,具体请查阅院校招生章程)",护理医学类,医药卫生大类,护理,护理类,医药卫生大类,exact
扬州职业技术大学,物理,扬州职业技术大学08,139008,68,"药学(报考该专业有色觉要求,具体请查阅院校招生章程)",药学类,医药卫生大类,药学,药学类,医药卫生大类,exact
扬州职业技术大学,物理,扬州职业技术大学08,139008,69,"中药学(报考该专业有色觉要求,具体请查阅院校招生章程)",药学类,医药卫生大类,中药学,中医药类,医药卫生大类,exact
扬州职业技术大学,物理,扬州职业技术大学08,139008,70,"医学检验技术(报考该专业有色觉要求,具体请查阅院校招生章程)",护理医学类,医药卫生大类,医学检验技术,医学技术类,医药卫生大类,exact
扬州职业技术大学,物理,扬州职业技术大学08,139008,71,市场营销(瘦西湖校区),财经商贸类,财经商贸大类,市场营销,工商管理类,财经商贸大类,exact
扬州职业技术大学,物理,扬州职业技术大学08,139008,72,现代物流管理(瘦西湖校区),财经商贸类,财经商贸大类,现代物流管理,物流类,财经商贸大类,exact
扬州职业技术大学,物理,扬州职业技术大学08,139008,73,电子商务(瘦西湖校区),财经商贸类,财经商贸大类,电子商务,电子商务类,财经商贸大类,exact
扬州职业技术大学,物理,扬州职业技术大学08,139008,74,大数据与会计(瘦西湖校区),财务会计类,财经商贸大类,大数据与会计,财务会计类,财经商贸大类,exact
扬州职业技术大学,物理,扬州职业技术大学08,139008,75,金融服务与管理(瘦西湖校区),财经商贸类,财经商贸大类,金融服务与管理,金融类,财经商贸大类,exact
扬州职业技术大学,物理,扬州职业技术大学08,139008,76,传播与策划(瘦西湖校区),新闻传播类,新闻传播大类,传播与策划,广播影视类,新闻传播大类,exact
扬州职业技术大学,物理,扬州职业技术大学08,139008,77,婴幼儿托育服务与管理,护理医学类,医药卫生大类,婴幼儿托育服务与管理,健康管理与促进类,医药卫生大类,exact
西安航空职业技术学院,物理,西安航空职业技术学院01,713201,01,电子信息工程技术(水面舰艇人员合格)(只招男生)(海军),电子信息类,电子与信息大类,电子信息工程技术,电子信息类,电子与信息大类,exact
西安航空职业技术学院,物理,西安航空职业技术学院02,713202,02,飞行器数字化制造技术(只招男生)[空军(机务兵)],机械设计制造类,装备制造大类,飞行器数字化制造技术,航空装备类,装备制造大类,exact
陕西交通职业技术学院,历史,陕西交通职业技术学院01,712901,01,动漫制作技术(中外合作办学)(文景校区),文化艺术类,文化艺术大类,动漫制作技术,计算机类,电子与信息大类,exact
陕西交通职业技术学院,历史,陕西交通职业技术学院02,712902,02,无人机应用技术,航空运输类,交通运输大类,无人机应用技术,航空装备类,装备制造大类,exact
陕西交通职业技术学院,历史,陕西交通职业技术学院02,712902,03,新能源汽车技术,汽车制造类,装备制造大类,新能源汽车技术,汽车制造类,装备制造大类,exact
陕西交通职业技术学院,历史,陕西交通职业技术学院02,712902,04,道路与桥梁工程技术,土木建筑类,土木建筑大类,道路与桥梁工程技术,道路运输类,交通运输大类,exact
陕西交通职业技术学院,历史,陕西交通职业技术学院02,712902,05,道路养护与管理,其他专业类,其他,道路养护与管理,道路运输类,交通运输大类,exact
陕西交通职业技术学院,历史,陕西交通职业技术学院02,712902,06,城市轨道交通运营管理(文景校区),铁道运输类,交通运输大类,城市轨道交通运营管理,城市轨道交通类,交通运输大类,exact
陕西交通职业技术学院,历史,陕西交通职业技术学院02,712902,07,数字媒体技术(文景校区),计算机类,电子与信息大类,数字媒体技术,计算机类,电子与信息大类,exact
陕西交通职业技术学院,历史,陕西交通职业技术学院02,712902,08,数字媒体艺术设计,文化艺术类,文化艺术大类,数字媒体艺术设计,艺术设计类,文化艺术大类,exact
无锡科技职业学院,历史,无锡科技职业学院01,121301,01,会展策划与管理(与南京工业职业技术大学分段培养项目),旅游餐饮类,旅游大类,会展策划与管理,旅游类,旅游大类,exact
无锡科技职业学院,历史,无锡科技职业学院02,121302,02,无人机应用技术,航空运输类,交通运输大类,无人机应用技术,航空装备类,装备制造大类,exact
无锡科技职业学院,历史,无锡科技职业学院02,121302,03,软件技术,计算机类,电子与信息大类,软件技术,计算机类,电子与信息大类,exact
无锡科技职业学院,历史,无锡科技职业学院02,121302,04,大数据技术,计算机类,电子与信息大类,大数据技术,计算机类,电子与信息大类,exact
无锡科技职业学院,历史,无锡科技职业学院02,121302,05,应用电子技术,电子信息类,电子与信息大类,应用电子技术,电子信息类,电子与信息大类,exact
无锡科技职业学院,历史,无锡科技职业学院02,121302,06,移动互联应用技术,其他专业类,其他,移动互联应用技术,电子信息类,电子与信息大类,exact
无锡科技职业学院,历史,无锡科技职业学院02,121302,07,智能产品开发与应用,电子信息类,电子与信息大类,智能产品开发与应用,电子信息类,电子与信息大类,exact
无锡科技职业学院,历史,无锡科技职业学院02,121302,08,安全技术与管理,资源环境安全类,资源环境与安全大类,安全技术与管理,安全类,资源环境与安全大类,exact
无锡科技职业学院,历史,无锡科技职业学院02,121302,09,机电一体化技术,电气自动化类,装备制造大类,机电一体化技术,自动化类,装备制造大类,exact
无锡科技职业学院,历史,无锡科技职业学院02,121302,10,智能控制技术,电气自动化类,装备制造大类,智能控制技术,自动化类,装备制造大类,exact
无锡科技职业学院,历史,无锡科技职业学院02,121302,11,大数据与会计,财务会计类,财经商贸大类,大数据与会计,财务会计类,财经商贸大类,exact
无锡科技职业学院,历史,无锡科技职业学院02,121302,12,电子商务,财经商贸类,财经商贸大类,电子商务,电子商务类,财经商贸大类,exact
无锡科技职业学院,历史,无锡科技职业学院02,121302,13,跨境电子商务,财经商贸类,财经商贸大类,跨境电子商务,电子商务类,财经商贸大类,exact
无锡科技职业学院,历史,无锡科技职业学院02,121302,14,供应链运营,其他专业类,其他,供应链运营,物流类,财经商贸大类,exact
无锡科技职业学院,历史,无锡科技职业学院02,121302,15,酒店管理与数字化运营,旅游餐饮类,旅游大类,酒店管理与数字化运营,旅游类,旅游大类,exact
无锡科技职业学院,历史,无锡科技职业学院02,121302,16,会展策划与管理,旅游餐饮类,旅游大类,会展策划与管理,旅游类,旅游大类,exact
无锡科技职业学院,历史,无锡科技职业学院02,121302,17,商务英语(只招英语考生),教育体育类,教育与体育大类,商务英语,语言类,教育与体育大类,exact
无锡科技职业学院,历史,无锡科技职业学院02,121302,18,社区管理与服务,公共管理服务类,公共管理与服务大类,社区管理与服务,公共事业类,公共管理与服务大类,exact
无锡科技职业学院,历史,无锡科技职业学院02,121302,19,虚拟现实技术应用,计算机类,电子与信息大类,虚拟现实技术应用,计算机类,电子与信息大类,exact
上海建桥学院,物理,上海建桥学院07,800207,27,机电一体化技术,电气自动化类,装备制造大类,机电一体化技术,自动化类,装备制造大类,exact
上海建桥学院,物理,上海建桥学院07,800207,28,计算机应用技术,计算机类,电子与信息大类,计算机应用技术,计算机类,电子与信息大类,exact
上海建桥学院,物理,上海建桥学院07,800207,29,国际商务,财经商贸类,财经商贸大类,国际商务,经济贸易类,财经商贸大类,exact
上海建桥学院,物理,上海建桥学院07,800207,30,现代物流管理,财经商贸类,财经商贸大类,现代物流管理,物流类,财经商贸大类,exact
上海思博职业技术学院,物理,上海思博职业技术学院02,802202,02,新能源汽车技术,汽车制造类,装备制造大类,新能源汽车技术,汽车制造类,装备制造大类,exact
天津现代职业技术学院,历史,天津现代职业技术学院01,323401,01,食品生物技术,食品药品类,食品药品与粮食大类,食品生物技术,生物技术类,生物与化工大类,exact
天津现代职业技术学院,历史,天津现代职业技术学院01,323401,02,食品营养与健康,食品药品类,食品药品与粮食大类,食品营养与健康,食品类,食品药品与粮食大类,exact
天津现代职业技术学院,历史,天津现代职业技术学院01,323401,03,环境工程技术,资源环境安全类,资源环境与安全大类,环境工程技术,环境保护类,资源环境与安全大类,exact
天津现代职业技术学院,历史,天津现代职业技术学院01,323401,04,机械制造及自动化,电气自动化类,装备制造大类,机械制造及自动化,机械设计制造类,装备制造大类,exact
天津现代职业技术学院,历史,天津现代职业技术学院01,323401,05,卫星通信与导航技术,电子信息类,电子与信息大类,卫星通信与导航技术,通信类,电子与信息大类,exact
天津现代职业技术学院,历史,天津现代职业技术学院01,323401,06,大数据技术,计算机类,电子与信息大类,大数据技术,计算机类,电子与信息大类,exact
天津现代职业技术学院,历史,天津现代职业技术学院01,323401,07,研学旅行管理与服务,其他专业类,其他,研学旅行管理与服务,旅游类,旅游大类,exact
天津现代职业技术学院,历史,天津现代职业技术学院01,323401,08,传播与策划,新闻传播类,新闻传播大类,传播与策划,广播影视类,新闻传播大类,exact
天津现代职业技术学院,历史,天津现代职业技术学院01,323401,09,电子竞技运动与管理,教育体育类,教育与体育大类,电子竞技运动与管理,体育类,教育与体育大类,exact
潍坊工程职业学院,物理,潍坊工程职业学院01,275801,01,机电一体化技术(只招男生)(火箭军),电气自动化类,装备制造大类,机电一体化技术,自动化类,装备制造大类,exact
潍坊工程职业学院,物理,潍坊工程职业学院01,275801,02,大数据技术(只招男生)(火箭军),计算机类,电子与信息大类,大数据技术,计算机类,电子与信息大类,exact
潍坊工程职业学院,物理,潍坊工程职业学院01,275801,03,汽车检测与维修技术(只招男生)(陆军),汽车制造类,装备制造大类,汽车检测与维修技术,道路运输类,交通运输大类,exact
青岛港湾职业技术学院,物理,青岛港湾职业技术学院02,264002,07,轮机工程技术(报考该专业须查阅院校招生章程),航海运输类,交通运输大类,轮机工程技术,水上运输类,交通运输大类,exact
襄阳职业技术大学,物理,襄阳职业技术大学02,529102,03,计算机应用技术(隆中路校区),计算机类,电子与信息大类,计算机应用技术,计算机类,电子与信息大类,exact
襄阳职业技术大学,物理,襄阳职业技术大学02,529102,04,低空飞行器装备技术(隆中路校区),其他专业类,其他,低空飞行器装备技术,机电设备类,装备制造大类,exact
重庆航天职业技术学院,物理,重庆航天职业技术学院01,623801,01,现代通信技术(只招男生)(两江校区)[海军(机务兵)],电子信息类,电子与信息大类,现代通信技术,通信类,电子与信息大类,exact
重庆航天职业技术学院,物理,重庆航天职业技术学院01,623801,02,电子信息工程技术(只招男生)(两江校区)(火箭军),电子信息类,电子与信息大类,电子信息工程技术,电子信息类,电子与信息大类,exact
张家界航空工业职业技术学院,历史,张家界航空工业职业技术学院02,535602,03,无人机应用技术(只招男生)(陆军),航空运输类,交通运输大类,无人机应用技术,航空装备类,装备制造大类,exact
张家界航空工业职业技术学院,历史,张家界航空工业职业技术学院02,535602,04,航空发动机装配调试技术(只招男生)[空军(机务兵)],航空运输类,交通运输大类,航空发动机装配调试技术,航空装备类,装备制造大类,exact
张家界航空工业职业技术学院,历史,张家界航空工业职业技术学院02,535602,05,电气自动化技术(只招男生)[空军(机务兵)],电气自动化类,装备制造大类,电气自动化技术,自动化类,装备制造大类,exact
江苏信息职业技术学院,物理,江苏信息职业技术学院05,121005,24,物联网应用技术(与无锡学院分段培养项目),计算机类,电子与信息大类,物联网应用技术,电子信息类,电子与信息大类,exact
江苏信息职业技术学院,物理,江苏信息职业技术学院06,121006,25,电气自动化技术(与无锡太湖学院分段培养项目),电气自动化类,装备制造大类,电气自动化技术,自动化类,装备制造大类,exact
江苏信息职业技术学院,物理,江苏信息职业技术学院07,121007,26,集成电路技术,电子信息类,电子与信息大类,集成电路技术,集成电路类,电子与信息大类,exact
江苏信息职业技术学院,物理,江苏信息职业技术学院07,121007,27,微电子技术,电子信息类,电子与信息大类,微电子技术,集成电路类,电子与信息大类,exact
江苏信息职业技术学院,物理,江苏信息职业技术学院07,121007,28,电子信息工程技术,电子信息类,电子与信息大类,电子信息工程技术,电子信息类,电子与信息大类,exact
江苏信息职业技术学院,物理,江苏信息职业技术学院07,121007,29,应用电子技术,电子信息类,电子与信息大类,应用电子技术,电子信息类,电子与信息大类,exact
江苏信息职业技术学院,物理,江苏信息职业技术学院07,121007,30,无人机应用技术,航空运输类,交通运输大类,无人机应用技术,航空装备类,装备制造大类,exact
江苏信息职业技术学院,物理,江苏信息职业技术学院07,121007,31,机械制造及自动化,电气自动化类,装备制造大类,机械制造及自动化,机械设计制造类,装备制造大类,exact
江苏信息职业技术学院,物理,江苏信息职业技术学院07,121007,32,模具设计与制造,机械设计制造类,装备制造大类,模具设计与制造,机械设计制造类,装备制造大类,exact
江苏信息职业技术学院,物理,江苏信息职业技术学院07,121007,33,机电一体化技术,电气自动化类,装备制造大类,机电一体化技术,自动化类,装备制造大类,exact
江苏信息职业技术学院,物理,江苏信息职业技术学院07,121007,34,工业机器人技术,电气自动化类,装备制造大类,工业机器人技术,自动化类,装备制造大类,exact
江苏信息职业技术学院,物理,江苏信息职业技术学院07,121007,35,电气自动化技术,电气自动化类,装备制造大类,电气自动化技术,自动化类,装备制造大类,exact
江苏信息职业技术学院,物理,江苏信息职业技术学院07,121007,36,新能源汽车技术,汽车制造类,装备制造大类,新能源汽车技术,汽车制造类,装备制造大类,exact
江苏信息职业技术学院,物理,江苏信息职业技术学院07,121007,37,智能网联汽车技术,汽车制造类,装备制造大类,智能网联汽车技术,汽车制造类,装备制造大类,exact
江苏信息职业技术学院,物理,江苏信息职业技术学院07,121007,38,现代移动通信技术,电子信息类,电子与信息大类,现代移动通信技术,通信类,电子与信息大类,exact
江苏信息职业技术学院,物理,江苏信息职业技术学院07,121007,39,汽车智能技术,汽车制造类,装备制造大类,汽车智能技术,电子信息类,电子与信息大类,exact
江苏信息职业技术学院,物理,江苏信息职业技术学院07,121007,40,物联网应用技术,计算机类,电子与信息大类,物联网应用技术,电子信息类,电子与信息大类,exact
江苏信息职业技术学院,物理,江苏信息职业技术学院07,121007,41,软件技术,计算机类,电子与信息大类,软件技术,计算机类,电子与信息大类,exact
江苏信息职业技术学院,物理,江苏信息职业技术学院07,121007,42,信息安全技术应用,计算机类,电子与信息大类,信息安全技术应用,计算机类,电子与信息大类,exact
江苏信息职业技术学院,物理,江苏信息职业技术学院07,121007,43,人工智能技术应用,计算机类,电子与信息大类,人工智能技术应用,计算机类,电子与信息大类,exact
江苏信息职业技术学院,物理,江苏信息职业技术学院07,121007,44,大数据技术,计算机类,电子与信息大类,大数据技术,计算机类,电子与信息大类,exact
江苏信息职业技术学院,物理,江苏信息职业技术学院07,121007,45,工业互联网技术,电气自动化类,装备制造大类,工业互联网技术,计算机类,电子与信息大类,exact
江苏信息职业技术学院,物理,江苏信息职业技术学院07,121007,46,大数据与财务管理,财务会计类,财经商贸大类,大数据与财务管理,财务会计类,财经商贸大类,exact
江苏信息职业技术学院,物理,江苏信息职业技术学院07,121007,47,大数据与会计,财务会计类,财经商贸大类,大数据与会计,财务会计类,财经商贸大类,exact
江苏信息职业技术学院,物理,江苏信息职业技术学院07,121007,48,电子商务,财经商贸类,财经商贸大类,电子商务,电子商务类,财经商贸大类,exact
江苏信息职业技术学院,物理,江苏信息职业技术学院07,121007,49,跨境电子商务,财经商贸类,财经商贸大类,跨境电子商务,电子商务类,财经商贸大类,exact
江苏信息职业技术学院,物理,江苏信息职业技术学院07,121007,50,智能物流技术,财经商贸类,财经商贸大类,智能物流技术,物流类,财经商贸大类,exact
江苏信息职业技术学院,物理,江苏信息职业技术学院07,121007,51,智能建造技术,其他专业类,其他,智能建造技术,土建施工类,土木建筑大类,exact
江苏信息职业技术学院,物理,江苏信息职业技术学院08,121008,52,物联网应用技术(中外合作办学),计算机类,电子与信息大类,物联网应用技术,电子信息类,电子与信息大类,exact
上海中华职业技术学院,历史,上海中华职业技术学院01,807801,01,人工智能技术应用,计算机类,电子与信息大类,人工智能技术应用,计算机类,电子与信息大类,exact
上海中华职业技术学院,历史,上海中华职业技术学院01,807801,02,数字媒体技术,计算机类,电子与信息大类,数字媒体技术,计算机类,电子与信息大类,exact
上海立达学院,物理,上海立达学院05,802305,18,大数据与会计,财务会计类,财经商贸大类,大数据与会计,财务会计类,财经商贸大类,exact
上海行健职业学院,历史,上海行健职业学院01,216601,01,酒店管理与数字化运营,旅游餐饮类,旅游大类,酒店管理与数字化运营,旅游类,旅游大类,exact
上海行健职业学院,历史,上海行健职业学院01,216601,02,现代家政服务与管理,公共管理服务类,公共管理与服务大类,现代家政服务与管理,公共服务类,公共管理与服务大类,exact
上海行健职业学院,历史,上海行健职业学院01,216601,03,会展策划与管理,旅游餐饮类,旅游大类,会展策划与管理,旅游类,旅游大类,exact
天津职业大学,物理,天津职业大学02,322402,03,电气自动化技术,电气自动化类,装备制造大类,电气自动化技术,自动化类,装备制造大类,exact
天津职业大学,物理,天津职业大学02,322402,04,现代通信技术,电子信息类,电子与信息大类,现代通信技术,通信类,电子与信息大类,exact
天津职业大学,物理,天津职业大学02,322402,05,新能源汽车检测与维修技术,汽车制造类,装备制造大类,新能源汽车检测与维修技术,道路运输类,交通运输大类,exact
泰山职业技术学院,历史,泰山职业技术学院01,271701,01,机电一体化技术(水面舰艇人员合格)(只招男生)(海军),电气自动化类,装备制造大类,机电一体化技术,自动化类,装备制造大类,exact
泰山职业技术学院,历史,泰山职业技术学院02,271702,02,计算机应用技术(只招男生)(军事航天部队),计算机类,电子与信息大类,计算机应用技术,计算机类,电子与信息大类,exact
江苏海事职业技术学院,物理,江苏海事职业技术学院04,115004,26,机械制造及自动化(与南京工业职业技术大学分段培养项目),电气自动化类,装备制造大类,机械制造及自动化,机械设计制造类,装备制造大类,exact
江苏海事职业技术学院,物理,江苏海事职业技术学院05,115005,29,船舶电子电气技术,航海运输类,交通运输大类,船舶电子电气技术,水上运输类,交通运输大类,exact
江苏海事职业技术学院,物理,江苏海事职业技术学院06,115006,30,水路运输安全管理,航海运输类,交通运输大类,水路运输安全管理,水上运输类,交通运输大类,exact
江苏海事职业技术学院,物理,江苏海事职业技术学院06,115006,31,电气自动化技术,电气自动化类,装备制造大类,电气自动化技术,自动化类,装备制造大类,exact
江苏海事职业技术学院,物理,江苏海事职业技术学院06,115006,32,港口机械与智能控制,航海运输类,交通运输大类,港口机械与智能控制,水上运输类,交通运输大类,exact
江苏海事职业技术学院,物理,江苏海事职业技术学院06,115006,33,机电一体化技术,电气自动化类,装备制造大类,机电一体化技术,自动化类,装备制造大类,exact
江苏海事职业技术学院,物理,江苏海事职业技术学院06,115006,34,工业机器人技术,电气自动化类,装备制造大类,工业机器人技术,自动化类,装备制造大类,exact
江苏海事职业技术学院,物理,江苏海事职业技术学院06,115006,35,智能机器人技术,其他专业类,其他,智能机器人技术,自动化类,装备制造大类,exact
江苏海事职业技术学院,物理,江苏海事职业技术学院06,115006,36,船舶工程技术,航海运输类,交通运输大类,船舶工程技术,船舶与海洋工程装备类,装备制造大类,exact
江苏海事职业技术学院,物理,江苏海事职业技术学院06,115006,37,船舶动力工程技术,航海运输类,交通运输大类,船舶动力工程技术,船舶与海洋工程装备类,装备制造大类,exact
江苏海事职业技术学院,物理,江苏海事职业技术学院06,115006,38,船舶检验,航海运输类,交通运输大类,船舶检验,水上运输类,交通运输大类,exact
江苏海事职业技术学院,物理,江苏海事职业技术学院06,115006,39,海洋工程装备技术,其他专业类,其他,海洋工程装备技术,船舶与海洋工程装备类,装备制造大类,exact
江苏海事职业技术学院,物理,江苏海事职业技术学院06,115006,40,机械制造及自动化,电气自动化类,装备制造大类,机械制造及自动化,机械设计制造类,装备制造大类,exact
江苏海事职业技术学院,物理,江苏海事职业技术学院06,115006,41,数字化设计与制造技术,机械设计制造类,装备制造大类,数字化设计与制造技术,机械设计制造类,装备制造大类,exact
江苏海事职业技术学院,物理,江苏海事职业技术学院06,115006,42,港口与航运管理,航海运输类,交通运输大类,港口与航运管理,水上运输类,交通运输大类,exact
江苏海事职业技术学院,物理,江苏海事职业技术学院06,115006,43,现代物流管理,财经商贸类,财经商贸大类,现代物流管理,物流类,财经商贸大类,exact
江苏海事职业技术学院,物理,江苏海事职业技术学院06,115006,44,关务与外贸服务,财经商贸类,财经商贸大类,关务与外贸服务,经济贸易类,财经商贸大类,exact
江苏海事职业技术学院,物理,江苏海事职业技术学院06,115006,45,国际经济与贸易,财经商贸类,财经商贸大类,国际经济与贸易,经济贸易类,财经商贸大类,exact
江苏海事职业技术学院,物理,江苏海事职业技术学院06,115006,46,商务英语(只招英语考生),教育体育类,教育与体育大类,商务英语,语言类,教育与体育大类,exact
江苏海事职业技术学院,物理,江苏海事职业技术学院06,115006,47,软件技术,计算机类,电子与信息大类,软件技术,计算机类,电子与信息大类,exact
江苏海事职业技术学院,物理,江苏海事职业技术学院06,115006,48,大数据技术,计算机类,电子与信息大类,大数据技术,计算机类,电子与信息大类,exact
江苏海事职业技术学院,物理,江苏海事职业技术学院06,115006,49,人工智能技术应用,计算机类,电子与信息大类,人工智能技术应用,计算机类,电子与信息大类,exact
江苏海事职业技术学院,物理,江苏海事职业技术学院06,115006,50,电子信息工程技术,电子信息类,电子与信息大类,电子信息工程技术,电子信息类,电子与信息大类,exact
江苏海事职业技术学院,物理,江苏海事职业技术学院06,115006,51,现代移动通信技术,电子信息类,电子与信息大类,现代移动通信技术,通信类,电子与信息大类,exact
江苏海事职业技术学院,物理,江苏海事职业技术学院06,115006,52,工业互联网技术,电气自动化类,装备制造大类,工业互联网技术,计算机类,电子与信息大类,exact
江苏海事职业技术学院,物理,江苏海事职业技术学院06,115006,53,国际邮轮乘务管理,其他专业类,其他,国际邮轮乘务管理,水上运输类,交通运输大类,exact
江苏海事职业技术学院,物理,江苏海事职业技术学院06,115006,54,邮轮内装技术,其他专业类,其他,邮轮内装技术,船舶与海洋工程装备类,装备制造大类,exact
江苏海事职业技术学院,物理,江苏海事职业技术学院06,115006,55,电子商务,财经商贸类,财经商贸大类,电子商务,电子商务类,财经商贸大类,exact
江苏海事职业技术学院,物理,江苏海事职业技术学院07,115007,56,船舶动力工程技术(中外合作办学),航海运输类,交通运输大类,船舶动力工程技术,船舶与海洋工程装备类,装备制造大类,exact
湖北三峡职业技术大学,物理,湖北三峡职业技术大学01,525401,01,"储能材料技术(江南校区)(报考该专业有色觉要求,具体请查阅院校招生章程)",能源动力与材料类,能源动力与材料大类,储能材料技术,有色金属材料类,能源动力与材料大类,exact
上海浦东职业技术学院,物理,上海浦东职业技术学院02,217402,05,飞行器维修技术,其他专业类,其他,飞行器维修技术,航空装备类,装备制造大类,exact
上海浦东职业技术学院,物理,上海浦东职业技术学院02,217402,06,飞行器数字化装配技术,其他专业类,其他,飞行器数字化装配技术,航空装备类,装备制造大类,exact
上海浦东职业技术学院,物理,上海浦东职业技术学院02,217402,07,人工智能技术应用,计算机类,电子与信息大类,人工智能技术应用,计算机类,电子与信息大类,exact
上海浦东职业技术学院,物理,上海浦东职业技术学院02,217402,08,智能机器人技术,其他专业类,其他,智能机器人技术,自动化类,装备制造大类,exact
上海浦东职业技术学院,物理,上海浦东职业技术学院02,217402,09,融媒体技术与运营,其他专业类,其他,融媒体技术与运营,广播影视类,新闻传播大类,exact
上海浦东职业技术学院,物理,上海浦东职业技术学院02,217402,10,虚拟现实技术应用,计算机类,电子与信息大类,虚拟现实技术应用,计算机类,电子与信息大类,exact
上海浦东职业技术学院,物理,上海浦东职业技术学院02,217402,11,跨境电子商务,财经商贸类,财经商贸大类,跨境电子商务,电子商务类,财经商贸大类,exact
上海科学技术职业学院,物理,上海科学技术职业学院02,214902,22,现代通信技术,电子信息类,电子与信息大类,现代通信技术,通信类,电子与信息大类,exact
上海科学技术职业学院,物理,上海科学技术职业学院02,214902,23,信息安全技术应用,计算机类,电子与信息大类,信息安全技术应用,计算机类,电子与信息大类,exact
上海科学技术职业学院,物理,上海科学技术职业学院02,214902,24,移动互联应用技术,其他专业类,其他,移动互联应用技术,电子信息类,电子与信息大类,exact
上海科学技术职业学院,物理,上海科学技术职业学院02,214902,25,人工智能技术应用,计算机类,电子与信息大类,人工智能技术应用,计算机类,电子与信息大类,exact
上海科学技术职业学院,物理,上海科学技术职业学院02,214902,26,物联网应用技术,计算机类,电子与信息大类,物联网应用技术,电子信息类,电子与信息大类,exact
上海科学技术职业学院,物理,上海科学技术职业学院02,214902,27,智能产品开发与应用,电子信息类,电子与信息大类,智能产品开发与应用,电子信息类,电子与信息大类,exact
上海科学技术职业学院,物理,上海科学技术职业学院02,214902,28,智能网联汽车技术,汽车制造类,装备制造大类,智能网联汽车技术,汽车制造类,装备制造大类,exact
上海科学技术职业学院,物理,上海科学技术职业学院02,214902,29,新能源汽车技术,汽车制造类,装备制造大类,新能源汽车技术,汽车制造类,装备制造大类,exact
上海科学技术职业学院,物理,上海科学技术职业学院02,214902,30,新能源汽车检测与维修技术,汽车制造类,装备制造大类,新能源汽车检测与维修技术,道路运输类,交通运输大类,exact
上海科学技术职业学院,物理,上海科学技术职业学院02,214902,31,机电一体化技术,电气自动化类,装备制造大类,机电一体化技术,自动化类,装备制造大类,exact
上海科学技术职业学院,物理,上海科学技术职业学院02,214902,32,机械制造及自动化,电气自动化类,装备制造大类,机械制造及自动化,机械设计制造类,装备制造大类,exact
上海科学技术职业学院,物理,上海科学技术职业学院02,214902,33,工业机器人技术,电气自动化类,装备制造大类,工业机器人技术,自动化类,装备制造大类,exact
上海科学技术职业学院,物理,上海科学技术职业学院02,214902,34,智能控制技术,电气自动化类,装备制造大类,智能控制技术,自动化类,装备制造大类,exact
上海科学技术职业学院,物理,上海科学技术职业学院02,214902,35,智能机电技术,其他专业类,其他,智能机电技术,自动化类,装备制造大类,exact
上海科学技术职业学院,物理,上海科学技术职业学院02,214902,36,网络营销与直播电商,计算机类,电子与信息大类,网络营销与直播电商,电子商务类,财经商贸大类,exact
上海科学技术职业学院,物理,上海科学技术职业学院02,214902,37,跨境电子商务,财经商贸类,财经商贸大类,跨境电子商务,电子商务类,财经商贸大类,exact
上海科学技术职业学院,物理,上海科学技术职业学院02,214902,38,大数据与会计,财务会计类,财经商贸大类,大数据与会计,财务会计类,财经商贸大类,exact
上海科学技术职业学院,物理,上海科学技术职业学院02,214902,39,电子商务,财经商贸类,财经商贸大类,电子商务,电子商务类,财经商贸大类,exact
上海科学技术职业学院,物理,上海科学技术职业学院02,214902,40,现代物流管理,财经商贸类,财经商贸大类,现代物流管理,物流类,财经商贸大类,exact
上海科学技术职业学院,物理,上海科学技术职业学院02,214902,41,社会工作,公共管理服务类,公共管理与服务大类,社会工作,公共事业类,公共管理与服务大类,exact
上海科学技术职业学院,物理,上海科学技术职业学院02,214902,42,数字媒体技术,计算机类,电子与信息大类,数字媒体技术,计算机类,电子与信息大类,exact
西安铁路职业技术学院,物理,西安铁路职业技术学院02,713002,07,高速铁路施工与维护(临潼校区),铁道运输类,交通运输大类,高速铁路施工与维护,铁道运输类,交通运输大类,exact
西安铁路职业技术学院,物理,西安铁路职业技术学院02,713002,08,铁道交通运营管理,铁道运输类,交通运输大类,铁道交通运营管理,铁道运输类,交通运输大类,exact
西安铁路职业技术学院,物理,西安铁路职业技术学院02,713002,09,城市轨道交通运营管理,铁道运输类,交通运输大类,城市轨道交通运营管理,城市轨道交通类,交通运输大类,exact
西安铁路职业技术学院,物理,西安铁路职业技术学院02,713002,10,铁路物流管理,铁道运输类,交通运输大类,铁路物流管理,物流类,财经商贸大类,exact
西安铁路职业技术学院,物理,西安铁路职业技术学院02,713002,11,城市轨道车辆应用技术(港务校区),铁道运输类,交通运输大类,城市轨道车辆应用技术,城市轨道交通类,交通运输大类,exact
西安铁路职业技术学院,物理,西安铁路职业技术学院02,713002,12,铁道机车车辆制造与维护(港务校区),铁道运输类,交通运输大类,铁道机车车辆制造与维护,轨道装备类,装备制造大类,exact
南京旅游职业学院,物理,南京旅游职业学院06,116006,22,酒店管理与数字化运营,旅游餐饮类,旅游大类,酒店管理与数字化运营,旅游类,旅游大类,exact
南京旅游职业学院,物理,南京旅游职业学院06,116006,23,大数据与财务管理,财务会计类,财经商贸大类,大数据与财务管理,财务会计类,财经商贸大类,exact
南京旅游职业学院,物理,南京旅游职业学院06,116006,24,大数据技术,计算机类,电子与信息大类,大数据技术,计算机类,电子与信息大类,exact
南京旅游职业学院,物理,南京旅游职业学院06,116006,25,人工智能技术应用,计算机类,电子与信息大类,人工智能技术应用,计算机类,电子与信息大类,exact
南京旅游职业学院,物理,南京旅游职业学院06,116006,26,旅游管理,旅游餐饮类,旅游大类,旅游管理,旅游类,旅游大类,exact
南京旅游职业学院,物理,南京旅游职业学院06,116006,27,电子商务,财经商贸类,财经商贸大类,电子商务,电子商务类,财经商贸大类,exact
南京旅游职业学院,物理,南京旅游职业学院06,116006,28,研学旅行管理与服务,其他专业类,其他,研学旅行管理与服务,旅游类,旅游大类,exact
南京旅游职业学院,物理,南京旅游职业学院06,116006,29,智慧旅游技术应用,旅游餐饮类,旅游大类,智慧旅游技术应用,旅游类,旅游大类,exact
南京旅游职业学院,物理,南京旅游职业学院06,116006,30,烹饪工艺与营养,食品药品类,食品药品与粮食大类,烹饪工艺与营养,餐饮类,旅游大类,exact
南京旅游职业学院,物理,南京旅游职业学院06,116006,31,中西面点工艺,其他专业类,其他,中西面点工艺,餐饮类,旅游大类,exact
南京旅游职业学院,物理,南京旅游职业学院06,116006,32,西式烹饪工艺,食品药品类,食品药品与粮食大类,西式烹饪工艺,餐饮类,旅游大类,exact
南京旅游职业学院,物理,南京旅游职业学院06,116006,33,餐饮智能管理,旅游餐饮类,旅游大类,餐饮智能管理,餐饮类,旅游大类,exact
南京旅游职业学院,物理,南京旅游职业学院06,116006,34,空中乘务,航空运输类,交通运输大类,空中乘务,航空运输类,交通运输大类,exact
南京旅游职业学院,物理,南京旅游职业学院06,116006,35,旅游英语,教育体育类,教育与体育大类,旅游英语,语言类,教育与体育大类,exact
南京旅游职业学院,物理,南京旅游职业学院06,116006,36,旅游日语,旅游餐饮类,旅游大类,旅游日语,语言类,教育与体育大类,exact
南京旅游职业学院,物理,南京旅游职业学院06,116006,37,应用韩语,其他专业类,其他,应用韩语,语言类,教育与体育大类,exact
南京旅游职业学院,物理,南京旅游职业学院07,116007,38,大数据技术(与南京传媒学院分段培养项目),计算机类,电子与信息大类,大数据技术,计算机类,电子与信息大类,exact
南京旅游职业学院,物理,南京旅游职业学院08,116008,39,旅游管理(与南京工业职业技术大学分段培养项目),旅游餐饮类,旅游大类,旅游管理,旅游类,旅游大类,exact
南京旅游职业学院,物理,南京旅游职业学院09,116009,40,烹饪工艺与营养(与盐城工学院分段培养项目),食品药品类,食品药品与粮食大类,烹饪工艺与营养,餐饮类,旅游大类,exact
南京旅游职业学院,物理,南京旅游职业学院10,116010,41,会展策划与管理(与南京传媒学院分段培养项目),旅游餐饮类,旅游大类,会展策划与管理,旅游类,旅游大类,exact
南京旅游职业学院,物理,南京旅游职业学院11,116011,42,电子商务(与南京传媒学院分段培养项目),财经商贸类,财经商贸大类,电子商务,电子商务类,财经商贸大类,exact
南京旅游职业学院,物理,南京旅游职业学院12,116012,43,大数据与财务管理(与南京传媒学院分段培养项目),财务会计类,财经商贸大类,大数据与财务管理,财务会计类,财经商贸大类,exact
常州机电职业技术学院,物理,常州机电职业技术学院04,125404,12,工业设计(与南京工业职业技术大学分段培养项目),文化艺术类,文化艺术大类,工业设计,机械设计制造类,装备制造大类,exact
常州机电职业技术学院,物理,常州机电职业技术学院05,125405,13,数字化设计与制造技术,机械设计制造类,装备制造大类,数字化设计与制造技术,机械设计制造类,装备制造大类,exact
常州机电职业技术学院,物理,常州机电职业技术学院05,125405,14,机械制造及自动化,电气自动化类,装备制造大类,机械制造及自动化,机械设计制造类,装备制造大类,exact
常州机电职业技术学院,物理,常州机电职业技术学院05,125405,15,数控技术,机械设计制造类,装备制造大类,数控技术,机械设计制造类,装备制造大类,exact
常州机电职业技术学院,物理,常州机电职业技术学院05,125405,16,模具设计与制造,机械设计制造类,装备制造大类,模具设计与制造,机械设计制造类,装备制造大类,exact
常州机电职业技术学院,物理,常州机电职业技术学院05,125405,17,机电一体化技术,电气自动化类,装备制造大类,机电一体化技术,自动化类,装备制造大类,exact
常州机电职业技术学院,物理,常州机电职业技术学院05,125405,18,智能机器人技术,其他专业类,其他,智能机器人技术,自动化类,装备制造大类,exact
常州机电职业技术学院,物理,常州机电职业技术学院05,125405,19,智能制造装备技术,电气自动化类,装备制造大类,智能制造装备技术,机电设备类,装备制造大类,exact
常州机电职业技术学院,物理,常州机电职业技术学院05,125405,20,电气自动化技术,电气自动化类,装备制造大类,电气自动化技术,自动化类,装备制造大类,exact
常州机电职业技术学院,物理,常州机电职业技术学院05,125405,21,软件技术,计算机类,电子与信息大类,软件技术,计算机类,电子与信息大类,exact
常州机电职业技术学院,物理,常州机电职业技术学院05,125405,22,工业互联网技术,电气自动化类,装备制造大类,工业互联网技术,计算机类,电子与信息大类,exact
常州机电职业技术学院,物理,常州机电职业技术学院05,125405,23,现代物流管理,财经商贸类,财经商贸大类,现代物流管理,物流类,财经商贸大类,exact
常州机电职业技术学院,物理,常州机电职业技术学院05,125405,24,工业设计,文化艺术类,文化艺术大类,工业设计,机械设计制造类,装备制造大类,exact
常州机电职业技术学院,物理,常州机电职业技术学院06,125406,25,工业机器人技术(中外合作办学),电气自动化类,装备制造大类,工业机器人技术,自动化类,装备制造大类,exact
常州机电职业技术学院,物理,常州机电职业技术学院06,125406,26,计算机网络技术(中外合作办学),计算机类,电子与信息大类,计算机网络技术,计算机类,电子与信息大类,exact
河北轨道运输职业技术学院,历史,河北轨道运输职业技术学院01,335401,01,铁道交通运营管理,铁道运输类,交通运输大类,铁道交通运营管理,铁道运输类,交通运输大类,exact
河北轨道运输职业技术学院,历史,河北轨道运输职业技术学院01,335401,02,铁道信号自动控制,铁道运输类,交通运输大类,铁道信号自动控制,铁道运输类,交通运输大类,exact
河北轨道运输职业技术学院,历史,河北轨道运输职业技术学院01,335401,03,铁路物流管理,铁道运输类,交通运输大类,铁路物流管理,物流类,财经商贸大类,exact
河北轨道运输职业技术学院,历史,河北轨道运输职业技术学院01,335401,04,铁道机车运用与维护,铁道运输类,交通运输大类,铁道机车运用与维护,铁道运输类,交通运输大类,exact
河北轨道运输职业技术学院,历史,河北轨道运输职业技术学院01,335401,05,动车组检修技术,铁道运输类,交通运输大类,动车组检修技术,铁道运输类,交通运输大类,exact
西安铁路职业技术学院,历史,西安铁路职业技术学院01,713001,01,轨道交通通信信号设备制造与维护,铁道运输类,交通运输大类,轨道交通通信信号设备制造与维护,轨道装备类,装备制造大类,exact
西安铁路职业技术学院,历史,西安铁路职业技术学院01,713001,02,高速铁路施工与维护(临潼校区),铁道运输类,交通运输大类,高速铁路施工与维护,铁道运输类,交通运输大类,exact
西安铁路职业技术学院,历史,西安铁路职业技术学院01,713001,03,铁道通信与信息化技术,铁道运输类,交通运输大类,铁道通信与信息化技术,铁道运输类,交通运输大类,exact
西安铁路职业技术学院,历史,西安铁路职业技术学院01,713001,04,铁道交通运营管理,铁道运输类,交通运输大类,铁道交通运营管理,铁道运输类,交通运输大类,exact
西安铁路职业技术学院,历史,西安铁路职业技术学院01,713001,05,城市轨道交通运营管理,铁道运输类,交通运输大类,城市轨道交通运营管理,城市轨道交通类,交通运输大类,exact
西安铁路职业技术学院,历史,西安铁路职业技术学院01,713001,06,铁路物流管理,铁道运输类,交通运输大类,铁路物流管理,物流类,财经商贸大类,exact
日照职业技术大学,物理,日照职业技术大学02,264702,05,生物制药技术(卧龙山校区),生物化工类,生物与化工大类,生物制药技术,药品与医疗器械类,食品药品与粮食大类,exact
日照职业技术大学,物理,日照职业技术大学02,264702,06,智能建造技术(卧龙山校区),其他专业类,其他,智能建造技术,土建施工类,土木建筑大类,exact
日照职业技术大学,物理,日照职业技术大学02,264702,07,数控技术,机械设计制造类,装备制造大类,数控技术,机械设计制造类,装备制造大类,exact
日照职业技术大学,物理,日照职业技术大学02,264702,08,新能源汽车技术,汽车制造类,装备制造大类,新能源汽车技术,汽车制造类,装备制造大类,exact
日照职业技术大学,物理,日照职业技术大学02,264702,09,"飞行器数字化制造技术(报考该专业有色觉等要求,具体请查阅院校招生章程)",机械设计制造类,装备制造大类,飞行器数字化制造技术,航空装备类,装备制造大类,exact
日照职业技术大学,物理,日照职业技术大学02,264702,10,"工业互联网技术(报考该专业有色觉要求,具体请查阅院校招生章程)",电气自动化类,装备制造大类,工业互联网技术,计算机类,电子与信息大类,exact
上海浦东职业技术学院,历史,上海浦东职业技术学院01,217401,01,人工智能技术应用,计算机类,电子与信息大类,人工智能技术应用,计算机类,电子与信息大类,exact
上海浦东职业技术学院,历史,上海浦东职业技术学院01,217401,02,融媒体技术与运营,其他专业类,其他,融媒体技术与运营,广播影视类,新闻传播大类,exact
上海浦东职业技术学院,历史,上海浦东职业技术学院01,217401,03,虚拟现实技术应用,计算机类,电子与信息大类,虚拟现实技术应用,计算机类,电子与信息大类,exact
上海浦东职业技术学院,历史,上海浦东职业技术学院01,217401,04,跨境电子商务,财经商贸类,财经商贸大类,跨境电子商务,电子商务类,财经商贸大类,exact
江西航空职业技术学院,物理,江西航空职业技术学院02,819602,06,飞行器数字化制造技术(只招男生)[海军(机务兵)],机械设计制造类,装备制造大类,飞行器数字化制造技术,航空装备类,装备制造大类,exact
江西航空职业技术学院,物理,江西航空职业技术学院02,819602,07,飞机电子设备维修(只招男生)[空军(机务兵)],航空运输类,交通运输大类,飞机电子设备维修,航空运输类,交通运输大类,exact
江西航空职业技术学院,物理,江西航空职业技术学院02,819602,08,无人机应用技术(只招男生)(火箭军),航空运输类,交通运输大类,无人机应用技术,航空装备类,装备制造大类,exact
江西航空职业技术学院,物理,江西航空职业技术学院02,819602,09,导弹维修技术(只招男生)(陆军),其他专业类,其他,导弹维修技术,航空装备类,装备制造大类,exact
江西航空职业技术学院,物理,江西航空职业技术学院02,819602,10,核与辐射检测防护技术(只招男生)(火箭军),其他专业类,其他,核与辐射检测防护技术,环境保护类,资源环境与安全大类,exact
哈尔滨电力职业技术学院,物理,哈尔滨电力职业技术学院01,431601,01,发电厂及电力系统,能源动力与材料类,能源动力与材料大类,发电厂及电力系统,电力技术类,能源动力与材料大类,exact
哈尔滨电力职业技术学院,物理,哈尔滨电力职业技术学院01,431601,02,电力系统继电保护技术,能源动力与材料类,能源动力与材料大类,电力系统继电保护技术,电力技术类,能源动力与材料大类,exact
哈尔滨电力职业技术学院,物理,哈尔滨电力职业技术学院01,431601,03,供用电技术,能源动力与材料类,能源动力与材料大类,供用电技术,电力技术类,能源动力与材料大类,exact
哈尔滨电力职业技术学院,物理,哈尔滨电力职业技术学院01,431601,04,热能动力工程技术,能源动力与材料类,能源动力与材料大类,热能动力工程技术,热能与发电工程类,能源动力与材料大类,exact
哈尔滨电力职业技术学院,物理,哈尔滨电力职业技术学院01,431601,05,发电运行技术,能源动力与材料类,能源动力与材料大类,发电运行技术,热能与发电工程类,能源动力与材料大类,exact
哈尔滨电力职业技术学院,物理,哈尔滨电力职业技术学院01,431601,06,热工自动化技术,电气自动化类,装备制造大类,热工自动化技术,热能与发电工程类,能源动力与材料大类,exact
哈尔滨电力职业技术学院,物理,哈尔滨电力职业技术学院01,431601,07,光伏工程技术,能源动力与材料类,能源动力与材料大类,光伏工程技术,新能源发电工程类,能源动力与材料大类,exact
安徽粮食工程职业学院,物理,安徽粮食工程职业学院02,237902,02,粮食储运与质量安全,食品药品类,食品药品与粮食大类,粮食储运与质量安全,粮食类,食品药品与粮食大类,exact
苏州工艺美术职业技术学院,历史,苏州工艺美术职业技术学院01,127101,01,文物修复与保护,其他专业类,其他,文物修复与保护,文化服务类,文化艺术大类,exact
苏州工艺美术职业技术学院,历史,苏州工艺美术职业技术学院01,127101,02,融媒体技术与运营,其他专业类,其他,融媒体技术与运营,广播影视类,新闻传播大类,exact
苏州工艺美术职业技术学院,历史,苏州工艺美术职业技术学院01,127101,03,影视多媒体技术,文化艺术类,文化艺术大类,影视多媒体技术,广播影视类,新闻传播大类,exact
江苏农林职业技术学院,历史,江苏农林职业技术学院01,141101,01,畜牧兽医(与金陵科技学院分段培养项目),农林牧渔类,农林牧渔大类,畜牧兽医,畜牧业类,农林牧渔大类,exact
江苏农林职业技术学院,历史,江苏农林职业技术学院02,141102,02,机械制造及自动化(与南京工业职业技术大学分段培养项目),电气自动化类,装备制造大类,机械制造及自动化,机械设计制造类,装备制造大类,exact
江苏农林职业技术学院,历史,江苏农林职业技术学院03,141103,03,园林技术,农林牧渔类,农林牧渔大类,园林技术,林业类,农林牧渔大类,exact
江苏农林职业技术学院,历史,江苏农林职业技术学院03,141103,04,林业技术,其他专业类,其他,林业技术,林业类,农林牧渔大类,exact
江苏农林职业技术学院,历史,江苏农林职业技术学院03,141103,05,园林工程技术,土木建筑类,土木建筑大类,园林工程技术,建筑设计类,土木建筑大类,exact
江苏农林职业技术学院,历史,江苏农林职业技术学院03,141103,06,家具设计与制造,机械设计制造类,装备制造大类,家具设计与制造,轻化工类,轻工纺织大类,exact
江苏农林职业技术学院,历史,江苏农林职业技术学院03,141103,07,木业产品设计与制造,机械设计制造类,装备制造大类,木业产品设计与制造,林业类,农林牧渔大类,exact
江苏农林职业技术学院,历史,江苏农林职业技术学院03,141103,08,现代农业技术,农林牧渔类,农林牧渔大类,现代农业技术,农业类,农林牧渔大类,exact
江苏农林职业技术学院,历史,江苏农林职业技术学院03,141103,09,园艺技术,农林牧渔类,农林牧渔大类,园艺技术,农业类,农林牧渔大类,exact
江苏农林职业技术学院,历史,江苏农林职业技术学院03,141103,10,环境监测技术,资源环境安全类,资源环境与安全大类,环境监测技术,环境保护类,资源环境与安全大类,exact
江苏农林职业技术学院,历史,江苏农林职业技术学院03,141103,11,动物医学,农林牧渔类,农林牧渔大类,动物医学,畜牧业类,农林牧渔大类,exact
江苏农林职业技术学院,历史,江苏农林职业技术学院03,141103,12,宠物医疗技术,农林牧渔类,农林牧渔大类,宠物医疗技术,畜牧业类,农林牧渔大类,exact
江苏农林职业技术学院,历史,江苏农林职业技术学院03,141103,13,宠物养护与驯导,农林牧渔类,农林牧渔大类,宠物养护与驯导,畜牧业类,农林牧渔大类,exact
江苏农林职业技术学院,历史,江苏农林职业技术学院03,141103,14,畜牧兽医,农林牧渔类,农林牧渔大类,畜牧兽医,畜牧业类,农林牧渔大类,exact
江苏农林职业技术学院,历史,江苏农林职业技术学院03,141103,15,食品检验检测技术,食品药品类,食品药品与粮食大类,食品检验检测技术,食品类,食品药品与粮食大类,exact
江苏农林职业技术学院,历史,江苏农林职业技术学院03,141103,16,食品智能加工技术,食品药品类,食品药品与粮食大类,食品智能加工技术,食品类,食品药品与粮食大类,exact
江苏农林职业技术学院,历史,江苏农林职业技术学院03,141103,17,农产品加工与质量检测,农林牧渔类,农林牧渔大类,农产品加工与质量检测,农业类,农林牧渔大类,exact
江苏农林职业技术学院,历史,江苏农林职业技术学院03,141103,18,农业生物技术,农林牧渔类,农林牧渔大类,农业生物技术,生物技术类,生物与化工大类,exact
江苏农林职业技术学院,历史,江苏农林职业技术学院03,141103,19,茶叶生产与加工技术,农林牧渔类,农林牧渔大类,茶叶生产与加工技术,农业类,农林牧渔大类,exact
江苏农林职业技术学院,历史,江苏农林职业技术学院03,141103,20,茶艺与茶文化,其他专业类,其他,茶艺与茶文化,旅游类,旅游大类,exact
江苏农林职业技术学院,历史,江苏农林职业技术学院03,141103,21,食用菌生产与加工技术,其他专业类,其他,食用菌生产与加工技术,农业类,农林牧渔大类,exact
江苏农林职业技术学院,历史,江苏农林职业技术学院03,141103,22,大数据与财务管理,财务会计类,财经商贸大类,大数据与财务管理,财务会计类,财经商贸大类,exact
江苏农林职业技术学院,历史,江苏农林职业技术学院03,141103,23,现代物流管理,财经商贸类,财经商贸大类,现代物流管理,物流类,财经商贸大类,exact
江苏农林职业技术学院,历史,江苏农林职业技术学院03,141103,24,市场营销,财经商贸类,财经商贸大类,市场营销,工商管理类,财经商贸大类,exact
江苏农林职业技术学院,历史,江苏农林职业技术学院03,141103,25,旅游管理,旅游餐饮类,旅游大类,旅游管理,旅游类,旅游大类,exact
江苏农林职业技术学院,历史,江苏农林职业技术学院03,141103,26,酒店管理与数字化运营,旅游餐饮类,旅游大类,酒店管理与数字化运营,旅游类,旅游大类,exact
江苏农林职业技术学院,历史,江苏农林职业技术学院03,141103,27,电子商务,财经商贸类,财经商贸大类,电子商务,电子商务类,财经商贸大类,exact
江苏农林职业技术学院,历史,江苏农林职业技术学院03,141103,28,新能源汽车技术,汽车制造类,装备制造大类,新能源汽车技术,汽车制造类,装备制造大类,exact
江苏农林职业技术学院,历史,江苏农林职业技术学院03,141103,29,汽车制造与试验技术,机械设计制造类,装备制造大类,汽车制造与试验技术,汽车制造类,装备制造大类,exact
江苏农林职业技术学院,历史,江苏农林职业技术学院03,141103,30,机械制造及自动化,电气自动化类,装备制造大类,机械制造及自动化,机械设计制造类,装备制造大类,exact
江苏农林职业技术学院,历史,江苏农林职业技术学院03,141103,31,机电一体化技术,电气自动化类,装备制造大类,机电一体化技术,自动化类,装备制造大类,exact
江苏农林职业技术学院,历史,江苏农林职业技术学院03,141103,32,现代农业装备应用技术,农林牧渔类,农林牧渔大类,现代农业装备应用技术,农业类,农林牧渔大类,exact
江苏农林职业技术学院,历史,江苏农林职业技术学院03,141103,33,电气自动化技术,电气自动化类,装备制造大类,电气自动化技术,自动化类,装备制造大类,exact
江苏农林职业技术学院,历史,江苏农林职业技术学院03,141103,34,设施农业与装备,农林牧渔类,农林牧渔大类,设施农业与装备,农业类,农林牧渔大类,exact
江苏农林职业技术学院,历史,江苏农林职业技术学院03,141103,35,智慧农业技术与装备,农林牧渔类,农林牧渔大类,智慧农业技术与装备,农业类,农林牧渔大类,exact
江苏农林职业技术学院,历史,江苏农林职业技术学院03,141103,36,无人机应用技术,航空运输类,交通运输大类,无人机应用技术,航空装备类,装备制造大类,exact
江苏农林职业技术学院,历史,江苏农林职业技术学院03,141103,37,计算机应用技术,计算机类,电子与信息大类,计算机应用技术,计算机类,电子与信息大类,exact
江苏农林职业技术学院,历史,江苏农林职业技术学院03,141103,38,云计算技术应用,计算机类,电子与信息大类,云计算技术应用,计算机类,电子与信息大类,exact
江苏农林职业技术学院,历史,江苏农林职业技术学院03,141103,39,数字媒体技术,计算机类,电子与信息大类,数字媒体技术,计算机类,电子与信息大类,exact
江苏农林职业技术学院,历史,江苏农林职业技术学院03,141103,40,人工智能数据工程技术,计算机类,电子与信息大类,人工智能数据工程技术,计算机类,电子与信息大类,exact
江苏农林职业技术学院,历史,江苏农林职业技术学院03,141103,41,智能机器人技术,其他专业类,其他,智能机器人技术,自动化类,装备制造大类,exact
江苏农林职业技术学院,历史,江苏农林职业技术学院04,141104,42,园林工程技术(中外合作办学),土木建筑类,土木建筑大类,园林工程技术,建筑设计类,土木建筑大类,exact
兰州石化职业技术大学,物理,兰州石化职业技术大学04,722204,05,石油化工技术(西固西校区),生物化工类,生物与化工大类,石油化工技术,化工技术类,生物与化工大类,exact
兰州石化职业技术大学,物理,兰州石化职业技术大学04,722204,06,石油炼制技术(西固西校区),其他专业类,其他,石油炼制技术,化工技术类,生物与化工大类,exact
兰州石化职业技术大学,物理,兰州石化职业技术大学04,722204,07,精细化工技术(西固西校区),生物化工类,生物与化工大类,精细化工技术,化工技术类,生物与化工大类,exact
兰州石化职业技术大学,物理,兰州石化职业技术大学04,722204,08,化工装备技术(西固东校区),生物化工类,生物与化工大类,化工装备技术,化工技术类,生物与化工大类,exact
兰州石化职业技术大学,物理,兰州石化职业技术大学04,722204,09,电气自动化技术(西固东校区),电气自动化类,装备制造大类,电气自动化技术,自动化类,装备制造大类,exact
兰州石化职业技术大学,物理,兰州石化职业技术大学04,722204,10,计算机应用技术(过程控制)(兰州新区校区),计算机类,电子与信息大类,计算机应用技术,计算机类,电子与信息大类,exact
兰州石化职业技术大学,物理,兰州石化职业技术大学04,722204,11,发电厂及电力系统(兰州新区校区),能源动力与材料类,能源动力与材料大类,发电厂及电力系统,电力技术类,能源动力与材料大类,exact
兰州石化职业技术大学,物理,兰州石化职业技术大学04,722204,12,热能动力工程技术(兰州新区校区),能源动力与材料类,能源动力与材料大类,热能动力工程技术,热能与发电工程类,能源动力与材料大类,exact
天津铁道职业技术学院,物理,天津铁道职业技术学院02,323802,05,高速铁路施工与维护,铁道运输类,交通运输大类,高速铁路施工与维护,铁道运输类,交通运输大类,exact
天津铁道职业技术学院,物理,天津铁道职业技术学院02,323802,06,铁道交通运营管理(北宁校区),铁道运输类,交通运输大类,铁道交通运营管理,铁道运输类,交通运输大类,exact
天津铁道职业技术学院,物理,天津铁道职业技术学院02,323802,07,集装箱运输管理(北宁校区),其他专业类,其他,集装箱运输管理,水上运输类,交通运输大类,exact
天津铁道职业技术学院,物理,天津铁道职业技术学院02,323802,08,铁道信号自动控制,铁道运输类,交通运输大类,铁道信号自动控制,铁道运输类,交通运输大类,exact
天津铁道职业技术学院,物理,天津铁道职业技术学院02,323802,09,铁道机车运用与维护,铁道运输类,交通运输大类,铁道机车运用与维护,铁道运输类,交通运输大类,exact
天津铁道职业技术学院,物理,天津铁道职业技术学院02,323802,10,动车组检修技术,铁道运输类,交通运输大类,动车组检修技术,铁道运输类,交通运输大类,exact
天津铁道职业技术学院,物理,天津铁道职业技术学院02,323802,11,智能建造技术,其他专业类,其他,智能建造技术,土建施工类,土木建筑大类,exact
天津铁道职业技术学院,物理,天津铁道职业技术学院02,323802,12,城市轨道车辆应用技术(南校区),铁道运输类,交通运输大类,城市轨道车辆应用技术,城市轨道交通类,交通运输大类,exact
天津铁道职业技术学院,物理,天津铁道职业技术学院02,323802,13,城市轨道交通运营管理(南校区),铁道运输类,交通运输大类,城市轨道交通运营管理,城市轨道交通类,交通运输大类,exact
天津铁道职业技术学院,物理,天津铁道职业技术学院02,323802,14,铁道机车车辆制造与维护,铁道运输类,交通运输大类,铁道机车车辆制造与维护,轨道装备类,装备制造大类,exact
四川水利职业技术学院,物理,四川水利职业技术学院02,619002,03,水产养殖技术,农林牧渔类,农林牧渔大类,水产养殖技术,渔业类,农林牧渔大类,exact
四川水利职业技术学院,物理,四川水利职业技术学院02,619002,04,机电一体化技术,电气自动化类,装备制造大类,机电一体化技术,自动化类,装备制造大类,exact
湖南工业职业技术学院,物理,湖南工业职业技术学院02,531902,03,机械装备制造技术,机械设计制造类,装备制造大类,机械装备制造技术,机械设计制造类,装备制造大类,exact
湖南工业职业技术学院,物理,湖南工业职业技术学院02,531902,04,工业机器人技术,电气自动化类,装备制造大类,工业机器人技术,自动化类,装备制造大类,exact
湖南国防工业职业技术学院,历史,湖南国防工业职业技术学院01,536701,01,应用电子技术(只招男生)(火箭军),电子信息类,电子与信息大类,应用电子技术,电子信息类,电子与信息大类,exact
湖南国防工业职业技术学院,历史,湖南国防工业职业技术学院01,536701,02,机械设计与制造(只招男生)(陆军),机械设计制造类,装备制造大类,机械设计与制造,机械设计制造类,装备制造大类,exact
湖南国防工业职业技术学院,历史,湖南国防工业职业技术学院01,536701,03,汽车制造与试验技术(只招男生)(陆军),机械设计制造类,装备制造大类,汽车制造与试验技术,汽车制造类,装备制造大类,exact
湖南国防工业职业技术学院,历史,湖南国防工业职业技术学院01,536701,04,无人机应用技术(只招男生)(陆军),航空运输类,交通运输大类,无人机应用技术,航空装备类,装备制造大类,exact
江苏护理职业学院,历史,江苏护理职业学院01,135301,01,护理,护理医学类,医药卫生大类,护理,护理类,医药卫生大类,exact
江苏护理职业学院,历史,江苏护理职业学院01,135301,02,助产,护理医学类,医药卫生大类,助产,护理类,医药卫生大类,exact
江苏护理职业学院,历史,江苏护理职业学院01,135301,03,医学美容技术,其他专业类,其他,医学美容技术,医学技术类,医药卫生大类,exact
江苏护理职业学院,历史,江苏护理职业学院01,135301,04,老年保健与管理,其他专业类,其他,老年保健与管理,健康管理与促进类,医药卫生大类,exact
江苏护理职业学院,历史,江苏护理职业学院01,135301,05,预防医学,其他专业类,其他,预防医学,公共卫生与卫生管理类,医药卫生大类,exact
江苏护理职业学院,历史,江苏护理职业学院01,135301,06,医学检验技术,护理医学类,医药卫生大类,医学检验技术,医学技术类,医药卫生大类,exact
江苏护理职业学院,历史,江苏护理职业学院01,135301,07,医学影像技术,护理医学类,医药卫生大类,医学影像技术,医学技术类,医药卫生大类,exact
江苏护理职业学院,历史,江苏护理职业学院01,135301,08,口腔医学技术,护理医学类,医药卫生大类,口腔医学技术,医学技术类,医药卫生大类,exact
江苏护理职业学院,历史,江苏护理职业学院01,135301,09,卫生检验与检疫技术,护理医学类,医药卫生大类,卫生检验与检疫技术,医学技术类,医药卫生大类,exact
江苏护理职业学院,历史,江苏护理职业学院01,135301,10,中医学,护理医学类,医药卫生大类,中医学,中医药类,医药卫生大类,exact
江苏护理职业学院,历史,江苏护理职业学院01,135301,11,药学,药学类,医药卫生大类,药学,药学类,医药卫生大类,exact
江苏护理职业学院,历史,江苏护理职业学院01,135301,12,中药学,药学类,医药卫生大类,中药学,中医药类,医药卫生大类,exact
江苏护理职业学院,历史,江苏护理职业学院01,135301,13,药品经营与管理,药学类,医药卫生大类,药品经营与管理,药品与医疗器械类,食品药品与粮食大类,exact
江苏护理职业学院,历史,江苏护理职业学院01,135301,14,康复治疗技术,护理医学类,医药卫生大类,康复治疗技术,康复治疗类,医药卫生大类,exact
江苏护理职业学院,历史,江苏护理职业学院01,135301,15,中医康复技术,护理医学类,医药卫生大类,中医康复技术,中医药类,医药卫生大类,exact
江苏护理职业学院,历史,江苏护理职业学院01,135301,16,卫生信息管理,护理医学类,医药卫生大类,卫生信息管理,公共卫生与卫生管理类,医药卫生大类,exact
江苏护理职业学院,历史,江苏护理职业学院01,135301,17,健康管理,护理医学类,医药卫生大类,健康管理,健康管理与促进类,医药卫生大类,exact
江苏护理职业学院,历史,江苏护理职业学院01,135301,18,言语听觉康复技术,其他专业类,其他,言语听觉康复技术,康复治疗类,医药卫生大类,exact
江苏护理职业学院,历史,江苏护理职业学院01,135301,19,医学营养,食品药品类,食品药品与粮食大类,医学营养,健康管理与促进类,医药卫生大类,exact
江苏护理职业学院,历史,江苏护理职业学院01,135301,20,口腔卫生保健,护理医学类,医药卫生大类,口腔卫生保健,健康管理与促进类,医药卫生大类,exact
江苏护理职业学院,历史,江苏护理职业学院01,135301,21,眼视光技术,护理医学类,医药卫生大类,眼视光技术,眼视光类,医药卫生大类,exact
江苏护理职业学院,历史,江苏护理职业学院01,135301,22,智能医疗装备技术,其他专业类,其他,智能医疗装备技术,药品与医疗器械类,食品药品与粮食大类,exact
江苏护理职业学院,历史,江苏护理职业学院01,135301,23,医养照护服务,其他专业类,其他,医养照护服务,健康管理与促进类,医药卫生大类,exact
江苏护理职业学院,历史,江苏护理职业学院02,135302,24,护理(中外合作办学),护理医学类,医药卫生大类,护理,护理类,医药卫生大类,exact
江苏护理职业学院,历史,江苏护理职业学院03,135303,25,护理(与徐州医科大学分段培养项目),护理医学类,医药卫生大类,护理,护理类,医药卫生大类,exact
江苏护理职业学院,历史,江苏护理职业学院04,135304,26,预防医学(为徐州市贾汪区定向培养),其他专业类,其他,预防医学,公共卫生与卫生管理类,医药卫生大类,exact
江苏护理职业学院,历史,江苏护理职业学院04,135304,27,医学影像技术(为徐州市贾汪区定向培养),护理医学类,医药卫生大类,医学影像技术,医学技术类,医药卫生大类,exact
江苏护理职业学院,历史,江苏护理职业学院04,135304,28,预防医学(为徐州市沛县定向培养),其他专业类,其他,预防医学,公共卫生与卫生管理类,医药卫生大类,exact
江苏护理职业学院,历史,江苏护理职业学院04,135304,29,预防医学(为徐州市丰县定向培养),其他专业类,其他,预防医学,公共卫生与卫生管理类,医药卫生大类,exact
江苏护理职业学院,历史,江苏护理职业学院04,135304,30,预防医学(为徐州市邳州市定向培养),其他专业类,其他,预防医学,公共卫生与卫生管理类,医药卫生大类,exact
江苏护理职业学院,历史,江苏护理职业学院04,135304,31,预防医学(为徐州市铜山区定向培养),其他专业类,其他,预防医学,公共卫生与卫生管理类,医药卫生大类,exact
江苏护理职业学院,历史,江苏护理职业学院04,135304,32,中医学(为南通市启东市定向培养),护理医学类,医药卫生大类,中医学,中医药类,医药卫生大类,exact
江苏护理职业学院,历史,江苏护理职业学院04,135304,33,中医学(为南通市海安市定向培养),护理医学类,医药卫生大类,中医学,中医药类,医药卫生大类,exact
江苏护理职业学院,历史,江苏护理职业学院04,135304,34,预防医学(为南通市海安市定向培养),其他专业类,其他,预防医学,公共卫生与卫生管理类,医药卫生大类,exact
江苏护理职业学院,历史,江苏护理职业学院04,135304,35,中医学(为连云港市东海县定向培养),护理医学类,医药卫生大类,中医学,中医药类,医药卫生大类,exact
江苏护理职业学院,历史,江苏护理职业学院04,135304,36,医学影像技术(为连云港市东海县定向培养),护理医学类,医药卫生大类,医学影像技术,医学技术类,医药卫生大类,exact
江苏护理职业学院,历史,江苏护理职业学院04,135304,37,预防医学(为连云港市东海县定向培养),其他专业类,其他,预防医学,公共卫生与卫生管理类,医药卫生大类,exact
江苏护理职业学院,历史,江苏护理职业学院04,135304,38,中医学(为连云港市海州区定向培养),护理医学类,医药卫生大类,中医学,中医药类,医药卫生大类,exact
江苏护理职业学院,历史,江苏护理职业学院04,135304,39,医学影像技术(为连云港市连云区定向培养),护理医学类,医药卫生大类,医学影像技术,医学技术类,医药卫生大类,exact
江苏护理职业学院,历史,江苏护理职业学院04,135304,40,预防医学(为盐城市大丰区定向培养),其他专业类,其他,预防医学,公共卫生与卫生管理类,医药卫生大类,exact
江苏护理职业学院,历史,江苏护理职业学院04,135304,41,中医学(为宿迁市泗洪县定向培养),护理医学类,医药卫生大类,中医学,中医药类,医药卫生大类,exact
江西职业技术大学,物理,江西职业技术大学02,256302,03,飞行器数字化制造技术(十里校区),机械设计制造类,装备制造大类,飞行器数字化制造技术,航空装备类,装备制造大类,exact
江西职业技术大学,物理,江西职业技术大学02,256302,04,电子信息工程技术(十里校区),电子信息类,电子与信息大类,电子信息工程技术,电子信息类,电子与信息大类,exact
江西职业技术大学,物理,江西职业技术大学02,256302,05,移动互联应用技术(濂溪校区),其他专业类,其他,移动互联应用技术,电子信息类,电子与信息大类,exact
江西职业技术大学,物理,江西职业技术大学02,256302,06,大数据技术(濂溪校区),计算机类,电子与信息大类,大数据技术,计算机类,电子与信息大类,exact
齐鲁理工学院,物理,齐鲁理工学院04,822704,30,大数据与会计(曲阜校区),财务会计类,财经商贸大类,大数据与会计,财务会计类,财经商贸大类,exact
江苏城市职业学院,历史,江苏城市职业学院01,117101,01,大数据与会计,财务会计类,财经商贸大类,大数据与会计,财务会计类,财经商贸大类,exact
江苏城市职业学院,历史,江苏城市职业学院01,117101,02,现代物流管理,财经商贸类,财经商贸大类,现代物流管理,物流类,财经商贸大类,exact
江苏城市职业学院,历史,江苏城市职业学院01,117101,03,电子商务,财经商贸类,财经商贸大类,电子商务,电子商务类,财经商贸大类,exact
江苏城市职业学院,历史,江苏城市职业学院01,117101,04,跨境电子商务,财经商贸类,财经商贸大类,跨境电子商务,电子商务类,财经商贸大类,exact
江苏城市职业学院,历史,江苏城市职业学院01,117101,05,连锁经营与管理,财经商贸类,财经商贸大类,连锁经营与管理,工商管理类,财经商贸大类,exact
江苏城市职业学院,历史,江苏城市职业学院01,117101,06,采购与供应管理,其他专业类,其他,采购与供应管理,物流类,财经商贸大类,exact
江苏城市职业学院,历史,江苏城市职业学院01,117101,07,网络营销与直播电商,计算机类,电子与信息大类,网络营销与直播电商,电子商务类,财经商贸大类,exact
江苏城市职业学院,历史,江苏城市职业学院01,117101,08,智能建造技术,其他专业类,其他,智能建造技术,土建施工类,土木建筑大类,exact
江苏城市职业学院,历史,江苏城市职业学院01,117101,09,城市轨道交通工程技术,铁道运输类,交通运输大类,城市轨道交通工程技术,城市轨道交通类,交通运输大类,exact
江苏城市职业学院,历史,江苏城市职业学院01,117101,10,工程造价,土木建筑类,土木建筑大类,工程造价,建设工程管理类,土木建筑大类,exact
江苏城市职业学院,历史,江苏城市职业学院01,117101,11,建筑室内设计,土木建筑类,土木建筑大类,建筑室内设计,建筑设计类,土木建筑大类,exact
江苏城市职业学院,历史,江苏城市职业学院01,117101,12,建筑智能化工程技术,土木建筑类,土木建筑大类,建筑智能化工程技术,建筑设备类,土木建筑大类,exact
江苏城市职业学院,历史,江苏城市职业学院01,117101,13,机电一体化技术,电气自动化类,装备制造大类,机电一体化技术,自动化类,装备制造大类,exact
江苏城市职业学院,历史,江苏城市职业学院01,117101,14,电气自动化技术,电气自动化类,装备制造大类,电气自动化技术,自动化类,装备制造大类,exact
江苏城市职业学院,历史,江苏城市职业学院01,117101,15,人工智能技术应用,计算机类,电子与信息大类,人工智能技术应用,计算机类,电子与信息大类,exact
江苏城市职业学院,历史,江苏城市职业学院01,117101,16,软件技术,计算机类,电子与信息大类,软件技术,计算机类,电子与信息大类,exact
江苏城市职业学院,历史,江苏城市职业学院01,117101,17,计算机网络技术,计算机类,电子与信息大类,计算机网络技术,计算机类,电子与信息大类,exact
江苏城市职业学院,历史,江苏城市职业学院01,117101,18,物联网应用技术,计算机类,电子与信息大类,物联网应用技术,电子信息类,电子与信息大类,exact
江苏城市职业学院,历史,江苏城市职业学院01,117101,19,工业机器人技术,电气自动化类,装备制造大类,工业机器人技术,自动化类,装备制造大类,exact
江苏城市职业学院,历史,江苏城市职业学院01,117101,20,集成电路技术,电子信息类,电子与信息大类,集成电路技术,集成电路类,电子与信息大类,exact
江苏城市职业学院,历史,江苏城市职业学院01,117101,21,环境监测技术,资源环境安全类,资源环境与安全大类,环境监测技术,环境保护类,资源环境与安全大类,exact
江苏城市职业学院,历史,江苏城市职业学院01,117101,22,环境工程技术,资源环境安全类,资源环境与安全大类,环境工程技术,环境保护类,资源环境与安全大类,exact
江苏城市职业学院,历史,江苏城市职业学院01,117101,23,智能环保装备技术,其他专业类,其他,智能环保装备技术,环境保护类,资源环境与安全大类,exact
江苏城市职业学院,历史,江苏城市职业学院01,117101,24,广播影视节目制作,电子信息类,电子与信息大类,广播影视节目制作,广播影视类,新闻传播大类,exact
江苏城市职业学院,历史,江苏城市职业学院01,117101,25,融媒体技术与运营,其他专业类,其他,融媒体技术与运营,广播影视类,新闻传播大类,exact
江苏城市职业学院,历史,江苏城市职业学院01,117101,26,化妆品经营与管理,生物化工类,生物与化工大类,化妆品经营与管理,药品与医疗器械类,食品药品与粮食大类,exact
江苏城市职业学院,历史,江苏城市职业学院01,117101,27,休闲服务与管理,其他专业类,其他,休闲服务与管理,旅游类,旅游大类,exact
苏州信息职业技术学院,物理,苏州信息职业技术学院02,127702,10,电气自动化技术,电气自动化类,装备制造大类,电气自动化技术,自动化类,装备制造大类,exact
苏州信息职业技术学院,物理,苏州信息职业技术学院02,127702,11,机电一体化技术,电气自动化类,装备制造大类,机电一体化技术,自动化类,装备制造大类,exact
苏州信息职业技术学院,物理,苏州信息职业技术学院02,127702,12,工业机器人技术,电气自动化类,装备制造大类,工业机器人技术,自动化类,装备制造大类,exact
苏州信息职业技术学院,物理,苏州信息职业技术学院02,127702,13,智能控制技术,电气自动化类,装备制造大类,智能控制技术,自动化类,装备制造大类,exact
苏州信息职业技术学院,物理,苏州信息职业技术学院02,127702,14,大数据与会计,财务会计类,财经商贸大类,大数据与会计,财务会计类,财经商贸大类,exact
苏州信息职业技术学院,物理,苏州信息职业技术学院02,127702,15,大数据与审计,财务会计类,财经商贸大类,大数据与审计,财务会计类,财经商贸大类,exact
苏州信息职业技术学院,物理,苏州信息职业技术学院02,127702,16,财税大数据应用,其他专业类,其他,财税大数据应用,财政税务类,财经商贸大类,exact
苏州信息职业技术学院,物理,苏州信息职业技术学院02,127702,17,业财数据应用与管理,其他专业类,其他,业财数据应用与管理,财务会计类,财经商贸大类,exact
苏州信息职业技术学院,物理,苏州信息职业技术学院02,127702,18,旅游管理,旅游餐饮类,旅游大类,旅游管理,旅游类,旅游大类,exact
苏州信息职业技术学院,物理,苏州信息职业技术学院02,127702,19,市场营销,财经商贸类,财经商贸大类,市场营销,工商管理类,财经商贸大类,exact
苏州信息职业技术学院,物理,苏州信息职业技术学院02,127702,20,现代物流管理,财经商贸类,财经商贸大类,现代物流管理,物流类,财经商贸大类,exact
苏州信息职业技术学院,物理,苏州信息职业技术学院02,127702,21,跨境电子商务,财经商贸类,财经商贸大类,跨境电子商务,电子商务类,财经商贸大类,exact
苏州信息职业技术学院,物理,苏州信息职业技术学院02,127702,22,应用电子技术,电子信息类,电子与信息大类,应用电子技术,电子信息类,电子与信息大类,exact
苏州信息职业技术学院,物理,苏州信息职业技术学院02,127702,23,现代通信技术,电子信息类,电子与信息大类,现代通信技术,通信类,电子与信息大类,exact
苏州信息职业技术学院,物理,苏州信息职业技术学院02,127702,24,电子信息工程技术,电子信息类,电子与信息大类,电子信息工程技术,电子信息类,电子与信息大类,exact
苏州信息职业技术学院,物理,苏州信息职业技术学院02,127702,25,物联网应用技术,计算机类,电子与信息大类,物联网应用技术,电子信息类,电子与信息大类,exact
苏州信息职业技术学院,物理,苏州信息职业技术学院02,127702,26,智能网联汽车技术,汽车制造类,装备制造大类,智能网联汽车技术,汽车制造类,装备制造大类,exact
苏州信息职业技术学院,物理,苏州信息职业技术学院02,127702,27,计算机应用技术,计算机类,电子与信息大类,计算机应用技术,计算机类,电子与信息大类,exact
苏州信息职业技术学院,物理,苏州信息职业技术学院02,127702,28,大数据技术,计算机类,电子与信息大类,大数据技术,计算机类,电子与信息大类,exact
苏州信息职业技术学院,物理,苏州信息职业技术学院02,127702,29,动漫制作技术,文化艺术类,文化艺术大类,动漫制作技术,计算机类,电子与信息大类,exact
苏州信息职业技术学院,物理,苏州信息职业技术学院02,127702,30,人工智能技术应用,计算机类,电子与信息大类,人工智能技术应用,计算机类,电子与信息大类,exact
苏州信息职业技术学院,物理,苏州信息职业技术学院02,127702,31,工业互联网技术,电气自动化类,装备制造大类,工业互联网技术,计算机类,电子与信息大类,exact
苏州信息职业技术学院,物理,苏州信息职业技术学院03,127703,32,电梯工程技术[与苏州工学院(原常熟理工学院)分段培养项目],电气自动化类,装备制造大类,电梯工程技术,机电设备类,装备制造大类,exact
上海闵行职业技术学院,物理,上海闵行职业技术学院02,217202,03,工业机器人技术,电气自动化类,装备制造大类,工业机器人技术,自动化类,装备制造大类,exact
上海闵行职业技术学院,物理,上海闵行职业技术学院02,217202,04,数字化设计与制造技术,机械设计制造类,装备制造大类,数字化设计与制造技术,机械设计制造类,装备制造大类,exact
上海闵行职业技术学院,物理,上海闵行职业技术学院02,217202,05,云计算技术应用,计算机类,电子与信息大类,云计算技术应用,计算机类,电子与信息大类,exact
上海闵行职业技术学院,物理,上海闵行职业技术学院02,217202,06,智能机器人技术,其他专业类,其他,智能机器人技术,自动化类,装备制造大类,exact
上海闵行职业技术学院,物理,上海闵行职业技术学院02,217202,07,工业互联网应用,电气自动化类,装备制造大类,工业互联网应用,自动化类,装备制造大类,exact
上海闵行职业技术学院,物理,上海闵行职业技术学院02,217202,08,信息安全技术应用,计算机类,电子与信息大类,信息安全技术应用,计算机类,电子与信息大类,exact
河北轨道运输职业技术学院,物理,河北轨道运输职业技术学院02,335402,06,铁道交通运营管理,铁道运输类,交通运输大类,铁道交通运营管理,铁道运输类,交通运输大类,exact
河北轨道运输职业技术学院,物理,河北轨道运输职业技术学院02,335402,07,铁道信号自动控制,铁道运输类,交通运输大类,铁道信号自动控制,铁道运输类,交通运输大类,exact
河北轨道运输职业技术学院,物理,河北轨道运输职业技术学院02,335402,08,铁路物流管理,铁道运输类,交通运输大类,铁路物流管理,物流类,财经商贸大类,exact
河北轨道运输职业技术学院,物理,河北轨道运输职业技术学院02,335402,09,铁道机车运用与维护,铁道运输类,交通运输大类,铁道机车运用与维护,铁道运输类,交通运输大类,exact
河北轨道运输职业技术学院,物理,河北轨道运输职业技术学院02,335402,10,动车组检修技术,铁道运输类,交通运输大类,动车组检修技术,铁道运输类,交通运输大类,exact
吉林工业职业技术学院,物理,吉林工业职业技术学院02,421802,02,机械设计与制造(吉桦东路校区),机械设计制造类,装备制造大类,机械设计与制造,机械设计制造类,装备制造大类,exact
四川航天职业技术学院,物理,四川航天职业技术学院02,614602,02,飞行器数字化制造技术,机械设计制造类,装备制造大类,飞行器数字化制造技术,航空装备类,装备制造大类,exact
重庆三峡医药高等专科学校,物理,重庆三峡医药高等专科学校02,621602,02,智能医疗装备技术(高峰校区),其他专业类,其他,智能医疗装备技术,药品与医疗器械类,食品药品与粮食大类,exact
重庆三峡医药高等专科学校,物理,重庆三峡医药高等专科学校02,621602,03,食品检验检测技术(百安校区),食品药品类,食品药品与粮食大类,食品检验检测技术,食品类,食品药品与粮食大类,exact
常州工业职业技术学院,物理,常州工业职业技术学院02,125302,27,新能源材料应用技术(与常州大学分段培养项目),能源动力与材料类,能源动力与材料大类,新能源材料应用技术,新能源发电工程类,能源动力与材料大类,exact
常州工业职业技术学院,物理,常州工业职业技术学院03,125303,28,高分子材料智能制造技术(与常州工学院分段培养项目),电气自动化类,装备制造大类,高分子材料智能制造技术,非金属材料类,能源动力与材料大类,exact
常州工业职业技术学院,物理,常州工业职业技术学院03,125303,29,电气自动化技术(与常州工学院分段培养项目),电气自动化类,装备制造大类,电气自动化技术,自动化类,装备制造大类,exact
常州工业职业技术学院,物理,常州工业职业技术学院03,125303,30,机械设计与制造(与南京工业职业技术大学分段培养项目),机械设计制造类,装备制造大类,机械设计与制造,机械设计制造类,装备制造大类,exact
常州工业职业技术学院,物理,常州工业职业技术学院04,125304,31,电气自动化技术,电气自动化类,装备制造大类,电气自动化技术,自动化类,装备制造大类,exact
常州工业职业技术学院,物理,常州工业职业技术学院04,125304,32,机电一体化技术,电气自动化类,装备制造大类,机电一体化技术,自动化类,装备制造大类,exact
常州工业职业技术学院,物理,常州工业职业技术学院04,125304,33,无人机应用技术,航空运输类,交通运输大类,无人机应用技术,航空装备类,装备制造大类,exact
常州工业职业技术学院,物理,常州工业职业技术学院04,125304,34,电子信息工程技术,电子信息类,电子与信息大类,电子信息工程技术,电子信息类,电子与信息大类,exact
常州工业职业技术学院,物理,常州工业职业技术学院04,125304,35,工业互联网应用,电气自动化类,装备制造大类,工业互联网应用,自动化类,装备制造大类,exact
常州工业职业技术学院,物理,常州工业职业技术学院04,125304,36,具身智能机器人技术,其他专业类,其他,具身智能机器人技术,自动化类,装备制造大类,exact
常州工业职业技术学院,物理,常州工业职业技术学院04,125304,37,大数据技术,计算机类,电子与信息大类,大数据技术,计算机类,电子与信息大类,exact
常州工业职业技术学院,物理,常州工业职业技术学院04,125304,38,人工智能技术应用,计算机类,电子与信息大类,人工智能技术应用,计算机类,电子与信息大类,exact
常州工业职业技术学院,物理,常州工业职业技术学院04,125304,39,物联网应用技术,计算机类,电子与信息大类,物联网应用技术,电子信息类,电子与信息大类,exact
常州工业职业技术学院,物理,常州工业职业技术学院04,125304,40,软件技术,计算机类,电子与信息大类,软件技术,计算机类,电子与信息大类,exact
常州工业职业技术学院,物理,常州工业职业技术学院04,125304,41,新能源汽车检测与维修技术,汽车制造类,装备制造大类,新能源汽车检测与维修技术,道路运输类,交通运输大类,exact
常州工业职业技术学院,物理,常州工业职业技术学院04,125304,42,数控技术,机械设计制造类,装备制造大类,数控技术,机械设计制造类,装备制造大类,exact
常州工业职业技术学院,物理,常州工业职业技术学院04,125304,43,模具设计与制造,机械设计制造类,装备制造大类,模具设计与制造,机械设计制造类,装备制造大类,exact
常州工业职业技术学院,物理,常州工业职业技术学院04,125304,44,机械制造及自动化,电气自动化类,装备制造大类,机械制造及自动化,机械设计制造类,装备制造大类,exact
常州工业职业技术学院,物理,常州工业职业技术学院04,125304,45,数字化设计与制造技术,机械设计制造类,装备制造大类,数字化设计与制造技术,机械设计制造类,装备制造大类,exact
常州工业职业技术学院,物理,常州工业职业技术学院04,125304,46,新能源汽车技术,汽车制造类,装备制造大类,新能源汽车技术,汽车制造类,装备制造大类,exact
常州工业职业技术学院,物理,常州工业职业技术学院04,125304,47,汽车技术服务与营销,汽车制造类,装备制造大类,汽车技术服务与营销,道路运输类,交通运输大类,exact
常州工业职业技术学院,物理,常州工业职业技术学院04,125304,48,高分子材料智能制造技术,电气自动化类,装备制造大类,高分子材料智能制造技术,非金属材料类,能源动力与材料大类,exact
常州工业职业技术学院,物理,常州工业职业技术学院04,125304,49,环境工程技术,资源环境安全类,资源环境与安全大类,环境工程技术,环境保护类,资源环境与安全大类,exact
常州工业职业技术学院,物理,常州工业职业技术学院04,125304,50,药品生产技术,药学类,医药卫生大类,药品生产技术,药品与医疗器械类,食品药品与粮食大类,exact
常州工业职业技术学院,物理,常州工业职业技术学院04,125304,51,新能源材料应用技术,能源动力与材料类,能源动力与材料大类,新能源材料应用技术,新能源发电工程类,能源动力与材料大类,exact
常州工业职业技术学院,物理,常州工业职业技术学院04,125304,52,大数据与会计,财务会计类,财经商贸大类,大数据与会计,财务会计类,财经商贸大类,exact
常州工业职业技术学院,物理,常州工业职业技术学院04,125304,53,国际商务,财经商贸类,财经商贸大类,国际商务,经济贸易类,财经商贸大类,exact
常州工业职业技术学院,物理,常州工业职业技术学院04,125304,54,市场营销,财经商贸类,财经商贸大类,市场营销,工商管理类,财经商贸大类,exact
常州工业职业技术学院,物理,常州工业职业技术学院04,125304,55,电子商务,财经商贸类,财经商贸大类,电子商务,电子商务类,财经商贸大类,exact
常州工业职业技术学院,物理,常州工业职业技术学院04,125304,56,供应链运营,其他专业类,其他,供应链运营,物流类,财经商贸大类,exact
合肥通用职业技术学院,物理,合肥通用职业技术学院02,233702,03,氢能技术应用(蜀山校区),其他专业类,其他,氢能技术应用,新能源发电工程类,能源动力与材料大类,exact
合肥通用职业技术学院,物理,合肥通用职业技术学院02,233702,04,智能控制技术(蜀山校区),电气自动化类,装备制造大类,智能控制技术,自动化类,装备制造大类,exact
广西电力职业技术学院,物理,广西电力职业技术学院02,553702,03,"电力系统自动化技术(报考该专业有色觉要求,具体请查阅院校招生章程)",电气自动化类,装备制造大类,电力系统自动化技术,电力技术类,能源动力与材料大类,exact
广西电力职业技术学院,物理,广西电力职业技术学院02,553702,04,计算机应用技术,计算机类,电子与信息大类,计算机应用技术,计算机类,电子与信息大类,exact
湖南邮电职业技术学院,物理,湖南邮电职业技术学院02,531802,02,人工智能技术应用,计算机类,电子与信息大类,人工智能技术应用,计算机类,电子与信息大类,exact
江西财经职业学院,物理,江西财经职业学院02,256202,03,大数据与会计,财务会计类,财经商贸大类,大数据与会计,财务会计类,财经商贸大类,exact
江西财经职业学院,物理,江西财经职业学院02,256202,04,大数据与审计,财务会计类,财经商贸大类,大数据与审计,财务会计类,财经商贸大类,exact
湖南国防工业职业技术学院,物理,湖南国防工业职业技术学院04,536704,08,应用电子技术(只招男生)(火箭军),电子信息类,电子与信息大类,应用电子技术,电子信息类,电子与信息大类,exact
湖南国防工业职业技术学院,物理,湖南国防工业职业技术学院04,536704,09,机械设计与制造(只招男生)(陆军),机械设计制造类,装备制造大类,机械设计与制造,机械设计制造类,装备制造大类,exact
湖南国防工业职业技术学院,物理,湖南国防工业职业技术学院04,536704,10,汽车制造与试验技术(只招男生)(陆军),机械设计制造类,装备制造大类,汽车制造与试验技术,汽车制造类,装备制造大类,exact
湖南国防工业职业技术学院,物理,湖南国防工业职业技术学院04,536704,11,无人机应用技术(只招男生)(陆军),航空运输类,交通运输大类,无人机应用技术,航空装备类,装备制造大类,exact
江苏海事职业技术学院,历史,江苏海事职业技术学院01,115001,01,航海技术(水面舰艇人员合格)(只招男生)(陆军),航海运输类,交通运输大类,航海技术,水上运输类,交通运输大类,exact
江苏海事职业技术学院,历史,江苏海事职业技术学院01,115001,02,船舶电子电气技术(水面舰艇人员合格)(只招男生)(陆军),航海运输类,交通运输大类,船舶电子电气技术,水上运输类,交通运输大类,exact
江苏海事职业技术学院,历史,江苏海事职业技术学院01,115001,03,轮机工程技术(水面舰艇人员合格)(只招男生)(陆军),航海运输类,交通运输大类,轮机工程技术,水上运输类,交通运输大类,exact
江苏海事职业技术学院,历史,江苏海事职业技术学院01,115001,04,轮机工程技术(水面舰艇人员合格)(只招男生)(海军),航海运输类,交通运输大类,轮机工程技术,水上运输类,交通运输大类,exact
江苏海事职业技术学院,历史,江苏海事职业技术学院01,115001,05,港口机械与智能控制(水面舰艇人员合格)(只招男生)(海军),航海运输类,交通运输大类,港口机械与智能控制,水上运输类,交通运输大类,exact
江苏海事职业技术学院,历史,江苏海事职业技术学院01,115001,06,航海技术(水面舰艇人员合格)(只招男生)(武警部队),航海运输类,交通运输大类,航海技术,水上运输类,交通运输大类,exact
江苏海事职业技术学院,历史,江苏海事职业技术学院01,115001,07,轮机工程技术(水面舰艇人员合格)(只招男生)(武警部队),航海运输类,交通运输大类,轮机工程技术,水上运输类,交通运输大类,exact
江苏海事职业技术学院,历史,江苏海事职业技术学院01,115001,08,船舶电子电气技术(水面舰艇人员合格)(只招男生)(武警部队),航海运输类,交通运输大类,船舶电子电气技术,水上运输类,交通运输大类,exact
上海立达学院,历史,上海立达学院02,802302,06,传播与策划,新闻传播类,新闻传播大类,传播与策划,广播影视类,新闻传播大类,exact
潍坊科技学院,物理,潍坊科技学院05,821305,12,电气自动化技术(只招男生)(火箭军),电气自动化类,装备制造大类,电气自动化技术,自动化类,装备制造大类,exact
潍坊科技学院,物理,潍坊科技学院05,821305,13,计算机网络技术(只招男生)(63650部队),计算机类,电子与信息大类,计算机网络技术,计算机类,电子与信息大类,exact
湖南高速铁路职业技术学院,物理,湖南高速铁路职业技术学院02,533302,06,建筑工程技术,土木建筑类,土木建筑大类,建筑工程技术,土建施工类,土木建筑大类,exact
湖南高速铁路职业技术学院,物理,湖南高速铁路职业技术学院02,533302,07,铁道工程技术,铁道运输类,交通运输大类,铁道工程技术,铁道运输类,交通运输大类,exact
湖南高速铁路职业技术学院,物理,湖南高速铁路职业技术学院02,533302,08,高速铁路施工与维护,铁道运输类,交通运输大类,高速铁路施工与维护,铁道运输类,交通运输大类,exact
湖南高速铁路职业技术学院,物理,湖南高速铁路职业技术学院02,533302,09,铁道桥梁隧道工程技术,铁道运输类,交通运输大类,铁道桥梁隧道工程技术,铁道运输类,交通运输大类,exact
湖南高速铁路职业技术学院,物理,湖南高速铁路职业技术学院02,533302,10,铁道机车运用与维护,铁道运输类,交通运输大类,铁道机车运用与维护,铁道运输类,交通运输大类,exact
湖南高速铁路职业技术学院,物理,湖南高速铁路职业技术学院02,533302,11,铁道车辆技术,铁道运输类,交通运输大类,铁道车辆技术,铁道运输类,交通运输大类,exact
湖南高速铁路职业技术学院,物理,湖南高速铁路职业技术学院02,533302,12,铁道供电技术,铁道运输类,交通运输大类,铁道供电技术,铁道运输类,交通运输大类,exact
湖南高速铁路职业技术学院,物理,湖南高速铁路职业技术学院02,533302,13,动车组检修技术,铁道运输类,交通运输大类,动车组检修技术,铁道运输类,交通运输大类,exact
湖南高速铁路职业技术学院,物理,湖南高速铁路职业技术学院02,533302,14,铁道信号自动控制,铁道运输类,交通运输大类,铁道信号自动控制,铁道运输类,交通运输大类,exact
湖南高速铁路职业技术学院,物理,湖南高速铁路职业技术学院02,533302,15,铁道通信与信息化技术,铁道运输类,交通运输大类,铁道通信与信息化技术,铁道运输类,交通运输大类,exact
湖南高速铁路职业技术学院,物理,湖南高速铁路职业技术学院02,533302,16,铁道交通运营管理,铁道运输类,交通运输大类,铁道交通运营管理,铁道运输类,交通运输大类,exact
湖南高速铁路职业技术学院,物理,湖南高速铁路职业技术学院02,533302,17,城市轨道交通工程技术,铁道运输类,交通运输大类,城市轨道交通工程技术,城市轨道交通类,交通运输大类,exact
湖南高速铁路职业技术学院,物理,湖南高速铁路职业技术学院02,533302,18,城市轨道交通运营管理,铁道运输类,交通运输大类,城市轨道交通运营管理,城市轨道交通类,交通运输大类,exact
湖南高速铁路职业技术学院,物理,湖南高速铁路职业技术学院02,533302,19,城市轨道交通通信信号技术,铁道运输类,交通运输大类,城市轨道交通通信信号技术,城市轨道交通类,交通运输大类,exact
上海旅游高等专科学校,物理,上海旅游高等专科学校06,213406,16,大数据与财务管理,财务会计类,财经商贸大类,大数据与财务管理,财务会计类,财经商贸大类,exact
上海旅游高等专科学校,物理,上海旅游高等专科学校06,213406,17,大数据与会计,财务会计类,财经商贸大类,大数据与会计,财务会计类,财经商贸大类,exact
上海旅游高等专科学校,物理,上海旅游高等专科学校06,213406,18,定制旅行管理与服务,其他专业类,其他,定制旅行管理与服务,旅游类,旅游大类,exact
上海旅游高等专科学校,物理,上海旅游高等专科学校06,213406,19,酒店管理与数字化运营,旅游餐饮类,旅游大类,酒店管理与数字化运营,旅游类,旅游大类,exact
上海旅游高等专科学校,物理,上海旅游高等专科学校06,213406,20,智慧旅游技术应用,旅游餐饮类,旅游大类,智慧旅游技术应用,旅游类,旅游大类,exact
上海旅游高等专科学校,物理,上海旅游高等专科学校06,213406,21,会展策划与管理,旅游餐饮类,旅游大类,会展策划与管理,旅游类,旅游大类,exact
上海旅游高等专科学校,物理,上海旅游高等专科学校06,213406,22,中西面点工艺,其他专业类,其他,中西面点工艺,餐饮类,旅游大类,exact
上海旅游高等专科学校,物理,上海旅游高等专科学校06,213406,23,文化创意与策划,其他专业类,其他,文化创意与策划,文化服务类,文化艺术大类,exact
上海旅游高等专科学校,物理,上海旅游高等专科学校06,213406,24,全媒体广告策划与营销,文化艺术类,文化艺术大类,全媒体广告策划与营销,广播影视类,新闻传播大类,exact
上海旅游高等专科学校,物理,上海旅游高等专科学校07,213407,25,旅游英语(只招英语考生),教育体育类,教育与体育大类,旅游英语,语言类,教育与体育大类,exact
上海旅游高等专科学校,物理,上海旅游高等专科学校07,213407,26,应用韩语(只招英语考生),其他专业类,其他,应用韩语,语言类,教育与体育大类,exact
上海旅游高等专科学校,物理,上海旅游高等专科学校08,213408,27,"空中乘务(报考该专业有色觉等要求,具体请查阅院校招生章程)",航空运输类,交通运输大类,空中乘务,航空运输类,交通运输大类,exact
上海旅游高等专科学校,物理,上海旅游高等专科学校09,213409,28,旅游日语(只招英语或日语考生),旅游餐饮类,旅游大类,旅游日语,语言类,教育与体育大类,exact
浙江建设职业技术学院,物理,浙江建设职业技术学院01,226001,01,建筑工程技术(只招男生)(绍兴上虞校区)(火箭军),土木建筑类,土木建筑大类,建筑工程技术,土建施工类,土木建筑大类,exact
浙江建设职业技术学院,物理,浙江建设职业技术学院01,226001,02,给排水工程技术(只招男生)(绍兴上虞校区)(火箭军),其他专业类,其他,给排水工程技术,市政工程类,土木建筑大类,exact
柳州铁道职业技术学院,物理,柳州铁道职业技术学院02,552802,03,铁道交通运营管理,铁道运输类,交通运输大类,铁道交通运营管理,铁道运输类,交通运输大类,exact
柳州铁道职业技术学院,物理,柳州铁道职业技术学院02,552802,04,铁道机车运用与维护,铁道运输类,交通运输大类,铁道机车运用与维护,铁道运输类,交通运输大类,exact
柳州铁道职业技术学院,物理,柳州铁道职业技术学院02,552802,05,铁道车辆技术,铁道运输类,交通运输大类,铁道车辆技术,铁道运输类,交通运输大类,exact
山东交通职业学院,物理,山东交通职业学院01,261601,01,航海技术(水面舰艇人员合格)(只招男生)(海军),航海运输类,交通运输大类,航海技术,水上运输类,交通运输大类,exact
山东交通职业学院,物理,山东交通职业学院01,261601,02,轮机工程技术(水面舰艇人员合格)(只招男生)(海军),航海运输类,交通运输大类,轮机工程技术,水上运输类,交通运输大类,exact
山东交通职业学院,物理,山东交通职业学院01,261601,03,船舶电子电气技术(水面舰艇人员合格)(只招男生)(海军),航海运输类,交通运输大类,船舶电子电气技术,水上运输类,交通运输大类,exact
三峡电力职业学院,历史,三峡电力职业学院01,526601,01,发电厂及电力系统,能源动力与材料类,能源动力与材料大类,发电厂及电力系统,电力技术类,能源动力与材料大类,exact
三峡电力职业学院,历史,三峡电力职业学院01,526601,02,电力系统继电保护技术,能源动力与材料类,能源动力与材料大类,电力系统继电保护技术,电力技术类,能源动力与材料大类,exact
三峡电力职业学院,历史,三峡电力职业学院01,526601,03,电力系统自动化技术,电气自动化类,装备制造大类,电力系统自动化技术,电力技术类,能源动力与材料大类,exact
三峡电力职业学院,历史,三峡电力职业学院01,526601,04,机电一体化技术,电气自动化类,装备制造大类,机电一体化技术,自动化类,装备制造大类,exact
三峡电力职业学院,历史,三峡电力职业学院01,526601,05,电气自动化技术,电气自动化类,装备制造大类,电气自动化技术,自动化类,装备制造大类,exact
上海现代化工职业学院,物理,上海现代化工职业学院02,217002,04,应用化工技术,生物化工类,生物与化工大类,应用化工技术,化工技术类,生物与化工大类,exact
上海现代化工职业学院,物理,上海现代化工职业学院02,217002,05,分析检验技术,生物化工类,生物与化工大类,分析检验技术,化工技术类,生物与化工大类,exact
上海现代化工职业学院,物理,上海现代化工职业学院02,217002,06,高分子材料智能制造技术,电气自动化类,装备制造大类,高分子材料智能制造技术,非金属材料类,能源动力与材料大类,exact
上海现代化工职业学院,物理,上海现代化工职业学院02,217002,07,新能源材料应用技术,能源动力与材料类,能源动力与材料大类,新能源材料应用技术,新能源发电工程类,能源动力与材料大类,exact
上海现代化工职业学院,物理,上海现代化工职业学院02,217002,08,绿色生物制造技术,机械设计制造类,装备制造大类,绿色生物制造技术,生物技术类,生物与化工大类,exact
上海现代化工职业学院,物理,上海现代化工职业学院02,217002,09,机电一体化技术,电气自动化类,装备制造大类,机电一体化技术,自动化类,装备制造大类,exact
上海现代化工职业学院,物理,上海现代化工职业学院02,217002,10,数字化设计与制造技术,机械设计制造类,装备制造大类,数字化设计与制造技术,机械设计制造类,装备制造大类,exact
常州工程职业技术学院,物理,常州工程职业技术学院02,125202,24,分析检验技术,生物化工类,生物与化工大类,分析检验技术,化工技术类,生物与化工大类,exact
常州工程职业技术学院,物理,常州工程职业技术学院02,125202,25,食品质量与安全,食品药品类,食品药品与粮食大类,食品质量与安全,食品类,食品药品与粮食大类,exact
常州工程职业技术学院,物理,常州工程职业技术学院02,125202,26,生物产品检验检疫,其他专业类,其他,生物产品检验检疫,生物技术类,生物与化工大类,exact
常州工程职业技术学院,物理,常州工程职业技术学院02,125202,27,药品生产技术,药学类,医药卫生大类,药品生产技术,药品与医疗器械类,食品药品与粮食大类,exact
常州工程职业技术学院,物理,常州工程职业技术学院02,125202,28,生物制药技术,生物化工类,生物与化工大类,生物制药技术,药品与医疗器械类,食品药品与粮食大类,exact
常州工程职业技术学院,物理,常州工程职业技术学院02,125202,29,大数据与会计,财务会计类,财经商贸大类,大数据与会计,财务会计类,财经商贸大类,exact
常州工程职业技术学院,物理,常州工程职业技术学院02,125202,30,市场营销,财经商贸类,财经商贸大类,市场营销,工商管理类,财经商贸大类,exact
常州工程职业技术学院,物理,常州工程职业技术学院02,125202,31,酒店管理与数字化运营,旅游餐饮类,旅游大类,酒店管理与数字化运营,旅游类,旅游大类,exact
常州工程职业技术学院,物理,常州工程职业技术学院02,125202,32,电子商务,财经商贸类,财经商贸大类,电子商务,电子商务类,财经商贸大类,exact
常州工程职业技术学院,物理,常州工程职业技术学院02,125202,33,商务数据分析与应用,财经商贸类,财经商贸大类,商务数据分析与应用,电子商务类,财经商贸大类,exact
常州工程职业技术学院,物理,常州工程职业技术学院02,125202,34,建筑装饰工程技术,土木建筑类,土木建筑大类,建筑装饰工程技术,建筑设计类,土木建筑大类,exact
常州工程职业技术学院,物理,常州工程职业技术学院02,125202,35,数字媒体技术,计算机类,电子与信息大类,数字媒体技术,计算机类,电子与信息大类,exact
常州工程职业技术学院,物理,常州工程职业技术学院02,125202,36,电气自动化技术,电气自动化类,装备制造大类,电气自动化技术,自动化类,装备制造大类,exact
常州工程职业技术学院,物理,常州工程职业技术学院02,125202,37,物联网应用技术,计算机类,电子与信息大类,物联网应用技术,电子信息类,电子与信息大类,exact
常州工程职业技术学院,物理,常州工程职业技术学院02,125202,38,机电一体化技术,电气自动化类,装备制造大类,机电一体化技术,自动化类,装备制造大类,exact
常州工程职业技术学院,物理,常州工程职业技术学院02,125202,39,人工智能技术应用,计算机类,电子与信息大类,人工智能技术应用,计算机类,电子与信息大类,exact
常州工程职业技术学院,物理,常州工程职业技术学院02,125202,40,新能源汽车技术,汽车制造类,装备制造大类,新能源汽车技术,汽车制造类,装备制造大类,exact
常州工程职业技术学院,物理,常州工程职业技术学院02,125202,41,理化测试与质检技术,机械设计制造类,装备制造大类,理化测试与质检技术,机械设计制造类,装备制造大类,exact
常州工程职业技术学院,物理,常州工程职业技术学院02,125202,42,云计算技术应用,计算机类,电子与信息大类,云计算技术应用,计算机类,电子与信息大类,exact
常州工程职业技术学院,物理,常州工程职业技术学院02,125202,43,大数据技术,计算机类,电子与信息大类,大数据技术,计算机类,电子与信息大类,exact
常州工程职业技术学院,物理,常州工程职业技术学院02,125202,44,机械制造及自动化,电气自动化类,装备制造大类,机械制造及自动化,机械设计制造类,装备制造大类,exact
常州工程职业技术学院,物理,常州工程职业技术学院02,125202,45,应用化工技术,生物化工类,生物与化工大类,应用化工技术,化工技术类,生物与化工大类,exact
常州工程职业技术学院,物理,常州工程职业技术学院02,125202,46,化工智能制造技术,电气自动化类,装备制造大类,化工智能制造技术,化工技术类,生物与化工大类,exact
常州工程职业技术学院,物理,常州工程职业技术学院02,125202,47,光伏材料制备技术,能源动力与材料类,能源动力与材料大类,光伏材料制备技术,非金属材料类,能源动力与材料大类,exact
常州工程职业技术学院,物理,常州工程职业技术学院02,125202,48,高分子材料智能制造技术,电气自动化类,装备制造大类,高分子材料智能制造技术,非金属材料类,能源动力与材料大类,exact
常州工程职业技术学院,物理,常州工程职业技术学院02,125202,49,安全技术与管理,资源环境安全类,资源环境与安全大类,安全技术与管理,安全类,资源环境与安全大类,exact
常州工程职业技术学院,物理,常州工程职业技术学院02,125202,50,储能材料技术,能源动力与材料类,能源动力与材料大类,储能材料技术,有色金属材料类,能源动力与材料大类,exact
常州工程职业技术学院,物理,常州工程职业技术学院02,125202,51,智能建造技术,其他专业类,其他,智能建造技术,土建施工类,土木建筑大类,exact
常州工程职业技术学院,物理,常州工程职业技术学院02,125202,52,道路与桥梁工程技术,土木建筑类,土木建筑大类,道路与桥梁工程技术,道路运输类,交通运输大类,exact
常州工程职业技术学院,物理,常州工程职业技术学院03,125203,53,药品质量与安全(与常州工学院分段培养项目),药学类,医药卫生大类,药品质量与安全,药品与医疗器械类,食品药品与粮食大类,exact
无锡科技职业学院,物理,无锡科技职业学院03,121303,20,微电子技术(与苏州城市学院分段培养项目),电子信息类,电子与信息大类,微电子技术,集成电路类,电子与信息大类,exact
无锡科技职业学院,物理,无锡科技职业学院03,121303,21,模具设计与制造(与江苏理工学院分段培养项目),机械设计制造类,装备制造大类,模具设计与制造,机械设计制造类,装备制造大类,exact
无锡科技职业学院,物理,无锡科技职业学院04,121304,22,无人机应用技术,航空运输类,交通运输大类,无人机应用技术,航空装备类,装备制造大类,exact
无锡科技职业学院,物理,无锡科技职业学院04,121304,23,物联网应用技术,计算机类,电子与信息大类,物联网应用技术,电子信息类,电子与信息大类,exact
无锡科技职业学院,物理,无锡科技职业学院04,121304,24,软件技术,计算机类,电子与信息大类,软件技术,计算机类,电子与信息大类,exact
无锡科技职业学院,物理,无锡科技职业学院04,121304,25,大数据技术,计算机类,电子与信息大类,大数据技术,计算机类,电子与信息大类,exact
无锡科技职业学院,物理,无锡科技职业学院04,121304,26,人工智能技术应用,计算机类,电子与信息大类,人工智能技术应用,计算机类,电子与信息大类,exact
无锡科技职业学院,物理,无锡科技职业学院04,121304,27,应用电子技术,电子信息类,电子与信息大类,应用电子技术,电子信息类,电子与信息大类,exact
无锡科技职业学院,物理,无锡科技职业学院04,121304,28,移动互联应用技术,其他专业类,其他,移动互联应用技术,电子信息类,电子与信息大类,exact
无锡科技职业学院,物理,无锡科技职业学院04,121304,29,智能产品开发与应用,电子信息类,电子与信息大类,智能产品开发与应用,电子信息类,电子与信息大类,exact
无锡科技职业学院,物理,无锡科技职业学院04,121304,30,集成电路技术,电子信息类,电子与信息大类,集成电路技术,集成电路类,电子与信息大类,exact
无锡科技职业学院,物理,无锡科技职业学院04,121304,31,微电子技术,电子信息类,电子与信息大类,微电子技术,集成电路类,电子与信息大类,exact
无锡科技职业学院,物理,无锡科技职业学院04,121304,32,安全技术与管理,资源环境安全类,资源环境与安全大类,安全技术与管理,安全类,资源环境与安全大类,exact
无锡科技职业学院,物理,无锡科技职业学院04,121304,33,数控技术,机械设计制造类,装备制造大类,数控技术,机械设计制造类,装备制造大类,exact
无锡科技职业学院,物理,无锡科技职业学院04,121304,34,模具设计与制造,机械设计制造类,装备制造大类,模具设计与制造,机械设计制造类,装备制造大类,exact
无锡科技职业学院,物理,无锡科技职业学院04,121304,35,机电一体化技术,电气自动化类,装备制造大类,机电一体化技术,自动化类,装备制造大类,exact
无锡科技职业学院,物理,无锡科技职业学院04,121304,36,智能控制技术,电气自动化类,装备制造大类,智能控制技术,自动化类,装备制造大类,exact
无锡科技职业学院,物理,无锡科技职业学院04,121304,37,工业互联网应用,电气自动化类,装备制造大类,工业互联网应用,自动化类,装备制造大类,exact
无锡科技职业学院,物理,无锡科技职业学院04,121304,38,大数据与会计,财务会计类,财经商贸大类,大数据与会计,财务会计类,财经商贸大类,exact
无锡科技职业学院,物理,无锡科技职业学院04,121304,39,跨境电子商务,财经商贸类,财经商贸大类,跨境电子商务,电子商务类,财经商贸大类,exact
无锡科技职业学院,物理,无锡科技职业学院04,121304,40,现代物流管理,财经商贸类,财经商贸大类,现代物流管理,物流类,财经商贸大类,exact
无锡科技职业学院,物理,无锡科技职业学院04,121304,41,供应链运营,其他专业类,其他,供应链运营,物流类,财经商贸大类,exact
无锡科技职业学院,物理,无锡科技职业学院04,121304,42,商务英语(只招英语考生),教育体育类,教育与体育大类,商务英语,语言类,教育与体育大类,exact
无锡科技职业学院,物理,无锡科技职业学院04,121304,43,社区管理与服务,公共管理服务类,公共管理与服务大类,社区管理与服务,公共事业类,公共管理与服务大类,exact
无锡科技职业学院,物理,无锡科技职业学院04,121304,44,虚拟现实技术应用,计算机类,电子与信息大类,虚拟现实技术应用,计算机类,电子与信息大类,exact
重庆水利电力职业技术学院,物理,重庆水利电力职业技术学院02,623702,03,水利水电建筑工程,土木建筑类,土木建筑大类,水利水电建筑工程,水利工程与管理类,水利大类,exact
重庆水利电力职业技术学院,物理,重庆水利电力职业技术学院02,623702,04,水利水电工程技术,其他专业类,其他,水利水电工程技术,水利工程与管理类,水利大类,exact
苏州幼儿师范高等专科学校,物理,苏州幼儿师范高等专科学校03,129003,11,音乐教育(与苏州科技大学分段培养项目)(师范),文化艺术类,文化艺术大类,音乐教育,教育类,教育与体育大类,exact
苏州幼儿师范高等专科学校,物理,苏州幼儿师范高等专科学校04,129004,12,人工智能数据工程技术,计算机类,电子与信息大类,人工智能数据工程技术,计算机类,电子与信息大类,exact
苏州幼儿师范高等专科学校,物理,苏州幼儿师范高等专科学校04,129004,13,社区康复,公共管理服务类,公共管理与服务大类,社区康复,公共服务类,公共管理与服务大类,exact
苏州幼儿师范高等专科学校,物理,苏州幼儿师范高等专科学校04,129004,14,智慧健康养老服务与管理,公共管理服务类,公共管理与服务大类,智慧健康养老服务与管理,公共服务类,公共管理与服务大类,exact
苏州幼儿师范高等专科学校,物理,苏州幼儿师范高等专科学校04,129004,15,体育保健与康复,教育体育类,教育与体育大类,体育保健与康复,体育类,教育与体育大类,exact
苏州幼儿师范高等专科学校,物理,苏州幼儿师范高等专科学校04,129004,16,婴幼儿托育服务与管理,护理医学类,医药卫生大类,婴幼儿托育服务与管理,健康管理与促进类,医药卫生大类,exact
苏州幼儿师范高等专科学校,物理,苏州幼儿师范高等专科学校04,129004,17,早期教育(师范),教育体育类,教育与体育大类,早期教育,教育类,教育与体育大类,exact
苏州幼儿师范高等专科学校,物理,苏州幼儿师范高等专科学校04,129004,18,"学前教育(师范)(报考该专业有色觉要求,具体请查阅院校招生章程)",教育体育类,教育与体育大类,学前教育,教育类,教育与体育大类,exact
苏州幼儿师范高等专科学校,物理,苏州幼儿师范高等专科学校04,129004,19,"特殊教育(师范)(报考该专业有色觉要求,具体请查阅院校招生章程)",其他专业类,其他,特殊教育,教育类,教育与体育大类,exact
苏州幼儿师范高等专科学校,物理,苏州幼儿师范高等专科学校04,129004,20,音乐教育(师范),文化艺术类,文化艺术大类,音乐教育,教育类,教育与体育大类,exact
常州工业职业技术学院,历史,常州工业职业技术学院01,125301,01,电气自动化技术,电气自动化类,装备制造大类,电气自动化技术,自动化类,装备制造大类,exact
常州工业职业技术学院,历史,常州工业职业技术学院01,125301,02,机电一体化技术,电气自动化类,装备制造大类,机电一体化技术,自动化类,装备制造大类,exact
常州工业职业技术学院,历史,常州工业职业技术学院01,125301,03,无人机应用技术,航空运输类,交通运输大类,无人机应用技术,航空装备类,装备制造大类,exact
常州工业职业技术学院,历史,常州工业职业技术学院01,125301,04,电子信息工程技术,电子信息类,电子与信息大类,电子信息工程技术,电子信息类,电子与信息大类,exact
常州工业职业技术学院,历史,常州工业职业技术学院01,125301,05,工业互联网应用,电气自动化类,装备制造大类,工业互联网应用,自动化类,装备制造大类,exact
常州工业职业技术学院,历史,常州工业职业技术学院01,125301,06,具身智能机器人技术,其他专业类,其他,具身智能机器人技术,自动化类,装备制造大类,exact
常州工业职业技术学院,历史,常州工业职业技术学院01,125301,07,大数据技术,计算机类,电子与信息大类,大数据技术,计算机类,电子与信息大类,exact
常州工业职业技术学院,历史,常州工业职业技术学院01,125301,08,人工智能技术应用,计算机类,电子与信息大类,人工智能技术应用,计算机类,电子与信息大类,exact
常州工业职业技术学院,历史,常州工业职业技术学院01,125301,09,物联网应用技术,计算机类,电子与信息大类,物联网应用技术,电子信息类,电子与信息大类,exact
常州工业职业技术学院,历史,常州工业职业技术学院01,125301,10,软件技术,计算机类,电子与信息大类,软件技术,计算机类,电子与信息大类,exact
常州工业职业技术学院,历史,常州工业职业技术学院01,125301,11,新能源汽车检测与维修技术,汽车制造类,装备制造大类,新能源汽车检测与维修技术,道路运输类,交通运输大类,exact
常州工业职业技术学院,历史,常州工业职业技术学院01,125301,12,数控技术,机械设计制造类,装备制造大类,数控技术,机械设计制造类,装备制造大类,exact
常州工业职业技术学院,历史,常州工业职业技术学院01,125301,13,模具设计与制造,机械设计制造类,装备制造大类,模具设计与制造,机械设计制造类,装备制造大类,exact
常州工业职业技术学院,历史,常州工业职业技术学院01,125301,14,机械制造及自动化,电气自动化类,装备制造大类,机械制造及自动化,机械设计制造类,装备制造大类,exact
常州工业职业技术学院,历史,常州工业职业技术学院01,125301,15,数字化设计与制造技术,机械设计制造类,装备制造大类,数字化设计与制造技术,机械设计制造类,装备制造大类,exact
常州工业职业技术学院,历史,常州工业职业技术学院01,125301,16,新能源汽车技术,汽车制造类,装备制造大类,新能源汽车技术,汽车制造类,装备制造大类,exact
常州工业职业技术学院,历史,常州工业职业技术学院01,125301,17,汽车技术服务与营销,汽车制造类,装备制造大类,汽车技术服务与营销,道路运输类,交通运输大类,exact
常州工业职业技术学院,历史,常州工业职业技术学院01,125301,18,高分子材料智能制造技术,电气自动化类,装备制造大类,高分子材料智能制造技术,非金属材料类,能源动力与材料大类,exact
常州工业职业技术学院,历史,常州工业职业技术学院01,125301,19,环境工程技术,资源环境安全类,资源环境与安全大类,环境工程技术,环境保护类,资源环境与安全大类,exact
常州工业职业技术学院,历史,常州工业职业技术学院01,125301,20,药品生产技术,药学类,医药卫生大类,药品生产技术,药品与医疗器械类,食品药品与粮食大类,exact
常州工业职业技术学院,历史,常州工业职业技术学院01,125301,21,新能源材料应用技术,能源动力与材料类,能源动力与材料大类,新能源材料应用技术,新能源发电工程类,能源动力与材料大类,exact
常州工业职业技术学院,历史,常州工业职业技术学院01,125301,22,大数据与会计,财务会计类,财经商贸大类,大数据与会计,财务会计类,财经商贸大类,exact
常州工业职业技术学院,历史,常州工业职业技术学院01,125301,23,国际商务,财经商贸类,财经商贸大类,国际商务,经济贸易类,财经商贸大类,exact
常州工业职业技术学院,历史,常州工业职业技术学院01,125301,24,市场营销,财经商贸类,财经商贸大类,市场营销,工商管理类,财经商贸大类,exact
常州工业职业技术学院,历史,常州工业职业技术学院01,125301,25,电子商务,财经商贸类,财经商贸大类,电子商务,电子商务类,财经商贸大类,exact
常州工业职业技术学院,历史,常州工业职业技术学院01,125301,26,供应链运营,其他专业类,其他,供应链运营,物流类,财经商贸大类,exact
上海旅游高等专科学校,历史,上海旅游高等专科学校01,213401,01,旅游管理,旅游餐饮类,旅游大类,旅游管理,旅游类,旅游大类,exact
上海旅游高等专科学校,历史,上海旅游高等专科学校01,213401,02,定制旅行管理与服务,其他专业类,其他,定制旅行管理与服务,旅游类,旅游大类,exact
上海旅游高等专科学校,历史,上海旅游高等专科学校01,213401,03,酒店管理与数字化运营,旅游餐饮类,旅游大类,酒店管理与数字化运营,旅游类,旅游大类,exact
上海旅游高等专科学校,历史,上海旅游高等专科学校01,213401,04,葡萄酒文化与营销,其他专业类,其他,葡萄酒文化与营销,旅游类,旅游大类,exact
上海旅游高等专科学校,历史,上海旅游高等专科学校01,213401,05,会展策划与管理,旅游餐饮类,旅游大类,会展策划与管理,旅游类,旅游大类,exact
上海旅游高等专科学校,历史,上海旅游高等专科学校01,213401,06,烹饪工艺与营养,食品药品类,食品药品与粮食大类,烹饪工艺与营养,餐饮类,旅游大类,exact
上海旅游高等专科学校,历史,上海旅游高等专科学校01,213401,07,中西面点工艺,其他专业类,其他,中西面点工艺,餐饮类,旅游大类,exact
上海旅游高等专科学校,历史,上海旅游高等专科学校01,213401,08,西式烹饪工艺,食品药品类,食品药品与粮食大类,西式烹饪工艺,餐饮类,旅游大类,exact
上海旅游高等专科学校,历史,上海旅游高等专科学校01,213401,09,文化创意与策划,其他专业类,其他,文化创意与策划,文化服务类,文化艺术大类,exact
上海旅游高等专科学校,历史,上海旅游高等专科学校01,213401,10,全媒体广告策划与营销,文化艺术类,文化艺术大类,全媒体广告策划与营销,广播影视类,新闻传播大类,exact
上海旅游高等专科学校,历史,上海旅游高等专科学校02,213402,11,旅游日语(只招英语或日语考生),旅游餐饮类,旅游大类,旅游日语,语言类,教育与体育大类,exact
上海旅游高等专科学校,历史,上海旅游高等专科学校03,213403,12,应用西班牙语(只招英语或西班牙语考生),其他专业类,其他,应用西班牙语,语言类,教育与体育大类,exact
上海旅游高等专科学校,历史,上海旅游高等专科学校04,213404,13,旅游英语(只招英语考生),教育体育类,教育与体育大类,旅游英语,语言类,教育与体育大类,exact
上海旅游高等专科学校,历史,上海旅游高等专科学校04,213404,14,应用韩语(只招英语考生),其他专业类,其他,应用韩语,语言类,教育与体育大类,exact
上海旅游高等专科学校,历史,上海旅游高等专科学校05,213405,15,"空中乘务(报考该专业有色觉等要求,具体请查阅院校招生章程)",航空运输类,交通运输大类,空中乘务,航空运输类,交通运输大类,exact
南通职业大学,历史,南通职业大学01,131001,01,机械制造及自动化,电气自动化类,装备制造大类,机械制造及自动化,机械设计制造类,装备制造大类,exact
南通职业大学,历史,南通职业大学01,131001,02,机电一体化技术,电气自动化类,装备制造大类,机电一体化技术,自动化类,装备制造大类,exact
南通职业大学,历史,南通职业大学01,131001,03,工业机器人技术,电气自动化类,装备制造大类,工业机器人技术,自动化类,装备制造大类,exact
南通职业大学,历史,南通职业大学01,131001,04,数字化设计与制造技术,机械设计制造类,装备制造大类,数字化设计与制造技术,机械设计制造类,装备制造大类,exact
南通职业大学,历史,南通职业大学01,131001,05,电气自动化技术,电气自动化类,装备制造大类,电气自动化技术,自动化类,装备制造大类,exact
南通职业大学,历史,南通职业大学01,131001,06,计算机应用技术,计算机类,电子与信息大类,计算机应用技术,计算机类,电子与信息大类,exact
南通职业大学,历史,南通职业大学01,131001,07,软件技术,计算机类,电子与信息大类,软件技术,计算机类,电子与信息大类,exact
南通职业大学,历史,南通职业大学01,131001,08,电子信息工程技术,电子信息类,电子与信息大类,电子信息工程技术,电子信息类,电子与信息大类,exact
南通职业大学,历史,南通职业大学01,131001,09,信息安全技术应用,计算机类,电子与信息大类,信息安全技术应用,计算机类,电子与信息大类,exact
南通职业大学,历史,南通职业大学01,131001,10,人工智能技术应用,计算机类,电子与信息大类,人工智能技术应用,计算机类,电子与信息大类,exact
南通职业大学,历史,南通职业大学01,131001,11,工业互联网技术,电气自动化类,装备制造大类,工业互联网技术,计算机类,电子与信息大类,exact
南通职业大学,历史,南通职业大学01,131001,12,环境工程技术,资源环境安全类,资源环境与安全大类,环境工程技术,环境保护类,资源环境与安全大类,exact
南通职业大学,历史,南通职业大学01,131001,13,城市轨道交通运营管理,铁道运输类,交通运输大类,城市轨道交通运营管理,城市轨道交通类,交通运输大类,exact
南通职业大学,历史,南通职业大学01,131001,14,城市轨道交通机电技术,铁道运输类,交通运输大类,城市轨道交通机电技术,城市轨道交通类,交通运输大类,exact
南通职业大学,历史,南通职业大学01,131001,15,新能源汽车技术,汽车制造类,装备制造大类,新能源汽车技术,汽车制造类,装备制造大类,exact
南通职业大学,历史,南通职业大学01,131001,16,智能网联汽车技术,汽车制造类,装备制造大类,智能网联汽车技术,汽车制造类,装备制造大类,exact
南通职业大学,历史,南通职业大学01,131001,17,大数据与会计,财务会计类,财经商贸大类,大数据与会计,财务会计类,财经商贸大类,exact
南通职业大学,历史,南通职业大学01,131001,18,大数据与财务管理,财务会计类,财经商贸大类,大数据与财务管理,财务会计类,财经商贸大类,exact
南通职业大学,历史,南通职业大学01,131001,19,电子商务,财经商贸类,财经商贸大类,电子商务,电子商务类,财经商贸大类,exact
南通职业大学,历史,南通职业大学01,131001,20,现代物流管理,财经商贸类,财经商贸大类,现代物流管理,物流类,财经商贸大类,exact
南通职业大学,历史,南通职业大学01,131001,21,网络营销与直播电商,计算机类,电子与信息大类,网络营销与直播电商,电子商务类,财经商贸大类,exact
南通职业大学,历史,南通职业大学01,131001,22,商务英语,教育体育类,教育与体育大类,商务英语,语言类,教育与体育大类,exact
南通职业大学,历史,南通职业大学01,131001,23,建筑室内设计,土木建筑类,土木建筑大类,建筑室内设计,建筑设计类,土木建筑大类,exact
南通职业大学,历史,南通职业大学01,131001,24,服装设计与工艺,文化艺术类,文化艺术大类,服装设计与工艺,纺织服装类,轻工纺织大类,exact
南通职业大学,历史,南通职业大学01,131001,25,数字媒体技术,计算机类,电子与信息大类,数字媒体技术,计算机类,电子与信息大类,exact
南通职业大学,历史,南通职业大学01,131001,26,动漫制作技术,文化艺术类,文化艺术大类,动漫制作技术,计算机类,电子与信息大类,exact
南通职业大学,历史,南通职业大学02,131002,27,"安全技术与管理(在南通职业大学学习三年,考核合格者可转入南通理工学院学习两年,毕业后颁发南通理工学院本科文凭)",资源环境安全类,资源环境与安全大类,安全技术与管理,安全类,资源环境与安全大类,exact
南通职业大学,历史,南通职业大学02,131002,28,"机械制造及自动化[在南通职业大学学习五年,其中前三年高职阶段教育考核合格者,后两年本科阶段教育继续在高职院校内学习,由本科院校与高职院校联合实施教学,毕业后颁发无锡职业技术大学(原无锡职业技术学院)本科文凭]",电气自动化类,装备制造大类,机械制造及自动化,机械设计制造类,装备制造大类,exact
南通职业大学,历史,南通职业大学02,131002,29,"物联网应用技术[在南通职业大学学习五年,其中前三年高职阶段教育考核合格者,后两年本科阶段教育继续在高职院校内学习,由本科院校与高职院校联合实施教学,毕业后颁发无锡职业技术大学(原无锡职业技术学院)本科文凭]",计算机类,电子与信息大类,物联网应用技术,电子信息类,电子与信息大类,exact
南通职业大学,历史,南通职业大学02,131002,30,"汽车制造与试验技术(在南通职业大学学习五年,其中前三年高职阶段教育考核合格者,后两年本科阶段教育继续在高职院校内学习,由本科院校与高职院校联合实施教学,毕业后颁发南京工业职业技术大学本科文凭)",机械设计制造类,装备制造大类,汽车制造与试验技术,汽车制造类,装备制造大类,exact
汉江师范学院,物理,汉江师范学院04,522504,07,无人机应用技术,航空运输类,交通运输大类,无人机应用技术,航空装备类,装备制造大类,exact
汉江师范学院,物理,汉江师范学院04,522504,08,计算机应用技术,计算机类,电子与信息大类,计算机应用技术,计算机类,电子与信息大类,exact
汉江师范学院,物理,汉江师范学院04,522504,09,大数据技术,计算机类,电子与信息大类,大数据技术,计算机类,电子与信息大类,exact
汉江师范学院,物理,汉江师范学院04,522504,10,大数据与会计,财务会计类,财经商贸大类,大数据与会计,财务会计类,财经商贸大类,exact
汉江师范学院,物理,汉江师范学院04,522504,11,电子商务,财经商贸类,财经商贸大类,电子商务,电子商务类,财经商贸大类,exact
张家界航空工业职业技术学院,物理,张家界航空工业职业技术学院03,535603,06,飞机电子设备维修,航空运输类,交通运输大类,飞机电子设备维修,航空运输类,交通运输大类,exact
张家界航空工业职业技术学院,物理,张家界航空工业职业技术学院03,535603,07,电气自动化技术,电气自动化类,装备制造大类,电气自动化技术,自动化类,装备制造大类,exact
张家界航空工业职业技术学院,物理,张家界航空工业职业技术学院03,535603,08,卫星通信与导航技术,电子信息类,电子与信息大类,卫星通信与导航技术,通信类,电子与信息大类,exact
哈尔滨铁道职业技术学院,物理,哈尔滨铁道职业技术学院02,431702,04,高速铁路施工与维护,铁道运输类,交通运输大类,高速铁路施工与维护,铁道运输类,交通运输大类,exact
哈尔滨铁道职业技术学院,物理,哈尔滨铁道职业技术学院02,431702,05,铁道信号自动控制,铁道运输类,交通运输大类,铁道信号自动控制,铁道运输类,交通运输大类,exact
徐州生物工程职业技术学院,历史,徐州生物工程职业技术学院01,123301,01,"护理(报考该专业有色觉要求,具体请查阅院校招生章程)",护理医学类,医药卫生大类,护理,护理类,医药卫生大类,exact
徐州生物工程职业技术学院,历史,徐州生物工程职业技术学院01,123301,02,"口腔卫生保健(报考该专业有色觉要求,具体请查阅院校招生章程)",护理医学类,医药卫生大类,口腔卫生保健,健康管理与促进类,医药卫生大类,exact
徐州生物工程职业技术学院,历史,徐州生物工程职业技术学院01,123301,03,"中医康复技术(报考该专业有色觉要求,具体请查阅院校招生章程)",护理医学类,医药卫生大类,中医康复技术,中医药类,医药卫生大类,exact
徐州生物工程职业技术学院,历史,徐州生物工程职业技术学院01,123301,04,"康复治疗技术(报考该专业有色觉要求,具体请查阅院校招生章程)",护理医学类,医药卫生大类,康复治疗技术,康复治疗类,医药卫生大类,exact
徐州生物工程职业技术学院,历史,徐州生物工程职业技术学院01,123301,05,"中医养生保健(报考该专业有色觉要求,具体请查阅院校招生章程)",护理医学类,医药卫生大类,中医养生保健,中医药类,医药卫生大类,exact
徐州生物工程职业技术学院,历史,徐州生物工程职业技术学院01,123301,06,"药学(报考该专业有色觉要求,具体请查阅院校招生章程)",药学类,医药卫生大类,药学,药学类,医药卫生大类,exact
徐州生物工程职业技术学院,历史,徐州生物工程职业技术学院01,123301,07,"中药学(报考该专业有色觉要求,具体请查阅院校招生章程)",药学类,医药卫生大类,中药学,中医药类,医药卫生大类,exact
徐州生物工程职业技术学院,历史,徐州生物工程职业技术学院01,123301,08,药品生物技术,其他专业类,其他,药品生物技术,生物技术类,生物与化工大类,exact
徐州生物工程职业技术学院,历史,徐州生物工程职业技术学院01,123301,09,药品生产技术,药学类,医药卫生大类,药品生产技术,药品与医疗器械类,食品药品与粮食大类,exact
徐州生物工程职业技术学院,历史,徐州生物工程职业技术学院01,123301,10,生物制药技术,生物化工类,生物与化工大类,生物制药技术,药品与医疗器械类,食品药品与粮食大类,exact
徐州生物工程职业技术学院,历史,徐州生物工程职业技术学院01,123301,11,药品质量与安全,药学类,医药卫生大类,药品质量与安全,药品与医疗器械类,食品药品与粮食大类,exact
徐州生物工程职业技术学院,历史,徐州生物工程职业技术学院01,123301,12,现代农业技术,农林牧渔类,农林牧渔大类,现代农业技术,农业类,农林牧渔大类,exact
徐州生物工程职业技术学院,历史,徐州生物工程职业技术学院01,123301,13,植物保护与检疫技术,其他专业类,其他,植物保护与检疫技术,农业类,农林牧渔大类,exact
徐州生物工程职业技术学院,历史,徐州生物工程职业技术学院01,123301,14,智能医疗装备技术,其他专业类,其他,智能医疗装备技术,药品与医疗器械类,食品药品与粮食大类,exact
徐州生物工程职业技术学院,历史,徐州生物工程职业技术学院01,123301,15,康复工程技术,其他专业类,其他,康复工程技术,药品与医疗器械类,食品药品与粮食大类,exact
徐州生物工程职业技术学院,历史,徐州生物工程职业技术学院01,123301,16,环境监测技术,资源环境安全类,资源环境与安全大类,环境监测技术,环境保护类,资源环境与安全大类,exact
徐州生物工程职业技术学院,历史,徐州生物工程职业技术学院01,123301,17,环境工程技术,资源环境安全类,资源环境与安全大类,环境工程技术,环境保护类,资源环境与安全大类,exact
徐州生物工程职业技术学院,历史,徐州生物工程职业技术学院01,123301,18,生态环境修复技术,资源环境安全类,资源环境与安全大类,生态环境修复技术,环境保护类,资源环境与安全大类,exact
徐州生物工程职业技术学院,历史,徐州生物工程职业技术学院01,123301,19,物联网应用技术,计算机类,电子与信息大类,物联网应用技术,电子信息类,电子与信息大类,exact
徐州生物工程职业技术学院,历史,徐州生物工程职业技术学院01,123301,20,计算机应用技术,计算机类,电子与信息大类,计算机应用技术,计算机类,电子与信息大类,exact
徐州生物工程职业技术学院,历史,徐州生物工程职业技术学院01,123301,21,大数据与会计,财务会计类,财经商贸大类,大数据与会计,财务会计类,财经商贸大类,exact
徐州生物工程职业技术学院,历史,徐州生物工程职业技术学院01,123301,22,电子商务,财经商贸类,财经商贸大类,电子商务,电子商务类,财经商贸大类,exact
徐州生物工程职业技术学院,历史,徐州生物工程职业技术学院02,123302,23,大数据与会计(与徐州工程学院分段培养项目)(泉山校区),财务会计类,财经商贸大类,大数据与会计,财务会计类,财经商贸大类,exact
徐州生物工程职业技术学院,历史,徐州生物工程职业技术学院02,123302,24,环境工程技术(与徐州工程学院分段培养项目)(泉山校区),资源环境安全类,资源环境与安全大类,环境工程技术,环境保护类,资源环境与安全大类,exact
厦门海洋职业技术学院,物理,厦门海洋职业技术学院01,241701,01,水产养殖技术(翔安校区),农林牧渔类,农林牧渔大类,水产养殖技术,渔业类,农林牧渔大类,exact
厦门海洋职业技术学院,物理,厦门海洋职业技术学院01,241701,02,电子信息工程技术(翔安校区),电子信息类,电子与信息大类,电子信息工程技术,电子信息类,电子与信息大类,exact
厦门海洋职业技术学院,物理,厦门海洋职业技术学院01,241701,05,港口与航运管理,航海运输类,交通运输大类,港口与航运管理,水上运输类,交通运输大类,exact
江苏航运职业技术学院,历史,江苏航运职业技术学院01,131101,03,"船舶电子电气技术(报考该专业有色觉要求,具体请查阅院校招生章程)",航海运输类,交通运输大类,船舶电子电气技术,水上运输类,交通运输大类,exact
江苏航运职业技术学院,历史,江苏航运职业技术学院01,131101,04,水路运输安全管理,航海运输类,交通运输大类,水路运输安全管理,水上运输类,交通运输大类,exact
江苏航运职业技术学院,历史,江苏航运职业技术学院01,131101,05,船舶动力工程技术,航海运输类,交通运输大类,船舶动力工程技术,船舶与海洋工程装备类,装备制造大类,exact
江苏航运职业技术学院,历史,江苏航运职业技术学院01,131101,06,船舶工程技术,航海运输类,交通运输大类,船舶工程技术,船舶与海洋工程装备类,装备制造大类,exact
江苏航运职业技术学院,历史,江苏航运职业技术学院01,131101,07,海洋工程装备技术,其他专业类,其他,海洋工程装备技术,船舶与海洋工程装备类,装备制造大类,exact
江苏航运职业技术学院,历史,江苏航运职业技术学院01,131101,08,港口与航道工程技术,航海运输类,交通运输大类,港口与航道工程技术,水上运输类,交通运输大类,exact
江苏航运职业技术学院,历史,江苏航运职业技术学院01,131101,09,港口与航运管理,航海运输类,交通运输大类,港口与航运管理,水上运输类,交通运输大类,exact
江苏航运职业技术学院,历史,江苏航运职业技术学院01,131101,10,关务与外贸服务,财经商贸类,财经商贸大类,关务与外贸服务,经济贸易类,财经商贸大类,exact
江苏航运职业技术学院,历史,江苏航运职业技术学院01,131101,11,大数据与会计,财务会计类,财经商贸大类,大数据与会计,财务会计类,财经商贸大类,exact
江苏航运职业技术学院,历史,江苏航运职业技术学院01,131101,12,现代物流管理,财经商贸类,财经商贸大类,现代物流管理,物流类,财经商贸大类,exact
江苏航运职业技术学院,历史,江苏航运职业技术学院01,131101,13,电子商务,财经商贸类,财经商贸大类,电子商务,电子商务类,财经商贸大类,exact
江苏航运职业技术学院,历史,江苏航运职业技术学院01,131101,14,港口机械与智能控制,航海运输类,交通运输大类,港口机械与智能控制,水上运输类,交通运输大类,exact
江苏航运职业技术学院,历史,江苏航运职业技术学院01,131101,15,新能源汽车检测与维修技术,汽车制造类,装备制造大类,新能源汽车检测与维修技术,道路运输类,交通运输大类,exact
江苏航运职业技术学院,历史,江苏航运职业技术学院01,131101,16,城市轨道车辆应用技术,铁道运输类,交通运输大类,城市轨道车辆应用技术,城市轨道交通类,交通运输大类,exact
江苏航运职业技术学院,历史,江苏航运职业技术学院01,131101,17,城市轨道交通通信信号技术,铁道运输类,交通运输大类,城市轨道交通通信信号技术,城市轨道交通类,交通运输大类,exact
江苏航运职业技术学院,历史,江苏航运职业技术学院01,131101,18,机电一体化技术,电气自动化类,装备制造大类,机电一体化技术,自动化类,装备制造大类,exact
江苏航运职业技术学院,历史,江苏航运职业技术学院01,131101,19,工业机器人技术,电气自动化类,装备制造大类,工业机器人技术,自动化类,装备制造大类,exact
江苏航运职业技术学院,历史,江苏航运职业技术学院01,131101,20,智能制造装备技术,电气自动化类,装备制造大类,智能制造装备技术,机电设备类,装备制造大类,exact
江苏航运职业技术学院,历史,江苏航运职业技术学院01,131101,21,无人机应用技术,航空运输类,交通运输大类,无人机应用技术,航空装备类,装备制造大类,exact
江苏航运职业技术学院,历史,江苏航运职业技术学院01,131101,22,飞机机电设备维修,航空运输类,交通运输大类,飞机机电设备维修,航空运输类,交通运输大类,exact
江苏航运职业技术学院,历史,江苏航运职业技术学院01,131101,23,计算机网络技术,计算机类,电子与信息大类,计算机网络技术,计算机类,电子与信息大类,exact
江苏航运职业技术学院,历史,江苏航运职业技术学院01,131101,24,大数据技术,计算机类,电子与信息大类,大数据技术,计算机类,电子与信息大类,exact
江苏航运职业技术学院,历史,江苏航运职业技术学院01,131101,25,国际邮轮乘务管理,其他专业类,其他,国际邮轮乘务管理,水上运输类,交通运输大类,exact
江苏航运职业技术学院,历史,江苏航运职业技术学院01,131101,26,高速铁路客运服务,铁道运输类,交通运输大类,高速铁路客运服务,铁道运输类,交通运输大类,exact
江苏航运职业技术学院,历史,江苏航运职业技术学院02,131102,27,船舶工程技术(与南通理工学院分段培养项目),航海运输类,交通运输大类,船舶工程技术,船舶与海洋工程装备类,装备制造大类,exact
江苏航运职业技术学院,历史,江苏航运职业技术学院03,131103,28,港口与航道工程技术(与南通理工学院分段培养项目),航海运输类,交通运输大类,港口与航道工程技术,水上运输类,交通运输大类,exact
江苏航运职业技术学院,历史,江苏航运职业技术学院04,131104,29,智能焊接技术(与南京工业职业技术大学分段培养项目),机械设计制造类,装备制造大类,智能焊接技术,机械设计制造类,装备制造大类,exact
江苏航运职业技术学院,历史,江苏航运职业技术学院05,131105,30,港口与航运管理(与南京工业职业技术大学分段培养项目),航海运输类,交通运输大类,港口与航运管理,水上运输类,交通运输大类,exact
江苏航运职业技术学院,历史,江苏航运职业技术学院06,131106,31,新能源汽车检测与维修技术(与南京工业职业技术大学分段培养项目),汽车制造类,装备制造大类,新能源汽车检测与维修技术,道路运输类,交通运输大类,exact
江苏航运职业技术学院,历史,江苏航运职业技术学院07,131107,32,机电一体化技术(与南京工业职业技术大学分段培养项目),电气自动化类,装备制造大类,机电一体化技术,自动化类,装备制造大类,exact
扬州工业职业技术学院,物理,扬州工业职业技术学院03,139203,28,分析检验技术(与常州大学分段培养项目),生物化工类,生物与化工大类,分析检验技术,化工技术类,生物与化工大类,exact
扬州工业职业技术学院,物理,扬州工业职业技术学院04,139204,29,计算机网络技术(与南京工业职业技术大学分段培养项目),计算机类,电子与信息大类,计算机网络技术,计算机类,电子与信息大类,exact
扬州工业职业技术学院,物理,扬州工业职业技术学院04,139204,30,石油化工技术(与徐州工程学院分段培养项目),生物化工类,生物与化工大类,石油化工技术,化工技术类,生物与化工大类,exact
扬州工业职业技术学院,物理,扬州工业职业技术学院04,139204,31,电子商务(与徐州工程学院分段培养项目),财经商贸类,财经商贸大类,电子商务,电子商务类,财经商贸大类,exact
扬州工业职业技术学院,物理,扬州工业职业技术学院05,139205,32,分析检验技术,生物化工类,生物与化工大类,分析检验技术,化工技术类,生物与化工大类,exact
扬州工业职业技术学院,物理,扬州工业职业技术学院05,139205,33,环境监测技术,资源环境安全类,资源环境与安全大类,环境监测技术,环境保护类,资源环境与安全大类,exact
扬州工业职业技术学院,物理,扬州工业职业技术学院05,139205,34,石油化工技术,生物化工类,生物与化工大类,石油化工技术,化工技术类,生物与化工大类,exact
扬州工业职业技术学院,物理,扬州工业职业技术学院05,139205,35,应用化工技术,生物化工类,生物与化工大类,应用化工技术,化工技术类,生物与化工大类,exact
扬州工业职业技术学院,物理,扬州工业职业技术学院05,139205,36,复合材料智能制造技术,电气自动化类,装备制造大类,复合材料智能制造技术,非金属材料类,能源动力与材料大类,exact
扬州工业职业技术学院,物理,扬州工业职业技术学院05,139205,37,建筑消防技术,土木建筑类,土木建筑大类,建筑消防技术,建筑设备类,土木建筑大类,exact
扬州工业职业技术学院,物理,扬州工业职业技术学院05,139205,38,电气自动化技术,电气自动化类,装备制造大类,电气自动化技术,自动化类,装备制造大类,exact
扬州工业职业技术学院,物理,扬州工业职业技术学院05,139205,39,工业机器人技术,电气自动化类,装备制造大类,工业机器人技术,自动化类,装备制造大类,exact
扬州工业职业技术学院,物理,扬州工业职业技术学院05,139205,40,机电设备技术,机械设计制造类,装备制造大类,机电设备技术,机电设备类,装备制造大类,exact
扬州工业职业技术学院,物理,扬州工业职业技术学院05,139205,41,机电一体化技术,电气自动化类,装备制造大类,机电一体化技术,自动化类,装备制造大类,exact
扬州工业职业技术学院,物理,扬州工业职业技术学院05,139205,42,机械制造及自动化,电气自动化类,装备制造大类,机械制造及自动化,机械设计制造类,装备制造大类,exact
扬州工业职业技术学院,物理,扬州工业职业技术学院05,139205,43,供用电技术,能源动力与材料类,能源动力与材料大类,供用电技术,电力技术类,能源动力与材料大类,exact
扬州工业职业技术学院,物理,扬州工业职业技术学院05,139205,44,人工智能技术应用,计算机类,电子与信息大类,人工智能技术应用,计算机类,电子与信息大类,exact
扬州工业职业技术学院,物理,扬州工业职业技术学院05,139205,45,电子信息工程技术,电子信息类,电子与信息大类,电子信息工程技术,电子信息类,电子与信息大类,exact
扬州工业职业技术学院,物理,扬州工业职业技术学院05,139205,46,汽车检测与维修技术,汽车制造类,装备制造大类,汽车检测与维修技术,道路运输类,交通运输大类,exact
扬州工业职业技术学院,物理,扬州工业职业技术学院05,139205,47,新能源汽车技术,汽车制造类,装备制造大类,新能源汽车技术,汽车制造类,装备制造大类,exact
扬州工业职业技术学院,物理,扬州工业职业技术学院05,139205,48,无人机应用技术,航空运输类,交通运输大类,无人机应用技术,航空装备类,装备制造大类,exact
天津交通职业学院,物理,天津交通职业学院02,322602,04,工业机器人技术,电气自动化类,装备制造大类,工业机器人技术,自动化类,装备制造大类,exact
天津交通职业学院,物理,天津交通职业学院02,322602,05,工业互联网应用,电气自动化类,装备制造大类,工业互联网应用,自动化类,装备制造大类,exact
河北交通职业技术学院,历史,河北交通职业技术学院01,332901,01,城市轨道交通工程技术,铁道运输类,交通运输大类,城市轨道交通工程技术,城市轨道交通类,交通运输大类,exact
武汉航海职业技术学院,物理,武汉航海职业技术学院03,523303,07,"航海技术(报考该专业有色觉等要求,具体请查阅院校招生章程)",航海运输类,交通运输大类,航海技术,水上运输类,交通运输大类,exact
武汉航海职业技术学院,物理,武汉航海职业技术学院03,523303,08,"轮机工程技术(报考该专业有色觉等要求,具体请查阅院校招生章程)",航海运输类,交通运输大类,轮机工程技术,水上运输类,交通运输大类,exact
武汉警官职业学院,历史,武汉警官职业学院01,527301,01,无人机应用技术,航空运输类,交通运输大类,无人机应用技术,航空装备类,装备制造大类,exact
武汉警官职业学院,历史,武汉警官职业学院01,527301,02,物联网应用技术,计算机类,电子与信息大类,物联网应用技术,电子信息类,电子与信息大类,exact
武汉警官职业学院,历史,武汉警官职业学院01,527301,03,计算机应用技术,计算机类,电子与信息大类,计算机应用技术,计算机类,电子与信息大类,exact
武汉警官职业学院,历史,武汉警官职业学院01,527301,04,计算机网络技术,计算机类,电子与信息大类,计算机网络技术,计算机类,电子与信息大类,exact
武汉警官职业学院,历史,武汉警官职业学院01,527301,05,软件技术,计算机类,电子与信息大类,软件技术,计算机类,电子与信息大类,exact
武汉警官职业学院,历史,武汉警官职业学院01,527301,06,大数据技术,计算机类,电子与信息大类,大数据技术,计算机类,电子与信息大类,exact
武汉警官职业学院,历史,武汉警官职业学院01,527301,07,人工智能技术应用,计算机类,电子与信息大类,人工智能技术应用,计算机类,电子与信息大类,exact
武汉警官职业学院,历史,武汉警官职业学院01,527301,08,区块链技术应用,计算机类,电子与信息大类,区块链技术应用,计算机类,电子与信息大类,exact
武汉警官职业学院,历史,武汉警官职业学院01,527301,09,现代移动通信技术,电子信息类,电子与信息大类,现代移动通信技术,通信类,电子与信息大类,exact
武汉警官职业学院,历史,武汉警官职业学院01,527301,10,低空物流技术与运营,财经商贸类,财经商贸大类,低空物流技术与运营,物流类,财经商贸大类,exact
河南交通职业技术学院,物理,河南交通职业技术学院01,516601,01,电子信息工程技术(只招男生)(郑东校区)(陆军),电子信息类,电子与信息大类,电子信息工程技术,电子信息类,电子与信息大类,exact
河南交通职业技术学院,物理,河南交通职业技术学院01,516601,02,汽车检测与维修技术(只招男生)(航海校区)(陆军),汽车制造类,装备制造大类,汽车检测与维修技术,道路运输类,交通运输大类,exact
河南交通职业技术学院,物理,河南交通职业技术学院01,516601,03,汽车检测与维修技术(只招男生)(航海校区)(空军),汽车制造类,装备制造大类,汽车检测与维修技术,道路运输类,交通运输大类,exact
武汉交通职业学院,历史,武汉交通职业学院01,523601,01,机电一体化技术(只招男生)(陆军),电气自动化类,装备制造大类,机电一体化技术,自动化类,装备制造大类,exact
武汉交通职业学院,历史,武汉交通职业学院01,523601,02,现代物流管理(只招男生)(联勤保障部队),财经商贸类,财经商贸大类,现代物流管理,物流类,财经商贸大类,exact
武汉交通职业学院,历史,武汉交通职业学院02,523602,03,航海技术(水面舰艇人员合格)(只招男生)(武警部队),航海运输类,交通运输大类,航海技术,水上运输类,交通运输大类,exact
浙江交通职业技术学院,物理,浙江交通职业技术学院01,224701,01,轮机工程技术(水面舰艇人员合格)(只招男生)(海军),航海运输类,交通运输大类,轮机工程技术,水上运输类,交通运输大类,exact
浙江交通职业技术学院,物理,浙江交通职业技术学院01,224701,02,智能控制技术(水面舰艇人员合格)(只招男生)(海军),电气自动化类,装备制造大类,智能控制技术,自动化类,装备制造大类,exact
浙江交通职业技术学院,物理,浙江交通职业技术学院01,224701,03,航海技术(水面舰艇人员合格)(只招男生)(武警部队),航海运输类,交通运输大类,航海技术,水上运输类,交通运输大类,exact
浙江交通职业技术学院,物理,浙江交通职业技术学院01,224701,04,轮机工程技术(水面舰艇人员合格)(只招男生)(陆军),航海运输类,交通运输大类,轮机工程技术,水上运输类,交通运输大类,exact
上海中侨职业技术大学,物理,上海中侨职业技术大学05,802905,25,计算机应用技术,计算机类,电子与信息大类,计算机应用技术,计算机类,电子与信息大类,exact
上海中侨职业技术大学,物理,上海中侨职业技术大学05,802905,26,数字媒体技术,计算机类,电子与信息大类,数字媒体技术,计算机类,电子与信息大类,exact
上海中侨职业技术大学,物理,上海中侨职业技术大学05,802905,27,生物制药技术,生物化工类,生物与化工大类,生物制药技术,药品与医疗器械类,食品药品与粮食大类,exact
吉林铁道职业技术大学,物理,吉林铁道职业技术大学01,425001,01,铁道机车车辆制造与维护,铁道运输类,交通运输大类,铁道机车车辆制造与维护,轨道装备类,装备制造大类,exact
吉林铁道职业技术大学,物理,吉林铁道职业技术大学01,425001,02,铁道工程技术,铁道运输类,交通运输大类,铁道工程技术,铁道运输类,交通运输大类,exact
吉林铁道职业技术大学,物理,吉林铁道职业技术大学01,425001,03,高速铁路施工与维护,铁道运输类,交通运输大类,高速铁路施工与维护,铁道运输类,交通运输大类,exact
吉林铁道职业技术大学,物理,吉林铁道职业技术大学01,425001,04,铁道桥梁隧道工程技术,铁道运输类,交通运输大类,铁道桥梁隧道工程技术,铁道运输类,交通运输大类,exact
吉林铁道职业技术大学,物理,吉林铁道职业技术大学01,425001,05,铁道养路机械应用技术,铁道运输类,交通运输大类,铁道养路机械应用技术,铁道运输类,交通运输大类,exact
吉林铁道职业技术大学,物理,吉林铁道职业技术大学01,425001,06,铁道机车运用与维护,铁道运输类,交通运输大类,铁道机车运用与维护,铁道运输类,交通运输大类,exact
吉林铁道职业技术大学,物理,吉林铁道职业技术大学01,425001,07,铁道车辆技术,铁道运输类,交通运输大类,铁道车辆技术,铁道运输类,交通运输大类,exact
吉林铁道职业技术大学,物理,吉林铁道职业技术大学01,425001,08,铁道供电技术,铁道运输类,交通运输大类,铁道供电技术,铁道运输类,交通运输大类,exact
吉林铁道职业技术大学,物理,吉林铁道职业技术大学01,425001,09,高速铁路综合维修技术,铁道运输类,交通运输大类,高速铁路综合维修技术,铁道运输类,交通运输大类,exact
吉林铁道职业技术大学,物理,吉林铁道职业技术大学01,425001,10,铁道信号自动控制,铁道运输类,交通运输大类,铁道信号自动控制,铁道运输类,交通运输大类,exact
吉林铁道职业技术大学,物理,吉林铁道职业技术大学01,425001,11,铁道通信与信息化技术,铁道运输类,交通运输大类,铁道通信与信息化技术,铁道运输类,交通运输大类,exact
吉林铁道职业技术大学,物理,吉林铁道职业技术大学01,425001,12,铁道交通运营管理,铁道运输类,交通运输大类,铁道交通运营管理,铁道运输类,交通运输大类,exact
吉林铁道职业技术大学,物理,吉林铁道职业技术大学01,425001,13,铁路物流管理,铁道运输类,交通运输大类,铁路物流管理,物流类,财经商贸大类,exact
安徽工业经济职业技术学院,历史,安徽工业经济职业技术学院01,234401,01,计算机网络技术,计算机类,电子与信息大类,计算机网络技术,计算机类,电子与信息大类,exact
安徽工业经济职业技术学院,历史,安徽工业经济职业技术学院01,234401,02,大数据与会计,财务会计类,财经商贸大类,大数据与会计,财务会计类,财经商贸大类,exact
青岛港湾职业技术学院,历史,青岛港湾职业技术学院01,264001,01,港口机械与智能控制,航海运输类,交通运输大类,港口机械与智能控制,水上运输类,交通运输大类,exact
青岛港湾职业技术学院,历史,青岛港湾职业技术学院01,264001,02,港口与航运管理,航海运输类,交通运输大类,港口与航运管理,水上运输类,交通运输大类,exact
青岛港湾职业技术学院,历史,青岛港湾职业技术学院01,264001,03,电子商务,财经商贸类,财经商贸大类,电子商务,电子商务类,财经商贸大类,exact
青岛港湾职业技术学院,历史,青岛港湾职业技术学院01,264001,04,空中乘务,航空运输类,交通运输大类,空中乘务,航空运输类,交通运输大类,exact
湖南大众传媒职业技术学院,历史,湖南大众传媒职业技术学院01,531301,01,新闻采编与制作,新闻传播类,新闻传播大类,新闻采编与制作,广播影视类,新闻传播大类,exact
湖南大众传媒职业技术学院,历史,湖南大众传媒职业技术学院01,531301,02,广播影视节目制作,电子信息类,电子与信息大类,广播影视节目制作,广播影视类,新闻传播大类,exact
湖南大众传媒职业技术学院,历史,湖南大众传媒职业技术学院01,531301,03,文化创意与策划,其他专业类,其他,文化创意与策划,文化服务类,文化艺术大类,exact
新疆能源铁道职业技术大学,物理,新疆能源铁道职业技术大学03,753903,07,高速铁路施工与维护,铁道运输类,交通运输大类,高速铁路施工与维护,铁道运输类,交通运输大类,exact
新疆能源铁道职业技术大学,物理,新疆能源铁道职业技术大学03,753903,08,城市轨道交通工程技术,铁道运输类,交通运输大类,城市轨道交通工程技术,城市轨道交通类,交通运输大类,exact
新疆能源铁道职业技术大学,物理,新疆能源铁道职业技术大学03,753903,09,城市轨道交通运营管理,铁道运输类,交通运输大类,城市轨道交通运营管理,城市轨道交通类,交通运输大类,exact
新疆能源铁道职业技术大学,物理,新疆能源铁道职业技术大学03,753903,10,铁道信号自动控制,铁道运输类,交通运输大类,铁道信号自动控制,铁道运输类,交通运输大类,exact
新疆能源铁道职业技术大学,物理,新疆能源铁道职业技术大学03,753903,11,动车组检修技术,铁道运输类,交通运输大类,动车组检修技术,铁道运输类,交通运输大类,exact
新疆能源铁道职业技术大学,物理,新疆能源铁道职业技术大学03,753903,12,铁道机车运用与维护,铁道运输类,交通运输大类,铁道机车运用与维护,铁道运输类,交通运输大类,exact
新疆能源铁道职业技术大学,物理,新疆能源铁道职业技术大学03,753903,13,应用化工技术,生物化工类,生物与化工大类,应用化工技术,化工技术类,生物与化工大类,exact
新疆能源铁道职业技术大学,物理,新疆能源铁道职业技术大学03,753903,14,机械制造及自动化,电气自动化类,装备制造大类,机械制造及自动化,机械设计制造类,装备制造大类,exact
新疆能源铁道职业技术大学,物理,新疆能源铁道职业技术大学04,753904,15,人工智能技术应用,计算机类,电子与信息大类,人工智能技术应用,计算机类,电子与信息大类,exact
新疆能源铁道职业技术大学,物理,新疆能源铁道职业技术大学04,753904,16,大数据技术,计算机类,电子与信息大类,大数据技术,计算机类,电子与信息大类,exact
新疆能源铁道职业技术大学,物理,新疆能源铁道职业技术大学04,753904,17,现代通信技术,电子信息类,电子与信息大类,现代通信技术,通信类,电子与信息大类,exact
江西信息应用职业技术学院,物理,江西信息应用职业技术学院02,252002,02,大气科学技术(中外合作办学)(校本部),其他专业类,其他,大气科学技术,气象类,资源环境与安全大类,exact
徐州工业职业技术学院,历史,徐州工业职业技术学院01,123101,01,高分子材料智能制造技术,电气自动化类,装备制造大类,高分子材料智能制造技术,非金属材料类,能源动力与材料大类,exact
徐州工业职业技术学院,历史,徐州工业职业技术学院01,123101,02,橡胶智能制造技术,电气自动化类,装备制造大类,橡胶智能制造技术,非金属材料类,能源动力与材料大类,exact
徐州工业职业技术学院,历史,徐州工业职业技术学院01,123101,03,机械设计与制造,机械设计制造类,装备制造大类,机械设计与制造,机械设计制造类,装备制造大类,exact
徐州工业职业技术学院,历史,徐州工业职业技术学院01,123101,04,机械制造及自动化,电气自动化类,装备制造大类,机械制造及自动化,机械设计制造类,装备制造大类,exact
徐州工业职业技术学院,历史,徐州工业职业技术学院01,123101,05,机电一体化技术,电气自动化类,装备制造大类,机电一体化技术,自动化类,装备制造大类,exact
徐州工业职业技术学院,历史,徐州工业职业技术学院01,123101,06,工业机器人技术,电气自动化类,装备制造大类,工业机器人技术,自动化类,装备制造大类,exact
徐州工业职业技术学院,历史,徐州工业职业技术学院01,123101,07,智能制造装备技术,电气自动化类,装备制造大类,智能制造装备技术,机电设备类,装备制造大类,exact
徐州工业职业技术学院,历史,徐州工业职业技术学院01,123101,08,电气自动化技术,电气自动化类,装备制造大类,电气自动化技术,自动化类,装备制造大类,exact
徐州工业职业技术学院,历史,徐州工业职业技术学院01,123101,09,新能源汽车技术,汽车制造类,装备制造大类,新能源汽车技术,汽车制造类,装备制造大类,exact
徐州工业职业技术学院,历史,徐州工业职业技术学院01,123101,10,低空飞行器装备技术,其他专业类,其他,低空飞行器装备技术,机电设备类,装备制造大类,exact
徐州工业职业技术学院,历史,徐州工业职业技术学院01,123101,11,应用化工技术,生物化工类,生物与化工大类,应用化工技术,化工技术类,生物与化工大类,exact
徐州工业职业技术学院,历史,徐州工业职业技术学院01,123101,12,药品生产技术,药学类,医药卫生大类,药品生产技术,药品与医疗器械类,食品药品与粮食大类,exact
徐州工业职业技术学院,历史,徐州工业职业技术学院01,123101,13,生物制药技术,生物化工类,生物与化工大类,生物制药技术,药品与医疗器械类,食品药品与粮食大类,exact
徐州工业职业技术学院,历史,徐州工业职业技术学院01,123101,14,人工智能技术应用,计算机类,电子与信息大类,人工智能技术应用,计算机类,电子与信息大类,exact
徐州工业职业技术学院,历史,徐州工业职业技术学院01,123101,15,物联网应用技术,计算机类,电子与信息大类,物联网应用技术,电子信息类,电子与信息大类,exact
徐州工业职业技术学院,历史,徐州工业职业技术学院01,123101,16,软件技术,计算机类,电子与信息大类,软件技术,计算机类,电子与信息大类,exact
徐州工业职业技术学院,历史,徐州工业职业技术学院01,123101,17,大数据与财务管理,财务会计类,财经商贸大类,大数据与财务管理,财务会计类,财经商贸大类,exact
徐州工业职业技术学院,历史,徐州工业职业技术学院01,123101,18,数智营销,其他专业类,其他,数智营销,工商管理类,财经商贸大类,exact
徐州工业职业技术学院,历史,徐州工业职业技术学院01,123101,19,大数据与会计,财务会计类,财经商贸大类,大数据与会计,财务会计类,财经商贸大类,exact
徐州工业职业技术学院,历史,徐州工业职业技术学院01,123101,20,现代物流管理,财经商贸类,财经商贸大类,现代物流管理,物流类,财经商贸大类,exact
徐州工业职业技术学院,历史,徐州工业职业技术学院01,123101,21,建筑装饰工程技术,土木建筑类,土木建筑大类,建筑装饰工程技术,建筑设计类,土木建筑大类,exact
徐州工业职业技术学院,历史,徐州工业职业技术学院01,123101,22,无人机应用技术,航空运输类,交通运输大类,无人机应用技术,航空装备类,装备制造大类,exact
徐州工业职业技术学院,历史,徐州工业职业技术学院01,123101,23,无人机测绘技术,资源环境安全类,资源环境与安全大类,无人机测绘技术,测绘地理信息类,资源环境与安全大类,exact
徐州工业职业技术学院,历史,徐州工业职业技术学院01,123101,24,智慧建筑运维管理,土木建筑类,土木建筑大类,智慧建筑运维管理,建设工程管理类,土木建筑大类,exact
徐州工业职业技术学院,历史,徐州工业职业技术学院02,123102,25,现代物流管理(与南京工业职业技术大学分段培养项目),财经商贸类,财经商贸大类,现代物流管理,物流类,财经商贸大类,exact
江苏航运职业技术学院,历史,江苏航运职业技术学院01,131101,01,"航海技术(报考该专业有色觉要求,具体请查阅院校招生章程)",航海运输类,交通运输大类,航海技术,水上运输类,交通运输大类,exact
江苏航运职业技术学院,历史,江苏航运职业技术学院01,131101,02,"轮机工程技术(报考该专业有色觉要求,具体请查阅院校招生章程)",航海运输类,交通运输大类,轮机工程技术,水上运输类,交通运输大类,exact
泰山职业技术学院,物理,泰山职业技术学院03,271703,03,机电一体化技术(水面舰艇人员合格)(只招男生)(海军),电气自动化类,装备制造大类,机电一体化技术,自动化类,装备制造大类,exact
泰山职业技术学院,物理,泰山职业技术学院04,271704,04,计算机应用技术(只招男生)(军事航天部队),计算机类,电子与信息大类,计算机应用技术,计算机类,电子与信息大类,exact
南通卫生健康职业学院,历史,南通卫生健康职业学院01,131601,01,药品质量与安全,药学类,医药卫生大类,药品质量与安全,药品与医疗器械类,食品药品与粮食大类,exact
南通卫生健康职业学院,历史,南通卫生健康职业学院01,131601,02,药品经营与管理,药学类,医药卫生大类,药品经营与管理,药品与医疗器械类,食品药品与粮食大类,exact
南通卫生健康职业学院,历史,南通卫生健康职业学院01,131601,03,护理,护理医学类,医药卫生大类,护理,护理类,医药卫生大类,exact
南通卫生健康职业学院,历史,南通卫生健康职业学院01,131601,04,药学,药学类,医药卫生大类,药学,药学类,医药卫生大类,exact
南通卫生健康职业学院,历史,南通卫生健康职业学院01,131601,05,中药学,药学类,医药卫生大类,中药学,中医药类,医药卫生大类,exact
南通卫生健康职业学院,历史,南通卫生健康职业学院01,131601,06,中药制药,药学类,医药卫生大类,中药制药,中医药类,医药卫生大类,exact
南通卫生健康职业学院,历史,南通卫生健康职业学院01,131601,07,中医康复技术,护理医学类,医药卫生大类,中医康复技术,中医药类,医药卫生大类,exact
南通卫生健康职业学院,历史,南通卫生健康职业学院01,131601,08,康复治疗技术,护理医学类,医药卫生大类,康复治疗技术,康复治疗类,医药卫生大类,exact
南通卫生健康职业学院,历史,南通卫生健康职业学院01,131601,09,健康管理,护理医学类,医药卫生大类,健康管理,健康管理与促进类,医药卫生大类,exact
南通卫生健康职业学院,历史,南通卫生健康职业学院01,131601,10,婴幼儿托育服务与管理,护理医学类,医药卫生大类,婴幼儿托育服务与管理,健康管理与促进类,医药卫生大类,exact
南通卫生健康职业学院,历史,南通卫生健康职业学院01,131601,11,老年保健与管理,其他专业类,其他,老年保健与管理,健康管理与促进类,医药卫生大类,exact
南通卫生健康职业学院,历史,南通卫生健康职业学院01,131601,12,医养照护服务,其他专业类,其他,医养照护服务,健康管理与促进类,医药卫生大类,exact
南通卫生健康职业学院,历史,南通卫生健康职业学院01,131601,13,智慧健康养老服务与管理,公共管理服务类,公共管理与服务大类,智慧健康养老服务与管理,公共服务类,公共管理与服务大类,exact
江苏工程职业技术学院,历史,江苏工程职业技术学院01,131201,01,化妆品技术(崇川校区),生物化工类,生物与化工大类,化妆品技术,轻化工类,轻工纺织大类,exact
江苏工程职业技术学院,历史,江苏工程职业技术学院01,131201,02,现代纺织技术(崇川校区),其他专业类,其他,现代纺织技术,纺织服装类,轻工纺织大类,exact
江苏工程职业技术学院,历史,江苏工程职业技术学院01,131201,03,服装设计与工艺(崇川校区),文化艺术类,文化艺术大类,服装设计与工艺,纺织服装类,轻工纺织大类,exact
江苏工程职业技术学院,历史,江苏工程职业技术学院01,131201,04,数字化染整技术(崇川校区),其他专业类,其他,数字化染整技术,纺织服装类,轻工纺织大类,exact
江苏工程职业技术学院,历史,江苏工程职业技术学院01,131201,05,纺织品检验与贸易(崇川校区),财经商贸类,财经商贸大类,纺织品检验与贸易,纺织服装类,轻工纺织大类,exact
江苏工程职业技术学院,历史,江苏工程职业技术学院01,131201,06,机械制造及自动化,电气自动化类,装备制造大类,机械制造及自动化,机械设计制造类,装备制造大类,exact
江苏工程职业技术学院,历史,江苏工程职业技术学院01,131201,07,机电一体化技术,电气自动化类,装备制造大类,机电一体化技术,自动化类,装备制造大类,exact
江苏工程职业技术学院,历史,江苏工程职业技术学院01,131201,08,智能控制技术,电气自动化类,装备制造大类,智能控制技术,自动化类,装备制造大类,exact
江苏工程职业技术学院,历史,江苏工程职业技术学院01,131201,09,工业机器人技术,电气自动化类,装备制造大类,工业机器人技术,自动化类,装备制造大类,exact
江苏工程职业技术学院,历史,江苏工程职业技术学院01,131201,10,电气自动化技术,电气自动化类,装备制造大类,电气自动化技术,自动化类,装备制造大类,exact
江苏工程职业技术学院,历史,江苏工程职业技术学院01,131201,11,大数据与会计(崇川校区),财务会计类,财经商贸大类,大数据与会计,财务会计类,财经商贸大类,exact
江苏工程职业技术学院,历史,江苏工程职业技术学院01,131201,12,智能财务系统应用与运维(崇川校区),财务会计类,财经商贸大类,智能财务系统应用与运维,财务会计类,财经商贸大类,exact
江苏工程职业技术学院,历史,江苏工程职业技术学院01,131201,13,国际经济与贸易(崇川校区),财经商贸类,财经商贸大类,国际经济与贸易,经济贸易类,财经商贸大类,exact
江苏工程职业技术学院,历史,江苏工程职业技术学院01,131201,14,数智营销(崇川校区),其他专业类,其他,数智营销,工商管理类,财经商贸大类,exact
江苏工程职业技术学院,历史,江苏工程职业技术学院01,131201,15,电子商务(崇川校区),财经商贸类,财经商贸大类,电子商务,电子商务类,财经商贸大类,exact
江苏工程职业技术学院,历史,江苏工程职业技术学院01,131201,16,智能物流技术(崇川校区),财经商贸类,财经商贸大类,智能物流技术,物流类,财经商贸大类,exact
江苏工程职业技术学院,历史,江苏工程职业技术学院01,131201,17,智慧健康养老服务与管理(崇川校区),公共管理服务类,公共管理与服务大类,智慧健康养老服务与管理,公共服务类,公共管理与服务大类,exact
江苏工程职业技术学院,历史,江苏工程职业技术学院01,131201,18,"建筑室内设计(第一学年在海门校区学习,第二、三学年在崇川校区学习)",土木建筑类,土木建筑大类,建筑室内设计,建筑设计类,土木建筑大类,exact
江苏工程职业技术学院,历史,江苏工程职业技术学院01,131201,19,"现代家用纺织品设计(第一学年在海门校区学习,第二、三学年在崇川校区学习)",文化艺术类,文化艺术大类,现代家用纺织品设计,纺织服装类,轻工纺织大类,exact
江苏工程职业技术学院,历史,江苏工程职业技术学院01,131201,20,"数字媒体技术(第一学年在海门校区学习,第二、三学年在崇川校区学习)",计算机类,电子与信息大类,数字媒体技术,计算机类,电子与信息大类,exact
江苏工程职业技术学院,历史,江苏工程职业技术学院01,131201,21,无人机测绘技术,资源环境安全类,资源环境与安全大类,无人机测绘技术,测绘地理信息类,资源环境与安全大类,exact
江苏工程职业技术学院,历史,江苏工程职业技术学院01,131201,22,建筑工程技术,土木建筑类,土木建筑大类,建筑工程技术,土建施工类,土木建筑大类,exact
江苏工程职业技术学院,历史,江苏工程职业技术学院01,131201,23,工程造价,土木建筑类,土木建筑大类,工程造价,建设工程管理类,土木建筑大类,exact
江苏工程职业技术学院,历史,江苏工程职业技术学院01,131201,24,道路与桥梁工程技术,土木建筑类,土木建筑大类,道路与桥梁工程技术,道路运输类,交通运输大类,exact
江苏工程职业技术学院,历史,江苏工程职业技术学院01,131201,25,城市轨道交通工程技术,铁道运输类,交通运输大类,城市轨道交通工程技术,城市轨道交通类,交通运输大类,exact
江苏工程职业技术学院,历史,江苏工程职业技术学院01,131201,26,电力储能应用技术,能源动力与材料类,能源动力与材料大类,电力储能应用技术,电力技术类,能源动力与材料大类,exact
江苏工程职业技术学院,历史,江苏工程职业技术学院01,131201,27,无人机应用技术,航空运输类,交通运输大类,无人机应用技术,航空装备类,装备制造大类,exact
江苏工程职业技术学院,历史,江苏工程职业技术学院01,131201,28,新能源汽车技术,汽车制造类,装备制造大类,新能源汽车技术,汽车制造类,装备制造大类,exact
江苏工程职业技术学院,历史,江苏工程职业技术学院01,131201,29,飞机机电设备维修,航空运输类,交通运输大类,飞机机电设备维修,航空运输类,交通运输大类,exact
江苏工程职业技术学院,历史,江苏工程职业技术学院01,131201,30,电子信息工程技术,电子信息类,电子与信息大类,电子信息工程技术,电子信息类,电子与信息大类,exact
江苏工程职业技术学院,历史,江苏工程职业技术学院01,131201,31,物联网应用技术,计算机类,电子与信息大类,物联网应用技术,电子信息类,电子与信息大类,exact
江苏工程职业技术学院,历史,江苏工程职业技术学院01,131201,32,计算机应用技术,计算机类,电子与信息大类,计算机应用技术,计算机类,电子与信息大类,exact
江苏工程职业技术学院,历史,江苏工程职业技术学院01,131201,33,大数据技术,计算机类,电子与信息大类,大数据技术,计算机类,电子与信息大类,exact
江苏工程职业技术学院,历史,江苏工程职业技术学院02,131202,34,电子商务(与南通理工学院分段培养项目)(崇川校区),财经商贸类,财经商贸大类,电子商务,电子商务类,财经商贸大类,exact
威海职业学院,物理,威海职业学院03,268603,06,轮机工程技术(水面舰艇人员合格)(只招男生)(武警部队),航海运输类,交通运输大类,轮机工程技术,水上运输类,交通运输大类,exact
威海职业学院,物理,威海职业学院04,268604,07,计算机应用技术(只招男生)(武警部队),计算机类,电子与信息大类,计算机应用技术,计算机类,电子与信息大类,exact
湖北交通职业技术学院,物理,湖北交通职业技术学院05,524605,08,汽车检测与维修技术(只招男生)(空军),汽车制造类,装备制造大类,汽车检测与维修技术,道路运输类,交通运输大类,exact
湖北交通职业技术学院,物理,湖北交通职业技术学院05,524605,09,智能工程机械运用技术(只招男生)(空军),机械设计制造类,装备制造大类,智能工程机械运用技术,道路运输类,交通运输大类,exact
湖北交通职业技术学院,物理,湖北交通职业技术学院06,524606,10,船舶电子电气技术(水面舰艇人员合格)(只招男生)(海军),航海运输类,交通运输大类,船舶电子电气技术,水上运输类,交通运输大类,exact
上海建桥学院,历史,上海建桥学院03,800203,09,国际商务,财经商贸类,财经商贸大类,国际商务,经济贸易类,财经商贸大类,exact
上海建桥学院,历史,上海建桥学院03,800203,10,工商企业管理,其他专业类,其他,工商企业管理,工商管理类,财经商贸大类,exact
上海建桥学院,历史,上海建桥学院03,800203,11,现代物流管理,财经商贸类,财经商贸大类,现代物流管理,物流类,财经商贸大类,exact
河北交通职业技术学院,物理,河北交通职业技术学院02,332902,02,新能源汽车技术,汽车制造类,装备制造大类,新能源汽车技术,汽车制造类,装备制造大类,exact
武汉航海职业技术学院,物理,武汉航海职业技术学院02,523302,04,高速铁路客运服务,铁道运输类,交通运输大类,高速铁路客运服务,铁道运输类,交通运输大类,exact
武汉航海职业技术学院,物理,武汉航海职业技术学院02,523302,05,"民航运输服务(报考该专业有色觉等要求,具体请查阅院校招生章程)",航空运输类,交通运输大类,民航运输服务,航空运输类,交通运输大类,exact
武汉航海职业技术学院,物理,武汉航海职业技术学院02,523302,06,数字媒体技术,计算机类,电子与信息大类,数字媒体技术,计算机类,电子与信息大类,exact
重庆水利电力职业技术学院,历史,重庆水利电力职业技术学院01,623701,01,水利水电建筑工程,土木建筑类,土木建筑大类,水利水电建筑工程,水利工程与管理类,水利大类,exact
重庆水利电力职业技术学院,历史,重庆水利电力职业技术学院01,623701,02,水利水电工程技术,其他专业类,其他,水利水电工程技术,水利工程与管理类,水利大类,exact
陕西财经职业技术学院,物理,陕西财经职业技术学院02,715202,02,大数据与会计,财务会计类,财经商贸大类,大数据与会计,财务会计类,财经商贸大类,exact
湖南汽车工程职业大学,物理,湖南汽车工程职业大学02,536202,03,汽车检测与维修技术[陆战队员(特种作战部队条件兵)合格](只招男生)(海军),汽车制造类,装备制造大类,汽车检测与维修技术,道路运输类,交通运输大类,exact
湖南汽车工程职业大学,物理,湖南汽车工程职业大学02,536202,04,计算机网络技术(只招男生)(火箭军),计算机类,电子与信息大类,计算机网络技术,计算机类,电子与信息大类,exact
湖南交通职业技术学院,物理,湖南交通职业技术学院02,539202,03,城市轨道交通运营管理,铁道运输类,交通运输大类,城市轨道交通运营管理,城市轨道交通类,交通运输大类,exact
苏州健雄职业技术学院,物理,苏州健雄职业技术学院04,127904,24,"机电一体化技术[在苏州健雄职业技术学院学习三年,考核合格者可转入苏州工学院(原常熟理工学院)学习两年,毕业后颁发苏州工学院(原常熟理工学院)本科文凭]",电气自动化类,装备制造大类,机电一体化技术,自动化类,装备制造大类,exact
苏州健雄职业技术学院,物理,苏州健雄职业技术学院04,127904,25,"工业机器人技术[在苏州健雄职业技术学院学习三年,考核合格者可转入苏州职业技术大学(原苏州市职业大学)学习两年,毕业后颁发苏州职业技术大学(原苏州市职业大学)本科文凭]",电气自动化类,装备制造大类,工业机器人技术,自动化类,装备制造大类,exact
苏州健雄职业技术学院,物理,苏州健雄职业技术学院04,127904,26,"物联网应用技术(在苏州健雄职业技术学院学习五年,其中前三年高职阶段教育考核合格者,后两年本科阶段教育继续在高职院校内学习,由本科院校与高职院校联合实施教学,毕业后颁发常州工学院本科文凭)",计算机类,电子与信息大类,物联网应用技术,电子信息类,电子与信息大类,exact
苏州健雄职业技术学院,物理,苏州健雄职业技术学院04,127904,27,"现代物流管理(在苏州健雄职业技术学院学习五年,其中前三年高职阶段教育考核合格者,后两年本科阶段教育继续在高职院校内学习,由本科院校与高职院校联合实施教学,毕业后颁发无锡太湖学院本科文凭)",财经商贸类,财经商贸大类,现代物流管理,物流类,财经商贸大类,exact
苏州健雄职业技术学院,物理,苏州健雄职业技术学院05,127905,28,模具设计与制造,机械设计制造类,装备制造大类,模具设计与制造,机械设计制造类,装备制造大类,exact
苏州健雄职业技术学院,物理,苏州健雄职业技术学院05,127905,29,电气自动化技术,电气自动化类,装备制造大类,电气自动化技术,自动化类,装备制造大类,exact
苏州健雄职业技术学院,物理,苏州健雄职业技术学院05,127905,30,机电一体化技术,电气自动化类,装备制造大类,机电一体化技术,自动化类,装备制造大类,exact
苏州健雄职业技术学院,物理,苏州健雄职业技术学院05,127905,31,无人机应用技术,航空运输类,交通运输大类,无人机应用技术,航空装备类,装备制造大类,exact
苏州健雄职业技术学院,物理,苏州健雄职业技术学院05,127905,32,数字化设计与制造技术,机械设计制造类,装备制造大类,数字化设计与制造技术,机械设计制造类,装备制造大类,exact
苏州健雄职业技术学院,物理,苏州健雄职业技术学院05,127905,33,药品生物技术,其他专业类,其他,药品生物技术,生物技术类,生物与化工大类,exact
苏州健雄职业技术学院,物理,苏州健雄职业技术学院05,127905,34,分析检验技术,生物化工类,生物与化工大类,分析检验技术,化工技术类,生物与化工大类,exact
苏州健雄职业技术学院,物理,苏州健雄职业技术学院05,127905,35,医学生物技术,其他专业类,其他,医学生物技术,医学技术类,医药卫生大类,exact
苏州健雄职业技术学院,物理,苏州健雄职业技术学院05,127905,36,药学,药学类,医药卫生大类,药学,药学类,医药卫生大类,exact
苏州健雄职业技术学院,物理,苏州健雄职业技术学院05,127905,37,绿色生物制造技术,机械设计制造类,装备制造大类,绿色生物制造技术,生物技术类,生物与化工大类,exact
苏州健雄职业技术学院,物理,苏州健雄职业技术学院05,127905,38,生物信息技术,其他专业类,其他,生物信息技术,生物技术类,生物与化工大类,exact
苏州健雄职业技术学院,物理,苏州健雄职业技术学院05,127905,39,软件技术,计算机类,电子与信息大类,软件技术,计算机类,电子与信息大类,exact
苏州健雄职业技术学院,物理,苏州健雄职业技术学院05,127905,40,物联网应用技术,计算机类,电子与信息大类,物联网应用技术,电子信息类,电子与信息大类,exact
苏州健雄职业技术学院,物理,苏州健雄职业技术学院05,127905,41,人工智能技术应用,计算机类,电子与信息大类,人工智能技术应用,计算机类,电子与信息大类,exact
苏州健雄职业技术学院,物理,苏州健雄职业技术学院05,127905,42,智能产品开发与应用,电子信息类,电子与信息大类,智能产品开发与应用,电子信息类,电子与信息大类,exact
苏州健雄职业技术学院,物理,苏州健雄职业技术学院05,127905,43,集成电路技术,电子信息类,电子与信息大类,集成电路技术,集成电路类,电子与信息大类,exact
苏州健雄职业技术学院,物理,苏州健雄职业技术学院05,127905,44,旅游管理,旅游餐饮类,旅游大类,旅游管理,旅游类,旅游大类,exact
苏州健雄职业技术学院,物理,苏州健雄职业技术学院05,127905,45,大数据与财务管理,财务会计类,财经商贸大类,大数据与财务管理,财务会计类,财经商贸大类,exact
苏州健雄职业技术学院,物理,苏州健雄职业技术学院05,127905,46,跨境电子商务,财经商贸类,财经商贸大类,跨境电子商务,电子商务类,财经商贸大类,exact
苏州健雄职业技术学院,物理,苏州健雄职业技术学院05,127905,47,人力资源管理,公共管理服务类,公共管理与服务大类,人力资源管理,公共管理类,公共管理与服务大类,exact
苏州健雄职业技术学院,物理,苏州健雄职业技术学院05,127905,48,数字媒体技术,计算机类,电子与信息大类,数字媒体技术,计算机类,电子与信息大类,exact
苏州健雄职业技术学院,物理,苏州健雄职业技术学院06,127906,49,现代物流管理(中外合作办学),财经商贸类,财经商贸大类,现代物流管理,物流类,财经商贸大类,exact
武汉船舶职业技术学院,物理,武汉船舶职业技术学院03,522703,13,轮机工程技术(水面舰艇人员合格)(只招男生)(海军),航海运输类,交通运输大类,轮机工程技术,水上运输类,交通运输大类,exact
武汉船舶职业技术学院,物理,武汉船舶职业技术学院03,522703,14,船舶电子电气技术(水面舰艇人员合格)(只招男生)(武警部队),航海运输类,交通运输大类,船舶电子电气技术,水上运输类,交通运输大类,exact
南通职业大学,物理,南通职业大学03,131003,31,机械制造及自动化,电气自动化类,装备制造大类,机械制造及自动化,机械设计制造类,装备制造大类,exact
南通职业大学,物理,南通职业大学03,131003,32,机电一体化技术,电气自动化类,装备制造大类,机电一体化技术,自动化类,装备制造大类,exact
南通职业大学,物理,南通职业大学03,131003,33,工业机器人技术,电气自动化类,装备制造大类,工业机器人技术,自动化类,装备制造大类,exact
南通职业大学,物理,南通职业大学03,131003,34,数字化设计与制造技术,机械设计制造类,装备制造大类,数字化设计与制造技术,机械设计制造类,装备制造大类,exact
南通职业大学,物理,南通职业大学03,131003,35,电气自动化技术,电气自动化类,装备制造大类,电气自动化技术,自动化类,装备制造大类,exact
南通职业大学,物理,南通职业大学03,131003,36,计算机应用技术,计算机类,电子与信息大类,计算机应用技术,计算机类,电子与信息大类,exact
南通职业大学,物理,南通职业大学03,131003,37,软件技术,计算机类,电子与信息大类,软件技术,计算机类,电子与信息大类,exact
南通职业大学,物理,南通职业大学03,131003,38,电子信息工程技术,电子信息类,电子与信息大类,电子信息工程技术,电子信息类,电子与信息大类,exact
南通职业大学,物理,南通职业大学03,131003,39,信息安全技术应用,计算机类,电子与信息大类,信息安全技术应用,计算机类,电子与信息大类,exact
南通职业大学,物理,南通职业大学03,131003,40,人工智能技术应用,计算机类,电子与信息大类,人工智能技术应用,计算机类,电子与信息大类,exact
南通职业大学,物理,南通职业大学03,131003,41,工业互联网技术,电气自动化类,装备制造大类,工业互联网技术,计算机类,电子与信息大类,exact
南通职业大学,物理,南通职业大学03,131003,42,环境工程技术,资源环境安全类,资源环境与安全大类,环境工程技术,环境保护类,资源环境与安全大类,exact
南通职业大学,物理,南通职业大学03,131003,43,药品生产技术,药学类,医药卫生大类,药品生产技术,药品与医疗器械类,食品药品与粮食大类,exact
南通职业大学,物理,南通职业大学03,131003,44,药品质量与安全,药学类,医药卫生大类,药品质量与安全,药品与医疗器械类,食品药品与粮食大类,exact
南通职业大学,物理,南通职业大学03,131003,45,药品经营与管理,药学类,医药卫生大类,药品经营与管理,药品与医疗器械类,食品药品与粮食大类,exact
南通职业大学,物理,南通职业大学03,131003,46,应用化工技术,生物化工类,生物与化工大类,应用化工技术,化工技术类,生物与化工大类,exact
南通职业大学,物理,南通职业大学03,131003,47,城市轨道交通运营管理,铁道运输类,交通运输大类,城市轨道交通运营管理,城市轨道交通类,交通运输大类,exact
南通职业大学,物理,南通职业大学03,131003,48,城市轨道交通机电技术,铁道运输类,交通运输大类,城市轨道交通机电技术,城市轨道交通类,交通运输大类,exact
南通职业大学,物理,南通职业大学03,131003,49,新能源汽车技术,汽车制造类,装备制造大类,新能源汽车技术,汽车制造类,装备制造大类,exact
南通职业大学,物理,南通职业大学03,131003,50,智能网联汽车技术,汽车制造类,装备制造大类,智能网联汽车技术,汽车制造类,装备制造大类,exact
南通职业大学,物理,南通职业大学03,131003,51,大数据与会计,财务会计类,财经商贸大类,大数据与会计,财务会计类,财经商贸大类,exact
南通职业大学,物理,南通职业大学03,131003,52,大数据与财务管理,财务会计类,财经商贸大类,大数据与财务管理,财务会计类,财经商贸大类,exact
南通职业大学,物理,南通职业大学03,131003,53,电子商务,财经商贸类,财经商贸大类,电子商务,电子商务类,财经商贸大类,exact
南通职业大学,物理,南通职业大学03,131003,54,现代物流管理,财经商贸类,财经商贸大类,现代物流管理,物流类,财经商贸大类,exact
南通职业大学,物理,南通职业大学03,131003,55,网络营销与直播电商,计算机类,电子与信息大类,网络营销与直播电商,电子商务类,财经商贸大类,exact
南通职业大学,物理,南通职业大学03,131003,56,商务英语,教育体育类,教育与体育大类,商务英语,语言类,教育与体育大类,exact
南通职业大学,物理,南通职业大学03,131003,57,建筑室内设计,土木建筑类,土木建筑大类,建筑室内设计,建筑设计类,土木建筑大类,exact
南通职业大学,物理,南通职业大学03,131003,58,服装设计与工艺,文化艺术类,文化艺术大类,服装设计与工艺,纺织服装类,轻工纺织大类,exact
南通职业大学,物理,南通职业大学03,131003,59,数字媒体技术,计算机类,电子与信息大类,数字媒体技术,计算机类,电子与信息大类,exact
南通职业大学,物理,南通职业大学03,131003,60,动漫制作技术,文化艺术类,文化艺术大类,动漫制作技术,计算机类,电子与信息大类,exact
南通职业大学,物理,南通职业大学04,131004,61,"安全技术与管理(在南通职业大学学习三年,考核合格者可转入南通理工学院学习两年,毕业后颁发南通理工学院本科文凭)",资源环境安全类,资源环境与安全大类,安全技术与管理,安全类,资源环境与安全大类,exact
南通职业大学,物理,南通职业大学04,131004,62,"机械制造及自动化[在南通职业大学学习五年,其中前三年高职阶段教育考核合格者,后两年本科阶段教育继续在高职院校内学习,由本科院校与高职院校联合实施教学,毕业后颁发无锡职业技术大学(原无锡职业技术学院)本科文凭]",电气自动化类,装备制造大类,机械制造及自动化,机械设计制造类,装备制造大类,exact
南通职业大学,物理,南通职业大学04,131004,63,"物联网应用技术[在南通职业大学学习五年,其中前三年高职阶段教育考核合格者,后两年本科阶段教育继续在高职院校内学习,由本科院校与高职院校联合实施教学,毕业后颁发无锡职业技术大学(原无锡职业技术学院)本科文凭]",计算机类,电子与信息大类,物联网应用技术,电子信息类,电子与信息大类,exact
南通职业大学,物理,南通职业大学04,131004,64,"汽车制造与试验技术(在南通职业大学学习五年,其中前三年高职阶段教育考核合格者,后两年本科阶段教育继续在高职院校内学习,由本科院校与高职院校联合实施教学,毕业后颁发南京工业职业技术大学本科文凭)",机械设计制造类,装备制造大类,汽车制造与试验技术,汽车制造类,装备制造大类,exact
无锡工艺职业技术学院,历史,无锡工艺职业技术学院01,121501,01,材料工程技术,能源动力与材料类,能源动力与材料大类,材料工程技术,非金属材料类,能源动力与材料大类,exact
无锡工艺职业技术学院,历史,无锡工艺职业技术学院01,121501,02,陶瓷制造技术与工艺,机械设计制造类,装备制造大类,陶瓷制造技术与工艺,轻化工类,轻工纺织大类,exact
无锡工艺职业技术学院,历史,无锡工艺职业技术学院01,121501,03,服装设计与工艺,文化艺术类,文化艺术大类,服装设计与工艺,纺织服装类,轻工纺织大类,exact
无锡工艺职业技术学院,历史,无锡工艺职业技术学院01,121501,04,数控技术,机械设计制造类,装备制造大类,数控技术,机械设计制造类,装备制造大类,exact
无锡工艺职业技术学院,历史,无锡工艺职业技术学院01,121501,05,眼视光技术,护理医学类,医药卫生大类,眼视光技术,眼视光类,医药卫生大类,exact
无锡工艺职业技术学院,历史,无锡工艺职业技术学院01,121501,06,电线电缆制造技术,机械设计制造类,装备制造大类,电线电缆制造技术,机械设计制造类,装备制造大类,exact
无锡工艺职业技术学院,历史,无锡工艺职业技术学院01,121501,07,电气自动化技术,电气自动化类,装备制造大类,电气自动化技术,自动化类,装备制造大类,exact
无锡工艺职业技术学院,历史,无锡工艺职业技术学院01,121501,08,集成电路技术,电子信息类,电子与信息大类,集成电路技术,集成电路类,电子与信息大类,exact
无锡工艺职业技术学院,历史,无锡工艺职业技术学院01,121501,09,大数据技术,计算机类,电子与信息大类,大数据技术,计算机类,电子与信息大类,exact
无锡工艺职业技术学院,历史,无锡工艺职业技术学院01,121501,10,计算机网络技术,计算机类,电子与信息大类,计算机网络技术,计算机类,电子与信息大类,exact
无锡工艺职业技术学院,历史,无锡工艺职业技术学院01,121501,11,无人机应用技术,航空运输类,交通运输大类,无人机应用技术,航空装备类,装备制造大类,exact
无锡工艺职业技术学院,历史,无锡工艺职业技术学院01,121501,12,低空安全与技术,资源环境安全类,资源环境与安全大类,低空安全与技术,电子信息类,电子与信息大类,exact
无锡工艺职业技术学院,历史,无锡工艺职业技术学院01,121501,13,电子商务,财经商贸类,财经商贸大类,电子商务,电子商务类,财经商贸大类,exact
无锡工艺职业技术学院,历史,无锡工艺职业技术学院01,121501,14,旅游管理,旅游餐饮类,旅游大类,旅游管理,旅游类,旅游大类,exact
无锡工艺职业技术学院,历史,无锡工艺职业技术学院01,121501,15,酒店管理与数字化运营,旅游餐饮类,旅游大类,酒店管理与数字化运营,旅游类,旅游大类,exact
无锡工艺职业技术学院,历史,无锡工艺职业技术学院01,121501,16,数智营销,其他专业类,其他,数智营销,工商管理类,财经商贸大类,exact
无锡工艺职业技术学院,历史,无锡工艺职业技术学院01,121501,17,智能财务系统应用与运维,财务会计类,财经商贸大类,智能财务系统应用与运维,财务会计类,财经商贸大类,exact
滨州职业技术大学,物理,滨州职业技术大学03,268503,04,医学检验技术(水面舰艇人员合格)(只招男生)(海军),护理医学类,医药卫生大类,医学检验技术,医学技术类,医药卫生大类,exact
滨州职业技术大学,物理,滨州职业技术大学03,268503,05,轮机工程技术(水面舰艇人员合格)(只招男生)(海军),航海运输类,交通运输大类,轮机工程技术,水上运输类,交通运输大类,exact
滨州职业技术大学,物理,滨州职业技术大学04,268504,06,石油化工技术(只招男生)(空军),生物化工类,生物与化工大类,石油化工技术,化工技术类,生物与化工大类,exact
江西航空职业技术学院,历史,江西航空职业技术学院01,819601,01,飞行器数字化制造技术(只招男生)[海军(机务兵)],机械设计制造类,装备制造大类,飞行器数字化制造技术,航空装备类,装备制造大类,exact
江西航空职业技术学院,历史,江西航空职业技术学院01,819601,02,飞机电子设备维修(只招男生)[空军(机务兵)],航空运输类,交通运输大类,飞机电子设备维修,航空运输类,交通运输大类,exact
江西航空职业技术学院,历史,江西航空职业技术学院01,819601,03,无人机应用技术(只招男生)(火箭军),航空运输类,交通运输大类,无人机应用技术,航空装备类,装备制造大类,exact
江西航空职业技术学院,历史,江西航空职业技术学院01,819601,04,导弹维修技术(只招男生)(陆军),其他专业类,其他,导弹维修技术,航空装备类,装备制造大类,exact
江西航空职业技术学院,历史,江西航空职业技术学院01,819601,05,核与辐射检测防护技术(只招男生)(火箭军),其他专业类,其他,核与辐射检测防护技术,环境保护类,资源环境与安全大类,exact
郑州电力职业技术学院,物理,郑州电力职业技术学院02,853102,05,供用电技术,能源动力与材料类,能源动力与材料大类,供用电技术,电力技术类,能源动力与材料大类,exact
郑州电力职业技术学院,物理,郑州电力职业技术学院02,853102,06,电气自动化技术,电气自动化类,装备制造大类,电气自动化技术,自动化类,装备制造大类,exact
郑州电力职业技术学院,物理,郑州电力职业技术学院02,853102,07,电力系统自动化技术,电气自动化类,装备制造大类,电力系统自动化技术,电力技术类,能源动力与材料大类,exact
郑州电力职业技术学院,物理,郑州电力职业技术学院02,853102,08,机电一体化技术(开封市祥符校区),电气自动化类,装备制造大类,机电一体化技术,自动化类,装备制造大类,exact
哈尔滨铁道职业技术学院,历史,哈尔滨铁道职业技术学院01,431701,01,铁道工程技术,铁道运输类,交通运输大类,铁道工程技术,铁道运输类,交通运输大类,exact
哈尔滨铁道职业技术学院,历史,哈尔滨铁道职业技术学院01,431701,02,城市轨道交通运营管理,铁道运输类,交通运输大类,城市轨道交通运营管理,城市轨道交通类,交通运输大类,exact
哈尔滨铁道职业技术学院,历史,哈尔滨铁道职业技术学院01,431701,03,铁道机车运用与维护,铁道运输类,交通运输大类,铁道机车运用与维护,铁道运输类,交通运输大类,exact
武汉城市职业学院,物理,武汉城市职业学院02,527202,03,文化创意与策划,其他专业类,其他,文化创意与策划,文化服务类,文化艺术大类,exact
江苏城市职业学院,物理,江苏城市职业学院02,117102,28,大数据与会计,财务会计类,财经商贸大类,大数据与会计,财务会计类,财经商贸大类,exact
江苏城市职业学院,物理,江苏城市职业学院02,117102,29,现代物流管理,财经商贸类,财经商贸大类,现代物流管理,物流类,财经商贸大类,exact
江苏城市职业学院,物理,江苏城市职业学院02,117102,30,电子商务,财经商贸类,财经商贸大类,电子商务,电子商务类,财经商贸大类,exact
江苏城市职业学院,物理,江苏城市职业学院02,117102,31,跨境电子商务,财经商贸类,财经商贸大类,跨境电子商务,电子商务类,财经商贸大类,exact
江苏城市职业学院,物理,江苏城市职业学院02,117102,32,连锁经营与管理,财经商贸类,财经商贸大类,连锁经营与管理,工商管理类,财经商贸大类,exact
江苏城市职业学院,物理,江苏城市职业学院02,117102,33,采购与供应管理,其他专业类,其他,采购与供应管理,物流类,财经商贸大类,exact
江苏城市职业学院,物理,江苏城市职业学院02,117102,34,网络营销与直播电商,计算机类,电子与信息大类,网络营销与直播电商,电子商务类,财经商贸大类,exact
江苏城市职业学院,物理,江苏城市职业学院02,117102,35,智能建造技术,其他专业类,其他,智能建造技术,土建施工类,土木建筑大类,exact
江苏城市职业学院,物理,江苏城市职业学院02,117102,36,城市轨道交通工程技术,铁道运输类,交通运输大类,城市轨道交通工程技术,城市轨道交通类,交通运输大类,exact
江苏城市职业学院,物理,江苏城市职业学院02,117102,37,工程造价,土木建筑类,土木建筑大类,工程造价,建设工程管理类,土木建筑大类,exact
江苏城市职业学院,物理,江苏城市职业学院02,117102,38,建筑室内设计,土木建筑类,土木建筑大类,建筑室内设计,建筑设计类,土木建筑大类,exact
江苏城市职业学院,物理,江苏城市职业学院02,117102,39,建筑智能化工程技术,土木建筑类,土木建筑大类,建筑智能化工程技术,建筑设备类,土木建筑大类,exact
江苏城市职业学院,物理,江苏城市职业学院02,117102,40,机电一体化技术,电气自动化类,装备制造大类,机电一体化技术,自动化类,装备制造大类,exact
江苏城市职业学院,物理,江苏城市职业学院02,117102,41,电气自动化技术,电气自动化类,装备制造大类,电气自动化技术,自动化类,装备制造大类,exact
江苏城市职业学院,物理,江苏城市职业学院02,117102,42,人工智能技术应用,计算机类,电子与信息大类,人工智能技术应用,计算机类,电子与信息大类,exact
江苏城市职业学院,物理,江苏城市职业学院02,117102,43,软件技术,计算机类,电子与信息大类,软件技术,计算机类,电子与信息大类,exact
江苏城市职业学院,物理,江苏城市职业学院02,117102,44,计算机网络技术,计算机类,电子与信息大类,计算机网络技术,计算机类,电子与信息大类,exact
江苏城市职业学院,物理,江苏城市职业学院02,117102,45,物联网应用技术,计算机类,电子与信息大类,物联网应用技术,电子信息类,电子与信息大类,exact
江苏城市职业学院,物理,江苏城市职业学院02,117102,46,工业机器人技术,电气自动化类,装备制造大类,工业机器人技术,自动化类,装备制造大类,exact
江苏城市职业学院,物理,江苏城市职业学院02,117102,47,集成电路技术,电子信息类,电子与信息大类,集成电路技术,集成电路类,电子与信息大类,exact
江苏城市职业学院,物理,江苏城市职业学院02,117102,48,环境监测技术,资源环境安全类,资源环境与安全大类,环境监测技术,环境保护类,资源环境与安全大类,exact
江苏城市职业学院,物理,江苏城市职业学院02,117102,49,环境工程技术,资源环境安全类,资源环境与安全大类,环境工程技术,环境保护类,资源环境与安全大类,exact
江苏城市职业学院,物理,江苏城市职业学院02,117102,50,智能环保装备技术,其他专业类,其他,智能环保装备技术,环境保护类,资源环境与安全大类,exact
江苏城市职业学院,物理,江苏城市职业学院02,117102,51,广播影视节目制作,电子信息类,电子与信息大类,广播影视节目制作,广播影视类,新闻传播大类,exact
江苏城市职业学院,物理,江苏城市职业学院02,117102,52,融媒体技术与运营,其他专业类,其他,融媒体技术与运营,广播影视类,新闻传播大类,exact
江苏城市职业学院,物理,江苏城市职业学院02,117102,53,化妆品经营与管理,生物化工类,生物与化工大类,化妆品经营与管理,药品与医疗器械类,食品药品与粮食大类,exact
江苏城市职业学院,物理,江苏城市职业学院02,117102,54,休闲服务与管理,其他专业类,其他,休闲服务与管理,旅游类,旅游大类,exact
山东力明科技职业学院,物理,山东力明科技职业学院02,824602,04,计算机网络技术,计算机类,电子与信息大类,计算机网络技术,计算机类,电子与信息大类,exact
山东力明科技职业学院,物理,山东力明科技职业学院02,824602,05,大数据与会计,财务会计类,财经商贸大类,大数据与会计,财务会计类,财经商贸大类,exact
山东力明科技职业学院,物理,山东力明科技职业学院02,824602,06,药品生物技术,其他专业类,其他,药品生物技术,生物技术类,生物与化工大类,exact
江苏电子信息职业学院,物理,江苏电子信息职业学院02,135002,20,电子信息工程技术,电子信息类,电子与信息大类,电子信息工程技术,电子信息类,电子与信息大类,exact
江苏电子信息职业学院,物理,江苏电子信息职业学院02,135002,21,物联网应用技术,计算机类,电子与信息大类,物联网应用技术,电子信息类,电子与信息大类,exact
江苏电子信息职业学院,物理,江苏电子信息职业学院02,135002,22,集成电路技术,电子信息类,电子与信息大类,集成电路技术,集成电路类,电子与信息大类,exact
江苏电子信息职业学院,物理,江苏电子信息职业学院02,135002,23,应用电子技术,电子信息类,电子与信息大类,应用电子技术,电子信息类,电子与信息大类,exact
江苏电子信息职业学院,物理,江苏电子信息职业学院02,135002,24,无人机应用技术,航空运输类,交通运输大类,无人机应用技术,航空装备类,装备制造大类,exact
江苏电子信息职业学院,物理,江苏电子信息职业学院02,135002,25,机械制造及自动化,电气自动化类,装备制造大类,机械制造及自动化,机械设计制造类,装备制造大类,exact
江苏电子信息职业学院,物理,江苏电子信息职业学院02,135002,26,模具设计与制造,机械设计制造类,装备制造大类,模具设计与制造,机械设计制造类,装备制造大类,exact
江苏电子信息职业学院,物理,江苏电子信息职业学院02,135002,27,低空飞行器装备技术,其他专业类,其他,低空飞行器装备技术,机电设备类,装备制造大类,exact
江苏电子信息职业学院,物理,江苏电子信息职业学院02,135002,28,计算机网络技术,计算机类,电子与信息大类,计算机网络技术,计算机类,电子与信息大类,exact
江苏电子信息职业学院,物理,江苏电子信息职业学院02,135002,29,软件技术,计算机类,电子与信息大类,软件技术,计算机类,电子与信息大类,exact
江苏电子信息职业学院,物理,江苏电子信息职业学院02,135002,30,信息安全技术应用,计算机类,电子与信息大类,信息安全技术应用,计算机类,电子与信息大类,exact
江苏电子信息职业学院,物理,江苏电子信息职业学院02,135002,31,现代通信技术,电子信息类,电子与信息大类,现代通信技术,通信类,电子与信息大类,exact
江苏电子信息职业学院,物理,江苏电子信息职业学院02,135002,32,人工智能技术应用,计算机类,电子与信息大类,人工智能技术应用,计算机类,电子与信息大类,exact
江苏电子信息职业学院,物理,江苏电子信息职业学院02,135002,33,大数据技术,计算机类,电子与信息大类,大数据技术,计算机类,电子与信息大类,exact
江苏电子信息职业学院,物理,江苏电子信息职业学院02,135002,34,电气自动化技术,电气自动化类,装备制造大类,电气自动化技术,自动化类,装备制造大类,exact
江苏电子信息职业学院,物理,江苏电子信息职业学院02,135002,35,机电一体化技术,电气自动化类,装备制造大类,机电一体化技术,自动化类,装备制造大类,exact
江苏电子信息职业学院,物理,江苏电子信息职业学院02,135002,36,智能控制技术,电气自动化类,装备制造大类,智能控制技术,自动化类,装备制造大类,exact
江苏电子信息职业学院,物理,江苏电子信息职业学院02,135002,37,电梯工程技术,电气自动化类,装备制造大类,电梯工程技术,机电设备类,装备制造大类,exact
江苏电子信息职业学院,物理,江苏电子信息职业学院02,135002,38,工业互联网应用,电气自动化类,装备制造大类,工业互联网应用,自动化类,装备制造大类,exact
江苏电子信息职业学院,物理,江苏电子信息职业学院02,135002,39,新能源汽车检测与维修技术,汽车制造类,装备制造大类,新能源汽车检测与维修技术,道路运输类,交通运输大类,exact
江苏电子信息职业学院,物理,江苏电子信息职业学院02,135002,40,新能源汽车技术,汽车制造类,装备制造大类,新能源汽车技术,汽车制造类,装备制造大类,exact
江苏电子信息职业学院,物理,江苏电子信息职业学院02,135002,41,数字媒体技术,计算机类,电子与信息大类,数字媒体技术,计算机类,电子与信息大类,exact
江苏电子信息职业学院,物理,江苏电子信息职业学院02,135002,42,动漫制作技术,文化艺术类,文化艺术大类,动漫制作技术,计算机类,电子与信息大类,exact
江苏电子信息职业学院,物理,江苏电子信息职业学院02,135002,43,包装策划与设计,文化艺术类,文化艺术大类,包装策划与设计,包装类,轻工纺织大类,exact
江苏电子信息职业学院,物理,江苏电子信息职业学院03,135003,44,大数据技术[与淮安大学(原淮阴工学院)分段培养项目],计算机类,电子与信息大类,大数据技术,计算机类,电子与信息大类,exact
上海现代化工职业学院,历史,上海现代化工职业学院01,217001,01,"现代物流管理(报考该专业有色觉要求,具体请查阅院校招生章程)",财经商贸类,财经商贸大类,现代物流管理,物流类,财经商贸大类,exact
上海现代化工职业学院,历史,上海现代化工职业学院01,217001,02,智慧旅游技术应用,旅游餐饮类,旅游大类,智慧旅游技术应用,旅游类,旅游大类,exact
上海现代化工职业学院,历史,上海现代化工职业学院01,217001,03,智慧健康养老服务与管理,公共管理服务类,公共管理与服务大类,智慧健康养老服务与管理,公共服务类,公共管理与服务大类,exact
辽宁省交通高等专科学校,历史,辽宁省交通高等专科学校01,416301,01,智能工程机械运用技术(只招男生)(武警部队),机械设计制造类,装备制造大类,智能工程机械运用技术,道路运输类,交通运输大类,exact
辽宁省交通高等专科学校,历史,辽宁省交通高等专科学校01,416301,02,数字媒体技术(只招男生)(武警部队),计算机类,电子与信息大类,数字媒体技术,计算机类,电子与信息大类,exact
上海建设管理职业技术学院,物理,上海建设管理职业技术学院01,217301,01,人工智能数据工程技术,计算机类,电子与信息大类,人工智能数据工程技术,计算机类,电子与信息大类,exact
上海建设管理职业技术学院,物理,上海建设管理职业技术学院01,217301,02,物联网应用技术,计算机类,电子与信息大类,物联网应用技术,电子信息类,电子与信息大类,exact
上海建设管理职业技术学院,物理,上海建设管理职业技术学院01,217301,03,智慧城市管理技术,其他专业类,其他,智慧城市管理技术,城乡规划与管理类,土木建筑大类,exact
上海建设管理职业技术学院,物理,上海建设管理职业技术学院01,217301,04,无人机应用技术,航空运输类,交通运输大类,无人机应用技术,航空装备类,装备制造大类,exact
上海建设管理职业技术学院,物理,上海建设管理职业技术学院01,217301,05,市政工程技术,土木建筑类,土木建筑大类,市政工程技术,市政工程类,土木建筑大类,exact
上海建设管理职业技术学院,物理,上海建设管理职业技术学院01,217301,06,市政管网智能检测与维护,土木建筑类,土木建筑大类,市政管网智能检测与维护,市政工程类,土木建筑大类,exact
上海建设管理职业技术学院,物理,上海建设管理职业技术学院01,217301,07,测绘地理信息技术,资源环境安全类,资源环境与安全大类,测绘地理信息技术,测绘地理信息类,资源环境与安全大类,exact
上海建设管理职业技术学院,物理,上海建设管理职业技术学院01,217301,08,风景园林设计,土木建筑类,土木建筑大类,风景园林设计,建筑设计类,土木建筑大类,exact
上海建设管理职业技术学院,物理,上海建设管理职业技术学院01,217301,09,花卉生产与花艺,其他专业类,其他,花卉生产与花艺,林业类,农林牧渔大类,exact
上海建设管理职业技术学院,物理,上海建设管理职业技术学院01,217301,10,园林技术,农林牧渔类,农林牧渔大类,园林技术,林业类,农林牧渔大类,exact
上海建设管理职业技术学院,物理,上海建设管理职业技术学院01,217301,11,智能建造技术,其他专业类,其他,智能建造技术,土建施工类,土木建筑大类,exact
上海建设管理职业技术学院,物理,上海建设管理职业技术学院01,217301,12,建筑加固与修复技术,土木建筑类,土木建筑大类,建筑加固与修复技术,土建施工类,土木建筑大类,exact
无锡商业职业技术学院,物理,无锡商业职业技术学院04,121204,35,数字媒体技术(与南京传媒学院分段培养项目),计算机类,电子与信息大类,数字媒体技术,计算机类,电子与信息大类,exact
无锡商业职业技术学院,物理,无锡商业职业技术学院05,121205,36,国际经济与贸易,财经商贸类,财经商贸大类,国际经济与贸易,经济贸易类,财经商贸大类,exact
无锡商业职业技术学院,物理,无锡商业职业技术学院05,121205,37,工商企业管理,其他专业类,其他,工商企业管理,工商管理类,财经商贸大类,exact
无锡商业职业技术学院,物理,无锡商业职业技术学院05,121205,38,市场营销,财经商贸类,财经商贸大类,市场营销,工商管理类,财经商贸大类,exact
无锡商业职业技术学院,物理,无锡商业职业技术学院05,121205,39,数智营销,其他专业类,其他,数智营销,工商管理类,财经商贸大类,exact
无锡商业职业技术学院,物理,无锡商业职业技术学院05,121205,40,电子商务,财经商贸类,财经商贸大类,电子商务,电子商务类,财经商贸大类,exact
无锡商业职业技术学院,物理,无锡商业职业技术学院05,121205,41,跨境电子商务,财经商贸类,财经商贸大类,跨境电子商务,电子商务类,财经商贸大类,exact
无锡商业职业技术学院,物理,无锡商业职业技术学院05,121205,42,网络营销与直播电商,计算机类,电子与信息大类,网络营销与直播电商,电子商务类,财经商贸大类,exact
无锡商业职业技术学院,物理,无锡商业职业技术学院05,121205,43,商务数据分析与应用,财经商贸类,财经商贸大类,商务数据分析与应用,电子商务类,财经商贸大类,exact
无锡商业职业技术学院,物理,无锡商业职业技术学院05,121205,44,现代物流管理,财经商贸类,财经商贸大类,现代物流管理,物流类,财经商贸大类,exact
无锡商业职业技术学院,物理,无锡商业职业技术学院05,121205,45,大数据与财务管理,财务会计类,财经商贸大类,大数据与财务管理,财务会计类,财经商贸大类,exact
无锡商业职业技术学院,物理,无锡商业职业技术学院05,121205,46,大数据与会计,财务会计类,财经商贸大类,大数据与会计,财务会计类,财经商贸大类,exact
无锡商业职业技术学院,物理,无锡商业职业技术学院05,121205,47,大数据与审计,财务会计类,财经商贸大类,大数据与审计,财务会计类,财经商贸大类,exact
无锡商业职业技术学院,物理,无锡商业职业技术学院05,121205,48,智能财务系统应用与运维,财务会计类,财经商贸大类,智能财务系统应用与运维,财务会计类,财经商贸大类,exact
无锡商业职业技术学院,物理,无锡商业职业技术学院05,121205,49,旅游管理,旅游餐饮类,旅游大类,旅游管理,旅游类,旅游大类,exact
无锡商业职业技术学院,物理,无锡商业职业技术学院05,121205,50,酒店管理与数字化运营,旅游餐饮类,旅游大类,酒店管理与数字化运营,旅游类,旅游大类,exact
无锡商业职业技术学院,物理,无锡商业职业技术学院05,121205,51,烹饪工艺与营养,食品药品类,食品药品与粮食大类,烹饪工艺与营养,餐饮类,旅游大类,exact
无锡商业职业技术学院,物理,无锡商业职业技术学院05,121205,52,中西面点工艺,其他专业类,其他,中西面点工艺,餐饮类,旅游大类,exact
无锡商业职业技术学院,物理,无锡商业职业技术学院05,121205,53,建筑室内设计,土木建筑类,土木建筑大类,建筑室内设计,建筑设计类,土木建筑大类,exact
无锡商业职业技术学院,物理,无锡商业职业技术学院05,121205,54,工程造价,土木建筑类,土木建筑大类,工程造价,建设工程管理类,土木建筑大类,exact
无锡商业职业技术学院,物理,无锡商业职业技术学院05,121205,55,数字媒体技术,计算机类,电子与信息大类,数字媒体技术,计算机类,电子与信息大类,exact
无锡商业职业技术学院,物理,无锡商业职业技术学院05,121205,56,电气自动化技术,电气自动化类,装备制造大类,电气自动化技术,自动化类,装备制造大类,exact
无锡商业职业技术学院,物理,无锡商业职业技术学院05,121205,57,物联网应用技术,计算机类,电子与信息大类,物联网应用技术,电子信息类,电子与信息大类,exact
无锡商业职业技术学院,物理,无锡商业职业技术学院05,121205,58,应用电子技术,电子信息类,电子与信息大类,应用电子技术,电子信息类,电子与信息大类,exact
无锡商业职业技术学院,物理,无锡商业职业技术学院05,121205,59,计算机网络技术,计算机类,电子与信息大类,计算机网络技术,计算机类,电子与信息大类,exact
无锡商业职业技术学院,物理,无锡商业职业技术学院05,121205,60,软件技术,计算机类,电子与信息大类,软件技术,计算机类,电子与信息大类,exact
无锡商业职业技术学院,物理,无锡商业职业技术学院05,121205,61,云计算技术应用,计算机类,电子与信息大类,云计算技术应用,计算机类,电子与信息大类,exact
无锡商业职业技术学院,物理,无锡商业职业技术学院05,121205,62,人工智能技术应用,计算机类,电子与信息大类,人工智能技术应用,计算机类,电子与信息大类,exact
无锡商业职业技术学院,物理,无锡商业职业技术学院05,121205,63,机电一体化技术,电气自动化类,装备制造大类,机电一体化技术,自动化类,装备制造大类,exact
无锡商业职业技术学院,物理,无锡商业职业技术学院05,121205,64,工业机器人技术,电气自动化类,装备制造大类,工业机器人技术,自动化类,装备制造大类,exact
无锡商业职业技术学院,物理,无锡商业职业技术学院05,121205,65,新能源汽车技术,汽车制造类,装备制造大类,新能源汽车技术,汽车制造类,装备制造大类,exact
无锡商业职业技术学院,物理,无锡商业职业技术学院05,121205,66,智能网联汽车技术,汽车制造类,装备制造大类,智能网联汽车技术,汽车制造类,装备制造大类,exact
无锡商业职业技术学院,物理,无锡商业职业技术学院05,121205,67,汽车检测与维修技术,汽车制造类,装备制造大类,汽车检测与维修技术,道路运输类,交通运输大类,exact
无锡商业职业技术学院,物理,无锡商业职业技术学院06,121206,68,大数据与会计(中外合作办学),财务会计类,财经商贸大类,大数据与会计,财务会计类,财经商贸大类,exact
上海中侨职业技术大学,历史,上海中侨职业技术大学02,802902,08,金融服务与管理,财经商贸类,财经商贸大类,金融服务与管理,金融类,财经商贸大类,exact
上海中侨职业技术大学,历史,上海中侨职业技术大学02,802902,09,建筑工程技术,土木建筑类,土木建筑大类,建筑工程技术,土建施工类,土木建筑大类,exact
四川工程职业技术大学,物理,四川工程职业技术大学03,613503,05,智能焊接技术,机械设计制造类,装备制造大类,智能焊接技术,机械设计制造类,装备制造大类,exact
四川工程职业技术大学,物理,四川工程职业技术大学03,613503,06,建筑装饰工程技术,土木建筑类,土木建筑大类,建筑装饰工程技术,建筑设计类,土木建筑大类,exact
江苏农牧科技职业学院,历史,江苏农牧科技职业学院01,143201,01,动物营养与饲料,食品药品类,食品药品与粮食大类,动物营养与饲料,畜牧业类,农林牧渔大类,exact
江苏农牧科技职业学院,历史,江苏农牧科技职业学院01,143201,02,畜牧兽医,农林牧渔类,农林牧渔大类,畜牧兽医,畜牧业类,农林牧渔大类,exact
江苏农牧科技职业学院,历史,江苏农牧科技职业学院01,143201,03,畜禽智能化养殖,其他专业类,其他,畜禽智能化养殖,畜牧业类,农林牧渔大类,exact
江苏农牧科技职业学院,历史,江苏农牧科技职业学院01,143201,04,动物防疫与检疫,其他专业类,其他,动物防疫与检疫,畜牧业类,农林牧渔大类,exact
江苏农牧科技职业学院,历史,江苏农牧科技职业学院01,143201,05,动物医学,农林牧渔类,农林牧渔大类,动物医学,畜牧业类,农林牧渔大类,exact
江苏农牧科技职业学院,历史,江苏农牧科技职业学院01,143201,06,动物药学,药学类,医药卫生大类,动物药学,畜牧业类,农林牧渔大类,exact
江苏农牧科技职业学院,历史,江苏农牧科技职业学院01,143201,07,生物制药技术,生物化工类,生物与化工大类,生物制药技术,药品与医疗器械类,食品药品与粮食大类,exact
江苏农牧科技职业学院,历史,江苏农牧科技职业学院01,143201,08,药品质量与安全,药学类,医药卫生大类,药品质量与安全,药品与医疗器械类,食品药品与粮食大类,exact
江苏农牧科技职业学院,历史,江苏农牧科技职业学院01,143201,09,中药制药,药学类,医药卫生大类,中药制药,中医药类,医药卫生大类,exact
江苏农牧科技职业学院,历史,江苏农牧科技职业学院01,143201,10,食品检验检测技术,食品药品类,食品药品与粮食大类,食品检验检测技术,食品类,食品药品与粮食大类,exact
江苏农牧科技职业学院,历史,江苏农牧科技职业学院01,143201,11,食品药品监督管理,食品药品类,食品药品与粮食大类,食品药品监督管理,药品与医疗器械类,食品药品与粮食大类,exact
江苏农牧科技职业学院,历史,江苏农牧科技职业学院01,143201,12,食品智能加工技术,食品药品类,食品药品与粮食大类,食品智能加工技术,食品类,食品药品与粮食大类,exact
江苏农牧科技职业学院,历史,江苏农牧科技职业学院01,143201,13,宠物养护与驯导,农林牧渔类,农林牧渔大类,宠物养护与驯导,畜牧业类,农林牧渔大类,exact
江苏农牧科技职业学院,历史,江苏农牧科技职业学院01,143201,14,宠物医疗技术,农林牧渔类,农林牧渔大类,宠物医疗技术,畜牧业类,农林牧渔大类,exact
江苏农牧科技职业学院,历史,江苏农牧科技职业学院01,143201,15,水产养殖技术,农林牧渔类,农林牧渔大类,水产养殖技术,渔业类,农林牧渔大类,exact
江苏农牧科技职业学院,历史,江苏农牧科技职业学院01,143201,16,水生动物医学,农林牧渔类,农林牧渔大类,水生动物医学,渔业类,农林牧渔大类,exact
江苏农牧科技职业学院,历史,江苏农牧科技职业学院01,143201,17,海洋渔业技术,其他专业类,其他,海洋渔业技术,渔业类,农林牧渔大类,exact
江苏农牧科技职业学院,历史,江苏农牧科技职业学院01,143201,18,现代农业技术,农林牧渔类,农林牧渔大类,现代农业技术,农业类,农林牧渔大类,exact
江苏农牧科技职业学院,历史,江苏农牧科技职业学院01,143201,19,园林技术,农林牧渔类,农林牧渔大类,园林技术,林业类,农林牧渔大类,exact
江苏农牧科技职业学院,历史,江苏农牧科技职业学院01,143201,20,园艺技术,农林牧渔类,农林牧渔大类,园艺技术,农业类,农林牧渔大类,exact
江苏农牧科技职业学院,历史,江苏农牧科技职业学院01,143201,21,花卉生产与花艺,其他专业类,其他,花卉生产与花艺,林业类,农林牧渔大类,exact
江苏农牧科技职业学院,历史,江苏农牧科技职业学院01,143201,22,大数据与会计,财务会计类,财经商贸大类,大数据与会计,财务会计类,财经商贸大类,exact
江苏农牧科技职业学院,历史,江苏农牧科技职业学院01,143201,23,电子商务,财经商贸类,财经商贸大类,电子商务,电子商务类,财经商贸大类,exact
江苏农牧科技职业学院,历史,江苏农牧科技职业学院01,143201,24,休闲农业经营与管理,农林牧渔类,农林牧渔大类,休闲农业经营与管理,农业类,农林牧渔大类,exact
江苏农牧科技职业学院,历史,江苏农牧科技职业学院01,143201,25,数智营销,其他专业类,其他,数智营销,工商管理类,财经商贸大类,exact
江苏农牧科技职业学院,历史,江苏农牧科技职业学院01,143201,26,计算机网络技术,计算机类,电子与信息大类,计算机网络技术,计算机类,电子与信息大类,exact
江苏农牧科技职业学院,历史,江苏农牧科技职业学院01,143201,27,计算机应用技术,计算机类,电子与信息大类,计算机应用技术,计算机类,电子与信息大类,exact
江苏农牧科技职业学院,历史,江苏农牧科技职业学院01,143201,28,物联网应用技术,计算机类,电子与信息大类,物联网应用技术,电子信息类,电子与信息大类,exact
江苏农牧科技职业学院,历史,江苏农牧科技职业学院01,143201,29,大数据技术,计算机类,电子与信息大类,大数据技术,计算机类,电子与信息大类,exact
江苏农牧科技职业学院,历史,江苏农牧科技职业学院01,143201,30,智能体技术应用,其他专业类,其他,智能体技术应用,计算机类,电子与信息大类,exact
江苏农牧科技职业学院,历史,江苏农牧科技职业学院01,143201,31,机电一体化技术,电气自动化类,装备制造大类,机电一体化技术,自动化类,装备制造大类,exact
江苏农牧科技职业学院,历史,江苏农牧科技职业学院01,143201,32,机械制造及自动化,电气自动化类,装备制造大类,机械制造及自动化,机械设计制造类,装备制造大类,exact
江苏农牧科技职业学院,历史,江苏农牧科技职业学院01,143201,33,现代农业装备应用技术,农林牧渔类,农林牧渔大类,现代农业装备应用技术,农业类,农林牧渔大类,exact
江苏农牧科技职业学院,历史,江苏农牧科技职业学院01,143201,34,智能控制技术,电气自动化类,装备制造大类,智能控制技术,自动化类,装备制造大类,exact
兰州资源环境职业技术大学,物理,兰州资源环境职业技术大学03,722303,03,大气探测技术(只招男生)(陆军),其他专业类,其他,大气探测技术,气象类,资源环境与安全大类,exact
兰州资源环境职业技术大学,物理,兰州资源环境职业技术大学03,722303,04,应用气象技术(只招男生)(火箭军),其他专业类,其他,应用气象技术,气象类,资源环境与安全大类,exact
安徽工业经济职业技术学院,物理,安徽工业经济职业技术学院02,234402,03,计算机网络技术,计算机类,电子与信息大类,计算机网络技术,计算机类,电子与信息大类,exact
安徽工业经济职业技术学院,物理,安徽工业经济职业技术学院02,234402,04,大数据与会计,财务会计类,财经商贸大类,大数据与会计,财务会计类,财经商贸大类,exact
江西制造职业技术学院,物理,江西制造职业技术学院01,251801,01,智能机电技术,其他专业类,其他,智能机电技术,自动化类,装备制造大类,exact
江西制造职业技术学院,物理,江西制造职业技术学院01,251801,02,数控技术,机械设计制造类,装备制造大类,数控技术,机械设计制造类,装备制造大类,exact
江西制造职业技术学院,物理,江西制造职业技术学院01,251801,03,机械制造及自动化,电气自动化类,装备制造大类,机械制造及自动化,机械设计制造类,装备制造大类,exact
江西制造职业技术学院,物理,江西制造职业技术学院01,251801,04,新能源汽车技术,汽车制造类,装备制造大类,新能源汽车技术,汽车制造类,装备制造大类,exact
天津生物工程职业技术学院,物理,天津生物工程职业技术学院01,321901,01,生物制药技术,生物化工类,生物与化工大类,生物制药技术,药品与医疗器械类,食品药品与粮食大类,exact
广西电力职业技术学院,历史,广西电力职业技术学院01,553701,01,"电力系统自动化技术(报考该专业有色觉要求,具体请查阅院校招生章程)",电气自动化类,装备制造大类,电力系统自动化技术,电力技术类,能源动力与材料大类,exact
广西电力职业技术学院,历史,广西电力职业技术学院01,553701,02,计算机应用技术,计算机类,电子与信息大类,计算机应用技术,计算机类,电子与信息大类,exact
徐州生物工程职业技术学院,物理,徐州生物工程职业技术学院03,123303,25,"护理(报考该专业有色觉要求,具体请查阅院校招生章程)",护理医学类,医药卫生大类,护理,护理类,医药卫生大类,exact
徐州生物工程职业技术学院,物理,徐州生物工程职业技术学院03,123303,26,"口腔卫生保健(报考该专业有色觉要求,具体请查阅院校招生章程)",护理医学类,医药卫生大类,口腔卫生保健,健康管理与促进类,医药卫生大类,exact
徐州生物工程职业技术学院,物理,徐州生物工程职业技术学院03,123303,27,"中医康复技术(报考该专业有色觉要求,具体请查阅院校招生章程)",护理医学类,医药卫生大类,中医康复技术,中医药类,医药卫生大类,exact
徐州生物工程职业技术学院,物理,徐州生物工程职业技术学院03,123303,28,"康复治疗技术(报考该专业有色觉要求,具体请查阅院校招生章程)",护理医学类,医药卫生大类,康复治疗技术,康复治疗类,医药卫生大类,exact
徐州生物工程职业技术学院,物理,徐州生物工程职业技术学院03,123303,29,"中医养生保健(报考该专业有色觉要求,具体请查阅院校招生章程)",护理医学类,医药卫生大类,中医养生保健,中医药类,医药卫生大类,exact
徐州生物工程职业技术学院,物理,徐州生物工程职业技术学院03,123303,30,"药学(报考该专业有色觉要求,具体请查阅院校招生章程)",药学类,医药卫生大类,药学,药学类,医药卫生大类,exact
徐州生物工程职业技术学院,物理,徐州生物工程职业技术学院03,123303,31,"中药学(报考该专业有色觉要求,具体请查阅院校招生章程)",药学类,医药卫生大类,中药学,中医药类,医药卫生大类,exact
徐州生物工程职业技术学院,物理,徐州生物工程职业技术学院03,123303,32,药品生物技术,其他专业类,其他,药品生物技术,生物技术类,生物与化工大类,exact
徐州生物工程职业技术学院,物理,徐州生物工程职业技术学院03,123303,33,药品生产技术,药学类,医药卫生大类,药品生产技术,药品与医疗器械类,食品药品与粮食大类,exact
徐州生物工程职业技术学院,物理,徐州生物工程职业技术学院03,123303,34,生物制药技术,生物化工类,生物与化工大类,生物制药技术,药品与医疗器械类,食品药品与粮食大类,exact
徐州生物工程职业技术学院,物理,徐州生物工程职业技术学院03,123303,35,药品质量与安全,药学类,医药卫生大类,药品质量与安全,药品与医疗器械类,食品药品与粮食大类,exact
徐州生物工程职业技术学院,物理,徐州生物工程职业技术学院03,123303,36,现代农业技术,农林牧渔类,农林牧渔大类,现代农业技术,农业类,农林牧渔大类,exact
徐州生物工程职业技术学院,物理,徐州生物工程职业技术学院03,123303,37,植物保护与检疫技术,其他专业类,其他,植物保护与检疫技术,农业类,农林牧渔大类,exact
徐州生物工程职业技术学院,物理,徐州生物工程职业技术学院03,123303,38,园林技术,农林牧渔类,农林牧渔大类,园林技术,林业类,农林牧渔大类,exact
徐州生物工程职业技术学院,物理,徐州生物工程职业技术学院03,123303,39,畜牧兽医,农林牧渔类,农林牧渔大类,畜牧兽医,畜牧业类,农林牧渔大类,exact
徐州生物工程职业技术学院,物理,徐州生物工程职业技术学院03,123303,40,动物医学,农林牧渔类,农林牧渔大类,动物医学,畜牧业类,农林牧渔大类,exact
徐州生物工程职业技术学院,物理,徐州生物工程职业技术学院03,123303,41,宠物医疗技术,农林牧渔类,农林牧渔大类,宠物医疗技术,畜牧业类,农林牧渔大类,exact
徐州生物工程职业技术学院,物理,徐州生物工程职业技术学院03,123303,42,机电一体化技术,电气自动化类,装备制造大类,机电一体化技术,自动化类,装备制造大类,exact
徐州生物工程职业技术学院,物理,徐州生物工程职业技术学院03,123303,43,智能医疗装备技术,其他专业类,其他,智能医疗装备技术,药品与医疗器械类,食品药品与粮食大类,exact
徐州生物工程职业技术学院,物理,徐州生物工程职业技术学院03,123303,44,康复工程技术,其他专业类,其他,康复工程技术,药品与医疗器械类,食品药品与粮食大类,exact
徐州生物工程职业技术学院,物理,徐州生物工程职业技术学院03,123303,45,环境监测技术,资源环境安全类,资源环境与安全大类,环境监测技术,环境保护类,资源环境与安全大类,exact
徐州生物工程职业技术学院,物理,徐州生物工程职业技术学院03,123303,46,环境工程技术,资源环境安全类,资源环境与安全大类,环境工程技术,环境保护类,资源环境与安全大类,exact
徐州生物工程职业技术学院,物理,徐州生物工程职业技术学院03,123303,47,生态环境修复技术,资源环境安全类,资源环境与安全大类,生态环境修复技术,环境保护类,资源环境与安全大类,exact
徐州生物工程职业技术学院,物理,徐州生物工程职业技术学院03,123303,48,物联网应用技术,计算机类,电子与信息大类,物联网应用技术,电子信息类,电子与信息大类,exact
徐州生物工程职业技术学院,物理,徐州生物工程职业技术学院03,123303,49,计算机应用技术,计算机类,电子与信息大类,计算机应用技术,计算机类,电子与信息大类,exact
徐州生物工程职业技术学院,物理,徐州生物工程职业技术学院03,123303,50,大数据与会计,财务会计类,财经商贸大类,大数据与会计,财务会计类,财经商贸大类,exact
徐州生物工程职业技术学院,物理,徐州生物工程职业技术学院03,123303,51,电子商务,财经商贸类,财经商贸大类,电子商务,电子商务类,财经商贸大类,exact
徐州生物工程职业技术学院,物理,徐州生物工程职业技术学院04,123304,52,大数据与会计(与徐州工程学院分段培养项目)(泉山校区),财务会计类,财经商贸大类,大数据与会计,财务会计类,财经商贸大类,exact
徐州生物工程职业技术学院,物理,徐州生物工程职业技术学院04,123304,53,环境工程技术(与徐州工程学院分段培养项目)(泉山校区),资源环境安全类,资源环境与安全大类,环境工程技术,环境保护类,资源环境与安全大类,exact
徐州生物工程职业技术学院,物理,徐州生物工程职业技术学院04,123304,54,机电一体化技术(与徐州工程学院分段培养项目)(泉山校区),电气自动化类,装备制造大类,机电一体化技术,自动化类,装备制造大类,exact
湖北水利水电职业技术学院,历史,湖北水利水电职业技术学院01,523701,01,电力储能应用技术,能源动力与材料类,能源动力与材料大类,电力储能应用技术,电力技术类,能源动力与材料大类,exact
湖北水利水电职业技术学院,历史,湖北水利水电职业技术学院01,523701,02,光伏工程技术,能源动力与材料类,能源动力与材料大类,光伏工程技术,新能源发电工程类,能源动力与材料大类,exact
湖北水利水电职业技术学院,历史,湖北水利水电职业技术学院01,523701,03,风力发电工程技术,能源动力与材料类,能源动力与材料大类,风力发电工程技术,新能源发电工程类,能源动力与材料大类,exact
江苏司法警官职业学院,物理,江苏司法警官职业学院06,116106,20,法律文秘,公安司法类,公安司法大类,法律文秘,法律实务类,公安与司法大类,exact
江苏司法警官职业学院,物理,江苏司法警官职业学院06,116106,21,法律事务,公安司法类,公安司法大类,法律事务,法律实务类,公安与司法大类,exact
江苏司法警官职业学院,物理,江苏司法警官职业学院06,116106,22,社区矫正,公共管理服务类,公共管理与服务大类,社区矫正,法律执行类,公安与司法大类,exact
江苏司法警官职业学院,物理,江苏司法警官职业学院06,116106,23,信息安全技术应用,计算机类,电子与信息大类,信息安全技术应用,计算机类,电子与信息大类,exact
江苏司法警官职业学院,物理,江苏司法警官职业学院06,116106,24,智能安防运营管理,其他专业类,其他,智能安防运营管理,安全防范类,公安与司法大类,exact
江苏司法警官职业学院,物理,江苏司法警官职业学院06,116106,25,安全防范技术,公安司法类,公安司法大类,安全防范技术,安全防范类,公安与司法大类,exact
江苏司法警官职业学院,物理,江苏司法警官职业学院06,116106,26,消防救援技术,资源环境安全类,资源环境与安全大类,消防救援技术,安全类,资源环境与安全大类,exact
江苏司法警官职业学院,物理,江苏司法警官职业学院06,116106,27,民航空中安全保卫,航空运输类,交通运输大类,民航空中安全保卫,航空运输类,交通运输大类,exact
江苏司法警官职业学院,物理,江苏司法警官职业学院06,116106,28,大数据技术,计算机类,电子与信息大类,大数据技术,计算机类,电子与信息大类,exact
武昌职业学院,物理,武昌职业学院06,859206,11,人工智能技术应用(只招男生)(陆军),计算机类,电子与信息大类,人工智能技术应用,计算机类,电子与信息大类,exact
武昌职业学院,物理,武昌职业学院06,859206,12,电子信息工程技术(只招男生)(空军),电子信息类,电子与信息大类,电子信息工程技术,电子信息类,电子与信息大类,exact
武昌职业学院,物理,武昌职业学院06,859206,13,电子信息工程技术(只招男生)(信息支援部队),电子信息类,电子与信息大类,电子信息工程技术,电子信息类,电子与信息大类,exact
武昌职业学院,物理,武昌职业学院06,859206,14,现代通信技术(只招男生)(联勤保障部队),电子信息类,电子与信息大类,现代通信技术,通信类,电子与信息大类,exact
武昌职业学院,物理,武昌职业学院06,859206,15,人工智能技术应用(只招男生)(武警部队),计算机类,电子与信息大类,人工智能技术应用,计算机类,电子与信息大类,exact
武昌职业学院,物理,武昌职业学院07,859207,16,电子信息工程技术(水面舰艇人员合格)(只招男生)(海军),电子信息类,电子与信息大类,电子信息工程技术,电子信息类,电子与信息大类,exact
武昌职业学院,物理,武昌职业学院08,859208,17,现代通信技术[陆战队员(特种作战部队条件兵)合格](只招男生)(陆军),电子信息类,电子与信息大类,现代通信技术,通信类,电子与信息大类,exact
武昌职业学院,物理,武昌职业学院09,859209,18,现代通信技术[陆战队员(特种作战部队条件兵)合格](只招女生)(陆军),电子信息类,电子与信息大类,现代通信技术,通信类,电子与信息大类,exact
泸州医疗器械职业学院,物理,泸州医疗器械职业学院02,879102,03,医疗器械维护与管理,其他专业类,其他,医疗器械维护与管理,药品与医疗器械类,食品药品与粮食大类,exact
泸州医疗器械职业学院,物理,泸州医疗器械职业学院02,879102,04,机电一体化技术,电气自动化类,装备制造大类,机电一体化技术,自动化类,装备制造大类,exact
泸州医疗器械职业学院,物理,泸州医疗器械职业学院02,879102,05,人工智能技术应用,计算机类,电子与信息大类,人工智能技术应用,计算机类,电子与信息大类,exact
辽宁省交通高等专科学校,物理,辽宁省交通高等专科学校02,416302,03,智能工程机械运用技术(只招男生)(武警部队),机械设计制造类,装备制造大类,智能工程机械运用技术,道路运输类,交通运输大类,exact
辽宁省交通高等专科学校,物理,辽宁省交通高等专科学校02,416302,04,数字媒体技术(只招男生)(武警部队),计算机类,电子与信息大类,数字媒体技术,计算机类,电子与信息大类,exact
无锡城市职业技术学院,物理,无锡城市职业技术学院03,121403,29,广播影视节目制作(与南京传媒学院分段培养项目),电子信息类,电子与信息大类,广播影视节目制作,广播影视类,新闻传播大类,exact
无锡城市职业技术学院,物理,无锡城市职业技术学院03,121403,30,休闲服务与管理(与南京传媒学院分段培养项目),其他专业类,其他,休闲服务与管理,旅游类,旅游大类,exact
无锡城市职业技术学院,物理,无锡城市职业技术学院03,121403,31,电子商务(与南京传媒学院分段培养项目),财经商贸类,财经商贸大类,电子商务,电子商务类,财经商贸大类,exact
无锡城市职业技术学院,物理,无锡城市职业技术学院04,121404,32,电子商务,财经商贸类,财经商贸大类,电子商务,电子商务类,财经商贸大类,exact
无锡城市职业技术学院,物理,无锡城市职业技术学院04,121404,33,现代物流管理,财经商贸类,财经商贸大类,现代物流管理,物流类,财经商贸大类,exact
无锡城市职业技术学院,物理,无锡城市职业技术学院04,121404,34,邮政快递智能技术,其他专业类,其他,邮政快递智能技术,邮政类,交通运输大类,exact
无锡城市职业技术学院,物理,无锡城市职业技术学院04,121404,35,网络营销与直播电商,计算机类,电子与信息大类,网络营销与直播电商,电子商务类,财经商贸大类,exact
无锡城市职业技术学院,物理,无锡城市职业技术学院04,121404,36,国际经济与贸易,财经商贸类,财经商贸大类,国际经济与贸易,经济贸易类,财经商贸大类,exact
无锡城市职业技术学院,物理,无锡城市职业技术学院04,121404,37,大数据与会计,财务会计类,财经商贸大类,大数据与会计,财务会计类,财经商贸大类,exact
无锡城市职业技术学院,物理,无锡城市职业技术学院04,121404,38,会计信息管理,财务会计类,财经商贸大类,会计信息管理,财务会计类,财经商贸大类,exact
无锡城市职业技术学院,物理,无锡城市职业技术学院04,121404,39,酒店管理与数字化运营,旅游餐饮类,旅游大类,酒店管理与数字化运营,旅游类,旅游大类,exact
无锡城市职业技术学院,物理,无锡城市职业技术学院04,121404,40,会展策划与管理,旅游餐饮类,旅游大类,会展策划与管理,旅游类,旅游大类,exact
无锡城市职业技术学院,物理,无锡城市职业技术学院04,121404,41,研学旅行管理与服务,其他专业类,其他,研学旅行管理与服务,旅游类,旅游大类,exact
无锡城市职业技术学院,物理,无锡城市职业技术学院04,121404,42,旅游英语,教育体育类,教育与体育大类,旅游英语,语言类,教育与体育大类,exact
无锡城市职业技术学院,物理,无锡城市职业技术学院04,121404,43,计算机应用技术,计算机类,电子与信息大类,计算机应用技术,计算机类,电子与信息大类,exact
无锡城市职业技术学院,物理,无锡城市职业技术学院04,121404,44,信息安全技术应用,计算机类,电子与信息大类,信息安全技术应用,计算机类,电子与信息大类,exact
无锡城市职业技术学院,物理,无锡城市职业技术学院04,121404,45,工业互联网技术,电气自动化类,装备制造大类,工业互联网技术,计算机类,电子与信息大类,exact
无锡城市职业技术学院,物理,无锡城市职业技术学院04,121404,46,人工智能技术应用,计算机类,电子与信息大类,人工智能技术应用,计算机类,电子与信息大类,exact
无锡城市职业技术学院,物理,无锡城市职业技术学院04,121404,47,电气自动化技术,电气自动化类,装备制造大类,电气自动化技术,自动化类,装备制造大类,exact
无锡城市职业技术学院,物理,无锡城市职业技术学院04,121404,48,机电一体化技术,电气自动化类,装备制造大类,机电一体化技术,自动化类,装备制造大类,exact
无锡城市职业技术学院,物理,无锡城市职业技术学院04,121404,49,物联网应用技术,计算机类,电子与信息大类,物联网应用技术,电子信息类,电子与信息大类,exact
无锡城市职业技术学院,物理,无锡城市职业技术学院04,121404,50,无人机应用技术,航空运输类,交通运输大类,无人机应用技术,航空装备类,装备制造大类,exact
无锡城市职业技术学院,物理,无锡城市职业技术学院04,121404,51,建筑工程技术,土木建筑类,土木建筑大类,建筑工程技术,土建施工类,土木建筑大类,exact
无锡城市职业技术学院,物理,无锡城市职业技术学院04,121404,52,工程造价,土木建筑类,土木建筑大类,工程造价,建设工程管理类,土木建筑大类,exact
无锡城市职业技术学院,物理,无锡城市职业技术学院04,121404,53,建筑装饰工程技术,土木建筑类,土木建筑大类,建筑装饰工程技术,建筑设计类,土木建筑大类,exact
无锡城市职业技术学院,物理,无锡城市职业技术学院04,121404,54,风景园林设计,土木建筑类,土木建筑大类,风景园林设计,建筑设计类,土木建筑大类,exact
无锡城市职业技术学院,物理,无锡城市职业技术学院04,121404,55,建筑室内设计,土木建筑类,土木建筑大类,建筑室内设计,建筑设计类,土木建筑大类,exact
无锡城市职业技术学院,物理,无锡城市职业技术学院04,121404,56,影视编导,文化艺术类,文化艺术大类,影视编导,广播影视类,新闻传播大类,exact
沙洲职业工学院,历史,沙洲职业工学院01,127801,01,数字化设计与制造技术,机械设计制造类,装备制造大类,数字化设计与制造技术,机械设计制造类,装备制造大类,exact
沙洲职业工学院,历史,沙洲职业工学院01,127801,02,建筑室内设计,土木建筑类,土木建筑大类,建筑室内设计,建筑设计类,土木建筑大类,exact
沙洲职业工学院,历史,沙洲职业工学院01,127801,03,建筑工程技术,土木建筑类,土木建筑大类,建筑工程技术,土建施工类,土木建筑大类,exact
沙洲职业工学院,历史,沙洲职业工学院01,127801,04,工程造价,土木建筑类,土木建筑大类,工程造价,建设工程管理类,土木建筑大类,exact
沙洲职业工学院,历史,沙洲职业工学院01,127801,05,纺织品检验与贸易,财经商贸类,财经商贸大类,纺织品检验与贸易,纺织服装类,轻工纺织大类,exact
沙洲职业工学院,历史,沙洲职业工学院01,127801,06,服装设计与工艺,文化艺术类,文化艺术大类,服装设计与工艺,纺织服装类,轻工纺织大类,exact
沙洲职业工学院,历史,沙洲职业工学院01,127801,07,"环境监测技术(报考该专业有色觉要求,具体请查阅院校招生章程)",资源环境安全类,资源环境与安全大类,环境监测技术,环境保护类,资源环境与安全大类,exact
沙洲职业工学院,历史,沙洲职业工学院01,127801,08,"应用化工技术(报考该专业有色觉要求,具体请查阅院校招生章程)",生物化工类,生物与化工大类,应用化工技术,化工技术类,生物与化工大类,exact
沙洲职业工学院,历史,沙洲职业工学院01,127801,09,电气自动化技术,电气自动化类,装备制造大类,电气自动化技术,自动化类,装备制造大类,exact
沙洲职业工学院,历史,沙洲职业工学院01,127801,10,电子信息工程技术,电子信息类,电子与信息大类,电子信息工程技术,电子信息类,电子与信息大类,exact
沙洲职业工学院,历史,沙洲职业工学院01,127801,11,计算机网络技术,计算机类,电子与信息大类,计算机网络技术,计算机类,电子与信息大类,exact
沙洲职业工学院,历史,沙洲职业工学院01,127801,12,智能控制技术,电气自动化类,装备制造大类,智能控制技术,自动化类,装备制造大类,exact
沙洲职业工学院,历史,沙洲职业工学院01,127801,13,大数据技术,计算机类,电子与信息大类,大数据技术,计算机类,电子与信息大类,exact
沙洲职业工学院,历史,沙洲职业工学院01,127801,14,集成电路技术,电子信息类,电子与信息大类,集成电路技术,集成电路类,电子与信息大类,exact
沙洲职业工学院,历史,沙洲职业工学院01,127801,15,人工智能技术应用,计算机类,电子与信息大类,人工智能技术应用,计算机类,电子与信息大类,exact
沙洲职业工学院,历史,沙洲职业工学院01,127801,16,工业机器人技术,电气自动化类,装备制造大类,工业机器人技术,自动化类,装备制造大类,exact
沙洲职业工学院,历史,沙洲职业工学院01,127801,17,机械制造及自动化,电气自动化类,装备制造大类,机械制造及自动化,机械设计制造类,装备制造大类,exact
沙洲职业工学院,历史,沙洲职业工学院01,127801,18,数控技术,机械设计制造类,装备制造大类,数控技术,机械设计制造类,装备制造大类,exact
沙洲职业工学院,历史,沙洲职业工学院01,127801,19,汽车制造与试验技术,机械设计制造类,装备制造大类,汽车制造与试验技术,汽车制造类,装备制造大类,exact
沙洲职业工学院,历史,沙洲职业工学院01,127801,20,新能源汽车技术,汽车制造类,装备制造大类,新能源汽车技术,汽车制造类,装备制造大类,exact
沙洲职业工学院,历史,沙洲职业工学院01,127801,21,大数据与会计,财务会计类,财经商贸大类,大数据与会计,财务会计类,财经商贸大类,exact
沙洲职业工学院,历史,沙洲职业工学院01,127801,22,国际经济与贸易,财经商贸类,财经商贸大类,国际经济与贸易,经济贸易类,财经商贸大类,exact
沙洲职业工学院,历史,沙洲职业工学院01,127801,23,市场营销,财经商贸类,财经商贸大类,市场营销,工商管理类,财经商贸大类,exact
沙洲职业工学院,历史,沙洲职业工学院01,127801,24,现代物流管理,财经商贸类,财经商贸大类,现代物流管理,物流类,财经商贸大类,exact
沙洲职业工学院,历史,沙洲职业工学院01,127801,25,酒店管理与数字化运营,旅游餐饮类,旅游大类,酒店管理与数字化运营,旅游类,旅游大类,exact
沙洲职业工学院,历史,沙洲职业工学院01,127801,26,电子商务,财经商贸类,财经商贸大类,电子商务,电子商务类,财经商贸大类,exact
四川水利职业技术学院,历史,四川水利职业技术学院01,619001,01,水产养殖技术,农林牧渔类,农林牧渔大类,水产养殖技术,渔业类,农林牧渔大类,exact
四川水利职业技术学院,历史,四川水利职业技术学院01,619001,02,机电一体化技术,电气自动化类,装备制造大类,机电一体化技术,自动化类,装备制造大类,exact
汉江师范学院,历史,汉江师范学院02,522502,03,旅游管理,旅游餐饮类,旅游大类,旅游管理,旅游类,旅游大类,exact
汉江师范学院,历史,汉江师范学院02,522502,04,商务英语(只招英语考生),教育体育类,教育与体育大类,商务英语,语言类,教育与体育大类,exact
湖南汽车工程职业大学,历史,湖南汽车工程职业大学01,536201,01,汽车检测与维修技术[陆战队员(特种作战部队条件兵)合格](只招男生)(海军),汽车制造类,装备制造大类,汽车检测与维修技术,道路运输类,交通运输大类,exact
湖南汽车工程职业大学,历史,湖南汽车工程职业大学01,536201,02,计算机网络技术(只招男生)(火箭军),计算机类,电子与信息大类,计算机网络技术,计算机类,电子与信息大类,exact
天津现代职业技术学院,物理,天津现代职业技术学院02,323402,10,食品生物技术,食品药品类,食品药品与粮食大类,食品生物技术,生物技术类,生物与化工大类,exact
天津现代职业技术学院,物理,天津现代职业技术学院02,323402,11,食品营养与健康,食品药品类,食品药品与粮食大类,食品营养与健康,食品类,食品药品与粮食大类,exact
天津现代职业技术学院,物理,天津现代职业技术学院02,323402,12,环境工程技术,资源环境安全类,资源环境与安全大类,环境工程技术,环境保护类,资源环境与安全大类,exact
天津现代职业技术学院,物理,天津现代职业技术学院02,323402,13,机械制造及自动化,电气自动化类,装备制造大类,机械制造及自动化,机械设计制造类,装备制造大类,exact
天津现代职业技术学院,物理,天津现代职业技术学院02,323402,14,卫星通信与导航技术,电子信息类,电子与信息大类,卫星通信与导航技术,通信类,电子与信息大类,exact
天津现代职业技术学院,物理,天津现代职业技术学院02,323402,15,大数据技术,计算机类,电子与信息大类,大数据技术,计算机类,电子与信息大类,exact
天津现代职业技术学院,物理,天津现代职业技术学院02,323402,16,研学旅行管理与服务,其他专业类,其他,研学旅行管理与服务,旅游类,旅游大类,exact
天津现代职业技术学院,物理,天津现代职业技术学院02,323402,17,传播与策划,新闻传播类,新闻传播大类,传播与策划,广播影视类,新闻传播大类,exact
天津现代职业技术学院,物理,天津现代职业技术学院02,323402,18,电子竞技运动与管理,教育体育类,教育与体育大类,电子竞技运动与管理,体育类,教育与体育大类,exact
上海杉达学院,历史,上海杉达学院02,800102,10,现代物流管理,财经商贸类,财经商贸大类,现代物流管理,物流类,财经商贸大类,exact
上海杉达学院,历史,上海杉达学院02,800102,11,电气自动化技术,电气自动化类,装备制造大类,电气自动化技术,自动化类,装备制造大类,exact
天津海运职业学院,历史,天津海运职业学院01,323701,01,航海技术(报考该专业须查阅院校招生章程、招生简章并详询院校),航海运输类,交通运输大类,航海技术,水上运输类,交通运输大类,exact
重庆三峡医药高等专科学校,历史,重庆三峡医药高等专科学校01,621601,01,药品经营与管理(高峰校区),药学类,医药卫生大类,药品经营与管理,药品与医疗器械类,食品药品与粮食大类,exact
长春医学高等专科学校,物理,长春医学高等专科学校02,428602,02,"药物制剂技术(东方广场校区)(报考该专业有色觉要求,具体请查阅院校招生章程)",其他专业类,其他,药物制剂技术,药品与医疗器械类,食品药品与粮食大类,exact
潍坊科技学院,历史,潍坊科技学院02,821302,04,电气自动化技术(只招男生)(火箭军),电气自动化类,装备制造大类,电气自动化技术,自动化类,装备制造大类,exact
潍坊科技学院,历史,潍坊科技学院02,821302,05,计算机网络技术(只招男生)(63650部队),计算机类,电子与信息大类,计算机网络技术,计算机类,电子与信息大类,exact
延安职业技术学院,物理,延安职业技术学院03,717503,03,汽车制造与试验技术(只招男生)(空军),机械设计制造类,装备制造大类,汽车制造与试验技术,汽车制造类,装备制造大类,exact
延安职业技术学院,物理,延安职业技术学院04,717504,04,轮机工程技术(水面舰艇人员合格)(只招男生)(海军),航海运输类,交通运输大类,轮机工程技术,水上运输类,交通运输大类,exact
南通卫生健康职业学院,物理,南通卫生健康职业学院02,131602,14,药品质量与安全,药学类,医药卫生大类,药品质量与安全,药品与医疗器械类,食品药品与粮食大类,exact
南通卫生健康职业学院,物理,南通卫生健康职业学院02,131602,15,药品经营与管理,药学类,医药卫生大类,药品经营与管理,药品与医疗器械类,食品药品与粮食大类,exact
南通卫生健康职业学院,物理,南通卫生健康职业学院02,131602,16,护理,护理医学类,医药卫生大类,护理,护理类,医药卫生大类,exact
南通卫生健康职业学院,物理,南通卫生健康职业学院02,131602,17,药学,药学类,医药卫生大类,药学,药学类,医药卫生大类,exact
南通卫生健康职业学院,物理,南通卫生健康职业学院02,131602,18,中药学,药学类,医药卫生大类,中药学,中医药类,医药卫生大类,exact
南通卫生健康职业学院,物理,南通卫生健康职业学院02,131602,19,中药制药,药学类,医药卫生大类,中药制药,中医药类,医药卫生大类,exact
南通卫生健康职业学院,物理,南通卫生健康职业学院02,131602,20,中医康复技术,护理医学类,医药卫生大类,中医康复技术,中医药类,医药卫生大类,exact
南通卫生健康职业学院,物理,南通卫生健康职业学院02,131602,21,医学检验技术,护理医学类,医药卫生大类,医学检验技术,医学技术类,医药卫生大类,exact
南通卫生健康职业学院,物理,南通卫生健康职业学院02,131602,22,医学影像技术,护理医学类,医药卫生大类,医学影像技术,医学技术类,医药卫生大类,exact
南通卫生健康职业学院,物理,南通卫生健康职业学院02,131602,23,康复治疗技术,护理医学类,医药卫生大类,康复治疗技术,康复治疗类,医药卫生大类,exact
南通卫生健康职业学院,物理,南通卫生健康职业学院02,131602,24,健康管理,护理医学类,医药卫生大类,健康管理,健康管理与促进类,医药卫生大类,exact
南通卫生健康职业学院,物理,南通卫生健康职业学院02,131602,25,婴幼儿托育服务与管理,护理医学类,医药卫生大类,婴幼儿托育服务与管理,健康管理与促进类,医药卫生大类,exact
南通卫生健康职业学院,物理,南通卫生健康职业学院02,131602,26,老年保健与管理,其他专业类,其他,老年保健与管理,健康管理与促进类,医药卫生大类,exact
南通卫生健康职业学院,物理,南通卫生健康职业学院02,131602,27,医养照护服务,其他专业类,其他,医养照护服务,健康管理与促进类,医药卫生大类,exact
南通卫生健康职业学院,物理,南通卫生健康职业学院02,131602,28,智慧健康养老服务与管理,公共管理服务类,公共管理与服务大类,智慧健康养老服务与管理,公共服务类,公共管理与服务大类,exact
连云港师范学院,历史,连云港师范学院02,133002,06,数字媒体技术,计算机类,电子与信息大类,数字媒体技术,计算机类,电子与信息大类,exact
连云港师范学院,历史,连云港师范学院02,133002,07,婴幼儿托育服务与管理,护理医学类,医药卫生大类,婴幼儿托育服务与管理,健康管理与促进类,医药卫生大类,exact
连云港师范学院,历史,连云港师范学院02,133002,08,心理咨询,其他专业类,其他,心理咨询,健康管理与促进类,医药卫生大类,exact
连云港师范学院,历史,连云港师范学院02,133002,09,大数据与会计,财务会计类,财经商贸大类,大数据与会计,财务会计类,财经商贸大类,exact
连云港师范学院,历史,连云港师范学院02,133002,10,电子商务,财经商贸类,财经商贸大类,电子商务,电子商务类,财经商贸大类,exact
连云港师范学院,历史,连云港师范学院02,133002,11,应用英语,教育体育类,教育与体育大类,应用英语,语言类,教育与体育大类,exact
连云港师范学院,历史,连云港师范学院02,133002,12,中文,其他专业类,其他,中文,语言类,教育与体育大类,exact
连云港师范学院,历史,连云港师范学院02,133002,13,青少年工作与管理,其他专业类,其他,青少年工作与管理,公共事业类,公共管理与服务大类,exact
连云港师范学院,历史,连云港师范学院02,133002,14,人力资源管理,公共管理服务类,公共管理与服务大类,人力资源管理,公共管理类,公共管理与服务大类,exact
连云港师范学院,历史,连云港师范学院02,133002,15,智慧健康养老服务与管理,公共管理服务类,公共管理与服务大类,智慧健康养老服务与管理,公共服务类,公共管理与服务大类,exact
江苏财经职业技术学院,历史,江苏财经职业技术学院01,135201,01,大数据与会计,财务会计类,财经商贸大类,大数据与会计,财务会计类,财经商贸大类,exact
江苏财经职业技术学院,历史,江苏财经职业技术学院01,135201,02,大数据与审计,财务会计类,财经商贸大类,大数据与审计,财务会计类,财经商贸大类,exact
江苏财经职业技术学院,历史,江苏财经职业技术学院01,135201,03,业财数据应用与管理,其他专业类,其他,业财数据应用与管理,财务会计类,财经商贸大类,exact
江苏财经职业技术学院,历史,江苏财经职业技术学院01,135201,04,智能财务系统应用与运维,财务会计类,财经商贸大类,智能财务系统应用与运维,财务会计类,财经商贸大类,exact
江苏财经职业技术学院,历史,江苏财经职业技术学院01,135201,05,财税大数据应用,其他专业类,其他,财税大数据应用,财政税务类,财经商贸大类,exact
江苏财经职业技术学院,历史,江苏财经职业技术学院01,135201,06,大数据与财务管理,财务会计类,财经商贸大类,大数据与财务管理,财务会计类,财经商贸大类,exact
江苏财经职业技术学院,历史,江苏财经职业技术学院01,135201,07,金融服务与管理,财经商贸类,财经商贸大类,金融服务与管理,金融类,财经商贸大类,exact
江苏财经职业技术学院,历史,江苏财经职业技术学院01,135201,08,金融科技应用,财经商贸类,财经商贸大类,金融科技应用,金融类,财经商贸大类,exact
江苏财经职业技术学院,历史,江苏财经职业技术学院01,135201,09,电子商务,财经商贸类,财经商贸大类,电子商务,电子商务类,财经商贸大类,exact
江苏财经职业技术学院,历史,江苏财经职业技术学院01,135201,10,市场营销,财经商贸类,财经商贸大类,市场营销,工商管理类,财经商贸大类,exact
江苏财经职业技术学院,历史,江苏财经职业技术学院01,135201,11,工程造价,土木建筑类,土木建筑大类,工程造价,建设工程管理类,土木建筑大类,exact
江苏财经职业技术学院,历史,江苏财经职业技术学院01,135201,12,跨境电子商务,财经商贸类,财经商贸大类,跨境电子商务,电子商务类,财经商贸大类,exact
江苏财经职业技术学院,历史,江苏财经职业技术学院01,135201,13,高速铁路客运服务,铁道运输类,交通运输大类,高速铁路客运服务,铁道运输类,交通运输大类,exact
江苏财经职业技术学院,历史,江苏财经职业技术学院01,135201,14,旅游管理,旅游餐饮类,旅游大类,旅游管理,旅游类,旅游大类,exact
江苏财经职业技术学院,历史,江苏财经职业技术学院01,135201,15,低空物流技术与运营,财经商贸类,财经商贸大类,低空物流技术与运营,物流类,财经商贸大类,exact
江苏财经职业技术学院,历史,江苏财经职业技术学院01,135201,16,城市轨道交通运营管理,铁道运输类,交通运输大类,城市轨道交通运营管理,城市轨道交通类,交通运输大类,exact
江苏财经职业技术学院,历史,江苏财经职业技术学院01,135201,17,现代物流管理,财经商贸类,财经商贸大类,现代物流管理,物流类,财经商贸大类,exact
江苏财经职业技术学院,历史,江苏财经职业技术学院01,135201,18,供应链运营,其他专业类,其他,供应链运营,物流类,财经商贸大类,exact
江苏财经职业技术学院,历史,江苏财经职业技术学院01,135201,19,数字媒体技术,计算机类,电子与信息大类,数字媒体技术,计算机类,电子与信息大类,exact
江苏财经职业技术学院,历史,江苏财经职业技术学院01,135201,20,婴幼儿托育服务与管理,护理医学类,医药卫生大类,婴幼儿托育服务与管理,健康管理与促进类,医药卫生大类,exact
江苏财经职业技术学院,历史,江苏财经职业技术学院01,135201,21,法律事务,公安司法类,公安司法大类,法律事务,法律实务类,公安与司法大类,exact
江苏财经职业技术学院,历史,江苏财经职业技术学院01,135201,22,计算机网络技术,计算机类,电子与信息大类,计算机网络技术,计算机类,电子与信息大类,exact
江苏财经职业技术学院,历史,江苏财经职业技术学院01,135201,23,计算机应用技术,计算机类,电子与信息大类,计算机应用技术,计算机类,电子与信息大类,exact
江苏财经职业技术学院,历史,江苏财经职业技术学院01,135201,24,大数据技术,计算机类,电子与信息大类,大数据技术,计算机类,电子与信息大类,exact
江苏财经职业技术学院,历史,江苏财经职业技术学院01,135201,25,电气自动化技术,电气自动化类,装备制造大类,电气自动化技术,自动化类,装备制造大类,exact
江苏财经职业技术学院,历史,江苏财经职业技术学院01,135201,26,机电一体化技术,电气自动化类,装备制造大类,机电一体化技术,自动化类,装备制造大类,exact
江苏财经职业技术学院,历史,江苏财经职业技术学院01,135201,27,新能源汽车技术,汽车制造类,装备制造大类,新能源汽车技术,汽车制造类,装备制造大类,exact
江苏财经职业技术学院,历史,江苏财经职业技术学院01,135201,28,物联网应用技术,计算机类,电子与信息大类,物联网应用技术,电子信息类,电子与信息大类,exact
江苏财经职业技术学院,历史,江苏财经职业技术学院01,135201,29,粮食工程技术与管理,食品药品类,食品药品与粮食大类,粮食工程技术与管理,粮食类,食品药品与粮食大类,exact
江苏财经职业技术学院,历史,江苏财经职业技术学院01,135201,30,食品药品监督管理,食品药品类,食品药品与粮食大类,食品药品监督管理,药品与医疗器械类,食品药品与粮食大类,exact
江苏财经职业技术学院,历史,江苏财经职业技术学院01,135201,31,药品质量与安全,药学类,医药卫生大类,药品质量与安全,药品与医疗器械类,食品药品与粮食大类,exact
江苏财经职业技术学院,历史,江苏财经职业技术学院01,135201,32,粮食储运与质量安全,食品药品类,食品药品与粮食大类,粮食储运与质量安全,粮食类,食品药品与粮食大类,exact
江苏财经职业技术学院,历史,江苏财经职业技术学院01,135201,33,商务英语(只招英语考生),教育体育类,教育与体育大类,商务英语,语言类,教育与体育大类,exact
江苏财经职业技术学院,历史,江苏财经职业技术学院02,135202,34,金融服务与管理[与淮安大学(原淮阴工学院)分段培养项目],财经商贸类,财经商贸大类,金融服务与管理,金融类,财经商贸大类,exact
江苏财经职业技术学院,历史,江苏财经职业技术学院02,135202,35,物联网应用技术(与常州工学院分段培养项目),计算机类,电子与信息大类,物联网应用技术,电子信息类,电子与信息大类,exact
江阴职业技术学院,历史,江阴职业技术学院01,121601,01,"环境工程技术(与江苏理工学院分段培养项目)(报考该专业有色觉要求,具体请查阅院校招生章程)",资源环境安全类,资源环境与安全大类,环境工程技术,环境保护类,资源环境与安全大类,exact
江阴职业技术学院,历史,江阴职业技术学院01,121601,02,物联网应用技术(与江苏理工学院分段培养项目),计算机类,电子与信息大类,物联网应用技术,电子信息类,电子与信息大类,exact
江阴职业技术学院,历史,江阴职业技术学院02,121602,03,数字化设计与制造技术,机械设计制造类,装备制造大类,数字化设计与制造技术,机械设计制造类,装备制造大类,exact
江阴职业技术学院,历史,江阴职业技术学院02,121602,04,无人机应用技术,航空运输类,交通运输大类,无人机应用技术,航空装备类,装备制造大类,exact
江阴职业技术学院,历史,江阴职业技术学院02,121602,05,"环境工程技术(报考该专业有色觉要求,具体请查阅院校招生章程)",资源环境安全类,资源环境与安全大类,环境工程技术,环境保护类,资源环境与安全大类,exact
江阴职业技术学院,历史,江阴职业技术学院02,121602,06,"高分子材料智能制造技术(报考该专业有色觉要求,具体请查阅院校招生章程)",电气自动化类,装备制造大类,高分子材料智能制造技术,非金属材料类,能源动力与材料大类,exact
江阴职业技术学院,历史,江阴职业技术学院02,121602,07,纺织品检验与贸易,财经商贸类,财经商贸大类,纺织品检验与贸易,纺织服装类,轻工纺织大类,exact
江阴职业技术学院,历史,江阴职业技术学院02,121602,08,药品生产技术,药学类,医药卫生大类,药品生产技术,药品与医疗器械类,食品药品与粮食大类,exact
江阴职业技术学院,历史,江阴职业技术学院02,121602,09,电气自动化技术,电气自动化类,装备制造大类,电气自动化技术,自动化类,装备制造大类,exact
江阴职业技术学院,历史,江阴职业技术学院02,121602,10,工业机器人技术,电气自动化类,装备制造大类,工业机器人技术,自动化类,装备制造大类,exact
江阴职业技术学院,历史,江阴职业技术学院02,121602,11,物联网应用技术,计算机类,电子与信息大类,物联网应用技术,电子信息类,电子与信息大类,exact
江阴职业技术学院,历史,江阴职业技术学院02,121602,12,数字媒体技术,计算机类,电子与信息大类,数字媒体技术,计算机类,电子与信息大类,exact
江阴职业技术学院,历史,江阴职业技术学院02,121602,13,计算机网络技术,计算机类,电子与信息大类,计算机网络技术,计算机类,电子与信息大类,exact
江阴职业技术学院,历史,江阴职业技术学院02,121602,14,大数据技术,计算机类,电子与信息大类,大数据技术,计算机类,电子与信息大类,exact
江阴职业技术学院,历史,江阴职业技术学院02,121602,15,大数据与会计,财务会计类,财经商贸大类,大数据与会计,财务会计类,财经商贸大类,exact
江阴职业技术学院,历史,江阴职业技术学院02,121602,16,电子商务,财经商贸类,财经商贸大类,电子商务,电子商务类,财经商贸大类,exact
江阴职业技术学院,历史,江阴职业技术学院02,121602,17,建筑室内设计,土木建筑类,土木建筑大类,建筑室内设计,建筑设计类,土木建筑大类,exact
江阴职业技术学院,历史,江阴职业技术学院02,121602,18,国际经济与贸易,财经商贸类,财经商贸大类,国际经济与贸易,经济贸易类,财经商贸大类,exact
江阴职业技术学院,历史,江阴职业技术学院02,121602,19,商务英语(只招英语考生),教育体育类,教育与体育大类,商务英语,语言类,教育与体育大类,exact
江阴职业技术学院,历史,江阴职业技术学院02,121602,20,空中乘务,航空运输类,交通运输大类,空中乘务,航空运输类,交通运输大类,exact
苏州健雄职业技术学院,历史,苏州健雄职业技术学院01,127901,01,"现代物流管理(在苏州健雄职业技术学院学习五年,其中前三年高职阶段教育考核合格者,后两年本科阶段教育继续在高职院校内学习,由本科院校与高职院校联合实施教学,毕业后颁发无锡太湖学院本科文凭)",财经商贸类,财经商贸大类,现代物流管理,物流类,财经商贸大类,exact
苏州健雄职业技术学院,历史,苏州健雄职业技术学院02,127902,02,模具设计与制造,机械设计制造类,装备制造大类,模具设计与制造,机械设计制造类,装备制造大类,exact
苏州健雄职业技术学院,历史,苏州健雄职业技术学院02,127902,03,电气自动化技术,电气自动化类,装备制造大类,电气自动化技术,自动化类,装备制造大类,exact
苏州健雄职业技术学院,历史,苏州健雄职业技术学院02,127902,04,机电一体化技术,电气自动化类,装备制造大类,机电一体化技术,自动化类,装备制造大类,exact
苏州健雄职业技术学院,历史,苏州健雄职业技术学院02,127902,05,无人机应用技术,航空运输类,交通运输大类,无人机应用技术,航空装备类,装备制造大类,exact
苏州健雄职业技术学院,历史,苏州健雄职业技术学院02,127902,06,数字化设计与制造技术,机械设计制造类,装备制造大类,数字化设计与制造技术,机械设计制造类,装备制造大类,exact
苏州健雄职业技术学院,历史,苏州健雄职业技术学院02,127902,07,药品生物技术,其他专业类,其他,药品生物技术,生物技术类,生物与化工大类,exact
苏州健雄职业技术学院,历史,苏州健雄职业技术学院02,127902,08,分析检验技术,生物化工类,生物与化工大类,分析检验技术,化工技术类,生物与化工大类,exact
苏州健雄职业技术学院,历史,苏州健雄职业技术学院02,127902,09,医学生物技术,其他专业类,其他,医学生物技术,医学技术类,医药卫生大类,exact
苏州健雄职业技术学院,历史,苏州健雄职业技术学院02,127902,10,药学,药学类,医药卫生大类,药学,药学类,医药卫生大类,exact
苏州健雄职业技术学院,历史,苏州健雄职业技术学院02,127902,11,绿色生物制造技术,机械设计制造类,装备制造大类,绿色生物制造技术,生物技术类,生物与化工大类,exact
苏州健雄职业技术学院,历史,苏州健雄职业技术学院02,127902,12,生物信息技术,其他专业类,其他,生物信息技术,生物技术类,生物与化工大类,exact
苏州健雄职业技术学院,历史,苏州健雄职业技术学院02,127902,13,软件技术,计算机类,电子与信息大类,软件技术,计算机类,电子与信息大类,exact
苏州健雄职业技术学院,历史,苏州健雄职业技术学院02,127902,14,物联网应用技术,计算机类,电子与信息大类,物联网应用技术,电子信息类,电子与信息大类,exact
苏州健雄职业技术学院,历史,苏州健雄职业技术学院02,127902,15,人工智能技术应用,计算机类,电子与信息大类,人工智能技术应用,计算机类,电子与信息大类,exact
苏州健雄职业技术学院,历史,苏州健雄职业技术学院02,127902,16,智能产品开发与应用,电子信息类,电子与信息大类,智能产品开发与应用,电子信息类,电子与信息大类,exact
苏州健雄职业技术学院,历史,苏州健雄职业技术学院02,127902,17,集成电路技术,电子信息类,电子与信息大类,集成电路技术,集成电路类,电子与信息大类,exact
苏州健雄职业技术学院,历史,苏州健雄职业技术学院02,127902,18,旅游管理,旅游餐饮类,旅游大类,旅游管理,旅游类,旅游大类,exact
苏州健雄职业技术学院,历史,苏州健雄职业技术学院02,127902,19,大数据与财务管理,财务会计类,财经商贸大类,大数据与财务管理,财务会计类,财经商贸大类,exact
苏州健雄职业技术学院,历史,苏州健雄职业技术学院02,127902,20,跨境电子商务,财经商贸类,财经商贸大类,跨境电子商务,电子商务类,财经商贸大类,exact
苏州健雄职业技术学院,历史,苏州健雄职业技术学院02,127902,21,人力资源管理,公共管理服务类,公共管理与服务大类,人力资源管理,公共管理类,公共管理与服务大类,exact
苏州健雄职业技术学院,历史,苏州健雄职业技术学院02,127902,22,数字媒体技术,计算机类,电子与信息大类,数字媒体技术,计算机类,电子与信息大类,exact
苏州健雄职业技术学院,历史,苏州健雄职业技术学院03,127903,23,现代物流管理(中外合作办学),财经商贸类,财经商贸大类,现代物流管理,物流类,财经商贸大类,exact
天津城市职业学院,物理,天津城市职业学院01,323901,01,人工智能技术应用(乌江路校区),计算机类,电子与信息大类,人工智能技术应用,计算机类,电子与信息大类,exact
合肥通用职业技术学院,历史,合肥通用职业技术学院01,233701,01,氢能技术应用(蜀山校区),其他专业类,其他,氢能技术应用,新能源发电工程类,能源动力与材料大类,exact
合肥通用职业技术学院,历史,合肥通用职业技术学院01,233701,02,智能控制技术(蜀山校区),电气自动化类,装备制造大类,智能控制技术,自动化类,装备制造大类,exact
济南工程职业技术学院,物理,济南工程职业技术学院01,265801,01,建筑装饰工程技术(双山校区),土木建筑类,土木建筑大类,建筑装饰工程技术,建筑设计类,土木建筑大类,exact
济南工程职业技术学院,物理,济南工程职业技术学院01,265801,02,大数据与会计(双山校区),财务会计类,财经商贸大类,大数据与会计,财务会计类,财经商贸大类,exact
湖南体育职业学院,物理,湖南体育职业学院04,537204,07,民族传统体育(只招男生)(武警部队),教育体育类,教育与体育大类,民族传统体育,体育类,教育与体育大类,exact
湖南体育职业学院,物理,湖南体育职业学院04,537204,08,运动训练(只招男生)(武警部队),教育体育类,教育与体育大类,运动训练,体育类,教育与体育大类,exact
江阴职业技术学院,物理,江阴职业技术学院03,121603,21,"环境工程技术(与江苏理工学院分段培养项目)(报考该专业有色觉要求,具体请查阅院校招生章程)",资源环境安全类,资源环境与安全大类,环境工程技术,环境保护类,资源环境与安全大类,exact
江阴职业技术学院,物理,江阴职业技术学院03,121603,22,物联网应用技术(与江苏理工学院分段培养项目),计算机类,电子与信息大类,物联网应用技术,电子信息类,电子与信息大类,exact
江阴职业技术学院,物理,江阴职业技术学院04,121604,23,数字化设计与制造技术,机械设计制造类,装备制造大类,数字化设计与制造技术,机械设计制造类,装备制造大类,exact
江阴职业技术学院,物理,江阴职业技术学院04,121604,24,机电一体化技术,电气自动化类,装备制造大类,机电一体化技术,自动化类,装备制造大类,exact
江阴职业技术学院,物理,江阴职业技术学院04,121604,25,无人机应用技术,航空运输类,交通运输大类,无人机应用技术,航空装备类,装备制造大类,exact
江阴职业技术学院,物理,江阴职业技术学院04,121604,26,"环境工程技术(报考该专业有色觉要求,具体请查阅院校招生章程)",资源环境安全类,资源环境与安全大类,环境工程技术,环境保护类,资源环境与安全大类,exact
江阴职业技术学院,物理,江阴职业技术学院04,121604,27,"高分子材料智能制造技术(报考该专业有色觉要求,具体请查阅院校招生章程)",电气自动化类,装备制造大类,高分子材料智能制造技术,非金属材料类,能源动力与材料大类,exact
江阴职业技术学院,物理,江阴职业技术学院04,121604,28,现代纺织技术,其他专业类,其他,现代纺织技术,纺织服装类,轻工纺织大类,exact
江阴职业技术学院,物理,江阴职业技术学院04,121604,29,纺织品检验与贸易,财经商贸类,财经商贸大类,纺织品检验与贸易,纺织服装类,轻工纺织大类,exact
江阴职业技术学院,物理,江阴职业技术学院04,121604,30,药品生产技术,药学类,医药卫生大类,药品生产技术,药品与医疗器械类,食品药品与粮食大类,exact
江阴职业技术学院,物理,江阴职业技术学院04,121604,31,电气自动化技术,电气自动化类,装备制造大类,电气自动化技术,自动化类,装备制造大类,exact
江阴职业技术学院,物理,江阴职业技术学院04,121604,32,工业机器人技术,电气自动化类,装备制造大类,工业机器人技术,自动化类,装备制造大类,exact
江阴职业技术学院,物理,江阴职业技术学院04,121604,33,钢铁智能冶金技术,能源动力与材料类,能源动力与材料大类,钢铁智能冶金技术,黑色金属材料类,能源动力与材料大类,exact
江阴职业技术学院,物理,江阴职业技术学院04,121604,34,物联网应用技术,计算机类,电子与信息大类,物联网应用技术,电子信息类,电子与信息大类,exact
江阴职业技术学院,物理,江阴职业技术学院04,121604,35,数字媒体技术,计算机类,电子与信息大类,数字媒体技术,计算机类,电子与信息大类,exact
江阴职业技术学院,物理,江阴职业技术学院04,121604,36,计算机网络技术,计算机类,电子与信息大类,计算机网络技术,计算机类,电子与信息大类,exact
江阴职业技术学院,物理,江阴职业技术学院04,121604,37,大数据技术,计算机类,电子与信息大类,大数据技术,计算机类,电子与信息大类,exact
江阴职业技术学院,物理,江阴职业技术学院04,121604,38,大数据与会计,财务会计类,财经商贸大类,大数据与会计,财务会计类,财经商贸大类,exact
江阴职业技术学院,物理,江阴职业技术学院04,121604,39,电子商务,财经商贸类,财经商贸大类,电子商务,电子商务类,财经商贸大类,exact
江阴职业技术学院,物理,江阴职业技术学院04,121604,40,建筑室内设计,土木建筑类,土木建筑大类,建筑室内设计,建筑设计类,土木建筑大类,exact
江阴职业技术学院,物理,江阴职业技术学院04,121604,41,服装设计与工艺,文化艺术类,文化艺术大类,服装设计与工艺,纺织服装类,轻工纺织大类,exact
江阴职业技术学院,物理,江阴职业技术学院04,121604,42,国际经济与贸易,财经商贸类,财经商贸大类,国际经济与贸易,经济贸易类,财经商贸大类,exact
江阴职业技术学院,物理,江阴职业技术学院04,121604,43,商务英语(只招英语考生),教育体育类,教育与体育大类,商务英语,语言类,教育与体育大类,exact
江阴职业技术学院,物理,江阴职业技术学院04,121604,44,空中乘务,航空运输类,交通运输大类,空中乘务,航空运输类,交通运输大类,exact
滨州职业技术大学,历史,滨州职业技术大学01,268501,01,医学检验技术(水面舰艇人员合格)(只招男生)(海军),护理医学类,医药卫生大类,医学检验技术,医学技术类,医药卫生大类,exact
滨州职业技术大学,历史,滨州职业技术大学01,268501,02,轮机工程技术(水面舰艇人员合格)(只招男生)(海军),航海运输类,交通运输大类,轮机工程技术,水上运输类,交通运输大类,exact
滨州职业技术大学,历史,滨州职业技术大学02,268502,03,石油化工技术(只招男生)(空军),生物化工类,生物与化工大类,石油化工技术,化工技术类,生物与化工大类,exact
泰州职业技术学院,历史,泰州职业技术学院01,143101,01,"护理(报考该专业有色觉要求,具体请查阅院校招生章程)",护理医学类,医药卫生大类,护理,护理类,医药卫生大类,exact
泰州职业技术学院,历史,泰州职业技术学院01,143101,02,"助产(报考该专业有色觉要求,具体请查阅院校招生章程)",护理医学类,医药卫生大类,助产,护理类,医药卫生大类,exact
泰州职业技术学院,历史,泰州职业技术学院01,143101,03,"口腔医学技术(报考该专业有色觉要求,具体请查阅院校招生章程)",护理医学类,医药卫生大类,口腔医学技术,医学技术类,医药卫生大类,exact
泰州职业技术学院,历史,泰州职业技术学院01,143101,04,"康复治疗技术(报考该专业有色觉要求,具体请查阅院校招生章程)",护理医学类,医药卫生大类,康复治疗技术,康复治疗类,医药卫生大类,exact
泰州职业技术学院,历史,泰州职业技术学院01,143101,05,"药学(报考该专业有色觉要求,具体请查阅院校招生章程)",药学类,医药卫生大类,药学,药学类,医药卫生大类,exact
泰州职业技术学院,历史,泰州职业技术学院01,143101,06,机电一体化技术,电气自动化类,装备制造大类,机电一体化技术,自动化类,装备制造大类,exact
泰州职业技术学院,历史,泰州职业技术学院01,143101,07,数控技术,机械设计制造类,装备制造大类,数控技术,机械设计制造类,装备制造大类,exact
泰州职业技术学院,历史,泰州职业技术学院01,143101,08,新能源汽车技术,汽车制造类,装备制造大类,新能源汽车技术,汽车制造类,装备制造大类,exact
泰州职业技术学院,历史,泰州职业技术学院01,143101,09,工业机器人技术,电气自动化类,装备制造大类,工业机器人技术,自动化类,装备制造大类,exact
泰州职业技术学院,历史,泰州职业技术学院01,143101,10,智能控制技术,电气自动化类,装备制造大类,智能控制技术,自动化类,装备制造大类,exact
泰州职业技术学院,历史,泰州职业技术学院01,143101,11,机械制造及自动化,电气自动化类,装备制造大类,机械制造及自动化,机械设计制造类,装备制造大类,exact
泰州职业技术学院,历史,泰州职业技术学院01,143101,12,计算机应用技术,计算机类,电子与信息大类,计算机应用技术,计算机类,电子与信息大类,exact
泰州职业技术学院,历史,泰州职业技术学院01,143101,13,电子信息工程技术,电子信息类,电子与信息大类,电子信息工程技术,电子信息类,电子与信息大类,exact
泰州职业技术学院,历史,泰州职业技术学院01,143101,14,软件技术,计算机类,电子与信息大类,软件技术,计算机类,电子与信息大类,exact
泰州职业技术学院,历史,泰州职业技术学院01,143101,15,物联网应用技术,计算机类,电子与信息大类,物联网应用技术,电子信息类,电子与信息大类,exact
泰州职业技术学院,历史,泰州职业技术学院01,143101,16,人工智能技术应用,计算机类,电子与信息大类,人工智能技术应用,计算机类,电子与信息大类,exact
泰州职业技术学院,历史,泰州职业技术学院01,143101,17,电气自动化技术,电气自动化类,装备制造大类,电气自动化技术,自动化类,装备制造大类,exact
泰州职业技术学院,历史,泰州职业技术学院01,143101,18,药品生产技术,药学类,医药卫生大类,药品生产技术,药品与医疗器械类,食品药品与粮食大类,exact
泰州职业技术学院,历史,泰州职业技术学院01,143101,19,药品质量与安全,药学类,医药卫生大类,药品质量与安全,药品与医疗器械类,食品药品与粮食大类,exact
泰州职业技术学院,历史,泰州职业技术学院01,143101,20,药物制剂技术,其他专业类,其他,药物制剂技术,药品与医疗器械类,食品药品与粮食大类,exact
泰州职业技术学院,历史,泰州职业技术学院01,143101,21,生物制药技术,生物化工类,生物与化工大类,生物制药技术,药品与医疗器械类,食品药品与粮食大类,exact
泰州职业技术学院,历史,泰州职业技术学院01,143101,22,中药学,药学类,医药卫生大类,中药学,中医药类,医药卫生大类,exact
泰州职业技术学院,历史,泰州职业技术学院01,143101,23,市场营销,财经商贸类,财经商贸大类,市场营销,工商管理类,财经商贸大类,exact
泰州职业技术学院,历史,泰州职业技术学院01,143101,24,大数据与会计,财务会计类,财经商贸大类,大数据与会计,财务会计类,财经商贸大类,exact
泰州职业技术学院,历史,泰州职业技术学院01,143101,25,电子商务,财经商贸类,财经商贸大类,电子商务,电子商务类,财经商贸大类,exact
泰州职业技术学院,历史,泰州职业技术学院01,143101,26,数字媒体技术,计算机类,电子与信息大类,数字媒体技术,计算机类,电子与信息大类,exact
长春职业技术大学,物理,长春职业技术大学01,424901,01,应用韩语(只招男生)(龙嘉校区)(武警部队),其他专业类,其他,应用韩语,语言类,教育与体育大类,exact
长春职业技术大学,物理,长春职业技术大学01,424901,02,应用韩语(只招男生)(龙嘉校区)(陆军),其他专业类,其他,应用韩语,语言类,教育与体育大类,exact
武汉船舶职业技术学院,物理,武汉船舶职业技术学院04,522704,15,机械设计与制造,机械设计制造类,装备制造大类,机械设计与制造,机械设计制造类,装备制造大类,exact
武汉船舶职业技术学院,物理,武汉船舶职业技术学院04,522704,16,数字化设计与制造技术,机械设计制造类,装备制造大类,数字化设计与制造技术,机械设计制造类,装备制造大类,exact
武汉船舶职业技术学院,物理,武汉船舶职业技术学院04,522704,17,工业机器人技术,电气自动化类,装备制造大类,工业机器人技术,自动化类,装备制造大类,exact
武汉船舶职业技术学院,物理,武汉船舶职业技术学院04,522704,18,船舶动力工程技术,航海运输类,交通运输大类,船舶动力工程技术,船舶与海洋工程装备类,装备制造大类,exact
武汉船舶职业技术学院,物理,武汉船舶职业技术学院04,522704,19,新能源汽车技术,汽车制造类,装备制造大类,新能源汽车技术,汽车制造类,装备制造大类,exact
武汉船舶职业技术学院,物理,武汉船舶职业技术学院04,522704,20,船舶工程技术,航海运输类,交通运输大类,船舶工程技术,船舶与海洋工程装备类,装备制造大类,exact
武汉船舶职业技术学院,物理,武汉船舶职业技术学院04,522704,21,船舶智能焊接技术,航海运输类,交通运输大类,船舶智能焊接技术,船舶与海洋工程装备类,装备制造大类,exact
武汉船舶职业技术学院,物理,武汉船舶职业技术学院04,522704,22,机电一体化技术,电气自动化类,装备制造大类,机电一体化技术,自动化类,装备制造大类,exact
武汉船舶职业技术学院,物理,武汉船舶职业技术学院04,522704,23,电气自动化技术,电气自动化类,装备制造大类,电气自动化技术,自动化类,装备制造大类,exact
武汉船舶职业技术学院,物理,武汉船舶职业技术学院04,522704,24,船舶电气工程技术,航海运输类,交通运输大类,船舶电气工程技术,船舶与海洋工程装备类,装备制造大类,exact
武汉船舶职业技术学院,物理,武汉船舶职业技术学院04,522704,25,现代通信技术,电子信息类,电子与信息大类,现代通信技术,通信类,电子与信息大类,exact
武汉船舶职业技术学院,物理,武汉船舶职业技术学院04,522704,26,大数据与会计,财务会计类,财经商贸大类,大数据与会计,财务会计类,财经商贸大类,exact
武汉船舶职业技术学院,物理,武汉船舶职业技术学院04,522704,27,软件技术,计算机类,电子与信息大类,软件技术,计算机类,电子与信息大类,exact
武汉船舶职业技术学院,物理,武汉船舶职业技术学院04,522704,28,大数据技术,计算机类,电子与信息大类,大数据技术,计算机类,电子与信息大类,exact
武汉船舶职业技术学院,物理,武汉船舶职业技术学院04,522704,29,电子商务,财经商贸类,财经商贸大类,电子商务,电子商务类,财经商贸大类,exact
武汉警官职业学院,物理,武汉警官职业学院02,527302,11,无人机应用技术,航空运输类,交通运输大类,无人机应用技术,航空装备类,装备制造大类,exact
武汉警官职业学院,物理,武汉警官职业学院02,527302,12,物联网应用技术,计算机类,电子与信息大类,物联网应用技术,电子信息类,电子与信息大类,exact
武汉警官职业学院,物理,武汉警官职业学院02,527302,13,计算机应用技术,计算机类,电子与信息大类,计算机应用技术,计算机类,电子与信息大类,exact
武汉警官职业学院,物理,武汉警官职业学院02,527302,14,计算机网络技术,计算机类,电子与信息大类,计算机网络技术,计算机类,电子与信息大类,exact
武汉警官职业学院,物理,武汉警官职业学院02,527302,15,软件技术,计算机类,电子与信息大类,软件技术,计算机类,电子与信息大类,exact
武汉警官职业学院,物理,武汉警官职业学院02,527302,16,大数据技术,计算机类,电子与信息大类,大数据技术,计算机类,电子与信息大类,exact
武汉警官职业学院,物理,武汉警官职业学院02,527302,17,人工智能技术应用,计算机类,电子与信息大类,人工智能技术应用,计算机类,电子与信息大类,exact
武汉警官职业学院,物理,武汉警官职业学院02,527302,18,区块链技术应用,计算机类,电子与信息大类,区块链技术应用,计算机类,电子与信息大类,exact
武汉警官职业学院,物理,武汉警官职业学院02,527302,19,现代移动通信技术,电子信息类,电子与信息大类,现代移动通信技术,通信类,电子与信息大类,exact
武汉警官职业学院,物理,武汉警官职业学院02,527302,20,低空物流技术与运营,财经商贸类,财经商贸大类,低空物流技术与运营,物流类,财经商贸大类,exact
江苏商贸职业学院,历史,江苏商贸职业学院01,131401,01,现代物流管理(与常州工学院分段培养项目),财经商贸类,财经商贸大类,现代物流管理,物流类,财经商贸大类,exact
江苏商贸职业学院,历史,江苏商贸职业学院02,131402,02,物联网应用技术(与南京工业职业技术大学分段培养项目),计算机类,电子与信息大类,物联网应用技术,电子信息类,电子与信息大类,exact
江苏商贸职业学院,历史,江苏商贸职业学院03,131403,03,大数据与会计(与南通理工学院分段培养项目),财务会计类,财经商贸大类,大数据与会计,财务会计类,财经商贸大类,exact
江苏商贸职业学院,历史,江苏商贸职业学院04,131404,04,软件技术(与南通理工学院分段培养项目),计算机类,电子与信息大类,软件技术,计算机类,电子与信息大类,exact
江苏商贸职业学院,历史,江苏商贸职业学院05,131405,05,大数据与财务管理(与南京传媒学院分段培养项目),财务会计类,财经商贸大类,大数据与财务管理,财务会计类,财经商贸大类,exact
江苏商贸职业学院,历史,江苏商贸职业学院06,131406,06,旅游管理(与南京传媒学院分段培养项目),旅游餐饮类,旅游大类,旅游管理,旅游类,旅游大类,exact
江苏商贸职业学院,历史,江苏商贸职业学院07,131407,07,大数据与财务管理,财务会计类,财经商贸大类,大数据与财务管理,财务会计类,财经商贸大类,exact
江苏商贸职业学院,历史,江苏商贸职业学院07,131407,08,大数据与会计,财务会计类,财经商贸大类,大数据与会计,财务会计类,财经商贸大类,exact
江苏商贸职业学院,历史,江苏商贸职业学院07,131407,09,大数据与审计,财务会计类,财经商贸大类,大数据与审计,财务会计类,财经商贸大类,exact
江苏商贸职业学院,历史,江苏商贸职业学院07,131407,10,金融服务与管理,财经商贸类,财经商贸大类,金融服务与管理,金融类,财经商贸大类,exact
江苏商贸职业学院,历史,江苏商贸职业学院07,131407,11,业财数据应用与管理,其他专业类,其他,业财数据应用与管理,财务会计类,财经商贸大类,exact
江苏商贸职业学院,历史,江苏商贸职业学院07,131407,12,旅游管理,旅游餐饮类,旅游大类,旅游管理,旅游类,旅游大类,exact
江苏商贸职业学院,历史,江苏商贸职业学院07,131407,13,婴幼儿托育服务与管理,护理医学类,医药卫生大类,婴幼儿托育服务与管理,健康管理与促进类,医药卫生大类,exact
江苏商贸职业学院,历史,江苏商贸职业学院07,131407,14,高速铁路客运服务,铁道运输类,交通运输大类,高速铁路客运服务,铁道运输类,交通运输大类,exact
江苏商贸职业学院,历史,江苏商贸职业学院07,131407,15,空中乘务,航空运输类,交通运输大类,空中乘务,航空运输类,交通运输大类,exact
江苏商贸职业学院,历史,江苏商贸职业学院07,131407,16,研学旅行管理与服务,其他专业类,其他,研学旅行管理与服务,旅游类,旅游大类,exact
江苏商贸职业学院,历史,江苏商贸职业学院07,131407,17,智慧健康养老服务与管理,公共管理服务类,公共管理与服务大类,智慧健康养老服务与管理,公共服务类,公共管理与服务大类,exact
江苏商贸职业学院,历史,江苏商贸职业学院07,131407,18,国际经济与贸易,财经商贸类,财经商贸大类,国际经济与贸易,经济贸易类,财经商贸大类,exact
江苏商贸职业学院,历史,江苏商贸职业学院07,131407,19,跨境电子商务,财经商贸类,财经商贸大类,跨境电子商务,电子商务类,财经商贸大类,exact
江苏商贸职业学院,历史,江苏商贸职业学院07,131407,20,电子商务,财经商贸类,财经商贸大类,电子商务,电子商务类,财经商贸大类,exact
江苏商贸职业学院,历史,江苏商贸职业学院07,131407,21,网络营销与直播电商,计算机类,电子与信息大类,网络营销与直播电商,电子商务类,财经商贸大类,exact
江苏商贸职业学院,历史,江苏商贸职业学院07,131407,22,农村电子商务,财经商贸类,财经商贸大类,农村电子商务,电子商务类,财经商贸大类,exact
江苏商贸职业学院,历史,江苏商贸职业学院07,131407,23,数智营销,其他专业类,其他,数智营销,工商管理类,财经商贸大类,exact
江苏商贸职业学院,历史,江苏商贸职业学院07,131407,24,农产品流通与管理,农林牧渔类,农林牧渔大类,农产品流通与管理,农业类,农林牧渔大类,exact
江苏商贸职业学院,历史,江苏商贸职业学院07,131407,25,现代物流管理,财经商贸类,财经商贸大类,现代物流管理,物流类,财经商贸大类,exact
江苏商贸职业学院,历史,江苏商贸职业学院07,131407,26,供应链运营,其他专业类,其他,供应链运营,物流类,财经商贸大类,exact
江苏商贸职业学院,历史,江苏商贸职业学院07,131407,27,智能物流技术,财经商贸类,财经商贸大类,智能物流技术,物流类,财经商贸大类,exact
江苏商贸职业学院,历史,江苏商贸职业学院07,131407,28,冷链物流技术与管理,财经商贸类,财经商贸大类,冷链物流技术与管理,物流类,财经商贸大类,exact
江苏商贸职业学院,历史,江苏商贸职业学院07,131407,29,低空物流技术与运营,财经商贸类,财经商贸大类,低空物流技术与运营,物流类,财经商贸大类,exact
江苏商贸职业学院,历史,江苏商贸职业学院07,131407,30,电气自动化技术,电气自动化类,装备制造大类,电气自动化技术,自动化类,装备制造大类,exact
江苏商贸职业学院,历史,江苏商贸职业学院07,131407,31,无人机应用技术,航空运输类,交通运输大类,无人机应用技术,航空装备类,装备制造大类,exact
江苏商贸职业学院,历史,江苏商贸职业学院07,131407,32,物联网应用技术,计算机类,电子与信息大类,物联网应用技术,电子信息类,电子与信息大类,exact
江苏商贸职业学院,历史,江苏商贸职业学院07,131407,33,人工智能技术应用,计算机类,电子与信息大类,人工智能技术应用,计算机类,电子与信息大类,exact
江苏商贸职业学院,历史,江苏商贸职业学院07,131407,34,计算机网络技术,计算机类,电子与信息大类,计算机网络技术,计算机类,电子与信息大类,exact
江苏商贸职业学院,历史,江苏商贸职业学院07,131407,35,软件技术,计算机类,电子与信息大类,软件技术,计算机类,电子与信息大类,exact
江苏商贸职业学院,历史,江苏商贸职业学院07,131407,36,大数据技术,计算机类,电子与信息大类,大数据技术,计算机类,电子与信息大类,exact
江苏商贸职业学院,历史,江苏商贸职业学院07,131407,37,集成电路技术,电子信息类,电子与信息大类,集成电路技术,集成电路类,电子与信息大类,exact
江苏商贸职业学院,历史,江苏商贸职业学院07,131407,38,低空智联网技术,其他专业类,其他,低空智联网技术,通信类,电子与信息大类,exact
江苏商贸职业学院,历史,江苏商贸职业学院07,131407,39,工程造价,土木建筑类,土木建筑大类,工程造价,建设工程管理类,土木建筑大类,exact
江苏商贸职业学院,历史,江苏商贸职业学院07,131407,40,动漫制作技术,文化艺术类,文化艺术大类,动漫制作技术,计算机类,电子与信息大类,exact
上海震旦职业学院,历史,上海震旦职业学院01,801901,01,数字媒体技术,计算机类,电子与信息大类,数字媒体技术,计算机类,电子与信息大类,exact
上海震旦职业学院,历史,上海震旦职业学院01,801901,02,大数据与会计,财务会计类,财经商贸大类,大数据与会计,财务会计类,财经商贸大类,exact
上海震旦职业学院,历史,上海震旦职业学院01,801901,03,电子商务,财经商贸类,财经商贸大类,电子商务,电子商务类,财经商贸大类,exact
上海震旦职业学院,历史,上海震旦职业学院01,801901,04,传播与策划,新闻传播类,新闻传播大类,传播与策划,广播影视类,新闻传播大类,exact
湖北交通职业技术学院,历史,湖北交通职业技术学院02,524602,03,汽车检测与维修技术(只招男生)(空军),汽车制造类,装备制造大类,汽车检测与维修技术,道路运输类,交通运输大类,exact
湖北交通职业技术学院,历史,湖北交通职业技术学院02,524602,04,智能工程机械运用技术(只招男生)(空军),机械设计制造类,装备制造大类,智能工程机械运用技术,道路运输类,交通运输大类,exact
湖北交通职业技术学院,历史,湖北交通职业技术学院03,524603,05,船舶电子电气技术(水面舰艇人员合格)(只招男生)(海军),航海运输类,交通运输大类,船舶电子电气技术,水上运输类,交通运输大类,exact
广州科技贸易职业学院,物理,广州科技贸易职业学院01,548301,01,无人机应用技术,航空运输类,交通运输大类,无人机应用技术,航空装备类,装备制造大类,exact
广州科技贸易职业学院,物理,广州科技贸易职业学院01,548301,02,城市轨道车辆应用技术,铁道运输类,交通运输大类,城市轨道车辆应用技术,城市轨道交通类,交通运输大类,exact
渤海船舶职业学院,物理,渤海船舶职业学院02,415502,02,船舶电气工程技术(水面舰艇人员合格)(只招男生)(海军),航海运输类,交通运输大类,船舶电气工程技术,船舶与海洋工程装备类,装备制造大类,exact
渤海船舶职业学院,物理,渤海船舶职业学院02,415502,03,轮机工程技术(水面舰艇人员合格)(只招男生)(武警部队),航海运输类,交通运输大类,轮机工程技术,水上运输类,交通运输大类,exact
黑龙江交通职业技术学院,物理,黑龙江交通职业技术学院02,432802,08,铁道机车运用与维护,铁道运输类,交通运输大类,铁道机车运用与维护,铁道运输类,交通运输大类,exact
黑龙江交通职业技术学院,物理,黑龙江交通职业技术学院02,432802,09,铁道车辆技术,铁道运输类,交通运输大类,铁道车辆技术,铁道运输类,交通运输大类,exact
黑龙江交通职业技术学院,物理,黑龙江交通职业技术学院02,432802,10,动车组检修技术,铁道运输类,交通运输大类,动车组检修技术,铁道运输类,交通运输大类,exact
黑龙江交通职业技术学院,物理,黑龙江交通职业技术学院02,432802,11,铁道供电技术,铁道运输类,交通运输大类,铁道供电技术,铁道运输类,交通运输大类,exact
黑龙江交通职业技术学院,物理,黑龙江交通职业技术学院02,432802,12,铁道交通运营管理,铁道运输类,交通运输大类,铁道交通运营管理,铁道运输类,交通运输大类,exact
黑龙江交通职业技术学院,物理,黑龙江交通职业技术学院02,432802,13,铁道工程技术,铁道运输类,交通运输大类,铁道工程技术,铁道运输类,交通运输大类,exact
黑龙江交通职业技术学院,物理,黑龙江交通职业技术学院02,432802,14,电梯工程技术,电气自动化类,装备制造大类,电梯工程技术,机电设备类,装备制造大类,exact
南通科技职业学院,历史,南通科技职业学院01,131301,01,园林技术,农林牧渔类,农林牧渔大类,园林技术,林业类,农林牧渔大类,exact
南通科技职业学院,历史,南通科技职业学院01,131301,02,园艺技术,农林牧渔类,农林牧渔大类,园艺技术,农业类,农林牧渔大类,exact
南通科技职业学院,历史,南通科技职业学院01,131301,03,园林工程技术,土木建筑类,土木建筑大类,园林工程技术,建筑设计类,土木建筑大类,exact
南通科技职业学院,历史,南通科技职业学院01,131301,04,风景园林设计,土木建筑类,土木建筑大类,风景园林设计,建筑设计类,土木建筑大类,exact
南通科技职业学院,历史,南通科技职业学院01,131301,05,现代农业技术,农林牧渔类,农林牧渔大类,现代农业技术,农业类,农林牧渔大类,exact
南通科技职业学院,历史,南通科技职业学院01,131301,06,环境工程技术,资源环境安全类,资源环境与安全大类,环境工程技术,环境保护类,资源环境与安全大类,exact
南通科技职业学院,历史,南通科技职业学院01,131301,07,环境监测技术,资源环境安全类,资源环境与安全大类,环境监测技术,环境保护类,资源环境与安全大类,exact
南通科技职业学院,历史,南通科技职业学院01,131301,08,药品生物技术,其他专业类,其他,药品生物技术,生物技术类,生物与化工大类,exact
南通科技职业学院,历史,南通科技职业学院01,131301,09,食品智能加工技术,食品药品类,食品药品与粮食大类,食品智能加工技术,食品类,食品药品与粮食大类,exact
南通科技职业学院,历史,南通科技职业学院01,131301,10,食品检验检测技术,食品药品类,食品药品与粮食大类,食品检验检测技术,食品类,食品药品与粮食大类,exact
南通科技职业学院,历史,南通科技职业学院01,131301,11,药品经营与管理,药学类,医药卫生大类,药品经营与管理,药品与医疗器械类,食品药品与粮食大类,exact
南通科技职业学院,历史,南通科技职业学院01,131301,12,农产品加工与质量检测,农林牧渔类,农林牧渔大类,农产品加工与质量检测,农业类,农林牧渔大类,exact
南通科技职业学院,历史,南通科技职业学院01,131301,13,智能水务管理,其他专业类,其他,智能水务管理,水利工程与管理类,水利大类,exact
南通科技职业学院,历史,南通科技职业学院01,131301,14,计算机应用技术,计算机类,电子与信息大类,计算机应用技术,计算机类,电子与信息大类,exact
南通科技职业学院,历史,南通科技职业学院01,131301,15,计算机网络技术,计算机类,电子与信息大类,计算机网络技术,计算机类,电子与信息大类,exact
南通科技职业学院,历史,南通科技职业学院01,131301,16,云计算技术应用,计算机类,电子与信息大类,云计算技术应用,计算机类,电子与信息大类,exact
南通科技职业学院,历史,南通科技职业学院01,131301,17,工业互联网技术,电气自动化类,装备制造大类,工业互联网技术,计算机类,电子与信息大类,exact
南通科技职业学院,历史,南通科技职业学院01,131301,18,空中乘务,航空运输类,交通运输大类,空中乘务,航空运输类,交通运输大类,exact
南通科技职业学院,历史,南通科技职业学院01,131301,19,大数据与会计,财务会计类,财经商贸大类,大数据与会计,财务会计类,财经商贸大类,exact
南通科技职业学院,历史,南通科技职业学院01,131301,20,现代物流管理,财经商贸类,财经商贸大类,现代物流管理,物流类,财经商贸大类,exact
南通科技职业学院,历史,南通科技职业学院01,131301,21,网络营销与直播电商,计算机类,电子与信息大类,网络营销与直播电商,电子商务类,财经商贸大类,exact
南通科技职业学院,历史,南通科技职业学院01,131301,22,电子商务,财经商贸类,财经商贸大类,电子商务,电子商务类,财经商贸大类,exact
南通科技职业学院,历史,南通科技职业学院01,131301,23,旅游管理,旅游餐饮类,旅游大类,旅游管理,旅游类,旅游大类,exact
南通科技职业学院,历史,南通科技职业学院01,131301,24,酒店管理与数字化运营,旅游餐饮类,旅游大类,酒店管理与数字化运营,旅游类,旅游大类,exact
南通科技职业学院,历史,南通科技职业学院01,131301,25,人工智能技术应用,计算机类,电子与信息大类,人工智能技术应用,计算机类,电子与信息大类,exact
南通科技职业学院,历史,南通科技职业学院01,131301,26,无人机应用技术,航空运输类,交通运输大类,无人机应用技术,航空装备类,装备制造大类,exact
南通科技职业学院,历史,南通科技职业学院02,131302,27,环境工程技术[与扬州职业技术大学(原扬州市职业大学)分段培养项目],资源环境安全类,资源环境与安全大类,环境工程技术,环境保护类,资源环境与安全大类,exact
南通科技职业学院,历史,南通科技职业学院02,131302,28,软件技术(与南通理工学院分段培养项目),计算机类,电子与信息大类,软件技术,计算机类,电子与信息大类,exact
南通科技职业学院,历史,南通科技职业学院03,131303,29,工业互联网技术(与南京工业职业技术大学分段培养项目),电气自动化类,装备制造大类,工业互联网技术,计算机类,电子与信息大类,exact
山东外国语职业技术大学,物理,山东外国语职业技术大学02,825202,03,具身智能机器人技术,其他专业类,其他,具身智能机器人技术,自动化类,装备制造大类,exact
山东外国语职业技术大学,物理,山东外国语职业技术大学03,825203,04,油气储运技术,其他专业类,其他,油气储运技术,石油与天然气类,资源环境与安全大类,exact
山东外国语职业技术大学,物理,山东外国语职业技术大学03,825203,05,物联网应用技术,计算机类,电子与信息大类,物联网应用技术,电子信息类,电子与信息大类,exact
沙洲职业工学院,物理,沙洲职业工学院02,127802,27,建筑室内设计,土木建筑类,土木建筑大类,建筑室内设计,建筑设计类,土木建筑大类,exact
沙洲职业工学院,物理,沙洲职业工学院02,127802,28,建筑工程技术,土木建筑类,土木建筑大类,建筑工程技术,土建施工类,土木建筑大类,exact
沙洲职业工学院,物理,沙洲职业工学院02,127802,29,工程造价,土木建筑类,土木建筑大类,工程造价,建设工程管理类,土木建筑大类,exact
沙洲职业工学院,物理,沙洲职业工学院02,127802,30,纺织品检验与贸易,财经商贸类,财经商贸大类,纺织品检验与贸易,纺织服装类,轻工纺织大类,exact
沙洲职业工学院,物理,沙洲职业工学院02,127802,31,服装设计与工艺,文化艺术类,文化艺术大类,服装设计与工艺,纺织服装类,轻工纺织大类,exact
沙洲职业工学院,物理,沙洲职业工学院02,127802,32,"环境监测技术(报考该专业有色觉要求,具体请查阅院校招生章程)",资源环境安全类,资源环境与安全大类,环境监测技术,环境保护类,资源环境与安全大类,exact
沙洲职业工学院,物理,沙洲职业工学院02,127802,33,"应用化工技术(报考该专业有色觉要求,具体请查阅院校招生章程)",生物化工类,生物与化工大类,应用化工技术,化工技术类,生物与化工大类,exact
沙洲职业工学院,物理,沙洲职业工学院02,127802,34,电气自动化技术,电气自动化类,装备制造大类,电气自动化技术,自动化类,装备制造大类,exact
沙洲职业工学院,物理,沙洲职业工学院02,127802,35,电子信息工程技术,电子信息类,电子与信息大类,电子信息工程技术,电子信息类,电子与信息大类,exact
沙洲职业工学院,物理,沙洲职业工学院02,127802,36,计算机网络技术,计算机类,电子与信息大类,计算机网络技术,计算机类,电子与信息大类,exact
沙洲职业工学院,物理,沙洲职业工学院02,127802,37,智能控制技术,电气自动化类,装备制造大类,智能控制技术,自动化类,装备制造大类,exact
沙洲职业工学院,物理,沙洲职业工学院02,127802,38,大数据技术,计算机类,电子与信息大类,大数据技术,计算机类,电子与信息大类,exact
沙洲职业工学院,物理,沙洲职业工学院02,127802,39,集成电路技术,电子信息类,电子与信息大类,集成电路技术,集成电路类,电子与信息大类,exact
沙洲职业工学院,物理,沙洲职业工学院02,127802,40,人工智能技术应用,计算机类,电子与信息大类,人工智能技术应用,计算机类,电子与信息大类,exact
沙洲职业工学院,物理,沙洲职业工学院02,127802,41,工业机器人技术,电气自动化类,装备制造大类,工业机器人技术,自动化类,装备制造大类,exact
沙洲职业工学院,物理,沙洲职业工学院02,127802,42,机械制造及自动化,电气自动化类,装备制造大类,机械制造及自动化,机械设计制造类,装备制造大类,exact
沙洲职业工学院,物理,沙洲职业工学院02,127802,43,数字化设计与制造技术,机械设计制造类,装备制造大类,数字化设计与制造技术,机械设计制造类,装备制造大类,exact
沙洲职业工学院,物理,沙洲职业工学院02,127802,44,数控技术,机械设计制造类,装备制造大类,数控技术,机械设计制造类,装备制造大类,exact
沙洲职业工学院,物理,沙洲职业工学院02,127802,45,汽车制造与试验技术,机械设计制造类,装备制造大类,汽车制造与试验技术,汽车制造类,装备制造大类,exact
沙洲职业工学院,物理,沙洲职业工学院02,127802,46,新能源汽车技术,汽车制造类,装备制造大类,新能源汽车技术,汽车制造类,装备制造大类,exact
沙洲职业工学院,物理,沙洲职业工学院02,127802,47,大数据与会计,财务会计类,财经商贸大类,大数据与会计,财务会计类,财经商贸大类,exact
沙洲职业工学院,物理,沙洲职业工学院02,127802,48,国际经济与贸易,财经商贸类,财经商贸大类,国际经济与贸易,经济贸易类,财经商贸大类,exact
沙洲职业工学院,物理,沙洲职业工学院02,127802,49,市场营销,财经商贸类,财经商贸大类,市场营销,工商管理类,财经商贸大类,exact
沙洲职业工学院,物理,沙洲职业工学院02,127802,50,现代物流管理,财经商贸类,财经商贸大类,现代物流管理,物流类,财经商贸大类,exact
沙洲职业工学院,物理,沙洲职业工学院02,127802,51,酒店管理与数字化运营,旅游餐饮类,旅游大类,酒店管理与数字化运营,旅游类,旅游大类,exact
沙洲职业工学院,物理,沙洲职业工学院02,127802,52,电子商务,财经商贸类,财经商贸大类,电子商务,电子商务类,财经商贸大类,exact
襄阳职业技术大学,历史,襄阳职业技术大学01,529101,01,宠物医疗技术(高铁南路校区),农林牧渔类,农林牧渔大类,宠物医疗技术,畜牧业类,农林牧渔大类,exact
襄阳职业技术大学,历史,襄阳职业技术大学01,529101,02,建筑室内设计(隆中路校区),土木建筑类,土木建筑大类,建筑室内设计,建筑设计类,土木建筑大类,exact
渤海船舶职业学院,物理,渤海船舶职业学院01,415501,01,船舶工程技术,航海运输类,交通运输大类,船舶工程技术,船舶与海洋工程装备类,装备制造大类,exact
安徽卫生健康职业学院,物理,安徽卫生健康职业学院02,238402,02,"药品经营与管理[本专业拟按4900元/年收费,实际收费以物价(或主管)部门批复为准]",药学类,医药卫生大类,药品经营与管理,药品与医疗器械类,食品药品与粮食大类,exact
河南职业技术学院,物理,河南职业技术学院02,511502,02,机械制造及自动化,电气自动化类,装备制造大类,机械制造及自动化,机械设计制造类,装备制造大类,exact
河南职业技术学院,物理,河南职业技术学院02,511502,03,虚拟现实技术应用,计算机类,电子与信息大类,虚拟现实技术应用,计算机类,电子与信息大类,exact
湖南体育职业学院,历史,湖南体育职业学院02,537202,03,民族传统体育(只招男生)(武警部队),教育体育类,教育与体育大类,民族传统体育,体育类,教育与体育大类,exact
湖南体育职业学院,历史,湖南体育职业学院02,537202,04,运动训练(只招男生)(武警部队),教育体育类,教育与体育大类,运动训练,体育类,教育与体育大类,exact
秦皇岛职业技术学院,物理,秦皇岛职业技术学院02,332302,03,电子商务,财经商贸类,财经商贸大类,电子商务,电子商务类,财经商贸大类,exact
秦皇岛职业技术学院,物理,秦皇岛职业技术学院02,332302,04,跨境电子商务,财经商贸类,财经商贸大类,跨境电子商务,电子商务类,财经商贸大类,exact
聊城职业技术学院,物理,聊城职业技术学院02,264402,02,大数据与会计,财务会计类,财经商贸大类,大数据与会计,财务会计类,财经商贸大类,exact
四川建筑职业技术大学,物理,四川建筑职业技术大学02,612602,02,建筑工程技术,土木建筑类,土木建筑大类,建筑工程技术,土建施工类,土木建筑大类,exact
江苏安全技术职业学院,历史,江苏安全技术职业学院01,123401,01,工程安全评价与监理(云龙校区),资源环境安全类,资源环境与安全大类,工程安全评价与监理,安全类,资源环境与安全大类,exact
江苏安全技术职业学院,历史,江苏安全技术职业学院01,123401,02,建筑消防技术(云龙校区),土木建筑类,土木建筑大类,建筑消防技术,建筑设备类,土木建筑大类,exact
江苏安全技术职业学院,历史,江苏安全技术职业学院01,123401,03,无人机应用技术(云龙校区),航空运输类,交通运输大类,无人机应用技术,航空装备类,装备制造大类,exact
江苏安全技术职业学院,历史,江苏安全技术职业学院01,123401,04,城市轨道交通机电技术(云龙校区),铁道运输类,交通运输大类,城市轨道交通机电技术,城市轨道交通类,交通运输大类,exact
江苏安全技术职业学院,历史,江苏安全技术职业学院01,123401,05,电力储能应用技术(云龙校区),能源动力与材料类,能源动力与材料大类,电力储能应用技术,电力技术类,能源动力与材料大类,exact
江苏安全技术职业学院,历史,江苏安全技术职业学院01,123401,06,汽车检测与维修技术,汽车制造类,装备制造大类,汽车检测与维修技术,道路运输类,交通运输大类,exact
江苏安全技术职业学院,历史,江苏安全技术职业学院01,123401,07,新能源汽车技术(云龙校区),汽车制造类,装备制造大类,新能源汽车技术,汽车制造类,装备制造大类,exact
江苏安全技术职业学院,历史,江苏安全技术职业学院01,123401,08,新能源汽车检测与维修技术(云龙校区),汽车制造类,装备制造大类,新能源汽车检测与维修技术,道路运输类,交通运输大类,exact
江苏安全技术职业学院,历史,江苏安全技术职业学院01,123401,09,智能网联汽车技术(云龙校区),汽车制造类,装备制造大类,智能网联汽车技术,汽车制造类,装备制造大类,exact
江苏安全技术职业学院,历史,江苏安全技术职业学院01,123401,10,开源技术应用,其他专业类,其他,开源技术应用,计算机类,电子与信息大类,exact
江苏安全技术职业学院,历史,江苏安全技术职业学院01,123401,11,人工智能技术应用,计算机类,电子与信息大类,人工智能技术应用,计算机类,电子与信息大类,exact
江苏安全技术职业学院,历史,江苏安全技术职业学院01,123401,12,数字媒体技术,计算机类,电子与信息大类,数字媒体技术,计算机类,电子与信息大类,exact
江苏安全技术职业学院,历史,江苏安全技术职业学院01,123401,13,信息安全技术应用,计算机类,电子与信息大类,信息安全技术应用,计算机类,电子与信息大类,exact
江苏安全技术职业学院,历史,江苏安全技术职业学院01,123401,14,安全智能监测技术,资源环境安全类,资源环境与安全大类,安全智能监测技术,安全类,资源环境与安全大类,exact
江苏安全技术职业学院,历史,江苏安全技术职业学院01,123401,15,材料成型及控制技术,机械设计制造类,装备制造大类,材料成型及控制技术,机械设计制造类,装备制造大类,exact
江苏安全技术职业学院,历史,江苏安全技术职业学院01,123401,16,电梯工程技术,电气自动化类,装备制造大类,电梯工程技术,机电设备类,装备制造大类,exact
江苏安全技术职业学院,历史,江苏安全技术职业学院01,123401,17,工业机器人技术,电气自动化类,装备制造大类,工业机器人技术,自动化类,装备制造大类,exact
江苏安全技术职业学院,历史,江苏安全技术职业学院01,123401,18,机电一体化技术,电气自动化类,装备制造大类,机电一体化技术,自动化类,装备制造大类,exact
江苏安全技术职业学院,历史,江苏安全技术职业学院01,123401,19,机械制造及自动化,电气自动化类,装备制造大类,机械制造及自动化,机械设计制造类,装备制造大类,exact
江苏安全技术职业学院,历史,江苏安全技术职业学院01,123401,20,数控技术,机械设计制造类,装备制造大类,数控技术,机械设计制造类,装备制造大类,exact
江苏安全技术职业学院,历史,江苏安全技术职业学院01,123401,21,智能安防运营管理,其他专业类,其他,智能安防运营管理,安全防范类,公安与司法大类,exact
江苏安全技术职业学院,历史,江苏安全技术职业学院01,123401,22,智能机电技术,其他专业类,其他,智能机电技术,自动化类,装备制造大类,exact
江苏安全技术职业学院,历史,江苏安全技术职业学院01,123401,23,智能制造装备技术,电气自动化类,装备制造大类,智能制造装备技术,机电设备类,装备制造大类,exact
江苏安全技术职业学院,历史,江苏安全技术职业学院01,123401,24,电子商务(云龙校区),财经商贸类,财经商贸大类,电子商务,电子商务类,财经商贸大类,exact
江苏安全技术职业学院,历史,江苏安全技术职业学院01,123401,25,网络营销与直播电商,计算机类,电子与信息大类,网络营销与直播电商,电子商务类,财经商贸大类,exact
江苏安全技术职业学院,历史,江苏安全技术职业学院02,123402,26,"应急救援技术(与盐城工学院分段培养项目)(云龙校区)(报考该专业有色觉要求,具体请查阅院校招生章程)",资源环境安全类,资源环境与安全大类,应急救援技术,安全类,资源环境与安全大类,exact
江苏安全技术职业学院,历史,江苏安全技术职业学院03,123403,27,电子商务(与徐州工程学院分段培养项目)(云龙校区),财经商贸类,财经商贸大类,电子商务,电子商务类,财经商贸大类,exact
安徽冶金科技职业学院,物理,安徽冶金科技职业学院02,236302,04,钢铁冶金设备维护,能源动力与材料类,能源动力与材料大类,钢铁冶金设备维护,黑色金属材料类,能源动力与材料大类,exact
安徽冶金科技职业学院,物理,安徽冶金科技职业学院02,236302,05,数控技术,机械设计制造类,装备制造大类,数控技术,机械设计制造类,装备制造大类,exact
安徽冶金科技职业学院,物理,安徽冶金科技职业学院02,236302,06,电气自动化技术,电气自动化类,装备制造大类,电气自动化技术,自动化类,装备制造大类,exact
江苏食品药品职业技术学院,历史,江苏食品药品职业技术学院01,135101,01,食品药品监督管理,食品药品类,食品药品与粮食大类,食品药品监督管理,药品与医疗器械类,食品药品与粮食大类,exact
江苏食品药品职业技术学院,历史,江苏食品药品职业技术学院01,135101,02,食品营养与健康,食品药品类,食品药品与粮食大类,食品营养与健康,食品类,食品药品与粮食大类,exact
江苏食品药品职业技术学院,历史,江苏食品药品职业技术学院01,135101,03,食品智能加工技术,食品药品类,食品药品与粮食大类,食品智能加工技术,食品类,食品药品与粮食大类,exact
江苏食品药品职业技术学院,历史,江苏食品药品职业技术学院01,135101,04,食品检验检测技术,食品药品类,食品药品与粮食大类,食品检验检测技术,食品类,食品药品与粮食大类,exact
江苏食品药品职业技术学院,历史,江苏食品药品职业技术学院01,135101,05,食品质量与安全,食品药品类,食品药品与粮食大类,食品质量与安全,食品类,食品药品与粮食大类,exact
江苏食品药品职业技术学院,历史,江苏食品药品职业技术学院01,135101,06,药学,药学类,医药卫生大类,药学,药学类,医药卫生大类,exact
江苏食品药品职业技术学院,历史,江苏食品药品职业技术学院01,135101,07,中药学,药学类,医药卫生大类,中药学,中医药类,医药卫生大类,exact
江苏食品药品职业技术学院,历史,江苏食品药品职业技术学院01,135101,08,生物制药技术,生物化工类,生物与化工大类,生物制药技术,药品与医疗器械类,食品药品与粮食大类,exact
江苏食品药品职业技术学院,历史,江苏食品药品职业技术学院01,135101,09,药品生产技术,药学类,医药卫生大类,药品生产技术,药品与医疗器械类,食品药品与粮食大类,exact
江苏食品药品职业技术学院,历史,江苏食品药品职业技术学院01,135101,10,卫生检验与检疫技术,护理医学类,医药卫生大类,卫生检验与检疫技术,医学技术类,医药卫生大类,exact
江苏食品药品职业技术学院,历史,江苏食品药品职业技术学院01,135101,11,中西面点工艺,其他专业类,其他,中西面点工艺,餐饮类,旅游大类,exact
江苏食品药品职业技术学院,历史,江苏食品药品职业技术学院01,135101,12,西式烹饪工艺,食品药品类,食品药品与粮食大类,西式烹饪工艺,餐饮类,旅游大类,exact
江苏食品药品职业技术学院,历史,江苏食品药品职业技术学院01,135101,13,餐饮智能管理,旅游餐饮类,旅游大类,餐饮智能管理,餐饮类,旅游大类,exact
江苏食品药品职业技术学院,历史,江苏食品药品职业技术学院01,135101,14,大数据与会计,财务会计类,财经商贸大类,大数据与会计,财务会计类,财经商贸大类,exact
江苏食品药品职业技术学院,历史,江苏食品药品职业技术学院01,135101,15,护理,护理医学类,医药卫生大类,护理,护理类,医药卫生大类,exact
江苏食品药品职业技术学院,历史,江苏食品药品职业技术学院01,135101,16,智慧健康养老服务与管理,公共管理服务类,公共管理与服务大类,智慧健康养老服务与管理,公共服务类,公共管理与服务大类,exact
江苏食品药品职业技术学院,历史,江苏食品药品职业技术学院01,135101,17,中医康复技术,护理医学类,医药卫生大类,中医康复技术,中医药类,医药卫生大类,exact
江苏食品药品职业技术学院,历史,江苏食品药品职业技术学院01,135101,18,职业健康安全技术,资源环境安全类,资源环境与安全大类,职业健康安全技术,安全类,资源环境与安全大类,exact
江苏食品药品职业技术学院,历史,江苏食品药品职业技术学院01,135101,19,电气自动化技术,电气自动化类,装备制造大类,电气自动化技术,自动化类,装备制造大类,exact
江苏食品药品职业技术学院,历史,江苏食品药品职业技术学院01,135101,20,机电一体化技术,电气自动化类,装备制造大类,机电一体化技术,自动化类,装备制造大类,exact
江苏食品药品职业技术学院,历史,江苏食品药品职业技术学院01,135101,21,智能控制技术,电气自动化类,装备制造大类,智能控制技术,自动化类,装备制造大类,exact
江苏食品药品职业技术学院,历史,江苏食品药品职业技术学院01,135101,22,工业机器人技术,电气自动化类,装备制造大类,工业机器人技术,自动化类,装备制造大类,exact
江苏食品药品职业技术学院,历史,江苏食品药品职业技术学院01,135101,23,智能制造装备技术,电气自动化类,装备制造大类,智能制造装备技术,机电设备类,装备制造大类,exact
江苏食品药品职业技术学院,历史,江苏食品药品职业技术学院01,135101,24,人工智能技术应用,计算机类,电子与信息大类,人工智能技术应用,计算机类,电子与信息大类,exact
江苏食品药品职业技术学院,历史,江苏食品药品职业技术学院01,135101,25,数字媒体技术,计算机类,电子与信息大类,数字媒体技术,计算机类,电子与信息大类,exact
江苏食品药品职业技术学院,历史,江苏食品药品职业技术学院01,135101,26,计算机应用技术,计算机类,电子与信息大类,计算机应用技术,计算机类,电子与信息大类,exact
江苏食品药品职业技术学院,历史,江苏食品药品职业技术学院01,135101,27,虚拟现实技术应用,计算机类,电子与信息大类,虚拟现实技术应用,计算机类,电子与信息大类,exact
江苏食品药品职业技术学院,历史,江苏食品药品职业技术学院02,135102,28,"食品质量与安全(与徐州工程学院分段培养项目)(报考该专业有色觉要求,具体请查阅院校招生章程)",食品药品类,食品药品与粮食大类,食品质量与安全,食品类,食品药品与粮食大类,exact
江苏食品药品职业技术学院,历史,江苏食品药品职业技术学院03,135103,29,市场营销(与无锡太湖学院分段培养项目),财经商贸类,财经商贸大类,市场营销,工商管理类,财经商贸大类,exact
江苏食品药品职业技术学院,历史,江苏食品药品职业技术学院04,135104,30,"中医康复技术(与无锡太湖学院分段培养项目)(报考该专业有色觉要求,具体请查阅院校招生章程)",护理医学类,医药卫生大类,中医康复技术,中医药类,医药卫生大类,exact
江苏食品药品职业技术学院,历史,江苏食品药品职业技术学院05,135105,31,人工智能技术应用[与苏州职业技术大学(原苏州市职业大学)分段培养项目],计算机类,电子与信息大类,人工智能技术应用,计算机类,电子与信息大类,exact
马鞍山职业技术学院,物理,马鞍山职业技术学院02,235702,04,工业机器人技术,电气自动化类,装备制造大类,工业机器人技术,自动化类,装备制造大类,exact
马鞍山职业技术学院,物理,马鞍山职业技术学院02,235702,05,大数据与会计,财务会计类,财经商贸大类,大数据与会计,财务会计类,财经商贸大类,exact
马鞍山职业技术学院,物理,马鞍山职业技术学院02,235702,06,商务英语,教育体育类,教育与体育大类,商务英语,语言类,教育与体育大类,exact
延安职业技术学院,历史,延安职业技术学院01,717501,01,汽车制造与试验技术(只招男生)(空军),机械设计制造类,装备制造大类,汽车制造与试验技术,汽车制造类,装备制造大类,exact
延安职业技术学院,历史,延安职业技术学院02,717502,02,轮机工程技术(水面舰艇人员合格)(只招男生)(海军),航海运输类,交通运输大类,轮机工程技术,水上运输类,交通运输大类,exact
泉州海洋职业学院,物理,泉州海洋职业学院02,815802,02,航海技术,航海运输类,交通运输大类,航海技术,水上运输类,交通运输大类,exact
武昌职业学院,历史,武昌职业学院02,859202,02,人工智能技术应用(只招男生)(陆军),计算机类,电子与信息大类,人工智能技术应用,计算机类,电子与信息大类,exact
武昌职业学院,历史,武昌职业学院02,859202,03,电子信息工程技术(只招男生)(空军),电子信息类,电子与信息大类,电子信息工程技术,电子信息类,电子与信息大类,exact
武昌职业学院,历史,武昌职业学院02,859202,04,电子信息工程技术(只招男生)(信息支援部队),电子信息类,电子与信息大类,电子信息工程技术,电子信息类,电子与信息大类,exact
武昌职业学院,历史,武昌职业学院02,859202,05,现代通信技术(只招男生)(联勤保障部队),电子信息类,电子与信息大类,现代通信技术,通信类,电子与信息大类,exact
武昌职业学院,历史,武昌职业学院02,859202,06,人工智能技术应用(只招男生)(武警部队),计算机类,电子与信息大类,人工智能技术应用,计算机类,电子与信息大类,exact
武昌职业学院,历史,武昌职业学院03,859203,07,电子信息工程技术(水面舰艇人员合格)(只招男生)(海军),电子信息类,电子与信息大类,电子信息工程技术,电子信息类,电子与信息大类,exact
武昌职业学院,历史,武昌职业学院04,859204,08,现代通信技术[陆战队员(特种作战部队条件兵)合格](只招男生)(陆军),电子信息类,电子与信息大类,现代通信技术,通信类,电子与信息大类,exact
柳州铁道职业技术学院,历史,柳州铁道职业技术学院01,552801,01,铁道交通运营管理,铁道运输类,交通运输大类,铁道交通运营管理,铁道运输类,交通运输大类,exact
柳州铁道职业技术学院,历史,柳州铁道职业技术学院01,552801,02,铁道机车运用与维护,铁道运输类,交通运输大类,铁道机车运用与维护,铁道运输类,交通运输大类,exact
湖北铁道运输职业学院,历史,湖北铁道运输职业学院01,528301,01,物联网应用技术,计算机类,电子与信息大类,物联网应用技术,电子信息类,电子与信息大类,exact
湖北铁道运输职业学院,历史,湖北铁道运输职业学院01,528301,02,城市轨道交通车辆制造与维护,铁道运输类,交通运输大类,城市轨道交通车辆制造与维护,轨道装备类,装备制造大类,exact
湖北铁道运输职业学院,历史,湖北铁道运输职业学院01,528301,03,城市轨道车辆应用技术,铁道运输类,交通运输大类,城市轨道车辆应用技术,城市轨道交通类,交通运输大类,exact
湖北铁道运输职业学院,历史,湖北铁道运输职业学院01,528301,04,铁道机车运用与维护(报考该专业须查阅院校招生章程),铁道运输类,交通运输大类,铁道机车运用与维护,铁道运输类,交通运输大类,exact
湖北铁道运输职业学院,历史,湖北铁道运输职业学院01,528301,05,铁道车辆技术,铁道运输类,交通运输大类,铁道车辆技术,铁道运输类,交通运输大类,exact
湖北铁道运输职业学院,历史,湖北铁道运输职业学院01,528301,06,铁道交通运营管理,铁道运输类,交通运输大类,铁道交通运营管理,铁道运输类,交通运输大类,exact
陕西能源职业技术学院,物理,陕西能源职业技术学院02,714502,04,新能源汽车技术,汽车制造类,装备制造大类,新能源汽车技术,汽车制造类,装备制造大类,exact
陕西能源职业技术学院,物理,陕西能源职业技术学院02,714502,05,智能医疗装备技术,其他专业类,其他,智能医疗装备技术,药品与医疗器械类,食品药品与粮食大类,exact
陕西能源职业技术学院,物理,陕西能源职业技术学院02,714502,06,计算机网络技术,计算机类,电子与信息大类,计算机网络技术,计算机类,电子与信息大类,exact
黑龙江交通职业技术学院,历史,黑龙江交通职业技术学院01,432801,01,铁道机车运用与维护,铁道运输类,交通运输大类,铁道机车运用与维护,铁道运输类,交通运输大类,exact
黑龙江交通职业技术学院,历史,黑龙江交通职业技术学院01,432801,02,铁道车辆技术,铁道运输类,交通运输大类,铁道车辆技术,铁道运输类,交通运输大类,exact
黑龙江交通职业技术学院,历史,黑龙江交通职业技术学院01,432801,03,动车组检修技术,铁道运输类,交通运输大类,动车组检修技术,铁道运输类,交通运输大类,exact
黑龙江交通职业技术学院,历史,黑龙江交通职业技术学院01,432801,04,铁道供电技术,铁道运输类,交通运输大类,铁道供电技术,铁道运输类,交通运输大类,exact
黑龙江交通职业技术学院,历史,黑龙江交通职业技术学院01,432801,05,铁道交通运营管理,铁道运输类,交通运输大类,铁道交通运营管理,铁道运输类,交通运输大类,exact
黑龙江交通职业技术学院,历史,黑龙江交通职业技术学院01,432801,06,铁道工程技术,铁道运输类,交通运输大类,铁道工程技术,铁道运输类,交通运输大类,exact
黑龙江交通职业技术学院,历史,黑龙江交通职业技术学院01,432801,07,电梯工程技术,电气自动化类,装备制造大类,电梯工程技术,机电设备类,装备制造大类,exact
苏州幼儿师范高等专科学校,历史,苏州幼儿师范高等专科学校01,129001,01,音乐教育(与苏州科技大学分段培养项目)(师范),文化艺术类,文化艺术大类,音乐教育,教育类,教育与体育大类,exact
苏州幼儿师范高等专科学校,历史,苏州幼儿师范高等专科学校02,129002,02,人工智能数据工程技术,计算机类,电子与信息大类,人工智能数据工程技术,计算机类,电子与信息大类,exact
苏州幼儿师范高等专科学校,历史,苏州幼儿师范高等专科学校02,129002,03,社区康复,公共管理服务类,公共管理与服务大类,社区康复,公共服务类,公共管理与服务大类,exact
苏州幼儿师范高等专科学校,历史,苏州幼儿师范高等专科学校02,129002,04,智慧健康养老服务与管理,公共管理服务类,公共管理与服务大类,智慧健康养老服务与管理,公共服务类,公共管理与服务大类,exact
苏州幼儿师范高等专科学校,历史,苏州幼儿师范高等专科学校02,129002,05,体育保健与康复,教育体育类,教育与体育大类,体育保健与康复,体育类,教育与体育大类,exact
苏州幼儿师范高等专科学校,历史,苏州幼儿师范高等专科学校02,129002,06,婴幼儿托育服务与管理,护理医学类,医药卫生大类,婴幼儿托育服务与管理,健康管理与促进类,医药卫生大类,exact
苏州幼儿师范高等专科学校,历史,苏州幼儿师范高等专科学校02,129002,07,早期教育(师范),教育体育类,教育与体育大类,早期教育,教育类,教育与体育大类,exact
苏州幼儿师范高等专科学校,历史,苏州幼儿师范高等专科学校02,129002,08,"学前教育(师范)(报考该专业有色觉要求,具体请查阅院校招生章程)",教育体育类,教育与体育大类,学前教育,教育类,教育与体育大类,exact
苏州幼儿师范高等专科学校,历史,苏州幼儿师范高等专科学校02,129002,09,"特殊教育(师范)(报考该专业有色觉要求,具体请查阅院校招生章程)",其他专业类,其他,特殊教育,教育类,教育与体育大类,exact
苏州幼儿师范高等专科学校,历史,苏州幼儿师范高等专科学校02,129002,10,音乐教育(师范),文化艺术类,文化艺术大类,音乐教育,教育类,教育与体育大类,exact
陕西航空职业技术学院,物理,陕西航空职业技术学院02,712802,05,机械设计与制造,机械设计制造类,装备制造大类,机械设计与制造,机械设计制造类,装备制造大类,exact
陕西航空职业技术学院,物理,陕西航空职业技术学院02,712802,06,智能制造装备技术,电气自动化类,装备制造大类,智能制造装备技术,机电设备类,装备制造大类,exact
陕西航空职业技术学院,物理,陕西航空职业技术学院02,712802,07,航空材料精密成型技术,航空运输类,交通运输大类,航空材料精密成型技术,航空装备类,装备制造大类,exact
陕西航空职业技术学院,物理,陕西航空职业技术学院02,712802,08,飞机机电设备维修,航空运输类,交通运输大类,飞机机电设备维修,航空运输类,交通运输大类,exact
陕西航空职业技术学院,物理,陕西航空职业技术学院02,712802,09,飞机电子设备维修,航空运输类,交通运输大类,飞机电子设备维修,航空运输类,交通运输大类,exact
江西职业技术大学,历史,江西职业技术大学01,256301,01,移动互联应用技术(濂溪校区),其他专业类,其他,移动互联应用技术,电子信息类,电子与信息大类,exact
江西职业技术大学,历史,江西职业技术大学01,256301,02,电子商务(濂溪校区),财经商贸类,财经商贸大类,电子商务,电子商务类,财经商贸大类,exact
甘肃交通职业技术学院,历史,甘肃交通职业技术学院01,722601,01,机电一体化技术,电气自动化类,装备制造大类,机电一体化技术,自动化类,装备制造大类,exact
甘肃交通职业技术学院,历史,甘肃交通职业技术学院01,722601,02,现代通信技术,电子信息类,电子与信息大类,现代通信技术,通信类,电子与信息大类,exact
陕西交通职业技术学院,物理,陕西交通职业技术学院03,712903,09,无人机测绘技术,资源环境安全类,资源环境与安全大类,无人机测绘技术,测绘地理信息类,资源环境与安全大类,exact
陕西交通职业技术学院,物理,陕西交通职业技术学院03,712903,10,电力储能应用技术(文景校区),能源动力与材料类,能源动力与材料大类,电力储能应用技术,电力技术类,能源动力与材料大类,exact
陕西交通职业技术学院,物理,陕西交通职业技术学院03,712903,11,建筑工程技术,土木建筑类,土木建筑大类,建筑工程技术,土建施工类,土木建筑大类,exact
陕西交通职业技术学院,物理,陕西交通职业技术学院03,712903,12,智能机器人技术,其他专业类,其他,智能机器人技术,自动化类,装备制造大类,exact
陕西交通职业技术学院,物理,陕西交通职业技术学院03,712903,13,无人机应用技术,航空运输类,交通运输大类,无人机应用技术,航空装备类,装备制造大类,exact
陕西交通职业技术学院,物理,陕西交通职业技术学院03,712903,14,新能源汽车技术,汽车制造类,装备制造大类,新能源汽车技术,汽车制造类,装备制造大类,exact
陕西交通职业技术学院,物理,陕西交通职业技术学院03,712903,15,新能源汽车检测与维修技术(文景校区),汽车制造类,装备制造大类,新能源汽车检测与维修技术,道路运输类,交通运输大类,exact
陕西交通职业技术学院,物理,陕西交通职业技术学院03,712903,16,城市轨道交通机电技术(文景校区),铁道运输类,交通运输大类,城市轨道交通机电技术,城市轨道交通类,交通运输大类,exact
陕西交通职业技术学院,物理,陕西交通职业技术学院03,712903,17,数字媒体技术(文景校区),计算机类,电子与信息大类,数字媒体技术,计算机类,电子与信息大类,exact
陕西交通职业技术学院,物理,陕西交通职业技术学院03,712903,18,人工智能技术应用(文景校区),计算机类,电子与信息大类,人工智能技术应用,计算机类,电子与信息大类,exact
陕西交通职业技术学院,物理,陕西交通职业技术学院03,712903,19,数字媒体艺术设计,文化艺术类,文化艺术大类,数字媒体艺术设计,艺术设计类,文化艺术大类,exact
陕西交通职业技术学院,物理,陕西交通职业技术学院04,712904,20,动漫制作技术(中外合作办学),文化艺术类,文化艺术大类,动漫制作技术,计算机类,电子与信息大类,exact
陕西交通职业技术学院,物理,陕西交通职业技术学院04,712904,21,计算机网络技术(中外合作办学),计算机类,电子与信息大类,计算机网络技术,计算机类,电子与信息大类,exact
陕西交通职业技术学院,物理,陕西交通职业技术学院04,712904,22,软件技术(中外合作办学),计算机类,电子与信息大类,软件技术,计算机类,电子与信息大类,exact
湖南国防工业职业技术学院,物理,湖南国防工业职业技术学院03,536703,06,机械制造及自动化,电气自动化类,装备制造大类,机械制造及自动化,机械设计制造类,装备制造大类,exact
湖南国防工业职业技术学院,物理,湖南国防工业职业技术学院03,536703,07,建设工程管理,土木建筑类,土木建筑大类,建设工程管理,建设工程管理类,土木建筑大类,exact
天津交通职业学院,历史,天津交通职业学院01,322601,01,智能网联汽车技术,汽车制造类,装备制造大类,智能网联汽车技术,汽车制造类,装备制造大类,exact
天津交通职业学院,历史,天津交通职业学院01,322601,02,现代物流管理,财经商贸类,财经商贸大类,现代物流管理,物流类,财经商贸大类,exact
天津交通职业学院,历史,天津交通职业学院01,322601,03,供应链运营,其他专业类,其他,供应链运营,物流类,财经商贸大类,exact
武汉船舶职业技术学院,历史,武汉船舶职业技术学院01,522701,01,轮机工程技术(水面舰艇人员合格)(只招男生)(海军),航海运输类,交通运输大类,轮机工程技术,水上运输类,交通运输大类,exact
武汉船舶职业技术学院,历史,武汉船舶职业技术学院01,522701,02,船舶电子电气技术(水面舰艇人员合格)(只招男生)(武警部队),航海运输类,交通运输大类,船舶电子电气技术,水上运输类,交通运输大类,exact
福建船政交通职业学院,物理,福建船政交通职业学院02,241602,02,大数据技术(首山校区),计算机类,电子与信息大类,大数据技术,计算机类,电子与信息大类,exact
常州纺织服装职业技术学院,历史,常州纺织服装职业技术学院01,125101,01,大数据技术,计算机类,电子与信息大类,大数据技术,计算机类,电子与信息大类,exact
常州纺织服装职业技术学院,历史,常州纺织服装职业技术学院01,125101,02,市场营销,财经商贸类,财经商贸大类,市场营销,工商管理类,财经商贸大类,exact
常州纺织服装职业技术学院,历史,常州纺织服装职业技术学院01,125101,03,机电一体化技术,电气自动化类,装备制造大类,机电一体化技术,自动化类,装备制造大类,exact
常州纺织服装职业技术学院,历史,常州纺织服装职业技术学院01,125101,04,现代物流管理,财经商贸类,财经商贸大类,现代物流管理,物流类,财经商贸大类,exact
常州纺织服装职业技术学院,历史,常州纺织服装职业技术学院01,125101,05,数字化染整技术,其他专业类,其他,数字化染整技术,纺织服装类,轻工纺织大类,exact
常州纺织服装职业技术学院,历史,常州纺织服装职业技术学院01,125101,06,电子商务,财经商贸类,财经商贸大类,电子商务,电子商务类,财经商贸大类,exact
常州纺织服装职业技术学院,历史,常州纺织服装职业技术学院01,125101,07,复合材料智能制造技术,电气自动化类,装备制造大类,复合材料智能制造技术,非金属材料类,能源动力与材料大类,exact
常州纺织服装职业技术学院,历史,常州纺织服装职业技术学院01,125101,08,纺织品检验与贸易,财经商贸类,财经商贸大类,纺织品检验与贸易,纺织服装类,轻工纺织大类,exact
常州纺织服装职业技术学院,历史,常州纺织服装职业技术学院01,125101,09,大数据与财务管理,财务会计类,财经商贸大类,大数据与财务管理,财务会计类,财经商贸大类,exact
常州纺织服装职业技术学院,历史,常州纺织服装职业技术学院01,125101,10,健康管理,护理医学类,医药卫生大类,健康管理,健康管理与促进类,医药卫生大类,exact
常州纺织服装职业技术学院,历史,常州纺织服装职业技术学院01,125101,11,现代纺织技术,其他专业类,其他,现代纺织技术,纺织服装类,轻工纺织大类,exact
常州纺织服装职业技术学院,历史,常州纺织服装职业技术学院01,125101,12,大数据与会计,财务会计类,财经商贸大类,大数据与会计,财务会计类,财经商贸大类,exact
常州纺织服装职业技术学院,历史,常州纺织服装职业技术学院01,125101,13,环境工程技术,资源环境安全类,资源环境与安全大类,环境工程技术,环境保护类,资源环境与安全大类,exact
常州纺织服装职业技术学院,历史,常州纺织服装职业技术学院01,125101,14,数字媒体技术,计算机类,电子与信息大类,数字媒体技术,计算机类,电子与信息大类,exact
常州纺织服装职业技术学院,历史,常州纺织服装职业技术学院01,125101,15,广播影视节目制作,电子信息类,电子与信息大类,广播影视节目制作,广播影视类,新闻传播大类,exact
常州纺织服装职业技术学院,历史,常州纺织服装职业技术学院01,125101,16,人工智能数据工程技术,计算机类,电子与信息大类,人工智能数据工程技术,计算机类,电子与信息大类,exact
常州纺织服装职业技术学院,历史,常州纺织服装职业技术学院01,125101,17,跨境电子商务,财经商贸类,财经商贸大类,跨境电子商务,电子商务类,财经商贸大类,exact
常州纺织服装职业技术学院,历史,常州纺织服装职业技术学院01,125101,18,模具设计与制造,机械设计制造类,装备制造大类,模具设计与制造,机械设计制造类,装备制造大类,exact
常州纺织服装职业技术学院,历史,常州纺织服装职业技术学院01,125101,19,商务英语,教育体育类,教育与体育大类,商务英语,语言类,教育与体育大类,exact
常州纺织服装职业技术学院,历史,常州纺织服装职业技术学院01,125101,20,数控技术,机械设计制造类,装备制造大类,数控技术,机械设计制造类,装备制造大类,exact
常州纺织服装职业技术学院,历史,常州纺织服装职业技术学院01,125101,21,智慧健康养老服务与管理,公共管理服务类,公共管理与服务大类,智慧健康养老服务与管理,公共服务类,公共管理与服务大类,exact
常州纺织服装职业技术学院,历史,常州纺织服装职业技术学院01,125101,22,信息安全技术应用,计算机类,电子与信息大类,信息安全技术应用,计算机类,电子与信息大类,exact
常州纺织服装职业技术学院,历史,常州纺织服装职业技术学院01,125101,23,婴幼儿托育服务与管理,护理医学类,医药卫生大类,婴幼儿托育服务与管理,健康管理与促进类,医药卫生大类,exact
常州纺织服装职业技术学院,历史,常州纺织服装职业技术学院01,125101,24,工业机器人技术,电气自动化类,装备制造大类,工业机器人技术,自动化类,装备制造大类,exact
常州纺织服装职业技术学院,历史,常州纺织服装职业技术学院01,125101,25,酒店管理与数字化运营,旅游餐饮类,旅游大类,酒店管理与数字化运营,旅游类,旅游大类,exact
常州纺织服装职业技术学院,历史,常州纺织服装职业技术学院02,125102,26,高分子材料智能制造技术(与常州大学分段培养项目),电气自动化类,装备制造大类,高分子材料智能制造技术,非金属材料类,能源动力与材料大类,exact
常州纺织服装职业技术学院,历史,常州纺织服装职业技术学院02,125102,27,机械制造及自动化[与扬州职业技术大学(原扬州市职业大学)分段培养项目],电气自动化类,装备制造大类,机械制造及自动化,机械设计制造类,装备制造大类,exact
常州纺织服装职业技术学院,历史,常州纺织服装职业技术学院02,125102,28,服装设计与工艺[与扬州职业技术大学(原扬州市职业大学)分段培养项目],文化艺术类,文化艺术大类,服装设计与工艺,纺织服装类,轻工纺织大类,exact
上海中华职业技术学院,物理,上海中华职业技术学院02,807802,03,人工智能技术应用,计算机类,电子与信息大类,人工智能技术应用,计算机类,电子与信息大类,exact
上海中华职业技术学院,物理,上海中华职业技术学院02,807802,04,智能机器人技术,其他专业类,其他,智能机器人技术,自动化类,装备制造大类,exact
上海中华职业技术学院,物理,上海中华职业技术学院02,807802,05,数字媒体技术,计算机类,电子与信息大类,数字媒体技术,计算机类,电子与信息大类,exact
安徽卫生健康职业学院,历史,安徽卫生健康职业学院01,238401,01,"药品经营与管理[本专业拟按4900元/年收费,实际收费以物价(或主管)部门批复为准]",药学类,医药卫生大类,药品经营与管理,药品与医疗器械类,食品药品与粮食大类,exact
陕西邮电职业技术学院,物理,陕西邮电职业技术学院02,717102,05,工业机器人技术,电气自动化类,装备制造大类,工业机器人技术,自动化类,装备制造大类,exact
陕西邮电职业技术学院,物理,陕西邮电职业技术学院02,717102,06,无人机应用技术,航空运输类,交通运输大类,无人机应用技术,航空装备类,装备制造大类,exact
陕西邮电职业技术学院,物理,陕西邮电职业技术学院02,717102,07,铁道通信与信息化技术,铁道运输类,交通运输大类,铁道通信与信息化技术,铁道运输类,交通运输大类,exact
陕西邮电职业技术学院,物理,陕西邮电职业技术学院02,717102,08,电子信息工程技术,电子信息类,电子与信息大类,电子信息工程技术,电子信息类,电子与信息大类,exact
陕西邮电职业技术学院,物理,陕西邮电职业技术学院02,717102,09,人工智能技术应用,计算机类,电子与信息大类,人工智能技术应用,计算机类,电子与信息大类,exact
陕西邮电职业技术学院,物理,陕西邮电职业技术学院02,717102,10,现代通信技术,电子信息类,电子与信息大类,现代通信技术,通信类,电子与信息大类,exact
长江工程职业技术学院,物理,长江工程职业技术学院02,525902,04,工业机器人技术(长江新城校区),电气自动化类,装备制造大类,工业机器人技术,自动化类,装备制造大类,exact
长江工程职业技术学院,物理,长江工程职业技术学院02,525902,05,智慧水利技术(文化大道校区),其他专业类,其他,智慧水利技术,水利工程与管理类,水利大类,exact
长江工程职业技术学院,物理,长江工程职业技术学院02,525902,06,智能建造技术(文化大道校区),其他专业类,其他,智能建造技术,土建施工类,土木建筑大类,exact
南通科技职业学院,物理,南通科技职业学院04,131304,30,园林技术,农林牧渔类,农林牧渔大类,园林技术,林业类,农林牧渔大类,exact
南通科技职业学院,物理,南通科技职业学院04,131304,31,园艺技术,农林牧渔类,农林牧渔大类,园艺技术,农业类,农林牧渔大类,exact
南通科技职业学院,物理,南通科技职业学院04,131304,32,园林工程技术,土木建筑类,土木建筑大类,园林工程技术,建筑设计类,土木建筑大类,exact
南通科技职业学院,物理,南通科技职业学院04,131304,33,风景园林设计,土木建筑类,土木建筑大类,风景园林设计,建筑设计类,土木建筑大类,exact
南通科技职业学院,物理,南通科技职业学院04,131304,34,现代农业技术,农林牧渔类,农林牧渔大类,现代农业技术,农业类,农林牧渔大类,exact
南通科技职业学院,物理,南通科技职业学院04,131304,35,环境工程技术,资源环境安全类,资源环境与安全大类,环境工程技术,环境保护类,资源环境与安全大类,exact
南通科技职业学院,物理,南通科技职业学院04,131304,36,环境监测技术,资源环境安全类,资源环境与安全大类,环境监测技术,环境保护类,资源环境与安全大类,exact
南通科技职业学院,物理,南通科技职业学院04,131304,37,药品生物技术,其他专业类,其他,药品生物技术,生物技术类,生物与化工大类,exact
南通科技职业学院,物理,南通科技职业学院04,131304,38,食品智能加工技术,食品药品类,食品药品与粮食大类,食品智能加工技术,食品类,食品药品与粮食大类,exact
南通科技职业学院,物理,南通科技职业学院04,131304,39,食品检验检测技术,食品药品类,食品药品与粮食大类,食品检验检测技术,食品类,食品药品与粮食大类,exact
南通科技职业学院,物理,南通科技职业学院04,131304,40,药品经营与管理,药学类,医药卫生大类,药品经营与管理,药品与医疗器械类,食品药品与粮食大类,exact
南通科技职业学院,物理,南通科技职业学院04,131304,41,农产品加工与质量检测,农林牧渔类,农林牧渔大类,农产品加工与质量检测,农业类,农林牧渔大类,exact
南通科技职业学院,物理,南通科技职业学院04,131304,42,智能水务管理,其他专业类,其他,智能水务管理,水利工程与管理类,水利大类,exact
南通科技职业学院,物理,南通科技职业学院04,131304,43,机械制造及自动化,电气自动化类,装备制造大类,机械制造及自动化,机械设计制造类,装备制造大类,exact
南通科技职业学院,物理,南通科技职业学院04,131304,44,机电一体化技术,电气自动化类,装备制造大类,机电一体化技术,自动化类,装备制造大类,exact
南通科技职业学院,物理,南通科技职业学院04,131304,45,电气自动化技术,电气自动化类,装备制造大类,电气自动化技术,自动化类,装备制造大类,exact
南通科技职业学院,物理,南通科技职业学院04,131304,46,电梯工程技术,电气自动化类,装备制造大类,电梯工程技术,机电设备类,装备制造大类,exact
南通科技职业学院,物理,南通科技职业学院04,131304,47,汽车制造与试验技术,机械设计制造类,装备制造大类,汽车制造与试验技术,汽车制造类,装备制造大类,exact
南通科技职业学院,物理,南通科技职业学院04,131304,48,新能源汽车技术,汽车制造类,装备制造大类,新能源汽车技术,汽车制造类,装备制造大类,exact
南通科技职业学院,物理,南通科技职业学院04,131304,49,计算机应用技术,计算机类,电子与信息大类,计算机应用技术,计算机类,电子与信息大类,exact
南通科技职业学院,物理,南通科技职业学院04,131304,50,计算机网络技术,计算机类,电子与信息大类,计算机网络技术,计算机类,电子与信息大类,exact
南通科技职业学院,物理,南通科技职业学院04,131304,51,云计算技术应用,计算机类,电子与信息大类,云计算技术应用,计算机类,电子与信息大类,exact
南通科技职业学院,物理,南通科技职业学院04,131304,52,工业互联网技术,电气自动化类,装备制造大类,工业互联网技术,计算机类,电子与信息大类,exact
南通科技职业学院,物理,南通科技职业学院04,131304,53,大数据与会计,财务会计类,财经商贸大类,大数据与会计,财务会计类,财经商贸大类,exact
南通科技职业学院,物理,南通科技职业学院04,131304,54,现代物流管理,财经商贸类,财经商贸大类,现代物流管理,物流类,财经商贸大类,exact
南通科技职业学院,物理,南通科技职业学院04,131304,55,网络营销与直播电商,计算机类,电子与信息大类,网络营销与直播电商,电子商务类,财经商贸大类,exact
南通科技职业学院,物理,南通科技职业学院04,131304,56,旅游管理,旅游餐饮类,旅游大类,旅游管理,旅游类,旅游大类,exact
南通科技职业学院,物理,南通科技职业学院04,131304,57,人工智能技术应用,计算机类,电子与信息大类,人工智能技术应用,计算机类,电子与信息大类,exact
南通科技职业学院,物理,南通科技职业学院04,131304,58,集成电路技术,电子信息类,电子与信息大类,集成电路技术,集成电路类,电子与信息大类,exact
南通科技职业学院,物理,南通科技职业学院04,131304,59,无人机应用技术,航空运输类,交通运输大类,无人机应用技术,航空装备类,装备制造大类,exact
南通科技职业学院,物理,南通科技职业学院05,131305,60,环境工程技术[与扬州职业技术大学(原扬州市职业大学)分段培养项目],资源环境安全类,资源环境与安全大类,环境工程技术,环境保护类,资源环境与安全大类,exact
南通科技职业学院,物理,南通科技职业学院05,131305,61,机电一体化技术[与扬州职业技术大学(原扬州市职业大学)分段培养项目],电气自动化类,装备制造大类,机电一体化技术,自动化类,装备制造大类,exact
南通科技职业学院,物理,南通科技职业学院05,131305,62,机械制造及自动化(与南通理工学院分段培养项目),电气自动化类,装备制造大类,机械制造及自动化,机械设计制造类,装备制造大类,exact
南通科技职业学院,物理,南通科技职业学院05,131305,63,软件技术(与南通理工学院分段培养项目),计算机类,电子与信息大类,软件技术,计算机类,电子与信息大类,exact
南通科技职业学院,物理,南通科技职业学院06,131306,64,工业互联网技术(与南京工业职业技术大学分段培养项目),电气自动化类,装备制造大类,工业互联网技术,计算机类,电子与信息大类,exact
安徽冶金科技职业学院,历史,安徽冶金科技职业学院01,236301,01,钢铁冶金设备维护,能源动力与材料类,能源动力与材料大类,钢铁冶金设备维护,黑色金属材料类,能源动力与材料大类,exact
安徽冶金科技职业学院,历史,安徽冶金科技职业学院01,236301,02,数控技术,机械设计制造类,装备制造大类,数控技术,机械设计制造类,装备制造大类,exact
安徽冶金科技职业学院,历史,安徽冶金科技职业学院01,236301,03,电气自动化技术,电气自动化类,装备制造大类,电气自动化技术,自动化类,装备制造大类,exact
江苏医药职业学院,物理,江苏医药职业学院04,137104,30,口腔医学技术,护理医学类,医药卫生大类,口腔医学技术,医学技术类,医药卫生大类,exact
江苏医药职业学院,物理,江苏医药职业学院04,137104,31,护理,护理医学类,医药卫生大类,护理,护理类,医药卫生大类,exact
江苏医药职业学院,物理,江苏医药职业学院04,137104,32,医学美容技术,其他专业类,其他,医学美容技术,医学技术类,医药卫生大类,exact
江苏医药职业学院,物理,江苏医药职业学院04,137104,33,健康管理,护理医学类,医药卫生大类,健康管理,健康管理与促进类,医药卫生大类,exact
江苏医药职业学院,物理,江苏医药职业学院04,137104,34,老年保健与管理,其他专业类,其他,老年保健与管理,健康管理与促进类,医药卫生大类,exact
江苏医药职业学院,物理,江苏医药职业学院04,137104,35,智慧健康养老服务与管理,公共管理服务类,公共管理与服务大类,智慧健康养老服务与管理,公共服务类,公共管理与服务大类,exact
江苏医药职业学院,物理,江苏医药职业学院04,137104,36,社会工作,公共管理服务类,公共管理与服务大类,社会工作,公共事业类,公共管理与服务大类,exact
江苏医药职业学院,物理,江苏医药职业学院04,137104,37,现代家政服务与管理,公共管理服务类,公共管理与服务大类,现代家政服务与管理,公共服务类,公共管理与服务大类,exact
江苏医药职业学院,物理,江苏医药职业学院04,137104,38,药学,药学类,医药卫生大类,药学,药学类,医药卫生大类,exact
江苏医药职业学院,物理,江苏医药职业学院04,137104,39,生物制药技术,生物化工类,生物与化工大类,生物制药技术,药品与医疗器械类,食品药品与粮食大类,exact
江苏医药职业学院,物理,江苏医药职业学院04,137104,40,中医学,护理医学类,医药卫生大类,中医学,中医药类,医药卫生大类,exact
江苏医药职业学院,物理,江苏医药职业学院04,137104,41,中药学,药学类,医药卫生大类,中药学,中医药类,医药卫生大类,exact
江苏医药职业学院,物理,江苏医药职业学院04,137104,42,针灸推拿,护理医学类,医药卫生大类,针灸推拿,中医药类,医药卫生大类,exact
江苏医药职业学院,物理,江苏医药职业学院04,137104,43,医学影像技术,护理医学类,医药卫生大类,医学影像技术,医学技术类,医药卫生大类,exact
江苏医药职业学院,物理,江苏医药职业学院04,137104,44,智能医疗装备技术,其他专业类,其他,智能医疗装备技术,药品与医疗器械类,食品药品与粮食大类,exact
江苏医药职业学院,物理,江苏医药职业学院04,137104,45,放射治疗技术,其他专业类,其他,放射治疗技术,医学技术类,医药卫生大类,exact
江苏医药职业学院,物理,江苏医药职业学院04,137104,46,医用材料与应用,能源动力与材料类,能源动力与材料大类,医用材料与应用,药品与医疗器械类,食品药品与粮食大类,exact
江苏医药职业学院,物理,江苏医药职业学院04,137104,47,医疗器械经营与服务,其他专业类,其他,医疗器械经营与服务,药品与医疗器械类,食品药品与粮食大类,exact
江苏医药职业学院,物理,江苏医药职业学院04,137104,48,康复治疗技术,护理医学类,医药卫生大类,康复治疗技术,康复治疗类,医药卫生大类,exact
江苏医药职业学院,物理,江苏医药职业学院04,137104,49,中医康复技术,护理医学类,医药卫生大类,中医康复技术,中医药类,医药卫生大类,exact
江苏医药职业学院,物理,江苏医药职业学院04,137104,50,社区康复,公共管理服务类,公共管理与服务大类,社区康复,公共服务类,公共管理与服务大类,exact
江苏医药职业学院,物理,江苏医药职业学院04,137104,51,医学检验技术,护理医学类,医药卫生大类,医学检验技术,医学技术类,医药卫生大类,exact
江苏医药职业学院,物理,江苏医药职业学院04,137104,52,司法鉴定技术,公安司法类,公安司法大类,司法鉴定技术,司法技术类,公安与司法大类,exact
江苏医药职业学院,物理,江苏医药职业学院04,137104,53,卫生信息管理,护理医学类,医药卫生大类,卫生信息管理,公共卫生与卫生管理类,医药卫生大类,exact
江苏医药职业学院,物理,江苏医药职业学院04,137104,54,检验检测技术与管理,其他专业类,其他,检验检测技术与管理,公共管理类,公共管理与服务大类,exact
江苏医药职业学院,物理,江苏医药职业学院05,137105,55,医学影像技术(与徐州医科大学分段培养项目),护理医学类,医药卫生大类,医学影像技术,医学技术类,医药卫生大类,exact
江苏医药职业学院,物理,江苏医药职业学院05,137105,56,中药学(与南京中医药大学分段培养项目),护理医学类,医药卫生大类,中药学,中医药类,医药卫生大类,exact
江苏医药职业学院,物理,江苏医药职业学院05,137105,57,康复治疗技术(与南京中医药大学分段培养项目),护理医学类,医药卫生大类,康复治疗技术,康复治疗类,医药卫生大类,exact
江苏医药职业学院,物理,江苏医药职业学院05,137105,58,言语听觉康复技术(与南京特殊教育师范学院分段培养项目),其他专业类,其他,言语听觉康复技术,康复治疗类,医药卫生大类,exact
江苏医药职业学院,物理,江苏医药职业学院06,137106,59,药学(与徐州医科大学分段培养项目),药学类,医药卫生大类,药学,药学类,医药卫生大类,exact
江苏医药职业学院,物理,江苏医药职业学院06,137106,60,智能医疗装备技术(与盐城师范学院分段培养项目),其他专业类,其他,智能医疗装备技术,药品与医疗器械类,食品药品与粮食大类,exact
江苏医药职业学院,物理,江苏医药职业学院07,137107,61,中医学(中外合作办学),护理医学类,医药卫生大类,中医学,中医药类,医药卫生大类,exact
江苏医药职业学院,物理,江苏医药职业学院07,137107,62,药学(中外合作办学),药学类,医药卫生大类,药学,药学类,医药卫生大类,exact
江苏医药职业学院,物理,江苏医药职业学院07,137107,63,康复治疗技术(中外合作办学),护理医学类,医药卫生大类,康复治疗技术,康复治疗类,医药卫生大类,exact
江苏医药职业学院,物理,江苏医药职业学院08,137108,64,临床医学,护理医学类,医药卫生大类,临床医学,临床医学类,医药卫生大类,exact
江苏医药职业学院,物理,江苏医药职业学院08,137108,65,口腔医学,护理医学类,医药卫生大类,口腔医学,临床医学类,医药卫生大类,exact
江苏医药职业学院,物理,江苏医药职业学院08,137108,66,预防医学,其他专业类,其他,预防医学,公共卫生与卫生管理类,医药卫生大类,exact
江苏医药职业学院,物理,江苏医药职业学院09,137109,67,临床医学(为徐州市贾汪区定向培养),护理医学类,医药卫生大类,临床医学,临床医学类,医药卫生大类,exact
江苏医药职业学院,物理,江苏医药职业学院09,137109,68,临床医学(为徐州市沛县定向培养),护理医学类,医药卫生大类,临床医学,临床医学类,医药卫生大类,exact
江苏医药职业学院,物理,江苏医药职业学院09,137109,69,临床医学(为徐州市丰县定向培养),护理医学类,医药卫生大类,临床医学,临床医学类,医药卫生大类,exact
江苏医药职业学院,物理,江苏医药职业学院09,137109,70,临床医学(为徐州市邳州市定向培养),护理医学类,医药卫生大类,临床医学,临床医学类,医药卫生大类,exact
江苏医药职业学院,物理,江苏医药职业学院09,137109,71,临床医学(为徐州市铜山区定向培养),护理医学类,医药卫生大类,临床医学,临床医学类,医药卫生大类,exact
江苏医药职业学院,物理,江苏医药职业学院09,137109,72,临床医学(为南通市如东县定向培养),护理医学类,医药卫生大类,临床医学,临床医学类,医药卫生大类,exact
江苏医药职业学院,物理,江苏医药职业学院09,137109,73,临床医学(为连云港市东海县定向培养),护理医学类,医药卫生大类,临床医学,临床医学类,医药卫生大类,exact
江苏医药职业学院,物理,江苏医药职业学院09,137109,74,临床医学(为泰州市泰兴市定向培养),护理医学类,医药卫生大类,临床医学,临床医学类,医药卫生大类,exact
江苏医药职业学院,物理,江苏医药职业学院09,137109,75,临床医学(为宿迁市泗阳县定向培养),护理医学类,医药卫生大类,临床医学,临床医学类,医药卫生大类,exact
江苏医药职业学院,物理,江苏医药职业学院09,137109,76,临床医学(为宿迁市泗洪县定向培养),护理医学类,医药卫生大类,临床医学,临床医学类,医药卫生大类,exact
江苏医药职业学院,物理,江苏医药职业学院09,137109,77,临床医学(为宿迁市宿城区定向培养),护理医学类,医药卫生大类,临床医学,临床医学类,医药卫生大类,exact
武汉铁路桥梁职业学院,历史,武汉铁路桥梁职业学院01,528801,01,铁道桥梁隧道工程技术,铁道运输类,交通运输大类,铁道桥梁隧道工程技术,铁道运输类,交通运输大类,exact
武汉铁路桥梁职业学院,历史,武汉铁路桥梁职业学院01,528801,02,铁道交通运营管理,铁道运输类,交通运输大类,铁道交通运营管理,铁道运输类,交通运输大类,exact
武汉铁路桥梁职业学院,历史,武汉铁路桥梁职业学院01,528801,03,城市轨道交通运营管理,铁道运输类,交通运输大类,城市轨道交通运营管理,城市轨道交通类,交通运输大类,exact
武汉铁路桥梁职业学院,历史,武汉铁路桥梁职业学院01,528801,04,道路工程检测技术,其他专业类,其他,道路工程检测技术,道路运输类,交通运输大类,exact
武汉铁路桥梁职业学院,历史,武汉铁路桥梁职业学院01,528801,05,电子商务,财经商贸类,财经商贸大类,电子商务,电子商务类,财经商贸大类,exact
重庆工信职业学院,物理,重庆工信职业学院02,624002,03,智能控制技术(长寿校区),电气自动化类,装备制造大类,智能控制技术,自动化类,装备制造大类,exact
重庆工信职业学院,物理,重庆工信职业学院02,624002,04,汽车智能技术(长寿校区),汽车制造类,装备制造大类,汽车智能技术,电子信息类,电子与信息大类,exact
江苏卫生健康职业学院,物理,江苏卫生健康职业学院05,115805,51,护理(与南通大学分段培养项目),护理医学类,医药卫生大类,护理,护理类,医药卫生大类,exact
江苏卫生健康职业学院,物理,江苏卫生健康职业学院05,115805,52,护理(与徐州医科大学分段培养项目),护理医学类,医药卫生大类,护理,护理类,医药卫生大类,exact
江苏卫生健康职业学院,物理,江苏卫生健康职业学院05,115805,53,药学(与徐州医科大学分段培养项目),药学类,医药卫生大类,药学,药学类,医药卫生大类,exact
江苏卫生健康职业学院,物理,江苏卫生健康职业学院06,115806,54,中医学(为南京市六合区定向培养),护理医学类,医药卫生大类,中医学,中医药类,医药卫生大类,exact
江苏卫生健康职业学院,物理,江苏卫生健康职业学院06,115806,55,中医学(为徐州市贾汪区定向培养),护理医学类,医药卫生大类,中医学,中医药类,医药卫生大类,exact
江苏卫生健康职业学院,物理,江苏卫生健康职业学院06,115806,56,中医学(为徐州市新沂市定向培养),护理医学类,医药卫生大类,中医学,中医药类,医药卫生大类,exact
江苏卫生健康职业学院,物理,江苏卫生健康职业学院06,115806,57,针灸推拿(为徐州市沛县定向培养),护理医学类,医药卫生大类,针灸推拿,中医药类,医药卫生大类,exact
江苏卫生健康职业学院,物理,江苏卫生健康职业学院06,115806,58,中医学(为徐州市丰县定向培养),护理医学类,医药卫生大类,中医学,中医药类,医药卫生大类,exact
江苏卫生健康职业学院,物理,江苏卫生健康职业学院06,115806,59,针灸推拿(为徐州市丰县定向培养),护理医学类,医药卫生大类,针灸推拿,中医药类,医药卫生大类,exact
江苏卫生健康职业学院,物理,江苏卫生健康职业学院06,115806,60,中医学(为徐州市邳州市定向培养),护理医学类,医药卫生大类,中医学,中医药类,医药卫生大类,exact
江苏卫生健康职业学院,物理,江苏卫生健康职业学院06,115806,61,针灸推拿(为徐州市邳州市定向培养),护理医学类,医药卫生大类,针灸推拿,中医药类,医药卫生大类,exact
江苏卫生健康职业学院,物理,江苏卫生健康职业学院06,115806,62,针灸推拿(为徐州市铜山区定向培养),护理医学类,医药卫生大类,针灸推拿,中医药类,医药卫生大类,exact
江苏卫生健康职业学院,物理,江苏卫生健康职业学院06,115806,63,针灸推拿(为常州市溧阳市定向培养),护理医学类,医药卫生大类,针灸推拿,中医药类,医药卫生大类,exact
江苏卫生健康职业学院,物理,江苏卫生健康职业学院06,115806,64,针灸推拿(为连云港市东海县定向培养),护理医学类,医药卫生大类,针灸推拿,中医药类,医药卫生大类,exact
江苏卫生健康职业学院,物理,江苏卫生健康职业学院06,115806,65,针灸推拿(为连云港市海州区定向培养),护理医学类,医药卫生大类,针灸推拿,中医药类,医药卫生大类,exact
江苏卫生健康职业学院,物理,江苏卫生健康职业学院06,115806,66,中医学(为扬州市仪征市定向培养),护理医学类,医药卫生大类,中医学,中医药类,医药卫生大类,exact
江苏卫生健康职业学院,物理,江苏卫生健康职业学院06,115806,67,中医学(为宿迁市宿城区定向培养),护理医学类,医药卫生大类,中医学,中医药类,医药卫生大类,exact
江苏卫生健康职业学院,物理,江苏卫生健康职业学院07,115807,68,中医学,护理医学类,医药卫生大类,中医学,中医药类,医药卫生大类,exact
江苏卫生健康职业学院,物理,江苏卫生健康职业学院07,115807,69,针灸推拿,护理医学类,医药卫生大类,针灸推拿,中医药类,医药卫生大类,exact
江苏卫生健康职业学院,物理,江苏卫生健康职业学院07,115807,70,护理,护理医学类,医药卫生大类,护理,护理类,医药卫生大类,exact
江苏卫生健康职业学院,物理,江苏卫生健康职业学院07,115807,71,助产,护理医学类,医药卫生大类,助产,护理类,医药卫生大类,exact
江苏卫生健康职业学院,物理,江苏卫生健康职业学院07,115807,72,药学,药学类,医药卫生大类,药学,药学类,医药卫生大类,exact
江苏卫生健康职业学院,物理,江苏卫生健康职业学院07,115807,73,中药学,药学类,医药卫生大类,中药学,中医药类,医药卫生大类,exact
江苏卫生健康职业学院,物理,江苏卫生健康职业学院07,115807,74,医学检验技术,护理医学类,医药卫生大类,医学检验技术,医学技术类,医药卫生大类,exact
江苏卫生健康职业学院,物理,江苏卫生健康职业学院07,115807,75,医学营养,食品药品类,食品药品与粮食大类,医学营养,健康管理与促进类,医药卫生大类,exact
江苏卫生健康职业学院,物理,江苏卫生健康职业学院07,115807,76,医养照护服务,其他专业类,其他,医养照护服务,健康管理与促进类,医药卫生大类,exact
江苏卫生健康职业学院,物理,江苏卫生健康职业学院07,115807,77,康复治疗技术,护理医学类,医药卫生大类,康复治疗技术,康复治疗类,医药卫生大类,exact
江苏卫生健康职业学院,物理,江苏卫生健康职业学院07,115807,78,医学美容技术,其他专业类,其他,医学美容技术,医学技术类,医药卫生大类,exact
江苏卫生健康职业学院,物理,江苏卫生健康职业学院07,115807,79,医学影像技术,护理医学类,医药卫生大类,医学影像技术,医学技术类,医药卫生大类,exact
江苏卫生健康职业学院,物理,江苏卫生健康职业学院08,115808,80,药品经营与管理,药学类,医药卫生大类,药品经营与管理,药品与医疗器械类,食品药品与粮食大类,exact
江苏卫生健康职业学院,物理,江苏卫生健康职业学院08,115808,81,医学生物技术,其他专业类,其他,医学生物技术,医学技术类,医药卫生大类,exact
江苏卫生健康职业学院,物理,江苏卫生健康职业学院08,115808,82,健康管理,护理医学类,医药卫生大类,健康管理,健康管理与促进类,医药卫生大类,exact
江苏卫生健康职业学院,物理,江苏卫生健康职业学院08,115808,83,老年保健与管理,其他专业类,其他,老年保健与管理,健康管理与促进类,医药卫生大类,exact
江苏卫生健康职业学院,物理,江苏卫生健康职业学院08,115808,84,智慧健康养老服务与管理,公共管理服务类,公共管理与服务大类,智慧健康养老服务与管理,公共服务类,公共管理与服务大类,exact
江苏卫生健康职业学院,物理,江苏卫生健康职业学院08,115808,85,婴幼儿托育服务与管理,护理医学类,医药卫生大类,婴幼儿托育服务与管理,健康管理与促进类,医药卫生大类,exact
江苏卫生健康职业学院,物理,江苏卫生健康职业学院08,115808,86,中医康复技术,护理医学类,医药卫生大类,中医康复技术,中医药类,医药卫生大类,exact
江苏卫生健康职业学院,物理,江苏卫生健康职业学院08,115808,87,体育保健与康复,教育体育类,教育与体育大类,体育保健与康复,体育类,教育与体育大类,exact
江苏卫生健康职业学院,物理,江苏卫生健康职业学院08,115808,88,放射治疗技术,其他专业类,其他,放射治疗技术,医学技术类,医药卫生大类,exact
江苏卫生健康职业学院,物理,江苏卫生健康职业学院08,115808,89,智能医疗装备技术,其他专业类,其他,智能医疗装备技术,药品与医疗器械类,食品药品与粮食大类,exact
江苏卫生健康职业学院,物理,江苏卫生健康职业学院08,115808,90,医疗器械维护与管理,其他专业类,其他,医疗器械维护与管理,药品与医疗器械类,食品药品与粮食大类,exact
江苏卫生健康职业学院,物理,江苏卫生健康职业学院08,115808,91,卫生信息管理,护理医学类,医药卫生大类,卫生信息管理,公共卫生与卫生管理类,医药卫生大类,exact
江苏卫生健康职业学院,物理,江苏卫生健康职业学院08,115808,92,健康大数据管理与服务,其他专业类,其他,健康大数据管理与服务,公共卫生与卫生管理类,医药卫生大类,exact
江苏卫生健康职业学院,物理,江苏卫生健康职业学院09,115809,93,临床医学(为南通市海门区定向培养),护理医学类,医药卫生大类,临床医学,临床医学类,医药卫生大类,exact
江苏卫生健康职业学院,物理,江苏卫生健康职业学院10,115810,94,临床医学,护理医学类,医药卫生大类,临床医学,临床医学类,医药卫生大类,exact
江苏卫生健康职业学院,物理,江苏卫生健康职业学院10,115810,95,预防医学,其他专业类,其他,预防医学,公共卫生与卫生管理类,医药卫生大类,exact
西安外事学院,物理,西安外事学院05,890305,23,大数据技术,计算机类,电子与信息大类,大数据技术,计算机类,电子与信息大类,exact
西安外事学院,物理,西安外事学院05,890305,24,大数据与会计,财务会计类,财经商贸大类,大数据与会计,财务会计类,财经商贸大类,exact
扬州工业职业技术学院,历史,扬州工业职业技术学院01,139201,01,电子商务(与徐州工程学院分段培养项目),财经商贸类,财经商贸大类,电子商务,电子商务类,财经商贸大类,exact
扬州工业职业技术学院,历史,扬州工业职业技术学院02,139202,02,分析检验技术,生物化工类,生物与化工大类,分析检验技术,化工技术类,生物与化工大类,exact
扬州工业职业技术学院,历史,扬州工业职业技术学院02,139202,03,环境监测技术,资源环境安全类,资源环境与安全大类,环境监测技术,环境保护类,资源环境与安全大类,exact
扬州工业职业技术学院,历史,扬州工业职业技术学院02,139202,04,石油化工技术,生物化工类,生物与化工大类,石油化工技术,化工技术类,生物与化工大类,exact
扬州工业职业技术学院,历史,扬州工业职业技术学院02,139202,05,应用化工技术,生物化工类,生物与化工大类,应用化工技术,化工技术类,生物与化工大类,exact
扬州工业职业技术学院,历史,扬州工业职业技术学院02,139202,06,复合材料智能制造技术,电气自动化类,装备制造大类,复合材料智能制造技术,非金属材料类,能源动力与材料大类,exact
扬州工业职业技术学院,历史,扬州工业职业技术学院02,139202,07,建筑消防技术,土木建筑类,土木建筑大类,建筑消防技术,建筑设备类,土木建筑大类,exact
扬州工业职业技术学院,历史,扬州工业职业技术学院02,139202,08,智能建造技术,其他专业类,其他,智能建造技术,土建施工类,土木建筑大类,exact
扬州工业职业技术学院,历史,扬州工业职业技术学院02,139202,09,电气自动化技术,电气自动化类,装备制造大类,电气自动化技术,自动化类,装备制造大类,exact
扬州工业职业技术学院,历史,扬州工业职业技术学院02,139202,10,工业机器人技术,电气自动化类,装备制造大类,工业机器人技术,自动化类,装备制造大类,exact
扬州工业职业技术学院,历史,扬州工业职业技术学院02,139202,11,机电设备技术,机械设计制造类,装备制造大类,机电设备技术,机电设备类,装备制造大类,exact
扬州工业职业技术学院,历史,扬州工业职业技术学院02,139202,12,机电一体化技术,电气自动化类,装备制造大类,机电一体化技术,自动化类,装备制造大类,exact
扬州工业职业技术学院,历史,扬州工业职业技术学院02,139202,13,机械制造及自动化,电气自动化类,装备制造大类,机械制造及自动化,机械设计制造类,装备制造大类,exact
扬州工业职业技术学院,历史,扬州工业职业技术学院02,139202,14,飞行器数字化制造技术,机械设计制造类,装备制造大类,飞行器数字化制造技术,航空装备类,装备制造大类,exact
扬州工业职业技术学院,历史,扬州工业职业技术学院02,139202,15,供用电技术,能源动力与材料类,能源动力与材料大类,供用电技术,电力技术类,能源动力与材料大类,exact
扬州工业职业技术学院,历史,扬州工业职业技术学院02,139202,16,计算机网络技术,计算机类,电子与信息大类,计算机网络技术,计算机类,电子与信息大类,exact
扬州工业职业技术学院,历史,扬州工业职业技术学院02,139202,17,人工智能技术应用,计算机类,电子与信息大类,人工智能技术应用,计算机类,电子与信息大类,exact
扬州工业职业技术学院,历史,扬州工业职业技术学院02,139202,18,物联网应用技术,计算机类,电子与信息大类,物联网应用技术,电子信息类,电子与信息大类,exact
扬州工业职业技术学院,历史,扬州工业职业技术学院02,139202,19,电子信息工程技术,电子信息类,电子与信息大类,电子信息工程技术,电子信息类,电子与信息大类,exact
扬州工业职业技术学院,历史,扬州工业职业技术学院02,139202,20,大数据与财务管理,财务会计类,财经商贸大类,大数据与财务管理,财务会计类,财经商贸大类,exact
扬州工业职业技术学院,历史,扬州工业职业技术学院02,139202,21,大数据与会计,财务会计类,财经商贸大类,大数据与会计,财务会计类,财经商贸大类,exact
扬州工业职业技术学院,历史,扬州工业职业技术学院02,139202,22,金融科技应用,财经商贸类,财经商贸大类,金融科技应用,金融类,财经商贸大类,exact
扬州工业职业技术学院,历史,扬州工业职业技术学院02,139202,23,市场营销,财经商贸类,财经商贸大类,市场营销,工商管理类,财经商贸大类,exact
扬州工业职业技术学院,历史,扬州工业职业技术学院02,139202,24,现代物流管理,财经商贸类,财经商贸大类,现代物流管理,物流类,财经商贸大类,exact
扬州工业职业技术学院,历史,扬州工业职业技术学院02,139202,25,新能源汽车技术,汽车制造类,装备制造大类,新能源汽车技术,汽车制造类,装备制造大类,exact
扬州工业职业技术学院,历史,扬州工业职业技术学院02,139202,26,无人机应用技术,航空运输类,交通运输大类,无人机应用技术,航空装备类,装备制造大类,exact
扬州工业职业技术学院,历史,扬州工业职业技术学院02,139202,27,网络营销与直播电商,计算机类,电子与信息大类,网络营销与直播电商,电子商务类,财经商贸大类,exact
吉林司法警官职业学院,物理,吉林司法警官职业学院02,424402,03,建筑消防技术(非公安类招生),土木建筑类,土木建筑大类,建筑消防技术,建筑设备类,土木建筑大类,exact
吉林司法警官职业学院,物理,吉林司法警官职业学院02,424402,04,党务工作(非公安类招生),其他专业类,其他,党务工作,公共事业类,公共管理与服务大类,exact
白城职业技术学院,物理,白城职业技术学院01,424701,01,新能源汽车技术,汽车制造类,装备制造大类,新能源汽车技术,汽车制造类,装备制造大类,exact
湖南石油化工职业技术学院,物理,湖南石油化工职业技术学院02,535302,02,石油化工技术,生物化工类,生物与化工大类,石油化工技术,化工技术类,生物与化工大类,exact
武汉工程职业技术学院,物理,武汉工程职业技术学院02,523102,07,机电一体化技术,电气自动化类,装备制造大类,机电一体化技术,自动化类,装备制造大类,exact
武汉工程职业技术学院,物理,武汉工程职业技术学院02,523102,08,电气自动化技术,电气自动化类,装备制造大类,电气自动化技术,自动化类,装备制造大类,exact
武汉工程职业技术学院,物理,武汉工程职业技术学院02,523102,09,机械制造及自动化,电气自动化类,装备制造大类,机械制造及自动化,机械设计制造类,装备制造大类,exact
武汉工程职业技术学院,物理,武汉工程职业技术学院02,523102,10,工业机器人技术,电气自动化类,装备制造大类,工业机器人技术,自动化类,装备制造大类,exact
武汉工程职业技术学院,物理,武汉工程职业技术学院02,523102,11,智能控制技术,电气自动化类,装备制造大类,智能控制技术,自动化类,装备制造大类,exact
武汉工程职业技术学院,物理,武汉工程职业技术学院02,523102,12,钢铁智能冶金技术,能源动力与材料类,能源动力与材料大类,钢铁智能冶金技术,黑色金属材料类,能源动力与材料大类,exact
武汉工程职业技术学院,物理,武汉工程职业技术学院02,523102,13,钢铁冶金设备维护,能源动力与材料类,能源动力与材料大类,钢铁冶金设备维护,黑色金属材料类,能源动力与材料大类,exact
武汉工程职业技术学院,物理,武汉工程职业技术学院02,523102,14,计算机应用技术,计算机类,电子与信息大类,计算机应用技术,计算机类,电子与信息大类,exact
武汉工程职业技术学院,物理,武汉工程职业技术学院02,523102,15,供热通风与空调工程技术,其他专业类,其他,供热通风与空调工程技术,建筑设备类,土木建筑大类,exact
上海震旦职业学院,物理,上海震旦职业学院02,801902,05,无人机测绘技术,资源环境安全类,资源环境与安全大类,无人机测绘技术,测绘地理信息类,资源环境与安全大类,exact
上海震旦职业学院,物理,上海震旦职业学院02,801902,06,"宠物医疗技术(报考该专业有色觉要求,具体请查阅院校招生章程)",农林牧渔类,农林牧渔大类,宠物医疗技术,畜牧业类,农林牧渔大类,exact
上海震旦职业学院,物理,上海震旦职业学院02,801902,07,机电一体化技术,电气自动化类,装备制造大类,机电一体化技术,自动化类,装备制造大类,exact
上海震旦职业学院,物理,上海震旦职业学院02,801902,08,数字媒体技术,计算机类,电子与信息大类,数字媒体技术,计算机类,电子与信息大类,exact
上海震旦职业学院,物理,上海震旦职业学院02,801902,09,大数据与会计,财务会计类,财经商贸大类,大数据与会计,财务会计类,财经商贸大类,exact
上海震旦职业学院,物理,上海震旦职业学院02,801902,10,电子商务,财经商贸类,财经商贸大类,电子商务,电子商务类,财经商贸大类,exact
上海震旦职业学院,物理,上海震旦职业学院02,801902,11,传播与策划,新闻传播类,新闻传播大类,传播与策划,广播影视类,新闻传播大类,exact
郑州电力职业技术学院,历史,郑州电力职业技术学院01,853101,01,供用电技术,能源动力与材料类,能源动力与材料大类,供用电技术,电力技术类,能源动力与材料大类,exact
郑州电力职业技术学院,历史,郑州电力职业技术学院01,853101,02,电气自动化技术,电气自动化类,装备制造大类,电气自动化技术,自动化类,装备制造大类,exact
郑州电力职业技术学院,历史,郑州电力职业技术学院01,853101,03,电力系统自动化技术,电气自动化类,装备制造大类,电力系统自动化技术,电力技术类,能源动力与材料大类,exact
郑州电力职业技术学院,历史,郑州电力职业技术学院01,853101,04,机电一体化技术(开封市祥符校区),电气自动化类,装备制造大类,机电一体化技术,自动化类,装备制造大类,exact
四川建筑职业技术大学,历史,四川建筑职业技术大学01,612601,01,工程造价,土木建筑类,土木建筑大类,工程造价,建设工程管理类,土木建筑大类,exact
四川文化产业职业学院,历史,四川文化产业职业学院01,618801,01,会展策划与管理,旅游餐饮类,旅游大类,会展策划与管理,旅游类,旅游大类,exact
湖南邮电职业技术学院,历史,湖南邮电职业技术学院01,531801,01,人工智能技术应用,计算机类,电子与信息大类,人工智能技术应用,计算机类,电子与信息大类,exact
天津国土资源和房屋职业学院,物理,天津国土资源和房屋职业学院02,324102,05,建筑设备工程技术,土木建筑类,土木建筑大类,建筑设备工程技术,建筑设备类,土木建筑大类,exact
山东海事职业学院,物理,山东海事职业学院02,825602,07,轮机工程技术,航海运输类,交通运输大类,轮机工程技术,水上运输类,交通运输大类,exact
聊城职业技术学院,历史,聊城职业技术学院01,264401,01,无人机测绘技术,资源环境安全类,资源环境与安全大类,无人机测绘技术,测绘地理信息类,资源环境与安全大类,exact
盐城工业职业技术学院,历史,盐城工业职业技术学院01,137001,01,汽车技术服务与营销(与盐城工学院分段培养项目),汽车制造类,装备制造大类,汽车技术服务与营销,道路运输类,交通运输大类,exact
盐城工业职业技术学院,历史,盐城工业职业技术学院02,137002,02,现代物流管理(与盐城师范学院分段培养项目),财经商贸类,财经商贸大类,现代物流管理,物流类,财经商贸大类,exact
盐城工业职业技术学院,历史,盐城工业职业技术学院03,137003,03,现代纺织技术[与苏州工学院(原常熟理工学院)分段培养项目],其他专业类,其他,现代纺织技术,纺织服装类,轻工纺织大类,exact
盐城工业职业技术学院,历史,盐城工业职业技术学院04,137004,04,机电设备技术,机械设计制造类,装备制造大类,机电设备技术,机电设备类,装备制造大类,exact
盐城工业职业技术学院,历史,盐城工业职业技术学院04,137004,05,智能控制技术,电气自动化类,装备制造大类,智能控制技术,自动化类,装备制造大类,exact
盐城工业职业技术学院,历史,盐城工业职业技术学院04,137004,06,新能源装备技术,能源动力与材料类,能源动力与材料大类,新能源装备技术,机电设备类,装备制造大类,exact
盐城工业职业技术学院,历史,盐城工业职业技术学院04,137004,07,机电一体化技术,电气自动化类,装备制造大类,机电一体化技术,自动化类,装备制造大类,exact
盐城工业职业技术学院,历史,盐城工业职业技术学院04,137004,08,机械设计与制造,机械设计制造类,装备制造大类,机械设计与制造,机械设计制造类,装备制造大类,exact
盐城工业职业技术学院,历史,盐城工业职业技术学院04,137004,09,大数据与会计,财务会计类,财经商贸大类,大数据与会计,财务会计类,财经商贸大类,exact
盐城工业职业技术学院,历史,盐城工业职业技术学院04,137004,10,现代物流管理,财经商贸类,财经商贸大类,现代物流管理,物流类,财经商贸大类,exact
盐城工业职业技术学院,历史,盐城工业职业技术学院04,137004,11,电子商务,财经商贸类,财经商贸大类,电子商务,电子商务类,财经商贸大类,exact
盐城工业职业技术学院,历史,盐城工业职业技术学院04,137004,12,低空物流技术与运营,财经商贸类,财经商贸大类,低空物流技术与运营,物流类,财经商贸大类,exact
盐城工业职业技术学院,历史,盐城工业职业技术学院04,137004,13,建筑室内设计,土木建筑类,土木建筑大类,建筑室内设计,建筑设计类,土木建筑大类,exact
盐城工业职业技术学院,历史,盐城工业职业技术学院04,137004,14,融媒体技术与运营,其他专业类,其他,融媒体技术与运营,广播影视类,新闻传播大类,exact
盐城工业职业技术学院,历史,盐城工业职业技术学院04,137004,15,汽车制造与试验技术,机械设计制造类,装备制造大类,汽车制造与试验技术,汽车制造类,装备制造大类,exact
盐城工业职业技术学院,历史,盐城工业职业技术学院04,137004,16,新能源汽车技术,汽车制造类,装备制造大类,新能源汽车技术,汽车制造类,装备制造大类,exact
盐城工业职业技术学院,历史,盐城工业职业技术学院04,137004,17,汽车检测与维修技术,汽车制造类,装备制造大类,汽车检测与维修技术,道路运输类,交通运输大类,exact
盐城工业职业技术学院,历史,盐城工业职业技术学院04,137004,18,智能网联汽车技术,汽车制造类,装备制造大类,智能网联汽车技术,汽车制造类,装备制造大类,exact
盐城工业职业技术学院,历史,盐城工业职业技术学院04,137004,19,智能建造技术,其他专业类,其他,智能建造技术,土建施工类,土木建筑大类,exact
盐城工业职业技术学院,历史,盐城工业职业技术学院04,137004,20,工程造价,土木建筑类,土木建筑大类,工程造价,建设工程管理类,土木建筑大类,exact
盐城工业职业技术学院,历史,盐城工业职业技术学院04,137004,21,药品生产技术,药学类,医药卫生大类,药品生产技术,药品与医疗器械类,食品药品与粮食大类,exact
盐城工业职业技术学院,历史,盐城工业职业技术学院04,137004,22,药物制剂技术,其他专业类,其他,药物制剂技术,药品与医疗器械类,食品药品与粮食大类,exact
盐城工业职业技术学院,历史,盐城工业职业技术学院04,137004,23,药品质量与安全,药学类,医药卫生大类,药品质量与安全,药品与医疗器械类,食品药品与粮食大类,exact
盐城工业职业技术学院,历史,盐城工业职业技术学院04,137004,24,药品经营与管理,药学类,医药卫生大类,药品经营与管理,药品与医疗器械类,食品药品与粮食大类,exact
盐城工业职业技术学院,历史,盐城工业职业技术学院04,137004,25,移动互联应用技术,其他专业类,其他,移动互联应用技术,电子信息类,电子与信息大类,exact
盐城工业职业技术学院,历史,盐城工业职业技术学院04,137004,26,云计算技术应用,计算机类,电子与信息大类,云计算技术应用,计算机类,电子与信息大类,exact
盐城工业职业技术学院,历史,盐城工业职业技术学院04,137004,27,信息安全技术应用,计算机类,电子与信息大类,信息安全技术应用,计算机类,电子与信息大类,exact
盐城工业职业技术学院,历史,盐城工业职业技术学院04,137004,28,人工智能数据工程技术,计算机类,电子与信息大类,人工智能数据工程技术,计算机类,电子与信息大类,exact
盐城工业职业技术学院,历史,盐城工业职业技术学院04,137004,29,党务工作,其他专业类,其他,党务工作,公共事业类,公共管理与服务大类,exact
广元中核职业技术学院,历史,广元中核职业技术学院01,878001,01,核电站动力设备运行与维护,其他专业类,其他,核电站动力设备运行与维护,热能与发电工程类,能源动力与材料大类,exact
广元中核职业技术学院,历史,广元中核职业技术学院01,878001,02,数控技术,机械设计制造类,装备制造大类,数控技术,机械设计制造类,装备制造大类,exact
广元中核职业技术学院,历史,广元中核职业技术学院01,878001,03,机电设备技术,机械设计制造类,装备制造大类,机电设备技术,机电设备类,装备制造大类,exact
河南工业和信息化职业学院,物理,河南工业和信息化职业学院01,515401,01,新能源汽车技术,汽车制造类,装备制造大类,新能源汽车技术,汽车制造类,装备制造大类,exact
湖北生态工程职业技术学院,物理,湖北生态工程职业技术学院02,523202,06,工业机器人技术,电气自动化类,装备制造大类,工业机器人技术,自动化类,装备制造大类,exact
湖北生态工程职业技术学院,物理,湖北生态工程职业技术学院02,523202,07,机电一体化技术,电气自动化类,装备制造大类,机电一体化技术,自动化类,装备制造大类,exact
湖北生态工程职业技术学院,物理,湖北生态工程职业技术学院02,523202,08,计算机应用技术,计算机类,电子与信息大类,计算机应用技术,计算机类,电子与信息大类,exact
湖北生态工程职业技术学院,物理,湖北生态工程职业技术学院02,523202,09,人工智能技术应用,计算机类,电子与信息大类,人工智能技术应用,计算机类,电子与信息大类,exact
湖北生态工程职业技术学院,物理,湖北生态工程职业技术学院02,523202,10,数字媒体艺术设计,文化艺术类,文化艺术大类,数字媒体艺术设计,艺术设计类,文化艺术大类,exact
长江工程职业技术学院,历史,长江工程职业技术学院01,525901,01,工业机器人技术(长江新城校区),电气自动化类,装备制造大类,工业机器人技术,自动化类,装备制造大类,exact
长江工程职业技术学院,历史,长江工程职业技术学院01,525901,02,智慧水利技术(文化大道校区),其他专业类,其他,智慧水利技术,水利工程与管理类,水利大类,exact
长江工程职业技术学院,历史,长江工程职业技术学院01,525901,03,智能建造技术(文化大道校区),其他专业类,其他,智能建造技术,土建施工类,土木建筑大类,exact
上海东海职业技术学院,历史,上海东海职业技术学院01,801701,01,财税大数据应用,其他专业类,其他,财税大数据应用,财政税务类,财经商贸大类,exact
上海东海职业技术学院,历史,上海东海职业技术学院01,801701,02,集成电路技术,电子信息类,电子与信息大类,集成电路技术,集成电路类,电子与信息大类,exact
安徽新闻出版职业技术学院,物理,安徽新闻出版职业技术学院01,232301,01,建筑室内设计,土木建筑类,土木建筑大类,建筑室内设计,建筑设计类,土木建筑大类,exact
安徽新闻出版职业技术学院,物理,安徽新闻出版职业技术学院01,232301,02,信息安全技术应用,计算机类,电子与信息大类,信息安全技术应用,计算机类,电子与信息大类,exact
安徽新闻出版职业技术学院,物理,安徽新闻出版职业技术学院01,232301,03,电气自动化技术,电气自动化类,装备制造大类,电气自动化技术,自动化类,装备制造大类,exact
安徽新闻出版职业技术学院,物理,安徽新闻出版职业技术学院01,232301,04,新能源汽车技术,汽车制造类,装备制造大类,新能源汽车技术,汽车制造类,装备制造大类,exact
安徽新闻出版职业技术学院,物理,安徽新闻出版职业技术学院01,232301,05,印刷媒体技术,其他专业类,其他,印刷媒体技术,印刷类,轻工纺织大类,exact
安徽新闻出版职业技术学院,物理,安徽新闻出版职业技术学院01,232301,06,包装策划与设计,文化艺术类,文化艺术大类,包装策划与设计,包装类,轻工纺织大类,exact
西安信息职业大学,物理,西安信息职业大学04,893804,05,信息安全技术应用,计算机类,电子与信息大类,信息安全技术应用,计算机类,电子与信息大类,exact
西安信息职业大学,物理,西安信息职业大学04,893804,06,人工智能技术应用,计算机类,电子与信息大类,人工智能技术应用,计算机类,电子与信息大类,exact
西安信息职业大学,物理,西安信息职业大学04,893804,07,集成电路技术,电子信息类,电子与信息大类,集成电路技术,集成电路类,电子与信息大类,exact
西安信息职业大学,物理,西安信息职业大学05,893805,08,城市轨道交通运营管理,铁道运输类,交通运输大类,城市轨道交通运营管理,城市轨道交通类,交通运输大类,exact
西安信息职业大学,物理,西安信息职业大学06,893806,09,机械制造及自动化,电气自动化类,装备制造大类,机械制造及自动化,机械设计制造类,装备制造大类,exact
西安信息职业大学,物理,西安信息职业大学06,893806,10,无人机应用技术,航空运输类,交通运输大类,无人机应用技术,航空装备类,装备制造大类,exact
镇江市高等专科学校,历史,镇江市高等专科学校01,141001,01,护理(与南京中医药大学分段培养项目),护理医学类,医药卫生大类,护理,护理类,医药卫生大类,exact
镇江市高等专科学校,历史,镇江市高等专科学校01,141001,02,电子商务(与江苏理工学院分段培养项目),财经商贸类,财经商贸大类,电子商务,电子商务类,财经商贸大类,exact
镇江市高等专科学校,历史,镇江市高等专科学校01,141001,03,学前教育(与江苏理工学院分段培养项目)(师范)(丹阳校区),教育体育类,教育与体育大类,学前教育,教育类,教育与体育大类,exact
镇江市高等专科学校,历史,镇江市高等专科学校02,141002,04,数字化设计与制造技术,机械设计制造类,装备制造大类,数字化设计与制造技术,机械设计制造类,装备制造大类,exact
镇江市高等专科学校,历史,镇江市高等专科学校02,141002,05,机械制造及自动化,电气自动化类,装备制造大类,机械制造及自动化,机械设计制造类,装备制造大类,exact
镇江市高等专科学校,历史,镇江市高等专科学校02,141002,06,机电一体化技术,电气自动化类,装备制造大类,机电一体化技术,自动化类,装备制造大类,exact
镇江市高等专科学校,历史,镇江市高等专科学校02,141002,07,工业机器人技术,电气自动化类,装备制造大类,工业机器人技术,自动化类,装备制造大类,exact
镇江市高等专科学校,历史,镇江市高等专科学校02,141002,08,电气自动化技术,电气自动化类,装备制造大类,电气自动化技术,自动化类,装备制造大类,exact
镇江市高等专科学校,历史,镇江市高等专科学校02,141002,09,新能源汽车技术,汽车制造类,装备制造大类,新能源汽车技术,汽车制造类,装备制造大类,exact
镇江市高等专科学校,历史,镇江市高等专科学校02,141002,10,智能网联汽车技术,汽车制造类,装备制造大类,智能网联汽车技术,汽车制造类,装备制造大类,exact
镇江市高等专科学校,历史,镇江市高等专科学校02,141002,11,分析检验技术,生物化工类,生物与化工大类,分析检验技术,化工技术类,生物与化工大类,exact
镇江市高等专科学校,历史,镇江市高等专科学校02,141002,12,药物制剂技术,其他专业类,其他,药物制剂技术,药品与医疗器械类,食品药品与粮食大类,exact
镇江市高等专科学校,历史,镇江市高等专科学校02,141002,13,药品质量与安全,药学类,医药卫生大类,药品质量与安全,药品与医疗器械类,食品药品与粮食大类,exact
镇江市高等专科学校,历史,镇江市高等专科学校02,141002,14,物联网应用技术,计算机类,电子与信息大类,物联网应用技术,电子信息类,电子与信息大类,exact
镇江市高等专科学校,历史,镇江市高等专科学校02,141002,15,计算机应用技术,计算机类,电子与信息大类,计算机应用技术,计算机类,电子与信息大类,exact
镇江市高等专科学校,历史,镇江市高等专科学校02,141002,16,人工智能技术应用,计算机类,电子与信息大类,人工智能技术应用,计算机类,电子与信息大类,exact
镇江市高等专科学校,历史,镇江市高等专科学校02,141002,17,护理,护理医学类,医药卫生大类,护理,护理类,医药卫生大类,exact
镇江市高等专科学校,历史,镇江市高等专科学校02,141002,18,医学检验技术,护理医学类,医药卫生大类,医学检验技术,医学技术类,医药卫生大类,exact
镇江市高等专科学校,历史,镇江市高等专科学校02,141002,19,康复治疗技术,护理医学类,医药卫生大类,康复治疗技术,康复治疗类,医药卫生大类,exact
镇江市高等专科学校,历史,镇江市高等专科学校02,141002,20,健康管理,护理医学类,医药卫生大类,健康管理,健康管理与促进类,医药卫生大类,exact
镇江市高等专科学校,历史,镇江市高等专科学校02,141002,21,眼视光技术,护理医学类,医药卫生大类,眼视光技术,眼视光类,医药卫生大类,exact
镇江市高等专科学校,历史,镇江市高等专科学校02,141002,22,视觉训练与康复,文化艺术类,文化艺术大类,视觉训练与康复,眼视光类,医药卫生大类,exact
镇江市高等专科学校,历史,镇江市高等专科学校02,141002,23,大数据与财务管理,财务会计类,财经商贸大类,大数据与财务管理,财务会计类,财经商贸大类,exact
镇江市高等专科学校,历史,镇江市高等专科学校02,141002,24,大数据与会计,财务会计类,财经商贸大类,大数据与会计,财务会计类,财经商贸大类,exact
镇江市高等专科学校,历史,镇江市高等专科学校02,141002,25,大数据与审计,财务会计类,财经商贸大类,大数据与审计,财务会计类,财经商贸大类,exact
镇江市高等专科学校,历史,镇江市高等专科学校02,141002,26,市场营销,财经商贸类,财经商贸大类,市场营销,工商管理类,财经商贸大类,exact
镇江市高等专科学校,历史,镇江市高等专科学校02,141002,27,电子商务,财经商贸类,财经商贸大类,电子商务,电子商务类,财经商贸大类,exact
镇江市高等专科学校,历史,镇江市高等专科学校02,141002,28,现代物流管理,财经商贸类,财经商贸大类,现代物流管理,物流类,财经商贸大类,exact
镇江市高等专科学校,历史,镇江市高等专科学校02,141002,29,旅游管理,旅游餐饮类,旅游大类,旅游管理,旅游类,旅游大类,exact
镇江市高等专科学校,历史,镇江市高等专科学校02,141002,30,酒店管理与数字化运营,旅游餐饮类,旅游大类,酒店管理与数字化运营,旅游类,旅游大类,exact
镇江市高等专科学校,历史,镇江市高等专科学校02,141002,31,学前教育(师范)(丹阳校区),教育体育类,教育与体育大类,学前教育,教育类,教育与体育大类,exact
镇江市高等专科学校,历史,镇江市高等专科学校02,141002,32,法律事务,公安司法类,公安司法大类,法律事务,法律实务类,公安与司法大类,exact
镇江市高等专科学校,历史,镇江市高等专科学校02,141002,33,法律文秘,公安司法类,公安司法大类,法律文秘,法律实务类,公安与司法大类,exact
镇江市高等专科学校,历史,镇江市高等专科学校02,141002,34,知识产权管理,其他专业类,其他,知识产权管理,公共管理类,公共管理与服务大类,exact
上海东海职业技术学院,物理,上海东海职业技术学院02,801702,03,财税大数据应用,其他专业类,其他,财税大数据应用,财政税务类,财经商贸大类,exact
上海东海职业技术学院,物理,上海东海职业技术学院02,801702,04,集成电路技术,电子信息类,电子与信息大类,集成电路技术,集成电路类,电子与信息大类,exact
湖北国土资源职业学院,物理,湖北国土资源职业学院02,522402,05,测绘地理信息技术,资源环境安全类,资源环境与安全大类,测绘地理信息技术,测绘地理信息类,资源环境与安全大类,exact
湖北国土资源职业学院,物理,湖北国土资源职业学院02,522402,06,导航与位置服务,其他专业类,其他,导航与位置服务,测绘地理信息类,资源环境与安全大类,exact
湖北国土资源职业学院,物理,湖北国土资源职业学院02,522402,07,无人机应用技术,航空运输类,交通运输大类,无人机应用技术,航空装备类,装备制造大类,exact
湖北国土资源职业学院,物理,湖北国土资源职业学院02,522402,08,水文与工程地质,资源环境安全类,资源环境与安全大类,水文与工程地质,地质类,资源环境与安全大类,exact
江苏建筑职业技术大学,历史,江苏建筑职业技术大学01,123001,01,工程造价,土木建筑类,土木建筑大类,工程造价,建设工程管理类,土木建筑大类,exact
江苏建筑职业技术大学,历史,江苏建筑职业技术大学01,123001,02,建筑智能化工程技术,土木建筑类,土木建筑大类,建筑智能化工程技术,建筑设备类,土木建筑大类,exact
江苏建筑职业技术大学,历史,江苏建筑职业技术大学01,123001,03,建筑电气工程技术,电气自动化类,装备制造大类,建筑电气工程技术,建筑设备类,土木建筑大类,exact
江苏建筑职业技术大学,历史,江苏建筑职业技术大学01,123001,04,建筑设计,土木建筑类,土木建筑大类,建筑设计,建筑设计类,土木建筑大类,exact
江苏建筑职业技术大学,历史,江苏建筑职业技术大学01,123001,05,装配化装修技术,其他专业类,其他,装配化装修技术,建筑设计类,土木建筑大类,exact
江苏建筑职业技术大学,历史,江苏建筑职业技术大学01,123001,06,供热通风与空调工程技术,其他专业类,其他,供热通风与空调工程技术,建筑设备类,土木建筑大类,exact
江苏建筑职业技术大学,历史,江苏建筑职业技术大学01,123001,07,给排水工程技术,其他专业类,其他,给排水工程技术,市政工程类,土木建筑大类,exact
江苏建筑职业技术大学,历史,江苏建筑职业技术大学01,123001,08,建筑消防技术,土木建筑类,土木建筑大类,建筑消防技术,建筑设备类,土木建筑大类,exact
江苏建筑职业技术大学,历史,江苏建筑职业技术大学01,123001,09,安全技术与管理,资源环境安全类,资源环境与安全大类,安全技术与管理,安全类,资源环境与安全大类,exact
江苏建筑职业技术大学,历史,江苏建筑职业技术大学01,123001,10,智慧城市管理技术,其他专业类,其他,智慧城市管理技术,城乡规划与管理类,土木建筑大类,exact
江苏建筑职业技术大学,历史,江苏建筑职业技术大学01,123001,11,机械制造及自动化,电气自动化类,装备制造大类,机械制造及自动化,机械设计制造类,装备制造大类,exact
江苏建筑职业技术大学,历史,江苏建筑职业技术大学01,123001,12,汽车制造与试验技术,机械设计制造类,装备制造大类,汽车制造与试验技术,汽车制造类,装备制造大类,exact
江苏建筑职业技术大学,历史,江苏建筑职业技术大学01,123001,13,新能源汽车技术,汽车制造类,装备制造大类,新能源汽车技术,汽车制造类,装备制造大类,exact
江苏建筑职业技术大学,历史,江苏建筑职业技术大学01,123001,14,城市轨道交通工程技术,铁道运输类,交通运输大类,城市轨道交通工程技术,城市轨道交通类,交通运输大类,exact
江苏建筑职业技术大学,历史,江苏建筑职业技术大学01,123001,15,高速铁路施工与维护,铁道运输类,交通运输大类,高速铁路施工与维护,铁道运输类,交通运输大类,exact
江苏建筑职业技术大学,历史,江苏建筑职业技术大学01,123001,16,智能工程机械运用技术,机械设计制造类,装备制造大类,智能工程机械运用技术,道路运输类,交通运输大类,exact
江苏建筑职业技术大学,历史,江苏建筑职业技术大学01,123001,17,"城市轨道交通运营管理(报考该专业有色觉要求,具体请查阅院校招生章程)",铁道运输类,交通运输大类,城市轨道交通运营管理,城市轨道交通类,交通运输大类,exact
江苏建筑职业技术大学,历史,江苏建筑职业技术大学01,123001,18,计算机网络技术,计算机类,电子与信息大类,计算机网络技术,计算机类,电子与信息大类,exact
江苏建筑职业技术大学,历史,江苏建筑职业技术大学01,123001,19,软件技术,计算机类,电子与信息大类,软件技术,计算机类,电子与信息大类,exact
江苏建筑职业技术大学,历史,江苏建筑职业技术大学01,123001,20,移动应用开发,其他专业类,其他,移动应用开发,计算机类,电子与信息大类,exact
江苏建筑职业技术大学,历史,江苏建筑职业技术大学01,123001,21,建筑动画技术,土木建筑类,土木建筑大类,建筑动画技术,建筑设计类,土木建筑大类,exact
江苏建筑职业技术大学,历史,江苏建筑职业技术大学01,123001,22,现代物流管理,财经商贸类,财经商贸大类,现代物流管理,物流类,财经商贸大类,exact
江苏建筑职业技术大学,历史,江苏建筑职业技术大学01,123001,23,电子商务,财经商贸类,财经商贸大类,电子商务,电子商务类,财经商贸大类,exact
江苏建筑职业技术大学,历史,江苏建筑职业技术大学01,123001,24,大数据与会计,财务会计类,财经商贸大类,大数据与会计,财务会计类,财经商贸大类,exact
江苏建筑职业技术大学,历史,江苏建筑职业技术大学01,123001,25,大数据与财务管理,财务会计类,财经商贸大类,大数据与财务管理,财务会计类,财经商贸大类,exact
江苏建筑职业技术大学,历史,江苏建筑职业技术大学02,123002,26,城市轨道交通供配电技术,铁道运输类,交通运输大类,城市轨道交通供配电技术,城市轨道交通类,交通运输大类,exact
江苏建筑职业技术大学,历史,江苏建筑职业技术大学02,123002,27,电气自动化技术,电气自动化类,装备制造大类,电气自动化技术,自动化类,装备制造大类,exact
江苏建筑职业技术大学,历史,江苏建筑职业技术大学02,123002,28,电子信息工程技术,电子信息类,电子与信息大类,电子信息工程技术,电子信息类,电子与信息大类,exact
江苏建筑职业技术大学,历史,江苏建筑职业技术大学03,123003,29,建筑工程技术(中外合作办学),土木建筑类,土木建筑大类,建筑工程技术,土建施工类,土木建筑大类,exact
湖北铁道运输职业学院,物理,湖北铁道运输职业学院02,528302,07,物联网应用技术,计算机类,电子与信息大类,物联网应用技术,电子信息类,电子与信息大类,exact
湖北铁道运输职业学院,物理,湖北铁道运输职业学院02,528302,08,城市轨道交通车辆制造与维护,铁道运输类,交通运输大类,城市轨道交通车辆制造与维护,轨道装备类,装备制造大类,exact
湖北铁道运输职业学院,物理,湖北铁道运输职业学院02,528302,09,城市轨道车辆应用技术,铁道运输类,交通运输大类,城市轨道车辆应用技术,城市轨道交通类,交通运输大类,exact
湖北铁道运输职业学院,物理,湖北铁道运输职业学院02,528302,10,铁道机车运用与维护(报考该专业须查阅院校招生章程),铁道运输类,交通运输大类,铁道机车运用与维护,铁道运输类,交通运输大类,exact
湖北铁道运输职业学院,物理,湖北铁道运输职业学院02,528302,11,铁道车辆技术,铁道运输类,交通运输大类,铁道车辆技术,铁道运输类,交通运输大类,exact
湖北铁道运输职业学院,物理,湖北铁道运输职业学院02,528302,12,铁道交通运营管理,铁道运输类,交通运输大类,铁道交通运营管理,铁道运输类,交通运输大类,exact
武汉生物工程学院,物理,武汉生物工程学院04,855404,18,药品生物技术,其他专业类,其他,药品生物技术,生物技术类,生物与化工大类,exact
武汉生物工程学院,物理,武汉生物工程学院04,855404,19,计算机应用技术,计算机类,电子与信息大类,计算机应用技术,计算机类,电子与信息大类,exact
武汉生物工程学院,物理,武汉生物工程学院04,855404,20,人工智能技术应用,计算机类,电子与信息大类,人工智能技术应用,计算机类,电子与信息大类,exact
武汉生物工程学院,物理,武汉生物工程学院04,855404,21,机电一体化技术,电气自动化类,装备制造大类,机电一体化技术,自动化类,装备制造大类,exact
四川大学锦江学院,物理,四川大学锦江学院07,877107,14,计算机应用技术,计算机类,电子与信息大类,计算机应用技术,计算机类,电子与信息大类,exact
四川大学锦江学院,物理,四川大学锦江学院07,877107,15,大数据与会计,财务会计类,财经商贸大类,大数据与会计,财务会计类,财经商贸大类,exact
徐州工业职业技术学院,物理,徐州工业职业技术学院03,123103,26,高分子材料智能制造技术,电气自动化类,装备制造大类,高分子材料智能制造技术,非金属材料类,能源动力与材料大类,exact
徐州工业职业技术学院,物理,徐州工业职业技术学院03,123103,27,橡胶智能制造技术,电气自动化类,装备制造大类,橡胶智能制造技术,非金属材料类,能源动力与材料大类,exact
徐州工业职业技术学院,物理,徐州工业职业技术学院03,123103,28,机械设计与制造,机械设计制造类,装备制造大类,机械设计与制造,机械设计制造类,装备制造大类,exact
徐州工业职业技术学院,物理,徐州工业职业技术学院03,123103,29,机械制造及自动化,电气自动化类,装备制造大类,机械制造及自动化,机械设计制造类,装备制造大类,exact
徐州工业职业技术学院,物理,徐州工业职业技术学院03,123103,30,机电一体化技术,电气自动化类,装备制造大类,机电一体化技术,自动化类,装备制造大类,exact
徐州工业职业技术学院,物理,徐州工业职业技术学院03,123103,31,工业机器人技术,电气自动化类,装备制造大类,工业机器人技术,自动化类,装备制造大类,exact
徐州工业职业技术学院,物理,徐州工业职业技术学院03,123103,32,智能制造装备技术,电气自动化类,装备制造大类,智能制造装备技术,机电设备类,装备制造大类,exact
徐州工业职业技术学院,物理,徐州工业职业技术学院03,123103,33,电气自动化技术,电气自动化类,装备制造大类,电气自动化技术,自动化类,装备制造大类,exact
徐州工业职业技术学院,物理,徐州工业职业技术学院03,123103,34,新能源汽车技术,汽车制造类,装备制造大类,新能源汽车技术,汽车制造类,装备制造大类,exact
徐州工业职业技术学院,物理,徐州工业职业技术学院03,123103,35,低空飞行器装备技术,其他专业类,其他,低空飞行器装备技术,机电设备类,装备制造大类,exact
徐州工业职业技术学院,物理,徐州工业职业技术学院03,123103,36,应用化工技术,生物化工类,生物与化工大类,应用化工技术,化工技术类,生物与化工大类,exact
徐州工业职业技术学院,物理,徐州工业职业技术学院03,123103,37,药品生产技术,药学类,医药卫生大类,药品生产技术,药品与医疗器械类,食品药品与粮食大类,exact
徐州工业职业技术学院,物理,徐州工业职业技术学院03,123103,38,生物制药技术,生物化工类,生物与化工大类,生物制药技术,药品与医疗器械类,食品药品与粮食大类,exact
徐州工业职业技术学院,物理,徐州工业职业技术学院03,123103,39,物联网应用技术,计算机类,电子与信息大类,物联网应用技术,电子信息类,电子与信息大类,exact
徐州工业职业技术学院,物理,徐州工业职业技术学院03,123103,40,软件技术,计算机类,电子与信息大类,软件技术,计算机类,电子与信息大类,exact
徐州工业职业技术学院,物理,徐州工业职业技术学院03,123103,41,人工智能技术应用,计算机类,电子与信息大类,人工智能技术应用,计算机类,电子与信息大类,exact
徐州工业职业技术学院,物理,徐州工业职业技术学院03,123103,42,大数据与财务管理,财务会计类,财经商贸大类,大数据与财务管理,财务会计类,财经商贸大类,exact
徐州工业职业技术学院,物理,徐州工业职业技术学院03,123103,43,大数据与会计,财务会计类,财经商贸大类,大数据与会计,财务会计类,财经商贸大类,exact
徐州工业职业技术学院,物理,徐州工业职业技术学院03,123103,44,现代物流管理,财经商贸类,财经商贸大类,现代物流管理,物流类,财经商贸大类,exact
徐州工业职业技术学院,物理,徐州工业职业技术学院03,123103,45,数智营销,其他专业类,其他,数智营销,工商管理类,财经商贸大类,exact
徐州工业职业技术学院,物理,徐州工业职业技术学院03,123103,46,建筑装饰工程技术,土木建筑类,土木建筑大类,建筑装饰工程技术,建筑设计类,土木建筑大类,exact
徐州工业职业技术学院,物理,徐州工业职业技术学院03,123103,47,无人机应用技术,航空运输类,交通运输大类,无人机应用技术,航空装备类,装备制造大类,exact
徐州工业职业技术学院,物理,徐州工业职业技术学院03,123103,48,无人机测绘技术,资源环境安全类,资源环境与安全大类,无人机测绘技术,测绘地理信息类,资源环境与安全大类,exact
徐州工业职业技术学院,物理,徐州工业职业技术学院03,123103,49,智慧建筑运维管理,土木建筑类,土木建筑大类,智慧建筑运维管理,建设工程管理类,土木建筑大类,exact
徐州工业职业技术学院,物理,徐州工业职业技术学院04,123104,50,药品生产技术(与徐州工程学院分段培养项目),药学类,医药卫生大类,药品生产技术,药品与医疗器械类,食品药品与粮食大类,exact
徐州工业职业技术学院,物理,徐州工业职业技术学院05,123105,51,工程造价(与徐州工程学院分段培养项目),土木建筑类,土木建筑大类,工程造价,建设工程管理类,土木建筑大类,exact
徐州工业职业技术学院,物理,徐州工业职业技术学院06,123106,52,软件技术(与徐州工程学院分段培养项目),计算机类,电子与信息大类,软件技术,计算机类,电子与信息大类,exact
徐州工业职业技术学院,物理,徐州工业职业技术学院07,123107,53,机电一体化技术(与徐州工程学院分段培养项目),电气自动化类,装备制造大类,机电一体化技术,自动化类,装备制造大类,exact
徐州工业职业技术学院,物理,徐州工业职业技术学院08,123108,54,现代物流管理(与南京工业职业技术大学分段培养项目),财经商贸类,财经商贸大类,现代物流管理,物流类,财经商贸大类,exact
徐州工业职业技术学院,物理,徐州工业职业技术学院09,123109,55,物联网应用技术(与南京工业职业技术大学分段培养项目),计算机类,电子与信息大类,物联网应用技术,电子信息类,电子与信息大类,exact
徐州工业职业技术学院,物理,徐州工业职业技术学院10,123110,56,高分子材料智能制造技术(与徐州工程学院分段培养项目),电气自动化类,装备制造大类,高分子材料智能制造技术,非金属材料类,能源动力与材料大类,exact
江西工程职业学院,物理,江西工程职业学院02,257602,04,智能制造装备技术(青山湖校区),电气自动化类,装备制造大类,智能制造装备技术,机电设备类,装备制造大类,exact
江西工程职业学院,物理,江西工程职业学院02,257602,05,智能控制技术(青山湖校区),电气自动化类,装备制造大类,智能控制技术,自动化类,装备制造大类,exact
江西工程职业学院,物理,江西工程职业学院02,257602,06,机电设备技术(宜春产教融合基地),机械设计制造类,装备制造大类,机电设备技术,机电设备类,装备制造大类,exact
江西工程职业学院,物理,江西工程职业学院02,257602,07,数控技术(宜春产教融合基地),机械设计制造类,装备制造大类,数控技术,机械设计制造类,装备制造大类,exact
江西工程职业学院,物理,江西工程职业学院02,257602,08,汽车智能技术(莲塘校区),汽车制造类,装备制造大类,汽车智能技术,电子信息类,电子与信息大类,exact
湖南石油化工职业技术学院,历史,湖南石油化工职业技术学院01,535301,01,石油化工技术,生物化工类,生物与化工大类,石油化工技术,化工技术类,生物与化工大类,exact
江苏旅游职业学院,历史,江苏旅游职业学院01,139401,01,大数据与财务管理(与江苏第二师范学院分段培养项目),财务会计类,财经商贸大类,大数据与财务管理,财务会计类,财经商贸大类,exact
江苏旅游职业学院,历史,江苏旅游职业学院02,139402,02,旅游管理(与盐城工学院分段培养项目),旅游餐饮类,旅游大类,旅游管理,旅游类,旅游大类,exact
江苏旅游职业学院,历史,江苏旅游职业学院03,139403,03,高速铁路客运服务,铁道运输类,交通运输大类,高速铁路客运服务,铁道运输类,交通运输大类,exact
江苏旅游职业学院,历史,江苏旅游职业学院03,139403,04,数字媒体技术,计算机类,电子与信息大类,数字媒体技术,计算机类,电子与信息大类,exact
江苏旅游职业学院,历史,江苏旅游职业学院03,139403,05,金融服务与管理,财经商贸类,财经商贸大类,金融服务与管理,金融类,财经商贸大类,exact
江苏旅游职业学院,历史,江苏旅游职业学院03,139403,06,大数据与会计,财务会计类,财经商贸大类,大数据与会计,财务会计类,财经商贸大类,exact
江苏旅游职业学院,历史,江苏旅游职业学院03,139403,07,电子商务,财经商贸类,财经商贸大类,电子商务,电子商务类,财经商贸大类,exact
江苏旅游职业学院,历史,江苏旅游职业学院03,139403,08,现代物流管理,财经商贸类,财经商贸大类,现代物流管理,物流类,财经商贸大类,exact
江苏旅游职业学院,历史,江苏旅游职业学院03,139403,09,旅游管理,旅游餐饮类,旅游大类,旅游管理,旅游类,旅游大类,exact
江苏旅游职业学院,历史,江苏旅游职业学院03,139403,10,导游,旅游餐饮类,旅游大类,导游,旅游类,旅游大类,exact
江苏旅游职业学院,历史,江苏旅游职业学院03,139403,11,酒店管理与数字化运营,旅游餐饮类,旅游大类,酒店管理与数字化运营,旅游类,旅游大类,exact
江苏旅游职业学院,历史,江苏旅游职业学院03,139403,12,智慧旅游技术应用,旅游餐饮类,旅游大类,智慧旅游技术应用,旅游类,旅游大类,exact
江苏旅游职业学院,历史,江苏旅游职业学院03,139403,13,餐饮智能管理,旅游餐饮类,旅游大类,餐饮智能管理,餐饮类,旅游大类,exact
江苏旅游职业学院,历史,江苏旅游职业学院03,139403,14,"烹饪工艺与营养(报考该专业有色觉要求,具体请查阅院校招生章程)",食品药品类,食品药品与粮食大类,烹饪工艺与营养,餐饮类,旅游大类,exact
江苏旅游职业学院,历史,江苏旅游职业学院03,139403,15,"中西面点工艺(报考该专业有色觉要求,具体请查阅院校招生章程)",其他专业类,其他,中西面点工艺,餐饮类,旅游大类,exact
江苏旅游职业学院,历史,江苏旅游职业学院03,139403,16,"西式烹饪工艺(报考该专业有色觉要求,具体请查阅院校招生章程)",食品药品类,食品药品与粮食大类,西式烹饪工艺,餐饮类,旅游大类,exact
江苏旅游职业学院,历史,江苏旅游职业学院03,139403,17,融媒体技术与运营,其他专业类,其他,融媒体技术与运营,广播影视类,新闻传播大类,exact
江苏旅游职业学院,历史,江苏旅游职业学院03,139403,18,商务英语,教育体育类,教育与体育大类,商务英语,语言类,教育与体育大类,exact
四川航天职业技术学院,历史,四川航天职业技术学院01,614601,01,飞行器数字化制造技术,机械设计制造类,装备制造大类,飞行器数字化制造技术,航空装备类,装备制造大类,exact
九江职业大学,历史,九江职业大学01,256701,01,建筑室内设计,土木建筑类,土木建筑大类,建筑室内设计,建筑设计类,土木建筑大类,exact
九江职业大学,历史,九江职业大学01,256701,02,软件技术,计算机类,电子与信息大类,软件技术,计算机类,电子与信息大类,exact
江西航空职业技术学院,物理,江西航空职业技术学院03,819603,11,飞行器数字化制造技术,机械设计制造类,装备制造大类,飞行器数字化制造技术,航空装备类,装备制造大类,exact
江西航空职业技术学院,物理,江西航空职业技术学院03,819603,12,无人机应用技术,航空运输类,交通运输大类,无人机应用技术,航空装备类,装备制造大类,exact
江西航空职业技术学院,物理,江西航空职业技术学院03,819603,13,导航与位置服务,其他专业类,其他,导航与位置服务,测绘地理信息类,资源环境与安全大类,exact
江西航空职业技术学院,物理,江西航空职业技术学院03,819603,14,信息安全技术应用,计算机类,电子与信息大类,信息安全技术应用,计算机类,电子与信息大类,exact
江西航空职业技术学院,物理,江西航空职业技术学院03,819603,15,机电一体化技术,电气自动化类,装备制造大类,机电一体化技术,自动化类,装备制造大类,exact
天津工业职业学院,物理,天津工业职业学院02,324302,04,钢铁智能冶金技术,能源动力与材料类,能源动力与材料大类,钢铁智能冶金技术,黑色金属材料类,能源动力与材料大类,exact
天津工业职业学院,物理,天津工业职业学院02,324302,05,工业工程技术,其他专业类,其他,工业工程技术,机械设计制造类,装备制造大类,exact
天津工业职业学院,物理,天津工业职业学院02,324302,06,机械制造及自动化,电气自动化类,装备制造大类,机械制造及自动化,机械设计制造类,装备制造大类,exact
天津工业职业学院,物理,天津工业职业学院02,324302,07,智能互联网络技术,计算机类,电子与信息大类,智能互联网络技术,通信类,电子与信息大类,exact
天津工业职业学院,物理,天津工业职业学院02,324302,08,大数据技术,计算机类,电子与信息大类,大数据技术,计算机类,电子与信息大类,exact
江西农业工程职业学院,历史,江西农业工程职业学院01,259701,01,中草药栽培与加工技术,其他专业类,其他,中草药栽培与加工技术,农业类,农林牧渔大类,exact
江西农业工程职业学院,历史,江西农业工程职业学院01,259701,02,畜牧兽医,农林牧渔类,农林牧渔大类,畜牧兽医,畜牧业类,农林牧渔大类,exact
江西农业工程职业学院,历史,江西农业工程职业学院01,259701,03,电子商务,财经商贸类,财经商贸大类,电子商务,电子商务类,财经商贸大类,exact
武汉船舶职业技术学院,历史,武汉船舶职业技术学院02,522702,03,船舶舾装工程技术,航海运输类,交通运输大类,船舶舾装工程技术,船舶与海洋工程装备类,装备制造大类,exact
武汉船舶职业技术学院,历史,武汉船舶职业技术学院02,522702,04,船舶智能焊接技术,航海运输类,交通运输大类,船舶智能焊接技术,船舶与海洋工程装备类,装备制造大类,exact
武汉船舶职业技术学院,历史,武汉船舶职业技术学院02,522702,05,机电一体化技术,电气自动化类,装备制造大类,机电一体化技术,自动化类,装备制造大类,exact
武汉船舶职业技术学院,历史,武汉船舶职业技术学院02,522702,06,船舶电气工程技术,航海运输类,交通运输大类,船舶电气工程技术,船舶与海洋工程装备类,装备制造大类,exact
武汉船舶职业技术学院,历史,武汉船舶职业技术学院02,522702,07,电子信息工程技术,电子信息类,电子与信息大类,电子信息工程技术,电子信息类,电子与信息大类,exact
武汉船舶职业技术学院,历史,武汉船舶职业技术学院02,522702,08,现代通信技术,电子信息类,电子与信息大类,现代通信技术,通信类,电子与信息大类,exact
武汉船舶职业技术学院,历史,武汉船舶职业技术学院02,522702,09,大数据与会计,财务会计类,财经商贸大类,大数据与会计,财务会计类,财经商贸大类,exact
武汉船舶职业技术学院,历史,武汉船舶职业技术学院02,522702,10,酒店管理与数字化运营,旅游餐饮类,旅游大类,酒店管理与数字化运营,旅游类,旅游大类,exact
武汉船舶职业技术学院,历史,武汉船舶职业技术学院02,522702,11,供应链运营,其他专业类,其他,供应链运营,物流类,财经商贸大类,exact
武汉船舶职业技术学院,历史,武汉船舶职业技术学院02,522702,12,现代物流管理,财经商贸类,财经商贸大类,现代物流管理,物流类,财经商贸大类,exact
江苏航空职业技术学院,物理,江苏航空职业技术学院07,141207,24,飞行器数字化制造技术,机械设计制造类,装备制造大类,飞行器数字化制造技术,航空装备类,装备制造大类,exact
江苏航空职业技术学院,物理,江苏航空职业技术学院07,141207,25,飞行器数字化装配技术,其他专业类,其他,飞行器数字化装配技术,航空装备类,装备制造大类,exact
江苏航空职业技术学院,物理,江苏航空职业技术学院07,141207,26,飞机机载设备装配调试技术,航空运输类,交通运输大类,飞机机载设备装配调试技术,航空装备类,装备制造大类,exact
江苏航空职业技术学院,物理,江苏航空职业技术学院07,141207,27,民航通信技术,航空运输类,交通运输大类,民航通信技术,航空运输类,交通运输大类,exact
江苏航空职业技术学院,物理,江苏航空职业技术学院07,141207,28,飞机电子设备维修,航空运输类,交通运输大类,飞机电子设备维修,航空运输类,交通运输大类,exact
江苏航空职业技术学院,物理,江苏航空职业技术学院08,141208,29,航空复合材料成型与加工技术,航空运输类,交通运输大类,航空复合材料成型与加工技术,非金属材料类,能源动力与材料大类,exact
江苏航空职业技术学院,物理,江苏航空职业技术学院08,141208,30,航空发动机制造技术,航空运输类,交通运输大类,航空发动机制造技术,航空装备类,装备制造大类,exact
江苏航空职业技术学院,物理,江苏航空职业技术学院08,141208,31,航空发动机维修技术,航空运输类,交通运输大类,航空发动机维修技术,航空装备类,装备制造大类,exact
江苏航空职业技术学院,物理,江苏航空职业技术学院08,141208,32,航空材料精密成型技术,航空运输类,交通运输大类,航空材料精密成型技术,航空装备类,装备制造大类,exact
江苏航空职业技术学院,物理,江苏航空职业技术学院09,141209,33,民航安全技术管理,航空运输类,交通运输大类,民航安全技术管理,航空运输类,交通运输大类,exact
江苏航空职业技术学院,物理,江苏航空职业技术学院09,141209,34,机场运行服务与管理,航空运输类,交通运输大类,机场运行服务与管理,航空运输类,交通运输大类,exact
江苏航空职业技术学院,物理,江苏航空职业技术学院09,141209,35,航空物流管理,航空运输类,交通运输大类,航空物流管理,物流类,财经商贸大类,exact
江苏航空职业技术学院,物理,江苏航空职业技术学院10,141210,36,飞行器维修技术,其他专业类,其他,飞行器维修技术,航空装备类,装备制造大类,exact
江苏航空职业技术学院,物理,江苏航空职业技术学院10,141210,37,飞机机电设备维修,航空运输类,交通运输大类,飞机机电设备维修,航空运输类,交通运输大类,exact
江苏航空职业技术学院,物理,江苏航空职业技术学院10,141210,38,通用航空器维修,航空运输类,交通运输大类,通用航空器维修,航空运输类,交通运输大类,exact
江苏航空职业技术学院,物理,江苏航空职业技术学院10,141210,39,飞机结构修理,航空运输类,交通运输大类,飞机结构修理,航空运输类,交通运输大类,exact
江苏航空职业技术学院,物理,江苏航空职业技术学院11,141211,40,无人机测绘技术,资源环境安全类,资源环境与安全大类,无人机测绘技术,测绘地理信息类,资源环境与安全大类,exact
江苏航空职业技术学院,物理,江苏航空职业技术学院11,141211,41,智能控制技术,电气自动化类,装备制造大类,智能控制技术,自动化类,装备制造大类,exact
江苏航空职业技术学院,物理,江苏航空职业技术学院11,141211,42,智能机器人技术,其他专业类,其他,智能机器人技术,自动化类,装备制造大类,exact
江苏航空职业技术学院,物理,江苏航空职业技术学院11,141211,43,无人机应用技术,航空运输类,交通运输大类,无人机应用技术,航空装备类,装备制造大类,exact
江苏航空职业技术学院,物理,江苏航空职业技术学院12,141212,44,民航运输服务,航空运输类,交通运输大类,民航运输服务,航空运输类,交通运输大类,exact
江苏航空职业技术学院,物理,江苏航空职业技术学院12,141212,45,空中乘务,航空运输类,交通运输大类,空中乘务,航空运输类,交通运输大类,exact
江苏航空职业技术学院,物理,江苏航空职业技术学院12,141212,46,民航空中安全保卫,航空运输类,交通运输大类,民航空中安全保卫,航空运输类,交通运输大类,exact
江西机电职业技术学院,物理,江西机电职业技术学院02,256902,10,光伏工程技术,能源动力与材料类,能源动力与材料大类,光伏工程技术,新能源发电工程类,能源动力与材料大类,exact
江西机电职业技术学院,物理,江西机电职业技术学院02,256902,11,工业机器人技术,电气自动化类,装备制造大类,工业机器人技术,自动化类,装备制造大类,exact
江西机电职业技术学院,物理,江西机电职业技术学院02,256902,12,电气自动化技术,电气自动化类,装备制造大类,电气自动化技术,自动化类,装备制造大类,exact
江西机电职业技术学院,物理,江西机电职业技术学院02,256902,13,新能源汽车技术(下罗校区),汽车制造类,装备制造大类,新能源汽车技术,汽车制造类,装备制造大类,exact
江西机电职业技术学院,物理,江西机电职业技术学院02,256902,14,物联网应用技术,计算机类,电子与信息大类,物联网应用技术,电子信息类,电子与信息大类,exact
江西机电职业技术学院,物理,江西机电职业技术学院02,256902,15,智能产品开发与应用,电子信息类,电子与信息大类,智能产品开发与应用,电子信息类,电子与信息大类,exact
江西机电职业技术学院,物理,江西机电职业技术学院02,256902,16,集成电路技术,电子信息类,电子与信息大类,集成电路技术,集成电路类,电子与信息大类,exact
武汉工程科技学院,物理,武汉工程科技学院05,857405,15,机电一体化技术,电气自动化类,装备制造大类,机电一体化技术,自动化类,装备制造大类,exact
武汉工程科技学院,物理,武汉工程科技学院05,857405,16,机械制造及自动化,电气自动化类,装备制造大类,机械制造及自动化,机械设计制造类,装备制造大类,exact
武汉工程科技学院,物理,武汉工程科技学院05,857405,17,电气自动化技术,电气自动化类,装备制造大类,电气自动化技术,自动化类,装备制造大类,exact
武汉工程科技学院,物理,武汉工程科技学院05,857405,18,无人机应用技术,航空运输类,交通运输大类,无人机应用技术,航空装备类,装备制造大类,exact
武汉工程科技学院,物理,武汉工程科技学院05,857405,19,计算机网络技术,计算机类,电子与信息大类,计算机网络技术,计算机类,电子与信息大类,exact
随州职业技术学院,物理,随州职业技术学院02,529902,06,研学旅行管理与服务,其他专业类,其他,研学旅行管理与服务,旅游类,旅游大类,exact
随州职业技术学院,物理,随州职业技术学院02,529902,07,大数据与会计,财务会计类,财经商贸大类,大数据与会计,财务会计类,财经商贸大类,exact
随州职业技术学院,物理,随州职业技术学院02,529902,08,工程造价,土木建筑类,土木建筑大类,工程造价,建设工程管理类,土木建筑大类,exact
随州职业技术学院,物理,随州职业技术学院02,529902,09,工业机器人技术,电气自动化类,装备制造大类,工业机器人技术,自动化类,装备制造大类,exact
随州职业技术学院,物理,随州职业技术学院02,529902,10,新能源汽车技术,汽车制造类,装备制造大类,新能源汽车技术,汽车制造类,装备制造大类,exact
南昌应用技术师范学院,物理,南昌应用技术师范学院03,818703,08,电气自动化技术,电气自动化类,装备制造大类,电气自动化技术,自动化类,装备制造大类,exact
南昌应用技术师范学院,物理,南昌应用技术师范学院03,818703,09,电子信息工程技术,电子信息类,电子与信息大类,电子信息工程技术,电子信息类,电子与信息大类,exact
南昌应用技术师范学院,物理,南昌应用技术师范学院03,818703,10,计算机网络技术,计算机类,电子与信息大类,计算机网络技术,计算机类,电子与信息大类,exact
南昌应用技术师范学院,物理,南昌应用技术师范学院03,818703,11,软件技术,计算机类,电子与信息大类,软件技术,计算机类,电子与信息大类,exact
南昌应用技术师范学院,物理,南昌应用技术师范学院03,818703,12,数字媒体技术,计算机类,电子与信息大类,数字媒体技术,计算机类,电子与信息大类,exact
包头铁道职业技术学院,历史,包头铁道职业技术学院01,351801,01,铁道车辆技术,铁道运输类,交通运输大类,铁道车辆技术,铁道运输类,交通运输大类,exact
包头铁道职业技术学院,历史,包头铁道职业技术学院01,351801,02,城市轨道交通运营管理,铁道运输类,交通运输大类,城市轨道交通运营管理,城市轨道交通类,交通运输大类,exact
江南影视艺术职业学院,历史,江南影视艺术职业学院01,195801,01,空中乘务(与苏州城市学院分段培养项目),航空运输类,交通运输大类,空中乘务,航空运输类,交通运输大类,exact
江南影视艺术职业学院,历史,江南影视艺术职业学院02,195802,02,数字媒体技术(与南通理工学院分段培养项目),计算机类,电子与信息大类,数字媒体技术,计算机类,电子与信息大类,exact
江南影视艺术职业学院,历史,江南影视艺术职业学院03,195803,03,影视编导(与三江学院分段培养项目),文化艺术类,文化艺术大类,影视编导,广播影视类,新闻传播大类,exact
江南影视艺术职业学院,历史,江南影视艺术职业学院04,195804,04,低空飞行器装备技术,其他专业类,其他,低空飞行器装备技术,机电设备类,装备制造大类,exact
江南影视艺术职业学院,历史,江南影视艺术职业学院04,195804,05,无人机应用技术,航空运输类,交通运输大类,无人机应用技术,航空装备类,装备制造大类,exact
江南影视艺术职业学院,历史,江南影视艺术职业学院04,195804,06,高速铁路客运服务,铁道运输类,交通运输大类,高速铁路客运服务,铁道运输类,交通运输大类,exact
江南影视艺术职业学院,历史,江南影视艺术职业学院04,195804,07,空中乘务,航空运输类,交通运输大类,空中乘务,航空运输类,交通运输大类,exact
江南影视艺术职业学院,历史,江南影视艺术职业学院04,195804,08,民航安全技术管理,航空运输类,交通运输大类,民航安全技术管理,航空运输类,交通运输大类,exact
江南影视艺术职业学院,历史,江南影视艺术职业学院04,195804,09,机场运行服务与管理,航空运输类,交通运输大类,机场运行服务与管理,航空运输类,交通运输大类,exact
江南影视艺术职业学院,历史,江南影视艺术职业学院04,195804,10,航空物流管理,航空运输类,交通运输大类,航空物流管理,物流类,财经商贸大类,exact
江南影视艺术职业学院,历史,江南影视艺术职业学院04,195804,11,酒店管理与数字化运营,旅游餐饮类,旅游大类,酒店管理与数字化运营,旅游类,旅游大类,exact
江南影视艺术职业学院,历史,江南影视艺术职业学院04,195804,12,网络营销与直播电商,计算机类,电子与信息大类,网络营销与直播电商,电子商务类,财经商贸大类,exact
江南影视艺术职业学院,历史,江南影视艺术职业学院04,195804,13,网络新闻与传播,计算机类,电子与信息大类,网络新闻与传播,新闻出版类,新闻传播大类,exact
江南影视艺术职业学院,历史,江南影视艺术职业学院04,195804,14,影视编导,文化艺术类,文化艺术大类,影视编导,广播影视类,新闻传播大类,exact
江南影视艺术职业学院,历史,江南影视艺术职业学院04,195804,15,影视多媒体技术,文化艺术类,文化艺术大类,影视多媒体技术,广播影视类,新闻传播大类,exact
江南影视艺术职业学院,历史,江南影视艺术职业学院04,195804,16,摄影摄像技术,文化艺术类,文化艺术大类,摄影摄像技术,广播影视类,新闻传播大类,exact
江南影视艺术职业学院,历史,江南影视艺术职业学院04,195804,17,数字媒体技术,计算机类,电子与信息大类,数字媒体技术,计算机类,电子与信息大类,exact
江南影视艺术职业学院,历史,江南影视艺术职业学院04,195804,18,软件技术,计算机类,电子与信息大类,软件技术,计算机类,电子与信息大类,exact
江南影视艺术职业学院,历史,江南影视艺术职业学院04,195804,19,大数据技术,计算机类,电子与信息大类,大数据技术,计算机类,电子与信息大类,exact
江南影视艺术职业学院,历史,江南影视艺术职业学院04,195804,20,虚拟现实技术应用,计算机类,电子与信息大类,虚拟现实技术应用,计算机类,电子与信息大类,exact
江南影视艺术职业学院,历史,江南影视艺术职业学院04,195804,21,人工智能技术应用,计算机类,电子与信息大类,人工智能技术应用,计算机类,电子与信息大类,exact
江南影视艺术职业学院,历史,江南影视艺术职业学院04,195804,22,动漫制作技术,文化艺术类,文化艺术大类,动漫制作技术,计算机类,电子与信息大类,exact
江南影视艺术职业学院,历史,江南影视艺术职业学院04,195804,23,婴幼儿托育服务与管理,护理医学类,医药卫生大类,婴幼儿托育服务与管理,健康管理与促进类,医药卫生大类,exact
江南影视艺术职业学院,历史,江南影视艺术职业学院04,195804,24,大数据与财务管理,财务会计类,财经商贸大类,大数据与财务管理,财务会计类,财经商贸大类,exact
江南影视艺术职业学院,历史,江南影视艺术职业学院04,195804,25,大数据与会计,财务会计类,财经商贸大类,大数据与会计,财务会计类,财经商贸大类,exact
江西应用技术职业学院,物理,江西应用技术职业学院02,253302,02,水文与工程地质,资源环境安全类,资源环境与安全大类,水文与工程地质,地质类,资源环境与安全大类,exact
湖北交通职业技术学院,物理,湖北交通职业技术学院04,524604,06,跨境电子商务,财经商贸类,财经商贸大类,跨境电子商务,电子商务类,财经商贸大类,exact
湖北交通职业技术学院,物理,湖北交通职业技术学院04,524604,07,新能源汽车检测与维修技术,汽车制造类,装备制造大类,新能源汽车检测与维修技术,道路运输类,交通运输大类,exact
仙桃职业学院,物理,仙桃职业学院01,529801,01,工业机器人技术,电气自动化类,装备制造大类,工业机器人技术,自动化类,装备制造大类,exact
仙桃职业学院,物理,仙桃职业学院01,529801,02,物联网应用技术,计算机类,电子与信息大类,物联网应用技术,电子信息类,电子与信息大类,exact
江苏城乡建设职业学院,历史,江苏城乡建设职业学院01,125501,01,房地产经营与管理(与徐州工程学院分段培养项目),其他专业类,其他,房地产经营与管理,房地产类,土木建筑大类,exact
江苏城乡建设职业学院,历史,江苏城乡建设职业学院02,125502,02,"建筑室内设计(报考该专业有色觉要求,具体请查阅院校招生章程)",土木建筑类,土木建筑大类,建筑室内设计,建筑设计类,土木建筑大类,exact
江苏城乡建设职业学院,历史,江苏城乡建设职业学院02,125502,03,古建筑工程技术,土木建筑类,土木建筑大类,古建筑工程技术,建筑设计类,土木建筑大类,exact
江苏城乡建设职业学院,历史,江苏城乡建设职业学院02,125502,04,建筑装饰工程技术,土木建筑类,土木建筑大类,建筑装饰工程技术,建筑设计类,土木建筑大类,exact
江苏城乡建设职业学院,历史,江苏城乡建设职业学院02,125502,05,融媒体技术与运营,其他专业类,其他,融媒体技术与运营,广播影视类,新闻传播大类,exact
江苏城乡建设职业学院,历史,江苏城乡建设职业学院02,125502,06,地下与隧道工程技术,土木建筑类,土木建筑大类,地下与隧道工程技术,土建施工类,土木建筑大类,exact
江苏城乡建设职业学院,历史,江苏城乡建设职业学院02,125502,07,智能建造技术,其他专业类,其他,智能建造技术,土建施工类,土木建筑大类,exact
江苏城乡建设职业学院,历史,江苏城乡建设职业学院02,125502,08,建筑加固与修复技术,土木建筑类,土木建筑大类,建筑加固与修复技术,土建施工类,土木建筑大类,exact
江苏城乡建设职业学院,历史,江苏城乡建设职业学院02,125502,09,现代物业管理,其他专业类,其他,现代物业管理,房地产类,土木建筑大类,exact
江苏城乡建设职业学院,历史,江苏城乡建设职业学院02,125502,10,大数据与会计,财务会计类,财经商贸大类,大数据与会计,财务会计类,财经商贸大类,exact
江苏城乡建设职业学院,历史,江苏城乡建设职业学院02,125502,11,智慧城市管理技术,其他专业类,其他,智慧城市管理技术,城乡规划与管理类,土木建筑大类,exact
江苏城乡建设职业学院,历史,江苏城乡建设职业学院02,125502,12,业财数据应用与管理,其他专业类,其他,业财数据应用与管理,财务会计类,财经商贸大类,exact
江苏城乡建设职业学院,历史,江苏城乡建设职业学院02,125502,13,园林工程技术,土木建筑类,土木建筑大类,园林工程技术,建筑设计类,土木建筑大类,exact
江苏城乡建设职业学院,历史,江苏城乡建设职业学院02,125502,14,城市燃气工程技术,其他专业类,其他,城市燃气工程技术,市政工程类,土木建筑大类,exact
江苏城乡建设职业学院,历史,江苏城乡建设职业学院02,125502,15,智能环保装备技术,其他专业类,其他,智能环保装备技术,环境保护类,资源环境与安全大类,exact
江苏城乡建设职业学院,历史,江苏城乡建设职业学院02,125502,16,花卉生产与花艺,其他专业类,其他,花卉生产与花艺,林业类,农林牧渔大类,exact
江苏城乡建设职业学院,历史,江苏城乡建设职业学院02,125502,17,物联网应用技术,计算机类,电子与信息大类,物联网应用技术,电子信息类,电子与信息大类,exact
江苏城乡建设职业学院,历史,江苏城乡建设职业学院02,125502,18,移动互联应用技术,其他专业类,其他,移动互联应用技术,电子信息类,电子与信息大类,exact
江苏城乡建设职业学院,历史,江苏城乡建设职业学院02,125502,19,建筑智能化工程技术,土木建筑类,土木建筑大类,建筑智能化工程技术,建筑设备类,土木建筑大类,exact
江苏城乡建设职业学院,历史,江苏城乡建设职业学院02,125502,20,供热通风与空调工程技术,其他专业类,其他,供热通风与空调工程技术,建筑设备类,土木建筑大类,exact
江苏城乡建设职业学院,历史,江苏城乡建设职业学院02,125502,21,人工智能技术应用,计算机类,电子与信息大类,人工智能技术应用,计算机类,电子与信息大类,exact
江苏城乡建设职业学院,历史,江苏城乡建设职业学院02,125502,22,具身智能机器人技术,其他专业类,其他,具身智能机器人技术,自动化类,装备制造大类,exact
桂林师范学院,物理,桂林师范学院03,554503,07,电子商务,财经商贸类,财经商贸大类,电子商务,电子商务类,财经商贸大类,exact
桂林师范学院,物理,桂林师范学院03,554503,08,药品生产技术,药学类,医药卫生大类,药品生产技术,药品与医疗器械类,食品药品与粮食大类,exact
桂林师范学院,物理,桂林师范学院03,554503,09,商务英语,教育体育类,教育与体育大类,商务英语,语言类,教育与体育大类,exact
桂林师范学院,物理,桂林师范学院03,554503,10,机电一体化技术,电气自动化类,装备制造大类,机电一体化技术,自动化类,装备制造大类,exact
江苏护理职业学院,物理,江苏护理职业学院05,135305,42,护理,护理医学类,医药卫生大类,护理,护理类,医药卫生大类,exact
江苏护理职业学院,物理,江苏护理职业学院05,135305,43,医学美容技术,其他专业类,其他,医学美容技术,医学技术类,医药卫生大类,exact
江苏护理职业学院,物理,江苏护理职业学院05,135305,44,老年保健与管理,其他专业类,其他,老年保健与管理,健康管理与促进类,医药卫生大类,exact
江苏护理职业学院,物理,江苏护理职业学院05,135305,45,预防医学,其他专业类,其他,预防医学,公共卫生与卫生管理类,医药卫生大类,exact
江苏护理职业学院,物理,江苏护理职业学院05,135305,46,医学检验技术,护理医学类,医药卫生大类,医学检验技术,医学技术类,医药卫生大类,exact
江苏护理职业学院,物理,江苏护理职业学院05,135305,47,医学影像技术,护理医学类,医药卫生大类,医学影像技术,医学技术类,医药卫生大类,exact
江苏护理职业学院,物理,江苏护理职业学院05,135305,48,口腔医学技术,护理医学类,医药卫生大类,口腔医学技术,医学技术类,医药卫生大类,exact
江苏护理职业学院,物理,江苏护理职业学院05,135305,49,卫生检验与检疫技术,护理医学类,医药卫生大类,卫生检验与检疫技术,医学技术类,医药卫生大类,exact
江苏护理职业学院,物理,江苏护理职业学院05,135305,50,中医学,护理医学类,医药卫生大类,中医学,中医药类,医药卫生大类,exact
江苏护理职业学院,物理,江苏护理职业学院05,135305,51,药学,药学类,医药卫生大类,药学,药学类,医药卫生大类,exact
江苏护理职业学院,物理,江苏护理职业学院05,135305,52,中药学,药学类,医药卫生大类,中药学,中医药类,医药卫生大类,exact
江苏护理职业学院,物理,江苏护理职业学院05,135305,53,药品经营与管理,药学类,医药卫生大类,药品经营与管理,药品与医疗器械类,食品药品与粮食大类,exact
江苏护理职业学院,物理,江苏护理职业学院05,135305,54,康复治疗技术,护理医学类,医药卫生大类,康复治疗技术,康复治疗类,医药卫生大类,exact
江苏护理职业学院,物理,江苏护理职业学院05,135305,55,中医康复技术,护理医学类,医药卫生大类,中医康复技术,中医药类,医药卫生大类,exact
江苏护理职业学院,物理,江苏护理职业学院05,135305,56,卫生信息管理,护理医学类,医药卫生大类,卫生信息管理,公共卫生与卫生管理类,医药卫生大类,exact
江苏护理职业学院,物理,江苏护理职业学院05,135305,57,健康管理,护理医学类,医药卫生大类,健康管理,健康管理与促进类,医药卫生大类,exact
江苏护理职业学院,物理,江苏护理职业学院05,135305,58,言语听觉康复技术,其他专业类,其他,言语听觉康复技术,康复治疗类,医药卫生大类,exact
江苏护理职业学院,物理,江苏护理职业学院05,135305,59,医学营养,食品药品类,食品药品与粮食大类,医学营养,健康管理与促进类,医药卫生大类,exact
江苏护理职业学院,物理,江苏护理职业学院05,135305,60,口腔卫生保健,护理医学类,医药卫生大类,口腔卫生保健,健康管理与促进类,医药卫生大类,exact
江苏护理职业学院,物理,江苏护理职业学院05,135305,61,眼视光技术,护理医学类,医药卫生大类,眼视光技术,眼视光类,医药卫生大类,exact
江苏护理职业学院,物理,江苏护理职业学院05,135305,62,智能医疗装备技术,其他专业类,其他,智能医疗装备技术,药品与医疗器械类,食品药品与粮食大类,exact
江苏护理职业学院,物理,江苏护理职业学院05,135305,63,医养照护服务,其他专业类,其他,医养照护服务,健康管理与促进类,医药卫生大类,exact
江苏护理职业学院,物理,江苏护理职业学院06,135306,64,护理(中外合作办学),护理医学类,医药卫生大类,护理,护理类,医药卫生大类,exact
江苏护理职业学院,物理,江苏护理职业学院07,135307,65,康复治疗技术(与南京特殊教育师范学院分段培养项目),护理医学类,医药卫生大类,康复治疗技术,康复治疗类,医药卫生大类,exact
江苏护理职业学院,物理,江苏护理职业学院07,135307,66,护理(与徐州医科大学分段培养项目),护理医学类,医药卫生大类,护理,护理类,医药卫生大类,exact
江苏护理职业学院,物理,江苏护理职业学院07,135307,67,药品生产技术[与淮安大学(原淮阴工学院)分段培养项目],药学类,医药卫生大类,药品生产技术,药品与医疗器械类,食品药品与粮食大类,exact
江苏护理职业学院,物理,江苏护理职业学院07,135307,68,医学检验技术(与徐州医科大学分段培养项目),护理医学类,医药卫生大类,医学检验技术,医学技术类,医药卫生大类,exact
江苏护理职业学院,物理,江苏护理职业学院08,135308,69,预防医学(为徐州市贾汪区定向培养),其他专业类,其他,预防医学,公共卫生与卫生管理类,医药卫生大类,exact
江苏护理职业学院,物理,江苏护理职业学院08,135308,70,医学影像技术(为徐州市贾汪区定向培养),护理医学类,医药卫生大类,医学影像技术,医学技术类,医药卫生大类,exact
江苏护理职业学院,物理,江苏护理职业学院08,135308,71,预防医学(为徐州市沛县定向培养),其他专业类,其他,预防医学,公共卫生与卫生管理类,医药卫生大类,exact
江苏护理职业学院,物理,江苏护理职业学院08,135308,72,预防医学(为徐州市丰县定向培养),其他专业类,其他,预防医学,公共卫生与卫生管理类,医药卫生大类,exact
江苏护理职业学院,物理,江苏护理职业学院08,135308,73,预防医学(为徐州市邳州市定向培养),其他专业类,其他,预防医学,公共卫生与卫生管理类,医药卫生大类,exact
江苏护理职业学院,物理,江苏护理职业学院08,135308,74,预防医学(为徐州市铜山区定向培养),其他专业类,其他,预防医学,公共卫生与卫生管理类,医药卫生大类,exact
江苏护理职业学院,物理,江苏护理职业学院08,135308,75,医学影像技术(为徐州市铜山区定向培养),护理医学类,医药卫生大类,医学影像技术,医学技术类,医药卫生大类,exact
江苏护理职业学院,物理,江苏护理职业学院08,135308,76,医学影像技术(为徐州市新沂市定向培养),护理医学类,医药卫生大类,医学影像技术,医学技术类,医药卫生大类,exact
江苏护理职业学院,物理,江苏护理职业学院08,135308,77,中医学(为南通市启东市定向培养),护理医学类,医药卫生大类,中医学,中医药类,医药卫生大类,exact
江苏护理职业学院,物理,江苏护理职业学院08,135308,78,中医学(为南通市海安市定向培养),护理医学类,医药卫生大类,中医学,中医药类,医药卫生大类,exact
江苏护理职业学院,物理,江苏护理职业学院08,135308,79,预防医学(为南通市海安市定向培养),其他专业类,其他,预防医学,公共卫生与卫生管理类,医药卫生大类,exact
江苏护理职业学院,物理,江苏护理职业学院08,135308,80,中医学(为连云港市东海县定向培养),护理医学类,医药卫生大类,中医学,中医药类,医药卫生大类,exact
江苏护理职业学院,物理,江苏护理职业学院08,135308,81,预防医学(为连云港市东海县定向培养),其他专业类,其他,预防医学,公共卫生与卫生管理类,医药卫生大类,exact
江苏护理职业学院,物理,江苏护理职业学院08,135308,82,医学影像技术(为连云港市东海县定向培养),护理医学类,医药卫生大类,医学影像技术,医学技术类,医药卫生大类,exact
江苏护理职业学院,物理,江苏护理职业学院08,135308,83,医学影像技术(为连云港市连云区定向培养),护理医学类,医药卫生大类,医学影像技术,医学技术类,医药卫生大类,exact
江苏护理职业学院,物理,江苏护理职业学院08,135308,84,预防医学(为盐城市大丰区定向培养),其他专业类,其他,预防医学,公共卫生与卫生管理类,医药卫生大类,exact
江苏护理职业学院,物理,江苏护理职业学院08,135308,85,中医学(为宿迁市泗洪县定向培养),护理医学类,医药卫生大类,中医学,中医药类,医药卫生大类,exact
江苏护理职业学院,物理,江苏护理职业学院08,135308,86,医学影像技术(为宿迁市沭阳县定向培养),护理医学类,医药卫生大类,医学影像技术,医学技术类,医药卫生大类,exact
江苏电子信息职业学院,历史,江苏电子信息职业学院01,135001,01,电子信息工程技术,电子信息类,电子与信息大类,电子信息工程技术,电子信息类,电子与信息大类,exact
江苏电子信息职业学院,历史,江苏电子信息职业学院01,135001,02,计算机网络技术,计算机类,电子与信息大类,计算机网络技术,计算机类,电子与信息大类,exact
江苏电子信息职业学院,历史,江苏电子信息职业学院01,135001,03,软件技术,计算机类,电子与信息大类,软件技术,计算机类,电子与信息大类,exact
江苏电子信息职业学院,历史,江苏电子信息职业学院01,135001,04,信息安全技术应用,计算机类,电子与信息大类,信息安全技术应用,计算机类,电子与信息大类,exact
江苏电子信息职业学院,历史,江苏电子信息职业学院01,135001,05,现代通信技术,电子信息类,电子与信息大类,现代通信技术,通信类,电子与信息大类,exact
江苏电子信息职业学院,历史,江苏电子信息职业学院01,135001,06,人工智能技术应用,计算机类,电子与信息大类,人工智能技术应用,计算机类,电子与信息大类,exact
江苏电子信息职业学院,历史,江苏电子信息职业学院01,135001,07,工业互联网应用,电气自动化类,装备制造大类,工业互联网应用,自动化类,装备制造大类,exact
江苏电子信息职业学院,历史,江苏电子信息职业学院01,135001,08,工业机器人技术,电气自动化类,装备制造大类,工业机器人技术,自动化类,装备制造大类,exact
江苏电子信息职业学院,历史,江苏电子信息职业学院01,135001,09,大数据与会计,财务会计类,财经商贸大类,大数据与会计,财务会计类,财经商贸大类,exact
江苏电子信息职业学院,历史,江苏电子信息职业学院01,135001,10,大数据与财务管理,财务会计类,财经商贸大类,大数据与财务管理,财务会计类,财经商贸大类,exact
江苏电子信息职业学院,历史,江苏电子信息职业学院01,135001,11,财税大数据应用,其他专业类,其他,财税大数据应用,财政税务类,财经商贸大类,exact
江苏电子信息职业学院,历史,江苏电子信息职业学院01,135001,12,电子商务,财经商贸类,财经商贸大类,电子商务,电子商务类,财经商贸大类,exact
江苏电子信息职业学院,历史,江苏电子信息职业学院01,135001,13,现代物流管理,财经商贸类,财经商贸大类,现代物流管理,物流类,财经商贸大类,exact
江苏电子信息职业学院,历史,江苏电子信息职业学院01,135001,14,跨境电子商务,财经商贸类,财经商贸大类,跨境电子商务,电子商务类,财经商贸大类,exact
江苏电子信息职业学院,历史,江苏电子信息职业学院01,135001,15,国际经济与贸易,财经商贸类,财经商贸大类,国际经济与贸易,经济贸易类,财经商贸大类,exact
江苏电子信息职业学院,历史,江苏电子信息职业学院01,135001,16,新能源汽车技术,汽车制造类,装备制造大类,新能源汽车技术,汽车制造类,装备制造大类,exact
江苏电子信息职业学院,历史,江苏电子信息职业学院01,135001,17,数字媒体技术,计算机类,电子与信息大类,数字媒体技术,计算机类,电子与信息大类,exact
江苏电子信息职业学院,历史,江苏电子信息职业学院01,135001,18,动漫制作技术,文化艺术类,文化艺术大类,动漫制作技术,计算机类,电子与信息大类,exact
江苏电子信息职业学院,历史,江苏电子信息职业学院01,135001,19,包装策划与设计,文化艺术类,文化艺术大类,包装策划与设计,包装类,轻工纺织大类,exact
河南地矿职业学院,物理,河南地矿职业学院02,513902,06,水文与工程地质,资源环境安全类,资源环境与安全大类,水文与工程地质,地质类,资源环境与安全大类,exact
河南地矿职业学院,物理,河南地矿职业学院02,513902,07,地质调查与矿产普查,资源环境安全类,资源环境与安全大类,地质调查与矿产普查,资源勘查类,资源环境与安全大类,exact
河南地矿职业学院,物理,河南地矿职业学院02,513902,08,工程测量技术,其他专业类,其他,工程测量技术,测绘地理信息类,资源环境与安全大类,exact
河南地矿职业学院,物理,河南地矿职业学院02,513902,09,计算机应用技术,计算机类,电子与信息大类,计算机应用技术,计算机类,电子与信息大类,exact
河南地矿职业学院,物理,河南地矿职业学院02,513902,10,工业机器人技术,电气自动化类,装备制造大类,工业机器人技术,自动化类,装备制造大类,exact
湖南工程职业技术学院,历史,湖南工程职业技术学院01,539501,01,宝玉石鉴定与加工,资源环境安全类,资源环境与安全大类,宝玉石鉴定与加工,资源勘查类,资源环境与安全大类,exact
湖南工程职业技术学院,历史,湖南工程职业技术学院01,539501,02,地质调查与矿产普查,资源环境安全类,资源环境与安全大类,地质调查与矿产普查,资源勘查类,资源环境与安全大类,exact
湖南工程职业技术学院,历史,湖南工程职业技术学院01,539501,03,工程造价,土木建筑类,土木建筑大类,工程造价,建设工程管理类,土木建筑大类,exact
湖南工程职业技术学院,历史,湖南工程职业技术学院01,539501,04,大数据与会计,财务会计类,财经商贸大类,大数据与会计,财务会计类,财经商贸大类,exact
武汉交通职业学院,物理,武汉交通职业学院03,523603,04,船舶工程技术,航海运输类,交通运输大类,船舶工程技术,船舶与海洋工程装备类,装备制造大类,exact
盐城工业职业技术学院,物理,盐城工业职业技术学院05,137005,30,汽车技术服务与营销(与盐城工学院分段培养项目),汽车制造类,装备制造大类,汽车技术服务与营销,道路运输类,交通运输大类,exact
盐城工业职业技术学院,物理,盐城工业职业技术学院06,137006,31,现代物流管理(与盐城师范学院分段培养项目),财经商贸类,财经商贸大类,现代物流管理,物流类,财经商贸大类,exact
盐城工业职业技术学院,物理,盐城工业职业技术学院07,137007,32,现代纺织技术[与苏州工学院(原常熟理工学院)分段培养项目],其他专业类,其他,现代纺织技术,纺织服装类,轻工纺织大类,exact
盐城工业职业技术学院,物理,盐城工业职业技术学院08,137008,33,机电设备技术,机械设计制造类,装备制造大类,机电设备技术,机电设备类,装备制造大类,exact
盐城工业职业技术学院,物理,盐城工业职业技术学院08,137008,34,智能控制技术,电气自动化类,装备制造大类,智能控制技术,自动化类,装备制造大类,exact
盐城工业职业技术学院,物理,盐城工业职业技术学院08,137008,35,新能源装备技术,能源动力与材料类,能源动力与材料大类,新能源装备技术,机电设备类,装备制造大类,exact
盐城工业职业技术学院,物理,盐城工业职业技术学院08,137008,36,机电一体化技术,电气自动化类,装备制造大类,机电一体化技术,自动化类,装备制造大类,exact
盐城工业职业技术学院,物理,盐城工业职业技术学院08,137008,37,机械设计与制造,机械设计制造类,装备制造大类,机械设计与制造,机械设计制造类,装备制造大类,exact
盐城工业职业技术学院,物理,盐城工业职业技术学院08,137008,38,电气自动化技术,电气自动化类,装备制造大类,电气自动化技术,自动化类,装备制造大类,exact
盐城工业职业技术学院,物理,盐城工业职业技术学院08,137008,39,大数据与会计,财务会计类,财经商贸大类,大数据与会计,财务会计类,财经商贸大类,exact
盐城工业职业技术学院,物理,盐城工业职业技术学院08,137008,40,低空物流技术与运营,财经商贸类,财经商贸大类,低空物流技术与运营,物流类,财经商贸大类,exact
盐城工业职业技术学院,物理,盐城工业职业技术学院08,137008,41,汽车制造与试验技术,机械设计制造类,装备制造大类,汽车制造与试验技术,汽车制造类,装备制造大类,exact
盐城工业职业技术学院,物理,盐城工业职业技术学院08,137008,42,新能源汽车技术,汽车制造类,装备制造大类,新能源汽车技术,汽车制造类,装备制造大类,exact
盐城工业职业技术学院,物理,盐城工业职业技术学院08,137008,43,汽车检测与维修技术,汽车制造类,装备制造大类,汽车检测与维修技术,道路运输类,交通运输大类,exact
盐城工业职业技术学院,物理,盐城工业职业技术学院08,137008,44,智能网联汽车技术,汽车制造类,装备制造大类,智能网联汽车技术,汽车制造类,装备制造大类,exact
盐城工业职业技术学院,物理,盐城工业职业技术学院08,137008,45,智能建造技术,其他专业类,其他,智能建造技术,土建施工类,土木建筑大类,exact
盐城工业职业技术学院,物理,盐城工业职业技术学院08,137008,46,工程造价,土木建筑类,土木建筑大类,工程造价,建设工程管理类,土木建筑大类,exact
盐城工业职业技术学院,物理,盐城工业职业技术学院08,137008,47,药品生产技术,药学类,医药卫生大类,药品生产技术,药品与医疗器械类,食品药品与粮食大类,exact
盐城工业职业技术学院,物理,盐城工业职业技术学院08,137008,48,药物制剂技术,其他专业类,其他,药物制剂技术,药品与医疗器械类,食品药品与粮食大类,exact
盐城工业职业技术学院,物理,盐城工业职业技术学院08,137008,49,药品质量与安全,药学类,医药卫生大类,药品质量与安全,药品与医疗器械类,食品药品与粮食大类,exact
盐城工业职业技术学院,物理,盐城工业职业技术学院08,137008,50,药品经营与管理,药学类,医药卫生大类,药品经营与管理,药品与医疗器械类,食品药品与粮食大类,exact
盐城工业职业技术学院,物理,盐城工业职业技术学院08,137008,51,移动互联应用技术,其他专业类,其他,移动互联应用技术,电子信息类,电子与信息大类,exact
盐城工业职业技术学院,物理,盐城工业职业技术学院08,137008,52,云计算技术应用,计算机类,电子与信息大类,云计算技术应用,计算机类,电子与信息大类,exact
盐城工业职业技术学院,物理,盐城工业职业技术学院08,137008,53,信息安全技术应用,计算机类,电子与信息大类,信息安全技术应用,计算机类,电子与信息大类,exact
盐城工业职业技术学院,物理,盐城工业职业技术学院08,137008,54,人工智能数据工程技术,计算机类,电子与信息大类,人工智能数据工程技术,计算机类,电子与信息大类,exact
上海民远职业技术学院,物理,上海民远职业技术学院02,802002,02,宠物医疗技术,农林牧渔类,农林牧渔大类,宠物医疗技术,畜牧业类,农林牧渔大类,exact
武汉工程职业技术学院,历史,武汉工程职业技术学院01,523101,01,机电一体化技术,电气自动化类,装备制造大类,机电一体化技术,自动化类,装备制造大类,exact
武汉工程职业技术学院,历史,武汉工程职业技术学院01,523101,02,电气自动化技术,电气自动化类,装备制造大类,电气自动化技术,自动化类,装备制造大类,exact
武汉工程职业技术学院,历史,武汉工程职业技术学院01,523101,03,机械制造及自动化,电气自动化类,装备制造大类,机械制造及自动化,机械设计制造类,装备制造大类,exact
武汉工程职业技术学院,历史,武汉工程职业技术学院01,523101,04,计算机应用技术,计算机类,电子与信息大类,计算机应用技术,计算机类,电子与信息大类,exact
武汉工程职业技术学院,历史,武汉工程职业技术学院01,523101,05,供热通风与空调工程技术,其他专业类,其他,供热通风与空调工程技术,建筑设备类,土木建筑大类,exact
武汉工程职业技术学院,历史,武汉工程职业技术学院01,523101,06,大数据与会计,财务会计类,财经商贸大类,大数据与会计,财务会计类,财经商贸大类,exact
日照航海工程职业学院,物理,日照航海工程职业学院02,825902,04,航海技术(视力等要求详见院校招生章程),航海运输类,交通运输大类,航海技术,水上运输类,交通运输大类,exact
日照航海工程职业学院,物理,日照航海工程职业学院02,825902,05,轮机工程技术(视力等要求详见院校招生章程),航海运输类,交通运输大类,轮机工程技术,水上运输类,交通运输大类,exact
上海济光职业技术学院,物理,上海济光职业技术学院02,802402,08,数字媒体技术,计算机类,电子与信息大类,数字媒体技术,计算机类,电子与信息大类,exact
上海济光职业技术学院,物理,上海济光职业技术学院02,802402,09,智慧城市管理技术,其他专业类,其他,智慧城市管理技术,城乡规划与管理类,土木建筑大类,exact
上海济光职业技术学院,物理,上海济光职业技术学院02,802402,10,空间数字建模与应用技术,其他专业类,其他,空间数字建模与应用技术,测绘地理信息类,资源环境与安全大类,exact
上海济光职业技术学院,物理,上海济光职业技术学院02,802402,11,建筑智能化工程技术,土木建筑类,土木建筑大类,建筑智能化工程技术,建筑设备类,土木建筑大类,exact
上海济光职业技术学院,物理,上海济光职业技术学院02,802402,12,工程造价,土木建筑类,土木建筑大类,工程造价,建设工程管理类,土木建筑大类,exact
上海济光职业技术学院,物理,上海济光职业技术学院02,802402,13,无人机应用技术,航空运输类,交通运输大类,无人机应用技术,航空装备类,装备制造大类,exact
上海济光职业技术学院,物理,上海济光职业技术学院02,802402,14,大数据与会计,财务会计类,财经商贸大类,大数据与会计,财务会计类,财经商贸大类,exact
上海济光职业技术学院,物理,上海济光职业技术学院02,802402,15,国际邮轮乘务管理,其他专业类,其他,国际邮轮乘务管理,水上运输类,交通运输大类,exact
上海济光职业技术学院,物理,上海济光职业技术学院02,802402,16,人工智能技术应用,计算机类,电子与信息大类,人工智能技术应用,计算机类,电子与信息大类,exact
上海济光职业技术学院,物理,上海济光职业技术学院02,802402,17,智能网联汽车技术,汽车制造类,装备制造大类,智能网联汽车技术,汽车制造类,装备制造大类,exact
上海济光职业技术学院,物理,上海济光职业技术学院02,802402,18,计算机网络技术(杨浦校区),计算机类,电子与信息大类,计算机网络技术,计算机类,电子与信息大类,exact
上海济光职业技术学院,物理,上海济光职业技术学院02,802402,19,信息安全技术应用(杨浦校区),计算机类,电子与信息大类,信息安全技术应用,计算机类,电子与信息大类,exact
上海济光职业技术学院,物理,上海济光职业技术学院02,802402,20,建筑室内设计(杨浦校区),土木建筑类,土木建筑大类,建筑室内设计,建筑设计类,土木建筑大类,exact
苏州旅游职业学院,物理,苏州旅游职业学院02,129102,16,旅游管理,旅游餐饮类,旅游大类,旅游管理,旅游类,旅游大类,exact
苏州旅游职业学院,物理,苏州旅游职业学院02,129102,17,酒店管理与数字化运营,旅游餐饮类,旅游大类,酒店管理与数字化运营,旅游类,旅游大类,exact
苏州旅游职业学院,物理,苏州旅游职业学院02,129102,18,大数据与会计,财务会计类,财经商贸大类,大数据与会计,财务会计类,财经商贸大类,exact
苏州旅游职业学院,物理,苏州旅游职业学院02,129102,19,现代物流管理,财经商贸类,财经商贸大类,现代物流管理,物流类,财经商贸大类,exact
苏州旅游职业学院,物理,苏州旅游职业学院02,129102,20,园林技术,农林牧渔类,农林牧渔大类,园林技术,林业类,农林牧渔大类,exact
苏州旅游职业学院,物理,苏州旅游职业学院02,129102,21,低空物流技术与运营,财经商贸类,财经商贸大类,低空物流技术与运营,物流类,财经商贸大类,exact
苏州旅游职业学院,物理,苏州旅游职业学院02,129102,22,智慧健康养老服务与管理,公共管理服务类,公共管理与服务大类,智慧健康养老服务与管理,公共服务类,公共管理与服务大类,exact
苏州旅游职业学院,物理,苏州旅游职业学院02,129102,23,数智营销,其他专业类,其他,数智营销,工商管理类,财经商贸大类,exact
苏州旅游职业学院,物理,苏州旅游职业学院02,129102,24,数字媒体技术,计算机类,电子与信息大类,数字媒体技术,计算机类,电子与信息大类,exact
苏州旅游职业学院,物理,苏州旅游职业学院02,129102,25,大数据与财务管理,财务会计类,财经商贸大类,大数据与财务管理,财务会计类,财经商贸大类,exact
苏州旅游职业学院,物理,苏州旅游职业学院02,129102,26,研学旅行管理与服务,其他专业类,其他,研学旅行管理与服务,旅游类,旅游大类,exact
苏州旅游职业学院,物理,苏州旅游职业学院02,129102,27,民宿管理与运营,旅游餐饮类,旅游大类,民宿管理与运营,旅游类,旅游大类,exact
苏州旅游职业学院,物理,苏州旅游职业学院02,129102,28,"烹饪工艺与营养(报考该专业有色觉要求,具体请查阅院校招生章程)",食品药品类,食品药品与粮食大类,烹饪工艺与营养,餐饮类,旅游大类,exact
苏州旅游职业学院,物理,苏州旅游职业学院02,129102,29,"中西面点工艺(报考该专业有色觉要求,具体请查阅院校招生章程)",其他专业类,其他,中西面点工艺,餐饮类,旅游大类,exact
苏州旅游职业学院,物理,苏州旅游职业学院02,129102,30,"数字非遗设计与制作(报考该专业有色觉要求,具体请查阅院校招生章程)",文化艺术类,文化艺术大类,数字非遗设计与制作,艺术设计类,文化艺术大类,exact
西安外事学院,历史,西安外事学院02,890302,11,大数据与会计,财务会计类,财经商贸大类,大数据与会计,财务会计类,财经商贸大类,exact
西安外事学院,历史,西安外事学院02,890302,12,新闻采编与制作,新闻传播类,新闻传播大类,新闻采编与制作,广播影视类,新闻传播大类,exact
西安外事学院,历史,西安外事学院02,890302,13,应用英语,教育体育类,教育与体育大类,应用英语,语言类,教育与体育大类,exact
西安外事学院,历史,西安外事学院02,890302,14,电子商务,财经商贸类,财经商贸大类,电子商务,电子商务类,财经商贸大类,exact
西安外事学院,历史,西安外事学院02,890302,15,应用日语,其他专业类,其他,应用日语,语言类,教育与体育大类,exact
西安外事学院,历史,西安外事学院02,890302,16,应用法语,其他专业类,其他,应用法语,语言类,教育与体育大类,exact
吉林司法警官职业学院,历史,吉林司法警官职业学院01,424401,01,建筑消防技术(非公安类招生),土木建筑类,土木建筑大类,建筑消防技术,建筑设备类,土木建筑大类,exact
吉林司法警官职业学院,历史,吉林司法警官职业学院01,424401,02,党务工作(非公安类招生),其他专业类,其他,党务工作,公共事业类,公共管理与服务大类,exact
苏州旅游职业学院,历史,苏州旅游职业学院01,129101,01,旅游管理,旅游餐饮类,旅游大类,旅游管理,旅游类,旅游大类,exact
苏州旅游职业学院,历史,苏州旅游职业学院01,129101,02,酒店管理与数字化运营,旅游餐饮类,旅游大类,酒店管理与数字化运营,旅游类,旅游大类,exact
苏州旅游职业学院,历史,苏州旅游职业学院01,129101,03,大数据与会计,财务会计类,财经商贸大类,大数据与会计,财务会计类,财经商贸大类,exact
苏州旅游职业学院,历史,苏州旅游职业学院01,129101,04,现代物流管理,财经商贸类,财经商贸大类,现代物流管理,物流类,财经商贸大类,exact
苏州旅游职业学院,历史,苏州旅游职业学院01,129101,05,园林技术,农林牧渔类,农林牧渔大类,园林技术,林业类,农林牧渔大类,exact
苏州旅游职业学院,历史,苏州旅游职业学院01,129101,06,低空物流技术与运营,财经商贸类,财经商贸大类,低空物流技术与运营,物流类,财经商贸大类,exact
苏州旅游职业学院,历史,苏州旅游职业学院01,129101,07,智慧健康养老服务与管理,公共管理服务类,公共管理与服务大类,智慧健康养老服务与管理,公共服务类,公共管理与服务大类,exact
苏州旅游职业学院,历史,苏州旅游职业学院01,129101,08,数智营销,其他专业类,其他,数智营销,工商管理类,财经商贸大类,exact
苏州旅游职业学院,历史,苏州旅游职业学院01,129101,09,数字媒体技术,计算机类,电子与信息大类,数字媒体技术,计算机类,电子与信息大类,exact
苏州旅游职业学院,历史,苏州旅游职业学院01,129101,10,大数据与财务管理,财务会计类,财经商贸大类,大数据与财务管理,财务会计类,财经商贸大类,exact
苏州旅游职业学院,历史,苏州旅游职业学院01,129101,11,研学旅行管理与服务,其他专业类,其他,研学旅行管理与服务,旅游类,旅游大类,exact
苏州旅游职业学院,历史,苏州旅游职业学院01,129101,12,民宿管理与运营,旅游餐饮类,旅游大类,民宿管理与运营,旅游类,旅游大类,exact
苏州旅游职业学院,历史,苏州旅游职业学院01,129101,13,"烹饪工艺与营养(报考该专业有色觉要求,具体请查阅院校招生章程)",食品药品类,食品药品与粮食大类,烹饪工艺与营养,餐饮类,旅游大类,exact
苏州旅游职业学院,历史,苏州旅游职业学院01,129101,14,"中西面点工艺(报考该专业有色觉要求,具体请查阅院校招生章程)",其他专业类,其他,中西面点工艺,餐饮类,旅游大类,exact
苏州旅游职业学院,历史,苏州旅游职业学院01,129101,15,"数字非遗设计与制作(报考该专业有色觉要求,具体请查阅院校招生章程)",文化艺术类,文化艺术大类,数字非遗设计与制作,艺术设计类,文化艺术大类,exact
上海工商职业技术学院,物理,上海工商职业技术学院03,801803,12,机电一体化技术,电气自动化类,装备制造大类,机电一体化技术,自动化类,装备制造大类,exact
上海工商职业技术学院,物理,上海工商职业技术学院03,801803,13,新能源汽车技术,汽车制造类,装备制造大类,新能源汽车技术,汽车制造类,装备制造大类,exact
上海工商职业技术学院,物理,上海工商职业技术学院03,801803,14,智能网联汽车技术,汽车制造类,装备制造大类,智能网联汽车技术,汽车制造类,装备制造大类,exact
上海工商职业技术学院,物理,上海工商职业技术学院03,801803,15,计算机应用技术,计算机类,电子与信息大类,计算机应用技术,计算机类,电子与信息大类,exact
上海工商职业技术学院,物理,上海工商职业技术学院03,801803,16,计算机网络技术,计算机类,电子与信息大类,计算机网络技术,计算机类,电子与信息大类,exact
上海工商职业技术学院,物理,上海工商职业技术学院03,801803,17,"生物制药技术(报考该专业有色觉要求,具体请查阅院校招生章程)",生物化工类,生物与化工大类,生物制药技术,药品与医疗器械类,食品药品与粮食大类,exact
上海工商职业技术学院,物理,上海工商职业技术学院03,801803,18,"宝玉石鉴定与加工(报考该专业有色觉要求,具体请查阅院校招生章程)",资源环境安全类,资源环境与安全大类,宝玉石鉴定与加工,资源勘查类,资源环境与安全大类,exact
上海工商职业技术学院,物理,上海工商职业技术学院03,801803,19,大数据与会计(青浦校区),财务会计类,财经商贸大类,大数据与会计,财务会计类,财经商贸大类,exact
上海工商职业技术学院,物理,上海工商职业技术学院03,801803,20,会展策划与管理(青浦校区),旅游餐饮类,旅游大类,会展策划与管理,旅游类,旅游大类,exact
上海工商职业技术学院,物理,上海工商职业技术学院04,801804,21,酒店管理与数字化运营(中外合作办学)(青浦校区),旅游餐饮类,旅游大类,酒店管理与数字化运营,旅游类,旅游大类,exact
广元中核职业技术学院,物理,广元中核职业技术学院02,878002,04,核电站动力设备运行与维护,其他专业类,其他,核电站动力设备运行与维护,热能与发电工程类,能源动力与材料大类,exact
广元中核职业技术学院,物理,广元中核职业技术学院02,878002,05,数控技术,机械设计制造类,装备制造大类,数控技术,机械设计制造类,装备制造大类,exact
广元中核职业技术学院,物理,广元中核职业技术学院02,878002,06,机电设备技术,机械设计制造类,装备制造大类,机电设备技术,机电设备类,装备制造大类,exact
江门职业技术学院,物理,江门职业技术学院02,547502,03,物联网应用技术,计算机类,电子与信息大类,物联网应用技术,电子信息类,电子与信息大类,exact
江门职业技术学院,物理,江门职业技术学院02,547502,04,模具设计与制造,机械设计制造类,装备制造大类,模具设计与制造,机械设计制造类,装备制造大类,exact
江门职业技术学院,物理,江门职业技术学院02,547502,05,数字化设计与制造技术,机械设计制造类,装备制造大类,数字化设计与制造技术,机械设计制造类,装备制造大类,exact
江门职业技术学院,物理,江门职业技术学院02,547502,06,工业机器人技术,电气自动化类,装备制造大类,工业机器人技术,自动化类,装备制造大类,exact
江门职业技术学院,物理,江门职业技术学院02,547502,07,数字化染整技术,其他专业类,其他,数字化染整技术,纺织服装类,轻工纺织大类,exact
江门职业技术学院,物理,江门职业技术学院02,547502,08,高分子材料智能制造技术,电气自动化类,装备制造大类,高分子材料智能制造技术,非金属材料类,能源动力与材料大类,exact
南通师范高等专科学校,历史,南通师范高等专科学校01,131501,01,早期教育(师范)(如皋校区),教育体育类,教育与体育大类,早期教育,教育类,教育与体育大类,exact
南通师范高等专科学校,历史,南通师范高等专科学校01,131501,02,现代家政服务与管理(如皋校区),公共管理服务类,公共管理与服务大类,现代家政服务与管理,公共服务类,公共管理与服务大类,exact
南通师范高等专科学校,历史,南通师范高等专科学校01,131501,03,大数据与财务管理,财务会计类,财经商贸大类,大数据与财务管理,财务会计类,财经商贸大类,exact
南通师范高等专科学校,历史,南通师范高等专科学校01,131501,04,商务英语,教育体育类,教育与体育大类,商务英语,语言类,教育与体育大类,exact
南通师范高等专科学校,历史,南通师范高等专科学校01,131501,05,电子商务,财经商贸类,财经商贸大类,电子商务,电子商务类,财经商贸大类,exact
南通师范高等专科学校,历史,南通师范高等专科学校01,131501,06,大数据与会计,财务会计类,财经商贸大类,大数据与会计,财务会计类,财经商贸大类,exact
南通师范高等专科学校,历史,南通师范高等专科学校01,131501,07,国际经济与贸易,财经商贸类,财经商贸大类,国际经济与贸易,经济贸易类,财经商贸大类,exact
南通师范高等专科学校,历史,南通师范高等专科学校01,131501,08,大数据技术,计算机类,电子与信息大类,大数据技术,计算机类,电子与信息大类,exact
南通师范高等专科学校,历史,南通师范高等专科学校01,131501,09,计算机应用技术,计算机类,电子与信息大类,计算机应用技术,计算机类,电子与信息大类,exact
南通师范高等专科学校,历史,南通师范高等专科学校01,131501,10,计算机网络技术,计算机类,电子与信息大类,计算机网络技术,计算机类,电子与信息大类,exact
南通师范高等专科学校,历史,南通师范高等专科学校01,131501,11,电信服务与管理,其他专业类,其他,电信服务与管理,通信类,电子与信息大类,exact
南通师范高等专科学校,历史,南通师范高等专科学校01,131501,12,云计算技术应用,计算机类,电子与信息大类,云计算技术应用,计算机类,电子与信息大类,exact
南通师范高等专科学校,历史,南通师范高等专科学校01,131501,13,融媒体技术与运营,其他专业类,其他,融媒体技术与运营,广播影视类,新闻传播大类,exact
南通师范高等专科学校,历史,南通师范高等专科学校01,131501,14,人工智能数据工程技术,计算机类,电子与信息大类,人工智能数据工程技术,计算机类,电子与信息大类,exact
南通师范高等专科学校,历史,南通师范高等专科学校01,131501,15,音乐教育(师范),文化艺术类,文化艺术大类,音乐教育,教育类,教育与体育大类,exact
南通师范高等专科学校,历史,南通师范高等专科学校01,131501,16,"美术教育(师范)(报考该专业有色觉要求,具体请查阅院校招生章程)",文化艺术类,文化艺术大类,美术教育,教育类,教育与体育大类,exact
南通师范高等专科学校,历史,南通师范高等专科学校02,131502,17,电子商务(与南通理工学院分段培养项目)(开发区校区),财经商贸类,财经商贸大类,电子商务,电子商务类,财经商贸大类,exact
南通师范高等专科学校,历史,南通师范高等专科学校03,131503,18,大数据技术(与南通理工学院分段培养项目)(开发区校区),计算机类,电子与信息大类,大数据技术,计算机类,电子与信息大类,exact
南通师范高等专科学校,历史,南通师范高等专科学校04,131504,19,大数据与财务管理(与南通理工学院分段培养项目)(开发区校区),财务会计类,财经商贸大类,大数据与财务管理,财务会计类,财经商贸大类,exact
包头铁道职业技术学院,物理,包头铁道职业技术学院02,351802,03,铁道车辆技术,铁道运输类,交通运输大类,铁道车辆技术,铁道运输类,交通运输大类,exact
包头铁道职业技术学院,物理,包头铁道职业技术学院02,351802,04,城市轨道交通运营管理,铁道运输类,交通运输大类,城市轨道交通运营管理,城市轨道交通类,交通运输大类,exact
江苏工程职业技术学院,物理,江苏工程职业技术学院03,131203,35,化妆品技术(崇川校区),生物化工类,生物与化工大类,化妆品技术,轻化工类,轻工纺织大类,exact
江苏工程职业技术学院,物理,江苏工程职业技术学院03,131203,36,现代纺织技术(崇川校区),其他专业类,其他,现代纺织技术,纺织服装类,轻工纺织大类,exact
江苏工程职业技术学院,物理,江苏工程职业技术学院03,131203,37,服装设计与工艺(崇川校区),文化艺术类,文化艺术大类,服装设计与工艺,纺织服装类,轻工纺织大类,exact
江苏工程职业技术学院,物理,江苏工程职业技术学院03,131203,38,数字化染整技术(崇川校区),其他专业类,其他,数字化染整技术,纺织服装类,轻工纺织大类,exact
江苏工程职业技术学院,物理,江苏工程职业技术学院03,131203,39,纺织品检验与贸易(崇川校区),财经商贸类,财经商贸大类,纺织品检验与贸易,纺织服装类,轻工纺织大类,exact
江苏工程职业技术学院,物理,江苏工程职业技术学院03,131203,40,生物制药技术(崇川校区),生物化工类,生物与化工大类,生物制药技术,药品与医疗器械类,食品药品与粮食大类,exact
江苏工程职业技术学院,物理,江苏工程职业技术学院03,131203,41,机械制造及自动化,电气自动化类,装备制造大类,机械制造及自动化,机械设计制造类,装备制造大类,exact
江苏工程职业技术学院,物理,江苏工程职业技术学院03,131203,42,机电一体化技术,电气自动化类,装备制造大类,机电一体化技术,自动化类,装备制造大类,exact
江苏工程职业技术学院,物理,江苏工程职业技术学院03,131203,43,智能控制技术,电气自动化类,装备制造大类,智能控制技术,自动化类,装备制造大类,exact
江苏工程职业技术学院,物理,江苏工程职业技术学院03,131203,44,工业机器人技术,电气自动化类,装备制造大类,工业机器人技术,自动化类,装备制造大类,exact
江苏工程职业技术学院,物理,江苏工程职业技术学院03,131203,45,电气自动化技术,电气自动化类,装备制造大类,电气自动化技术,自动化类,装备制造大类,exact
江苏工程职业技术学院,物理,江苏工程职业技术学院03,131203,46,大数据与会计(崇川校区),财务会计类,财经商贸大类,大数据与会计,财务会计类,财经商贸大类,exact
江苏工程职业技术学院,物理,江苏工程职业技术学院03,131203,47,智能财务系统应用与运维(崇川校区),财务会计类,财经商贸大类,智能财务系统应用与运维,财务会计类,财经商贸大类,exact
江苏工程职业技术学院,物理,江苏工程职业技术学院03,131203,48,数智营销(崇川校区),其他专业类,其他,数智营销,工商管理类,财经商贸大类,exact
江苏工程职业技术学院,物理,江苏工程职业技术学院03,131203,49,电子商务(崇川校区),财经商贸类,财经商贸大类,电子商务,电子商务类,财经商贸大类,exact
江苏工程职业技术学院,物理,江苏工程职业技术学院03,131203,50,智能物流技术(崇川校区),财经商贸类,财经商贸大类,智能物流技术,物流类,财经商贸大类,exact
江苏工程职业技术学院,物理,江苏工程职业技术学院03,131203,51,智慧健康养老服务与管理(崇川校区),公共管理服务类,公共管理与服务大类,智慧健康养老服务与管理,公共服务类,公共管理与服务大类,exact
江苏工程职业技术学院,物理,江苏工程职业技术学院03,131203,52,"建筑室内设计(第一学年在海门校区学习,第二、三学年在崇川校区学习)",土木建筑类,土木建筑大类,建筑室内设计,建筑设计类,土木建筑大类,exact
江苏工程职业技术学院,物理,江苏工程职业技术学院03,131203,53,"现代家用纺织品设计(第一学年在海门校区学习,第二、三学年在崇川校区学习)",文化艺术类,文化艺术大类,现代家用纺织品设计,纺织服装类,轻工纺织大类,exact
江苏工程职业技术学院,物理,江苏工程职业技术学院03,131203,54,"数字媒体技术(第一学年在海门校区学习,第二、三学年在崇川校区学习)",计算机类,电子与信息大类,数字媒体技术,计算机类,电子与信息大类,exact
江苏工程职业技术学院,物理,江苏工程职业技术学院03,131203,55,无人机测绘技术,资源环境安全类,资源环境与安全大类,无人机测绘技术,测绘地理信息类,资源环境与安全大类,exact
江苏工程职业技术学院,物理,江苏工程职业技术学院03,131203,56,建筑工程技术,土木建筑类,土木建筑大类,建筑工程技术,土建施工类,土木建筑大类,exact
江苏工程职业技术学院,物理,江苏工程职业技术学院03,131203,57,工程造价,土木建筑类,土木建筑大类,工程造价,建设工程管理类,土木建筑大类,exact
江苏工程职业技术学院,物理,江苏工程职业技术学院03,131203,58,道路与桥梁工程技术,土木建筑类,土木建筑大类,道路与桥梁工程技术,道路运输类,交通运输大类,exact
江苏工程职业技术学院,物理,江苏工程职业技术学院03,131203,59,城市轨道交通工程技术,铁道运输类,交通运输大类,城市轨道交通工程技术,城市轨道交通类,交通运输大类,exact
江苏工程职业技术学院,物理,江苏工程职业技术学院03,131203,60,电力储能应用技术,能源动力与材料类,能源动力与材料大类,电力储能应用技术,电力技术类,能源动力与材料大类,exact
江苏工程职业技术学院,物理,江苏工程职业技术学院03,131203,61,新能源装备技术,能源动力与材料类,能源动力与材料大类,新能源装备技术,机电设备类,装备制造大类,exact
江苏工程职业技术学院,物理,江苏工程职业技术学院03,131203,62,无人机应用技术,航空运输类,交通运输大类,无人机应用技术,航空装备类,装备制造大类,exact
江苏工程职业技术学院,物理,江苏工程职业技术学院03,131203,63,新能源汽车技术,汽车制造类,装备制造大类,新能源汽车技术,汽车制造类,装备制造大类,exact
江苏工程职业技术学院,物理,江苏工程职业技术学院03,131203,64,飞机机电设备维修,航空运输类,交通运输大类,飞机机电设备维修,航空运输类,交通运输大类,exact
江苏工程职业技术学院,物理,江苏工程职业技术学院03,131203,65,电子信息工程技术,电子信息类,电子与信息大类,电子信息工程技术,电子信息类,电子与信息大类,exact
江苏工程职业技术学院,物理,江苏工程职业技术学院03,131203,66,物联网应用技术,计算机类,电子与信息大类,物联网应用技术,电子信息类,电子与信息大类,exact
江苏工程职业技术学院,物理,江苏工程职业技术学院03,131203,67,计算机应用技术,计算机类,电子与信息大类,计算机应用技术,计算机类,电子与信息大类,exact
江苏工程职业技术学院,物理,江苏工程职业技术学院03,131203,68,大数据技术,计算机类,电子与信息大类,大数据技术,计算机类,电子与信息大类,exact
江苏工程职业技术学院,物理,江苏工程职业技术学院04,131204,69,新能源装备技术(与南通理工学院分段培养项目)(海门校区),能源动力与材料类,能源动力与材料大类,新能源装备技术,机电设备类,装备制造大类,exact
江苏工程职业技术学院,物理,江苏工程职业技术学院05,131205,70,大数据技术(与南通理工学院分段培养项目)(海门校区),计算机类,电子与信息大类,大数据技术,计算机类,电子与信息大类,exact
重庆工程职业技术大学,物理,重庆工程职业技术大学01,623401,01,机电一体化技术(中外合作办学),电气自动化类,装备制造大类,机电一体化技术,自动化类,装备制造大类,exact
重庆工程职业技术大学,物理,重庆工程职业技术大学01,623401,02,工业机器人技术(中外合作办学),电气自动化类,装备制造大类,工业机器人技术,自动化类,装备制造大类,exact
重庆工程职业技术大学,物理,重庆工程职业技术大学01,623401,03,软件技术(中外合作办学),计算机类,电子与信息大类,软件技术,计算机类,电子与信息大类,exact
河南轻工职业学院,物理,河南轻工职业学院01,517001,01,人工智能技术应用(园田校区),计算机类,电子与信息大类,人工智能技术应用,计算机类,电子与信息大类,exact
河南轻工职业学院,物理,河南轻工职业学院01,517001,02,机械制造及自动化(嵩山校区),电气自动化类,装备制造大类,机械制造及自动化,机械设计制造类,装备制造大类,exact
河南轻工职业学院,物理,河南轻工职业学院01,517001,03,计算机网络技术(嵩山校区),计算机类,电子与信息大类,计算机网络技术,计算机类,电子与信息大类,exact
马鞍山职业技术学院,历史,马鞍山职业技术学院01,235701,01,工业机器人技术,电气自动化类,装备制造大类,工业机器人技术,自动化类,装备制造大类,exact
马鞍山职业技术学院,历史,马鞍山职业技术学院01,235701,02,大数据与会计,财务会计类,财经商贸大类,大数据与会计,财务会计类,财经商贸大类,exact
马鞍山职业技术学院,历史,马鞍山职业技术学院01,235701,03,商务英语,教育体育类,教育与体育大类,商务英语,语言类,教育与体育大类,exact
山东文化产业职业学院,物理,山东文化产业职业学院02,824302,03,工业机器人技术,电气自动化类,装备制造大类,工业机器人技术,自动化类,装备制造大类,exact
山东文化产业职业学院,物理,山东文化产业职业学院02,824302,04,无人机应用技术,航空运输类,交通运输大类,无人机应用技术,航空装备类,装备制造大类,exact
武汉航海职业技术学院,历史,武汉航海职业技术学院01,523301,01,高速铁路客运服务,铁道运输类,交通运输大类,高速铁路客运服务,铁道运输类,交通运输大类,exact
武汉航海职业技术学院,历史,武汉航海职业技术学院01,523301,02,"民航运输服务(报考该专业有色觉等要求,具体请查阅院校招生章程)",航空运输类,交通运输大类,民航运输服务,航空运输类,交通运输大类,exact
武汉航海职业技术学院,历史,武汉航海职业技术学院01,523301,03,数字媒体技术,计算机类,电子与信息大类,数字媒体技术,计算机类,电子与信息大类,exact
江西交通职业技术学院,历史,江西交通职业技术学院01,256501,01,"城市轨道交通供配电技术(新建区校区)(报考该专业有色觉等要求,具体请查阅院校招生章程)",铁道运输类,交通运输大类,城市轨道交通供配电技术,城市轨道交通类,交通运输大类,exact
江西交通职业技术学院,历史,江西交通职业技术学院01,256501,02,道路与桥梁工程技术(新建区校区),土木建筑类,土木建筑大类,道路与桥梁工程技术,道路运输类,交通运输大类,exact
江西交通职业技术学院,历史,江西交通职业技术学院01,256501,03,软件技术(经开区校区),计算机类,电子与信息大类,软件技术,计算机类,电子与信息大类,exact
山东水利职业学院,历史,山东水利职业学院01,265901,01,水利水电建筑工程,土木建筑类,土木建筑大类,水利水电建筑工程,水利工程与管理类,水利大类,exact
山东水利职业学院,历史,山东水利职业学院01,265901,02,水利水电工程智能管理,其他专业类,其他,水利水电工程智能管理,水利工程与管理类,水利大类,exact
山东水利职业学院,历史,山东水利职业学院01,265901,03,工程造价,土木建筑类,土木建筑大类,工程造价,建设工程管理类,土木建筑大类,exact
山东水利职业学院,历史,山东水利职业学院01,265901,04,园林工程技术,土木建筑类,土木建筑大类,园林工程技术,建筑设计类,土木建筑大类,exact
山东水利职业学院,历史,山东水利职业学院01,265901,05,机械制造及自动化,电气自动化类,装备制造大类,机械制造及自动化,机械设计制造类,装备制造大类,exact
山东水利职业学院,历史,山东水利职业学院01,265901,06,工业机器人技术,电气自动化类,装备制造大类,工业机器人技术,自动化类,装备制造大类,exact
山东水利职业学院,历史,山东水利职业学院01,265901,07,新能源汽车技术,汽车制造类,装备制造大类,新能源汽车技术,汽车制造类,装备制造大类,exact
山东水利职业学院,历史,山东水利职业学院01,265901,08,无人机应用技术,航空运输类,交通运输大类,无人机应用技术,航空装备类,装备制造大类,exact
山东水利职业学院,历史,山东水利职业学院01,265901,09,人工智能技术应用,计算机类,电子与信息大类,人工智能技术应用,计算机类,电子与信息大类,exact
山东水利职业学院,历史,山东水利职业学院01,265901,10,大数据与会计,财务会计类,财经商贸大类,大数据与会计,财务会计类,财经商贸大类,exact
山东水利职业学院,历史,山东水利职业学院01,265901,11,电子商务,财经商贸类,财经商贸大类,电子商务,电子商务类,财经商贸大类,exact
武昌首义学院,物理,武昌首义学院05,855205,32,计算机应用技术,计算机类,电子与信息大类,计算机应用技术,计算机类,电子与信息大类,exact
武昌首义学院,物理,武昌首义学院05,855205,33,集成电路技术,电子信息类,电子与信息大类,集成电路技术,集成电路类,电子与信息大类,exact
武昌首义学院,物理,武昌首义学院05,855205,34,电气自动化技术,电气自动化类,装备制造大类,电气自动化技术,自动化类,装备制造大类,exact
武昌首义学院,物理,武昌首义学院05,855205,35,工业机器人技术,电气自动化类,装备制造大类,工业机器人技术,自动化类,装备制造大类,exact
武昌首义学院,物理,武昌首义学院05,855205,36,大数据与财务管理,财务会计类,财经商贸大类,大数据与财务管理,财务会计类,财经商贸大类,exact
临汾职业技术学院,物理,临汾职业技术学院03,343503,03,计算机应用技术(鼓楼校区),计算机类,电子与信息大类,计算机应用技术,计算机类,电子与信息大类,exact
临汾职业技术学院,物理,临汾职业技术学院04,343504,04,"动漫设计(鼓楼校区)(报考该专业有色觉要求,具体请查阅院校招生章程)",文化艺术类,文化艺术大类,动漫设计,艺术设计类,文化艺术大类,exact
上海工商外国语职业学院,历史,上海工商外国语职业学院01,802501,01,软件技术,计算机类,电子与信息大类,软件技术,计算机类,电子与信息大类,exact
荆州理工职业学院,物理,荆州理工职业学院02,528402,03,无人机应用技术,航空运输类,交通运输大类,无人机应用技术,航空装备类,装备制造大类,exact
荆州理工职业学院,物理,荆州理工职业学院02,528402,04,数字化设计与制造技术,机械设计制造类,装备制造大类,数字化设计与制造技术,机械设计制造类,装备制造大类,exact
湖北国土资源职业学院,历史,湖北国土资源职业学院01,522401,01,测绘地理信息技术,资源环境安全类,资源环境与安全大类,测绘地理信息技术,测绘地理信息类,资源环境与安全大类,exact
湖北国土资源职业学院,历史,湖北国土资源职业学院01,522401,02,导航与位置服务,其他专业类,其他,导航与位置服务,测绘地理信息类,资源环境与安全大类,exact
湖北国土资源职业学院,历史,湖北国土资源职业学院01,522401,03,无人机应用技术,航空运输类,交通运输大类,无人机应用技术,航空装备类,装备制造大类,exact
湖北国土资源职业学院,历史,湖北国土资源职业学院01,522401,04,水文与工程地质,资源环境安全类,资源环境与安全大类,水文与工程地质,地质类,资源环境与安全大类,exact
泉州海洋职业学院,历史,泉州海洋职业学院01,815801,01,航海技术,航海运输类,交通运输大类,航海技术,水上运输类,交通运输大类,exact
山东海事职业学院,物理,山东海事职业学院02,825602,08,应急救援技术,资源环境安全类,资源环境与安全大类,应急救援技术,安全类,资源环境与安全大类,exact
山东海事职业学院,物理,山东海事职业学院02,825602,09,旅游管理,旅游餐饮类,旅游大类,旅游管理,旅游类,旅游大类,exact
山东海事职业学院,物理,山东海事职业学院02,825602,10,大数据与会计,财务会计类,财经商贸大类,大数据与会计,财务会计类,财经商贸大类,exact
山东海事职业学院,物理,山东海事职业学院02,825602,11,现代物流管理,财经商贸类,财经商贸大类,现代物流管理,物流类,财经商贸大类,exact
山东海事职业学院,物理,山东海事职业学院02,825602,12,物联网应用技术,计算机类,电子与信息大类,物联网应用技术,电子信息类,电子与信息大类,exact
山东海事职业学院,物理,山东海事职业学院02,825602,13,高速铁路客运服务,铁道运输类,交通运输大类,高速铁路客运服务,铁道运输类,交通运输大类,exact
河南地矿职业学院,历史,河南地矿职业学院01,513901,01,水文与工程地质,资源环境安全类,资源环境与安全大类,水文与工程地质,地质类,资源环境与安全大类,exact
河南地矿职业学院,历史,河南地矿职业学院01,513901,02,地质调查与矿产普查,资源环境安全类,资源环境与安全大类,地质调查与矿产普查,资源勘查类,资源环境与安全大类,exact
河南地矿职业学院,历史,河南地矿职业学院01,513901,03,工程测量技术,其他专业类,其他,工程测量技术,测绘地理信息类,资源环境与安全大类,exact
河南地矿职业学院,历史,河南地矿职业学院01,513901,04,计算机应用技术,计算机类,电子与信息大类,计算机应用技术,计算机类,电子与信息大类,exact
河南地矿职业学院,历史,河南地矿职业学院01,513901,05,工业机器人技术,电气自动化类,装备制造大类,工业机器人技术,自动化类,装备制造大类,exact
益阳职业技术学院,物理,益阳职业技术学院02,535802,03,船舶工程技术,航海运输类,交通运输大类,船舶工程技术,船舶与海洋工程装备类,装备制造大类,exact
益阳职业技术学院,物理,益阳职业技术学院02,535802,04,船舶电气工程技术,航海运输类,交通运输大类,船舶电气工程技术,船舶与海洋工程装备类,装备制造大类,exact
威海海洋职业学院,历史,威海海洋职业学院01,271901,01,水产养殖技术,农林牧渔类,农林牧渔大类,水产养殖技术,渔业类,农林牧渔大类,exact
威海海洋职业学院,历史,威海海洋职业学院01,271901,02,药品生物技术,其他专业类,其他,药品生物技术,生物技术类,生物与化工大类,exact
威海海洋职业学院,历史,威海海洋职业学院01,271901,03,药品经营与管理,药学类,医药卫生大类,药品经营与管理,药品与医疗器械类,食品药品与粮食大类,exact
江苏财经职业技术学院,物理,江苏财经职业技术学院03,135203,36,大数据与会计,财务会计类,财经商贸大类,大数据与会计,财务会计类,财经商贸大类,exact
江苏财经职业技术学院,物理,江苏财经职业技术学院03,135203,37,大数据与审计,财务会计类,财经商贸大类,大数据与审计,财务会计类,财经商贸大类,exact
江苏财经职业技术学院,物理,江苏财经职业技术学院03,135203,38,业财数据应用与管理,其他专业类,其他,业财数据应用与管理,财务会计类,财经商贸大类,exact
江苏财经职业技术学院,物理,江苏财经职业技术学院03,135203,39,智能财务系统应用与运维,财务会计类,财经商贸大类,智能财务系统应用与运维,财务会计类,财经商贸大类,exact
江苏财经职业技术学院,物理,江苏财经职业技术学院03,135203,40,财税大数据应用,其他专业类,其他,财税大数据应用,财政税务类,财经商贸大类,exact
江苏财经职业技术学院,物理,江苏财经职业技术学院03,135203,41,大数据与财务管理,财务会计类,财经商贸大类,大数据与财务管理,财务会计类,财经商贸大类,exact
江苏财经职业技术学院,物理,江苏财经职业技术学院03,135203,42,金融服务与管理,财经商贸类,财经商贸大类,金融服务与管理,金融类,财经商贸大类,exact
江苏财经职业技术学院,物理,江苏财经职业技术学院03,135203,43,金融科技应用,财经商贸类,财经商贸大类,金融科技应用,金融类,财经商贸大类,exact
江苏财经职业技术学院,物理,江苏财经职业技术学院03,135203,44,电子商务,财经商贸类,财经商贸大类,电子商务,电子商务类,财经商贸大类,exact
江苏财经职业技术学院,物理,江苏财经职业技术学院03,135203,45,市场营销,财经商贸类,财经商贸大类,市场营销,工商管理类,财经商贸大类,exact
江苏财经职业技术学院,物理,江苏财经职业技术学院03,135203,46,工程造价,土木建筑类,土木建筑大类,工程造价,建设工程管理类,土木建筑大类,exact
江苏财经职业技术学院,物理,江苏财经职业技术学院03,135203,47,跨境电子商务,财经商贸类,财经商贸大类,跨境电子商务,电子商务类,财经商贸大类,exact
江苏财经职业技术学院,物理,江苏财经职业技术学院03,135203,48,高速铁路客运服务,铁道运输类,交通运输大类,高速铁路客运服务,铁道运输类,交通运输大类,exact
江苏财经职业技术学院,物理,江苏财经职业技术学院03,135203,49,旅游管理,旅游餐饮类,旅游大类,旅游管理,旅游类,旅游大类,exact
江苏财经职业技术学院,物理,江苏财经职业技术学院03,135203,50,低空物流技术与运营,财经商贸类,财经商贸大类,低空物流技术与运营,物流类,财经商贸大类,exact
江苏财经职业技术学院,物理,江苏财经职业技术学院03,135203,51,城市轨道交通运营管理,铁道运输类,交通运输大类,城市轨道交通运营管理,城市轨道交通类,交通运输大类,exact
江苏财经职业技术学院,物理,江苏财经职业技术学院03,135203,52,现代物流管理,财经商贸类,财经商贸大类,现代物流管理,物流类,财经商贸大类,exact
江苏财经职业技术学院,物理,江苏财经职业技术学院03,135203,53,供应链运营,其他专业类,其他,供应链运营,物流类,财经商贸大类,exact
江苏财经职业技术学院,物理,江苏财经职业技术学院03,135203,54,数字媒体技术,计算机类,电子与信息大类,数字媒体技术,计算机类,电子与信息大类,exact
江苏财经职业技术学院,物理,江苏财经职业技术学院03,135203,55,婴幼儿托育服务与管理,护理医学类,医药卫生大类,婴幼儿托育服务与管理,健康管理与促进类,医药卫生大类,exact
江苏财经职业技术学院,物理,江苏财经职业技术学院03,135203,56,法律事务,公安司法类,公安司法大类,法律事务,法律实务类,公安与司法大类,exact
江苏财经职业技术学院,物理,江苏财经职业技术学院03,135203,57,计算机网络技术,计算机类,电子与信息大类,计算机网络技术,计算机类,电子与信息大类,exact
江苏财经职业技术学院,物理,江苏财经职业技术学院03,135203,58,计算机应用技术,计算机类,电子与信息大类,计算机应用技术,计算机类,电子与信息大类,exact
江苏财经职业技术学院,物理,江苏财经职业技术学院03,135203,59,大数据技术,计算机类,电子与信息大类,大数据技术,计算机类,电子与信息大类,exact
江苏财经职业技术学院,物理,江苏财经职业技术学院03,135203,60,电气自动化技术,电气自动化类,装备制造大类,电气自动化技术,自动化类,装备制造大类,exact
江苏财经职业技术学院,物理,江苏财经职业技术学院03,135203,61,机电一体化技术,电气自动化类,装备制造大类,机电一体化技术,自动化类,装备制造大类,exact
江苏财经职业技术学院,物理,江苏财经职业技术学院03,135203,62,新能源汽车技术,汽车制造类,装备制造大类,新能源汽车技术,汽车制造类,装备制造大类,exact
江苏财经职业技术学院,物理,江苏财经职业技术学院03,135203,63,物联网应用技术,计算机类,电子与信息大类,物联网应用技术,电子信息类,电子与信息大类,exact
江苏财经职业技术学院,物理,江苏财经职业技术学院03,135203,64,粮食工程技术与管理,食品药品类,食品药品与粮食大类,粮食工程技术与管理,粮食类,食品药品与粮食大类,exact
江苏财经职业技术学院,物理,江苏财经职业技术学院03,135203,65,食品药品监督管理,食品药品类,食品药品与粮食大类,食品药品监督管理,药品与医疗器械类,食品药品与粮食大类,exact
江苏财经职业技术学院,物理,江苏财经职业技术学院03,135203,66,药品质量与安全,药学类,医药卫生大类,药品质量与安全,药品与医疗器械类,食品药品与粮食大类,exact
江苏财经职业技术学院,物理,江苏财经职业技术学院03,135203,67,粮食储运与质量安全,食品药品类,食品药品与粮食大类,粮食储运与质量安全,粮食类,食品药品与粮食大类,exact
江苏财经职业技术学院,物理,江苏财经职业技术学院03,135203,68,商务英语(只招英语考生),教育体育类,教育与体育大类,商务英语,语言类,教育与体育大类,exact
江苏财经职业技术学院,物理,江苏财经职业技术学院04,135204,69,金融服务与管理[与淮安大学(原淮阴工学院)分段培养项目],财经商贸类,财经商贸大类,金融服务与管理,金融类,财经商贸大类,exact
江苏财经职业技术学院,物理,江苏财经职业技术学院04,135204,70,物联网应用技术(与常州工学院分段培养项目),计算机类,电子与信息大类,物联网应用技术,电子信息类,电子与信息大类,exact
合肥科技职业学院,物理,合肥科技职业学院02,811902,04,人工智能技术应用,计算机类,电子与信息大类,人工智能技术应用,计算机类,电子与信息大类,exact
合肥科技职业学院,物理,合肥科技职业学院02,811902,05,无人机应用技术,航空运输类,交通运输大类,无人机应用技术,航空装备类,装备制造大类,exact
合肥科技职业学院,物理,合肥科技职业学院02,811902,06,新能源汽车技术,汽车制造类,装备制造大类,新能源汽车技术,汽车制造类,装备制造大类,exact
江苏财会职业学院,历史,江苏财会职业学院01,133201,01,大数据与会计,财务会计类,财经商贸大类,大数据与会计,财务会计类,财经商贸大类,exact
江苏财会职业学院,历史,江苏财会职业学院01,133201,02,统计与会计核算,财务会计类,财经商贸大类,统计与会计核算,统计类,财经商贸大类,exact
江苏财会职业学院,历史,江苏财会职业学院01,133201,03,金融服务与管理,财经商贸类,财经商贸大类,金融服务与管理,金融类,财经商贸大类,exact
江苏财会职业学院,历史,江苏财会职业学院01,133201,04,金融科技应用,财经商贸类,财经商贸大类,金融科技应用,金融类,财经商贸大类,exact
江苏财会职业学院,历史,江苏财会职业学院01,133201,05,大数据与财务管理,财务会计类,财经商贸大类,大数据与财务管理,财务会计类,财经商贸大类,exact
江苏财会职业学院,历史,江苏财会职业学院01,133201,06,市场营销,财经商贸类,财经商贸大类,市场营销,工商管理类,财经商贸大类,exact
江苏财会职业学院,历史,江苏财会职业学院01,133201,07,现代物流管理,财经商贸类,财经商贸大类,现代物流管理,物流类,财经商贸大类,exact
江苏财会职业学院,历史,江苏财会职业学院01,133201,08,国际经济与贸易,财经商贸类,财经商贸大类,国际经济与贸易,经济贸易类,财经商贸大类,exact
江苏财会职业学院,历史,江苏财会职业学院01,133201,09,电子商务,财经商贸类,财经商贸大类,电子商务,电子商务类,财经商贸大类,exact
江苏财会职业学院,历史,江苏财会职业学院01,133201,10,网络营销与直播电商,计算机类,电子与信息大类,网络营销与直播电商,电子商务类,财经商贸大类,exact
江苏财会职业学院,历史,江苏财会职业学院01,133201,11,软件技术,计算机类,电子与信息大类,软件技术,计算机类,电子与信息大类,exact
江苏财会职业学院,历史,江苏财会职业学院01,133201,12,人工智能技术应用,计算机类,电子与信息大类,人工智能技术应用,计算机类,电子与信息大类,exact
江苏财会职业学院,历史,江苏财会职业学院01,133201,13,信息安全技术应用,计算机类,电子与信息大类,信息安全技术应用,计算机类,电子与信息大类,exact
江苏财会职业学院,历史,江苏财会职业学院01,133201,14,云计算技术应用,计算机类,电子与信息大类,云计算技术应用,计算机类,电子与信息大类,exact
江苏财会职业学院,历史,江苏财会职业学院01,133201,15,智能体技术应用,其他专业类,其他,智能体技术应用,计算机类,电子与信息大类,exact
江苏财会职业学院,历史,江苏财会职业学院01,133201,16,大数据技术,计算机类,电子与信息大类,大数据技术,计算机类,电子与信息大类,exact
江苏财会职业学院,历史,江苏财会职业学院01,133201,17,大数据与审计,财务会计类,财经商贸大类,大数据与审计,财务会计类,财经商贸大类,exact
江苏财会职业学院,历史,江苏财会职业学院01,133201,18,人工智能数据工程技术,计算机类,电子与信息大类,人工智能数据工程技术,计算机类,电子与信息大类,exact
江苏财会职业学院,历史,江苏财会职业学院01,133201,19,商务数据分析与应用,财经商贸类,财经商贸大类,商务数据分析与应用,电子商务类,财经商贸大类,exact
江苏财会职业学院,历史,江苏财会职业学院01,133201,20,网络新闻与传播,计算机类,电子与信息大类,网络新闻与传播,新闻出版类,新闻传播大类,exact
江苏财会职业学院,历史,江苏财会职业学院01,133201,21,传播与策划,新闻传播类,新闻传播大类,传播与策划,广播影视类,新闻传播大类,exact
江苏财会职业学院,历史,江苏财会职业学院01,133201,22,网络直播与运营,计算机类,电子与信息大类,网络直播与运营,广播影视类,新闻传播大类,exact
江苏财会职业学院,历史,江苏财会职业学院01,133201,23,融媒体技术与运营,其他专业类,其他,融媒体技术与运营,广播影视类,新闻传播大类,exact
江苏财会职业学院,历史,江苏财会职业学院02,133202,24,金融服务与管理(与江苏理工学院分段培养项目),财经商贸类,财经商贸大类,金融服务与管理,金融类,财经商贸大类,exact
江苏财会职业学院,历史,江苏财会职业学院03,133203,25,国际经济与贸易(与徐州工程学院分段培养项目),财经商贸类,财经商贸大类,国际经济与贸易,经济贸易类,财经商贸大类,exact
连云港师范学院,物理,连云港师范学院05,133005,27,机电一体化技术,电气自动化类,装备制造大类,机电一体化技术,自动化类,装备制造大类,exact
连云港师范学院,物理,连云港师范学院05,133005,28,食品营养与健康,食品药品类,食品药品与粮食大类,食品营养与健康,食品类,食品药品与粮食大类,exact
连云港师范学院,物理,连云港师范学院05,133005,29,药品质量与安全,药学类,医药卫生大类,药品质量与安全,药品与医疗器械类,食品药品与粮食大类,exact
连云港师范学院,物理,连云港师范学院05,133005,30,数字媒体技术,计算机类,电子与信息大类,数字媒体技术,计算机类,电子与信息大类,exact
连云港师范学院,物理,连云港师范学院05,133005,31,婴幼儿托育服务与管理,护理医学类,医药卫生大类,婴幼儿托育服务与管理,健康管理与促进类,医药卫生大类,exact
连云港师范学院,物理,连云港师范学院05,133005,32,心理咨询,其他专业类,其他,心理咨询,健康管理与促进类,医药卫生大类,exact
连云港师范学院,物理,连云港师范学院05,133005,33,大数据与会计,财务会计类,财经商贸大类,大数据与会计,财务会计类,财经商贸大类,exact
连云港师范学院,物理,连云港师范学院05,133005,34,电子商务,财经商贸类,财经商贸大类,电子商务,电子商务类,财经商贸大类,exact
连云港师范学院,物理,连云港师范学院05,133005,35,应用英语,教育体育类,教育与体育大类,应用英语,语言类,教育与体育大类,exact
连云港师范学院,物理,连云港师范学院05,133005,36,中文,其他专业类,其他,中文,语言类,教育与体育大类,exact
连云港师范学院,物理,连云港师范学院05,133005,37,青少年工作与管理,其他专业类,其他,青少年工作与管理,公共事业类,公共管理与服务大类,exact
连云港师范学院,物理,连云港师范学院05,133005,38,人力资源管理,公共管理服务类,公共管理与服务大类,人力资源管理,公共管理类,公共管理与服务大类,exact
连云港师范学院,物理,连云港师范学院05,133005,39,智慧健康养老服务与管理,公共管理服务类,公共管理与服务大类,智慧健康养老服务与管理,公共服务类,公共管理与服务大类,exact
江苏农牧科技职业学院,物理,江苏农牧科技职业学院02,143202,35,动物营养与饲料,食品药品类,食品药品与粮食大类,动物营养与饲料,畜牧业类,农林牧渔大类,exact
江苏农牧科技职业学院,物理,江苏农牧科技职业学院02,143202,36,畜牧兽医,农林牧渔类,农林牧渔大类,畜牧兽医,畜牧业类,农林牧渔大类,exact
江苏农牧科技职业学院,物理,江苏农牧科技职业学院02,143202,37,畜禽智能化养殖,其他专业类,其他,畜禽智能化养殖,畜牧业类,农林牧渔大类,exact
江苏农牧科技职业学院,物理,江苏农牧科技职业学院02,143202,38,动物防疫与检疫,其他专业类,其他,动物防疫与检疫,畜牧业类,农林牧渔大类,exact
江苏农牧科技职业学院,物理,江苏农牧科技职业学院02,143202,39,动物医学,农林牧渔类,农林牧渔大类,动物医学,畜牧业类,农林牧渔大类,exact
江苏农牧科技职业学院,物理,江苏农牧科技职业学院02,143202,40,动物药学,药学类,医药卫生大类,动物药学,畜牧业类,农林牧渔大类,exact
江苏农牧科技职业学院,物理,江苏农牧科技职业学院02,143202,41,生物制药技术,生物化工类,生物与化工大类,生物制药技术,药品与医疗器械类,食品药品与粮食大类,exact
江苏农牧科技职业学院,物理,江苏农牧科技职业学院02,143202,42,药品质量与安全,药学类,医药卫生大类,药品质量与安全,药品与医疗器械类,食品药品与粮食大类,exact
江苏农牧科技职业学院,物理,江苏农牧科技职业学院02,143202,43,中药制药,药学类,医药卫生大类,中药制药,中医药类,医药卫生大类,exact
江苏农牧科技职业学院,物理,江苏农牧科技职业学院02,143202,44,食品检验检测技术,食品药品类,食品药品与粮食大类,食品检验检测技术,食品类,食品药品与粮食大类,exact
江苏农牧科技职业学院,物理,江苏农牧科技职业学院02,143202,45,食品药品监督管理,食品药品类,食品药品与粮食大类,食品药品监督管理,药品与医疗器械类,食品药品与粮食大类,exact
江苏农牧科技职业学院,物理,江苏农牧科技职业学院02,143202,46,食品智能加工技术,食品药品类,食品药品与粮食大类,食品智能加工技术,食品类,食品药品与粮食大类,exact
江苏农牧科技职业学院,物理,江苏农牧科技职业学院02,143202,47,宠物养护与驯导,农林牧渔类,农林牧渔大类,宠物养护与驯导,畜牧业类,农林牧渔大类,exact
江苏农牧科技职业学院,物理,江苏农牧科技职业学院02,143202,48,宠物医疗技术,农林牧渔类,农林牧渔大类,宠物医疗技术,畜牧业类,农林牧渔大类,exact
江苏农牧科技职业学院,物理,江苏农牧科技职业学院02,143202,49,水产养殖技术,农林牧渔类,农林牧渔大类,水产养殖技术,渔业类,农林牧渔大类,exact
江苏农牧科技职业学院,物理,江苏农牧科技职业学院02,143202,50,水生动物医学,农林牧渔类,农林牧渔大类,水生动物医学,渔业类,农林牧渔大类,exact
江苏农牧科技职业学院,物理,江苏农牧科技职业学院02,143202,51,海洋渔业技术,其他专业类,其他,海洋渔业技术,渔业类,农林牧渔大类,exact
江苏农牧科技职业学院,物理,江苏农牧科技职业学院02,143202,52,现代农业技术,农林牧渔类,农林牧渔大类,现代农业技术,农业类,农林牧渔大类,exact
江苏农牧科技职业学院,物理,江苏农牧科技职业学院02,143202,53,园林技术,农林牧渔类,农林牧渔大类,园林技术,林业类,农林牧渔大类,exact
江苏农牧科技职业学院,物理,江苏农牧科技职业学院02,143202,54,园艺技术,农林牧渔类,农林牧渔大类,园艺技术,农业类,农林牧渔大类,exact
江苏农牧科技职业学院,物理,江苏农牧科技职业学院02,143202,55,花卉生产与花艺,其他专业类,其他,花卉生产与花艺,林业类,农林牧渔大类,exact
江苏农牧科技职业学院,物理,江苏农牧科技职业学院02,143202,56,大数据与会计,财务会计类,财经商贸大类,大数据与会计,财务会计类,财经商贸大类,exact
江苏农牧科技职业学院,物理,江苏农牧科技职业学院02,143202,57,电子商务,财经商贸类,财经商贸大类,电子商务,电子商务类,财经商贸大类,exact
江苏农牧科技职业学院,物理,江苏农牧科技职业学院02,143202,58,休闲农业经营与管理,农林牧渔类,农林牧渔大类,休闲农业经营与管理,农业类,农林牧渔大类,exact
江苏农牧科技职业学院,物理,江苏农牧科技职业学院02,143202,59,数智营销,其他专业类,其他,数智营销,工商管理类,财经商贸大类,exact
江苏农牧科技职业学院,物理,江苏农牧科技职业学院02,143202,60,计算机网络技术,计算机类,电子与信息大类,计算机网络技术,计算机类,电子与信息大类,exact
江苏农牧科技职业学院,物理,江苏农牧科技职业学院02,143202,61,计算机应用技术,计算机类,电子与信息大类,计算机应用技术,计算机类,电子与信息大类,exact
江苏农牧科技职业学院,物理,江苏农牧科技职业学院02,143202,62,物联网应用技术,计算机类,电子与信息大类,物联网应用技术,电子信息类,电子与信息大类,exact
江苏农牧科技职业学院,物理,江苏农牧科技职业学院02,143202,63,大数据技术,计算机类,电子与信息大类,大数据技术,计算机类,电子与信息大类,exact
江苏农牧科技职业学院,物理,江苏农牧科技职业学院02,143202,64,智能体技术应用,其他专业类,其他,智能体技术应用,计算机类,电子与信息大类,exact
江苏农牧科技职业学院,物理,江苏农牧科技职业学院02,143202,65,机电一体化技术,电气自动化类,装备制造大类,机电一体化技术,自动化类,装备制造大类,exact
江苏农牧科技职业学院,物理,江苏农牧科技职业学院02,143202,66,机械制造及自动化,电气自动化类,装备制造大类,机械制造及自动化,机械设计制造类,装备制造大类,exact
江苏农牧科技职业学院,物理,江苏农牧科技职业学院02,143202,67,现代农业装备应用技术,农林牧渔类,农林牧渔大类,现代农业装备应用技术,农业类,农林牧渔大类,exact
江苏农牧科技职业学院,物理,江苏农牧科技职业学院02,143202,68,智能控制技术,电气自动化类,装备制造大类,智能控制技术,自动化类,装备制造大类,exact
江苏农牧科技职业学院,物理,江苏农牧科技职业学院03,143203,69,食品智能加工技术(与金陵科技学院分段培养项目),食品药品类,食品药品与粮食大类,食品智能加工技术,食品类,食品药品与粮食大类,exact
江苏农牧科技职业学院,物理,江苏农牧科技职业学院04,143204,70,计算机应用技术(与无锡太湖学院分段培养项目),计算机类,电子与信息大类,计算机应用技术,计算机类,电子与信息大类,exact
江苏农牧科技职业学院,物理,江苏农牧科技职业学院05,143205,71,计算机网络技术(与江苏理工学院分段培养项目),计算机类,电子与信息大类,计算机网络技术,计算机类,电子与信息大类,exact
抚州医药学院,历史,抚州医药学院01,258301,01,药品经营与管理(南校区),药学类,医药卫生大类,药品经营与管理,药品与医疗器械类,食品药品与粮食大类,exact
抚州医药学院,历史,抚州医药学院01,258301,02,智慧健康养老服务与管理(南校区),公共管理服务类,公共管理与服务大类,智慧健康养老服务与管理,公共服务类,公共管理与服务大类,exact
甘肃交通职业技术学院,物理,甘肃交通职业技术学院02,722602,03,机电一体化技术,电气自动化类,装备制造大类,机电一体化技术,自动化类,装备制造大类,exact
甘肃交通职业技术学院,物理,甘肃交通职业技术学院02,722602,04,现代通信技术,电子信息类,电子与信息大类,现代通信技术,通信类,电子与信息大类,exact
桂林师范学院,历史,桂林师范学院02,554502,03,电子商务,财经商贸类,财经商贸大类,电子商务,电子商务类,财经商贸大类,exact
桂林师范学院,历史,桂林师范学院02,554502,04,药品生产技术,药学类,医药卫生大类,药品生产技术,药品与医疗器械类,食品药品与粮食大类,exact
桂林师范学院,历史,桂林师范学院02,554502,05,商务英语,教育体育类,教育与体育大类,商务英语,语言类,教育与体育大类,exact
桂林师范学院,历史,桂林师范学院02,554502,06,机电一体化技术,电气自动化类,装备制造大类,机电一体化技术,自动化类,装备制造大类,exact
上海邦德职业技术学院,物理,上海邦德职业技术学院02,802602,04,大数据与会计,财务会计类,财经商贸大类,大数据与会计,财务会计类,财经商贸大类,exact
上海邦德职业技术学院,物理,上海邦德职业技术学院02,802602,05,电子商务,财经商贸类,财经商贸大类,电子商务,电子商务类,财经商贸大类,exact
上海邦德职业技术学院,物理,上海邦德职业技术学院02,802602,06,计算机应用技术,计算机类,电子与信息大类,计算机应用技术,计算机类,电子与信息大类,exact
上海邦德职业技术学院,物理,上海邦德职业技术学院02,802602,07,数字媒体技术,计算机类,电子与信息大类,数字媒体技术,计算机类,电子与信息大类,exact
上海邦德职业技术学院,物理,上海邦德职业技术学院02,802602,08,汽车智能技术,汽车制造类,装备制造大类,汽车智能技术,电子信息类,电子与信息大类,exact
河南工业贸易职业学院,物理,河南工业贸易职业学院02,516502,02,大数据与财务管理,财务会计类,财经商贸大类,大数据与财务管理,财务会计类,财经商贸大类,exact
盐城幼儿师范高等专科学校,历史,盐城幼儿师范高等专科学校01,137201,01,商务英语(与江苏理工学院分段培养项目),教育体育类,教育与体育大类,商务英语,语言类,教育与体育大类,exact
盐城幼儿师范高等专科学校,历史,盐城幼儿师范高等专科学校02,137202,02,旅游管理(与江苏理工学院分段培养项目),旅游餐饮类,旅游大类,旅游管理,旅游类,旅游大类,exact
盐城幼儿师范高等专科学校,历史,盐城幼儿师范高等专科学校03,137203,03,"美术教育(与盐城师范学院分段培养项目)(师范)(报考该专业有色觉要求,具体请查阅院校招生章程)",文化艺术类,文化艺术大类,美术教育,教育类,教育与体育大类,exact
盐城幼儿师范高等专科学校,历史,盐城幼儿师范高等专科学校04,137204,04,"学前教育(师范)(报考该专业有色觉要求,具体请查阅院校招生章程)",教育体育类,教育与体育大类,学前教育,教育类,教育与体育大类,exact
盐城幼儿师范高等专科学校,历史,盐城幼儿师范高等专科学校04,137204,05,"特殊教育(师范)(报考该专业有色觉要求,具体请查阅院校招生章程)",其他专业类,其他,特殊教育,教育类,教育与体育大类,exact
盐城幼儿师范高等专科学校,历史,盐城幼儿师范高等专科学校04,137204,06,"美术教育(师范)(报考该专业有色觉要求,具体请查阅院校招生章程)",文化艺术类,文化艺术大类,美术教育,教育类,教育与体育大类,exact
盐城幼儿师范高等专科学校,历史,盐城幼儿师范高等专科学校04,137204,07,早期教育(师范),教育体育类,教育与体育大类,早期教育,教育类,教育与体育大类,exact
盐城幼儿师范高等专科学校,历史,盐城幼儿师范高等专科学校04,137204,08,音乐教育(师范),文化艺术类,文化艺术大类,音乐教育,教育类,教育与体育大类,exact
盐城幼儿师范高等专科学校,历史,盐城幼儿师范高等专科学校05,137205,09,智慧健康养老服务与管理,公共管理服务类,公共管理与服务大类,智慧健康养老服务与管理,公共服务类,公共管理与服务大类,exact
盐城幼儿师范高等专科学校,历史,盐城幼儿师范高等专科学校05,137205,10,婴幼儿托育服务与管理,护理医学类,医药卫生大类,婴幼儿托育服务与管理,健康管理与促进类,医药卫生大类,exact
盐城幼儿师范高等专科学校,历史,盐城幼儿师范高等专科学校05,137205,11,现代家政服务与管理,公共管理服务类,公共管理与服务大类,现代家政服务与管理,公共服务类,公共管理与服务大类,exact
盐城幼儿师范高等专科学校,历史,盐城幼儿师范高等专科学校05,137205,12,酒店管理与数字化运营,旅游餐饮类,旅游大类,酒店管理与数字化运营,旅游类,旅游大类,exact
盐城幼儿师范高等专科学校,历史,盐城幼儿师范高等专科学校05,137205,13,旅游管理,旅游餐饮类,旅游大类,旅游管理,旅游类,旅游大类,exact
盐城幼儿师范高等专科学校,历史,盐城幼儿师范高等专科学校05,137205,14,智慧旅游技术应用,旅游餐饮类,旅游大类,智慧旅游技术应用,旅游类,旅游大类,exact
盐城幼儿师范高等专科学校,历史,盐城幼儿师范高等专科学校05,137205,15,研学旅行管理与服务,其他专业类,其他,研学旅行管理与服务,旅游类,旅游大类,exact
盐城幼儿师范高等专科学校,历史,盐城幼儿师范高等专科学校05,137205,16,商务英语,教育体育类,教育与体育大类,商务英语,语言类,教育与体育大类,exact
盐城幼儿师范高等专科学校,历史,盐城幼儿师范高等专科学校05,137205,17,应用韩语,其他专业类,其他,应用韩语,语言类,教育与体育大类,exact
盐城幼儿师范高等专科学校,历史,盐城幼儿师范高等专科学校05,137205,18,现代文秘,公共管理服务类,公共管理与服务大类,现代文秘,文秘类,公共管理与服务大类,exact
盐城幼儿师范高等专科学校,历史,盐城幼儿师范高等专科学校06,137206,19,无人机应用技术,航空运输类,交通运输大类,无人机应用技术,航空装备类,装备制造大类,exact
盐城幼儿师范高等专科学校,历史,盐城幼儿师范高等专科学校06,137206,20,智能产品开发与应用,电子信息类,电子与信息大类,智能产品开发与应用,电子信息类,电子与信息大类,exact
盐城幼儿师范高等专科学校,历史,盐城幼儿师范高等专科学校06,137206,21,大数据技术,计算机类,电子与信息大类,大数据技术,计算机类,电子与信息大类,exact
盐城幼儿师范高等专科学校,历史,盐城幼儿师范高等专科学校06,137206,22,移动应用开发,其他专业类,其他,移动应用开发,计算机类,电子与信息大类,exact
盐城幼儿师范高等专科学校,历史,盐城幼儿师范高等专科学校06,137206,23,人工智能技术应用,计算机类,电子与信息大类,人工智能技术应用,计算机类,电子与信息大类,exact
盐城幼儿师范高等专科学校,历史,盐城幼儿师范高等专科学校06,137206,24,信息安全技术应用,计算机类,电子与信息大类,信息安全技术应用,计算机类,电子与信息大类,exact
盐城幼儿师范高等专科学校,历史,盐城幼儿师范高等专科学校06,137206,25,工程造价,土木建筑类,土木建筑大类,工程造价,建设工程管理类,土木建筑大类,exact
盐城幼儿师范高等专科学校,历史,盐城幼儿师范高等专科学校06,137206,26,建筑装饰工程技术,土木建筑类,土木建筑大类,建筑装饰工程技术,建筑设计类,土木建筑大类,exact
盐城幼儿师范高等专科学校,历史,盐城幼儿师范高等专科学校06,137206,27,建筑工程技术,土木建筑类,土木建筑大类,建筑工程技术,土建施工类,土木建筑大类,exact
盐城幼儿师范高等专科学校,历史,盐城幼儿师范高等专科学校06,137206,28,市政工程技术,土木建筑类,土木建筑大类,市政工程技术,市政工程类,土木建筑大类,exact
盐城幼儿师范高等专科学校,历史,盐城幼儿师范高等专科学校06,137206,29,建设工程监理,土木建筑类,土木建筑大类,建设工程监理,建设工程管理类,土木建筑大类,exact
盐城幼儿师范高等专科学校,历史,盐城幼儿师范高等专科学校06,137206,30,智能建造技术,其他专业类,其他,智能建造技术,土建施工类,土木建筑大类,exact
盐城幼儿师范高等专科学校,历史,盐城幼儿师范高等专科学校06,137206,31,跨境电子商务,财经商贸类,财经商贸大类,跨境电子商务,电子商务类,财经商贸大类,exact
盐城幼儿师范高等专科学校,历史,盐城幼儿师范高等专科学校06,137206,32,供应链运营,其他专业类,其他,供应链运营,物流类,财经商贸大类,exact
长春金融高等专科学校,历史,长春金融高等专科学校01,422101,01,金融服务与管理,财经商贸类,财经商贸大类,金融服务与管理,金融类,财经商贸大类,exact
长春金融高等专科学校,历史,长春金融高等专科学校01,422101,02,国际金融,财经商贸类,财经商贸大类,国际金融,金融类,财经商贸大类,exact
长春金融高等专科学校,历史,长春金融高等专科学校01,422101,03,大数据与会计,财务会计类,财经商贸大类,大数据与会计,财务会计类,财经商贸大类,exact
长春金融高等专科学校,历史,长春金融高等专科学校01,422101,04,证券实务,其他专业类,其他,证券实务,金融类,财经商贸大类,exact
长春金融高等专科学校,历史,长春金融高等专科学校01,422101,05,现代物流管理,财经商贸类,财经商贸大类,现代物流管理,物流类,财经商贸大类,exact
长春金融高等专科学校,历史,长春金融高等专科学校01,422101,06,电子商务,财经商贸类,财经商贸大类,电子商务,电子商务类,财经商贸大类,exact
河北能源职业技术学院,历史,河北能源职业技术学院01,332401,01,大数据与会计,财务会计类,财经商贸大类,大数据与会计,财务会计类,财经商贸大类,exact
厦门南洋职业学院,物理,厦门南洋职业学院01,815401,01,无人机应用技术,航空运输类,交通运输大类,无人机应用技术,航空装备类,装备制造大类,exact
长春医学高等专科学校,历史,长春医学高等专科学校01,428601,01,"药物制剂技术(东方广场校区)(报考该专业有色觉要求,具体请查阅院校招生章程)",其他专业类,其他,药物制剂技术,药品与医疗器械类,食品药品与粮食大类,exact
安徽矿业职业技术学院,物理,安徽矿业职业技术学院02,810602,03,机电一体化技术,电气自动化类,装备制造大类,机电一体化技术,自动化类,装备制造大类,exact
安徽矿业职业技术学院,物理,安徽矿业职业技术学院02,810602,04,新能源汽车技术,汽车制造类,装备制造大类,新能源汽车技术,汽车制造类,装备制造大类,exact
广西机电职业技术学院,物理,广西机电职业技术学院02,552602,03,理化测试与质检技术(相思湖校区),机械设计制造类,装备制造大类,理化测试与质检技术,机械设计制造类,装备制造大类,exact
广西机电职业技术学院,物理,广西机电职业技术学院02,552602,04,汽车检测与维修技术(动力电池技术与管理方向)(江南校区),汽车制造类,装备制造大类,汽车检测与维修技术,道路运输类,交通运输大类,exact
广西机电职业技术学院,物理,广西机电职业技术学院03,552603,05,工业机器人技术(相思湖校区),电气自动化类,装备制造大类,工业机器人技术,自动化类,装备制造大类,exact
广西机电职业技术学院,物理,广西机电职业技术学院03,552603,06,智能产品开发与应用(江南校区),电子信息类,电子与信息大类,智能产品开发与应用,电子信息类,电子与信息大类,exact
河南职业技术学院,历史,河南职业技术学院01,511501,01,食品检验检测技术,食品药品类,食品药品与粮食大类,食品检验检测技术,食品类,食品药品与粮食大类,exact
张家界航空工业职业技术学院,历史,张家界航空工业职业技术学院01,535601,01,机电一体化技术,电气自动化类,装备制造大类,机电一体化技术,自动化类,装备制造大类,exact
张家界航空工业职业技术学院,历史,张家界航空工业职业技术学院01,535601,02,空中乘务,航空运输类,交通运输大类,空中乘务,航空运输类,交通运输大类,exact
无锡师范高等专科学校,历史,无锡师范高等专科学校01,121701,01,学前教育(师范),教育体育类,教育与体育大类,学前教育,教育类,教育与体育大类,exact
无锡师范高等专科学校,历史,无锡师范高等专科学校01,121701,02,婴幼儿托育服务与管理,护理医学类,医药卫生大类,婴幼儿托育服务与管理,健康管理与促进类,医药卫生大类,exact
无锡师范高等专科学校,历史,无锡师范高等专科学校01,121701,03,智慧健康养老服务与管理,公共管理服务类,公共管理与服务大类,智慧健康养老服务与管理,公共服务类,公共管理与服务大类,exact
无锡师范高等专科学校,历史,无锡师范高等专科学校01,121701,04,音乐教育(师范),文化艺术类,文化艺术大类,音乐教育,教育类,教育与体育大类,exact
无锡师范高等专科学校,历史,无锡师范高等专科学校01,121701,05,美术教育(师范),文化艺术类,文化艺术大类,美术教育,教育类,教育与体育大类,exact
无锡师范高等专科学校,历史,无锡师范高等专科学校01,121701,06,商务英语,教育体育类,教育与体育大类,商务英语,语言类,教育与体育大类,exact
无锡师范高等专科学校,历史,无锡师范高等专科学校01,121701,07,跨境电子商务,财经商贸类,财经商贸大类,跨境电子商务,电子商务类,财经商贸大类,exact
无锡师范高等专科学校,历史,无锡师范高等专科学校01,121701,08,研学旅行管理与服务,其他专业类,其他,研学旅行管理与服务,旅游类,旅游大类,exact
无锡师范高等专科学校,历史,无锡师范高等专科学校01,121701,09,数字媒体技术,计算机类,电子与信息大类,数字媒体技术,计算机类,电子与信息大类,exact
无锡师范高等专科学校,历史,无锡师范高等专科学校02,121702,10,音乐教育(与南京特殊教育师范学院分段培养项目)(师范),文化艺术类,文化艺术大类,音乐教育,教育类,教育与体育大类,exact
无锡师范高等专科学校,历史,无锡师范高等专科学校02,121702,11,"美术教育(与南京特殊教育师范学院分段培养项目)(师范)(报考该专业有色觉要求,具体请查阅院校招生章程)",文化艺术类,文化艺术大类,美术教育,教育类,教育与体育大类,exact
廊坊职业技术学院,物理,廊坊职业技术学院01,335501,01,工业机器人技术,电气自动化类,装备制造大类,工业机器人技术,自动化类,装备制造大类,exact
大连东软信息学院,物理,大连东软信息学院04,841604,11,计算机应用技术(软件园校区),计算机类,电子与信息大类,计算机应用技术,计算机类,电子与信息大类,exact
大连东软信息学院,物理,大连东软信息学院04,841604,12,软件技术(软件园校区),计算机类,电子与信息大类,软件技术,计算机类,电子与信息大类,exact
陕西航空职业技术学院,历史,陕西航空职业技术学院01,712801,01,机械制造及自动化,电气自动化类,装备制造大类,机械制造及自动化,机械设计制造类,装备制造大类,exact
陕西航空职业技术学院,历史,陕西航空职业技术学院01,712801,02,增材制造技术,机械设计制造类,装备制造大类,增材制造技术,机械设计制造类,装备制造大类,exact
陕西航空职业技术学院,历史,陕西航空职业技术学院01,712801,03,工业过程自动化技术,电气自动化类,装备制造大类,工业过程自动化技术,自动化类,装备制造大类,exact
陕西航空职业技术学院,历史,陕西航空职业技术学院01,712801,04,飞机机载设备装配调试技术,航空运输类,交通运输大类,飞机机载设备装配调试技术,航空装备类,装备制造大类,exact
天津商务职业学院,物理,天津商务职业学院03,322003,06,跨境电子商务,财经商贸类,财经商贸大类,跨境电子商务,电子商务类,财经商贸大类,exact
天津商务职业学院,物理,天津商务职业学院03,322003,07,关务与外贸服务,财经商贸类,财经商贸大类,关务与外贸服务,经济贸易类,财经商贸大类,exact
天津商务职业学院,物理,天津商务职业学院03,322003,08,商务英语(只招英语考生),教育体育类,教育与体育大类,商务英语,语言类,教育与体育大类,exact
天津商务职业学院,物理,天津商务职业学院03,322003,09,市场营销,财经商贸类,财经商贸大类,市场营销,工商管理类,财经商贸大类,exact
天津商务职业学院,物理,天津商务职业学院03,322003,10,大数据与会计,财务会计类,财经商贸大类,大数据与会计,财务会计类,财经商贸大类,exact
天津商务职业学院,物理,天津商务职业学院03,322003,11,国际金融,财经商贸类,财经商贸大类,国际金融,金融类,财经商贸大类,exact
天津商务职业学院,物理,天津商务职业学院03,322003,12,保险实务,其他专业类,其他,保险实务,金融类,财经商贸大类,exact
天津商务职业学院,物理,天津商务职业学院03,322003,13,金融科技应用,财经商贸类,财经商贸大类,金融科技应用,金融类,财经商贸大类,exact
天津商务职业学院,物理,天津商务职业学院04,322004,14,旅游管理(中外合作办学)(海河教育园校区),旅游餐饮类,旅游大类,旅游管理,旅游类,旅游大类,exact
江苏旅游职业学院,物理,江苏旅游职业学院04,139404,19,大数据与财务管理(与江苏第二师范学院分段培养项目),财务会计类,财经商贸大类,大数据与财务管理,财务会计类,财经商贸大类,exact
江苏旅游职业学院,物理,江苏旅游职业学院05,139405,20,旅游管理(与盐城工学院分段培养项目),旅游餐饮类,旅游大类,旅游管理,旅游类,旅游大类,exact
江苏旅游职业学院,物理,江苏旅游职业学院06,139406,21,电子商务(与宿迁学院分段培养项目),财经商贸类,财经商贸大类,电子商务,电子商务类,财经商贸大类,exact
江苏旅游职业学院,物理,江苏旅游职业学院07,139407,22,高速铁路客运服务,铁道运输类,交通运输大类,高速铁路客运服务,铁道运输类,交通运输大类,exact
江苏旅游职业学院,物理,江苏旅游职业学院07,139407,23,电子信息工程技术,电子信息类,电子与信息大类,电子信息工程技术,电子信息类,电子与信息大类,exact
江苏旅游职业学院,物理,江苏旅游职业学院07,139407,24,物联网应用技术,计算机类,电子与信息大类,物联网应用技术,电子信息类,电子与信息大类,exact
江苏旅游职业学院,物理,江苏旅游职业学院07,139407,25,计算机网络技术,计算机类,电子与信息大类,计算机网络技术,计算机类,电子与信息大类,exact
江苏旅游职业学院,物理,江苏旅游职业学院07,139407,26,数字媒体技术,计算机类,电子与信息大类,数字媒体技术,计算机类,电子与信息大类,exact
江苏旅游职业学院,物理,江苏旅游职业学院07,139407,27,金融服务与管理,财经商贸类,财经商贸大类,金融服务与管理,金融类,财经商贸大类,exact
江苏旅游职业学院,物理,江苏旅游职业学院07,139407,28,大数据与会计,财务会计类,财经商贸大类,大数据与会计,财务会计类,财经商贸大类,exact
江苏旅游职业学院,物理,江苏旅游职业学院07,139407,29,电子商务,财经商贸类,财经商贸大类,电子商务,电子商务类,财经商贸大类,exact
江苏旅游职业学院,物理,江苏旅游职业学院07,139407,30,现代物流管理,财经商贸类,财经商贸大类,现代物流管理,物流类,财经商贸大类,exact
江苏旅游职业学院,物理,江苏旅游职业学院07,139407,31,旅游管理,旅游餐饮类,旅游大类,旅游管理,旅游类,旅游大类,exact
江苏旅游职业学院,物理,江苏旅游职业学院07,139407,32,导游,旅游餐饮类,旅游大类,导游,旅游类,旅游大类,exact
江苏旅游职业学院,物理,江苏旅游职业学院07,139407,33,酒店管理与数字化运营,旅游餐饮类,旅游大类,酒店管理与数字化运营,旅游类,旅游大类,exact
江苏旅游职业学院,物理,江苏旅游职业学院07,139407,34,智慧旅游技术应用,旅游餐饮类,旅游大类,智慧旅游技术应用,旅游类,旅游大类,exact
江苏旅游职业学院,物理,江苏旅游职业学院07,139407,35,餐饮智能管理,旅游餐饮类,旅游大类,餐饮智能管理,餐饮类,旅游大类,exact
江苏旅游职业学院,物理,江苏旅游职业学院07,139407,36,"烹饪工艺与营养(报考该专业有色觉要求,具体请查阅院校招生章程)",食品药品类,食品药品与粮食大类,烹饪工艺与营养,餐饮类,旅游大类,exact
江苏旅游职业学院,物理,江苏旅游职业学院07,139407,37,"中西面点工艺(报考该专业有色觉要求,具体请查阅院校招生章程)",其他专业类,其他,中西面点工艺,餐饮类,旅游大类,exact
江苏旅游职业学院,物理,江苏旅游职业学院07,139407,38,"西式烹饪工艺(报考该专业有色觉要求,具体请查阅院校招生章程)",食品药品类,食品药品与粮食大类,西式烹饪工艺,餐饮类,旅游大类,exact
江苏旅游职业学院,物理,江苏旅游职业学院07,139407,39,融媒体技术与运营,其他专业类,其他,融媒体技术与运营,广播影视类,新闻传播大类,exact
江苏旅游职业学院,物理,江苏旅游职业学院07,139407,40,商务英语,教育体育类,教育与体育大类,商务英语,语言类,教育与体育大类,exact
江苏航运职业技术学院,物理,江苏航运职业技术学院08,131108,35,"船舶电子电气技术(报考该专业有色觉要求,具体请查阅院校招生章程)",航海运输类,交通运输大类,船舶电子电气技术,水上运输类,交通运输大类,exact
江苏航运职业技术学院,物理,江苏航运职业技术学院08,131108,36,水路运输安全管理,航海运输类,交通运输大类,水路运输安全管理,水上运输类,交通运输大类,exact
江苏航运职业技术学院,物理,江苏航运职业技术学院08,131108,37,船舶动力工程技术,航海运输类,交通运输大类,船舶动力工程技术,船舶与海洋工程装备类,装备制造大类,exact
江苏航运职业技术学院,物理,江苏航运职业技术学院08,131108,38,船舶工程技术,航海运输类,交通运输大类,船舶工程技术,船舶与海洋工程装备类,装备制造大类,exact
江苏航运职业技术学院,物理,江苏航运职业技术学院08,131108,39,海洋工程装备技术,其他专业类,其他,海洋工程装备技术,船舶与海洋工程装备类,装备制造大类,exact
江苏航运职业技术学院,物理,江苏航运职业技术学院08,131108,40,港口与航道工程技术,航海运输类,交通运输大类,港口与航道工程技术,水上运输类,交通运输大类,exact
江苏航运职业技术学院,物理,江苏航运职业技术学院08,131108,41,港口与航运管理,航海运输类,交通运输大类,港口与航运管理,水上运输类,交通运输大类,exact
江苏航运职业技术学院,物理,江苏航运职业技术学院08,131108,42,关务与外贸服务,财经商贸类,财经商贸大类,关务与外贸服务,经济贸易类,财经商贸大类,exact
江苏航运职业技术学院,物理,江苏航运职业技术学院08,131108,43,大数据与会计,财务会计类,财经商贸大类,大数据与会计,财务会计类,财经商贸大类,exact
江苏航运职业技术学院,物理,江苏航运职业技术学院08,131108,44,现代物流管理,财经商贸类,财经商贸大类,现代物流管理,物流类,财经商贸大类,exact
江苏航运职业技术学院,物理,江苏航运职业技术学院08,131108,45,电子商务,财经商贸类,财经商贸大类,电子商务,电子商务类,财经商贸大类,exact
江苏航运职业技术学院,物理,江苏航运职业技术学院08,131108,46,港口机械与智能控制,航海运输类,交通运输大类,港口机械与智能控制,水上运输类,交通运输大类,exact
江苏航运职业技术学院,物理,江苏航运职业技术学院08,131108,47,新能源汽车检测与维修技术,汽车制造类,装备制造大类,新能源汽车检测与维修技术,道路运输类,交通运输大类,exact
江苏航运职业技术学院,物理,江苏航运职业技术学院08,131108,48,城市轨道车辆应用技术,铁道运输类,交通运输大类,城市轨道车辆应用技术,城市轨道交通类,交通运输大类,exact
江苏航运职业技术学院,物理,江苏航运职业技术学院08,131108,49,城市轨道交通通信信号技术,铁道运输类,交通运输大类,城市轨道交通通信信号技术,城市轨道交通类,交通运输大类,exact
江苏航运职业技术学院,物理,江苏航运职业技术学院08,131108,50,机电一体化技术,电气自动化类,装备制造大类,机电一体化技术,自动化类,装备制造大类,exact
江苏航运职业技术学院,物理,江苏航运职业技术学院08,131108,51,工业机器人技术,电气自动化类,装备制造大类,工业机器人技术,自动化类,装备制造大类,exact
江苏航运职业技术学院,物理,江苏航运职业技术学院08,131108,52,智能制造装备技术,电气自动化类,装备制造大类,智能制造装备技术,机电设备类,装备制造大类,exact
江苏航运职业技术学院,物理,江苏航运职业技术学院08,131108,53,无人机应用技术,航空运输类,交通运输大类,无人机应用技术,航空装备类,装备制造大类,exact
江苏航运职业技术学院,物理,江苏航运职业技术学院08,131108,54,飞机机电设备维修,航空运输类,交通运输大类,飞机机电设备维修,航空运输类,交通运输大类,exact
江苏航运职业技术学院,物理,江苏航运职业技术学院08,131108,55,计算机网络技术,计算机类,电子与信息大类,计算机网络技术,计算机类,电子与信息大类,exact
江苏航运职业技术学院,物理,江苏航运职业技术学院08,131108,56,大数据技术,计算机类,电子与信息大类,大数据技术,计算机类,电子与信息大类,exact
江苏航运职业技术学院,物理,江苏航运职业技术学院08,131108,57,国际邮轮乘务管理,其他专业类,其他,国际邮轮乘务管理,水上运输类,交通运输大类,exact
江苏航运职业技术学院,物理,江苏航运职业技术学院08,131108,58,高速铁路客运服务,铁道运输类,交通运输大类,高速铁路客运服务,铁道运输类,交通运输大类,exact
江苏航运职业技术学院,物理,江苏航运职业技术学院09,131109,59,船舶工程技术(与南通理工学院分段培养项目),航海运输类,交通运输大类,船舶工程技术,船舶与海洋工程装备类,装备制造大类,exact
江苏航运职业技术学院,物理,江苏航运职业技术学院10,131110,60,港口与航道工程技术(与南通理工学院分段培养项目),航海运输类,交通运输大类,港口与航道工程技术,水上运输类,交通运输大类,exact
江苏航运职业技术学院,物理,江苏航运职业技术学院11,131111,61,智能焊接技术(与南京工业职业技术大学分段培养项目),机械设计制造类,装备制造大类,智能焊接技术,机械设计制造类,装备制造大类,exact
江苏航运职业技术学院,物理,江苏航运职业技术学院12,131112,62,港口与航运管理(与南京工业职业技术大学分段培养项目),航海运输类,交通运输大类,港口与航运管理,水上运输类,交通运输大类,exact
江苏航运职业技术学院,物理,江苏航运职业技术学院13,131113,63,新能源汽车检测与维修技术(与南京工业职业技术大学分段培养项目),汽车制造类,装备制造大类,新能源汽车检测与维修技术,道路运输类,交通运输大类,exact
江苏航运职业技术学院,物理,江苏航运职业技术学院14,131114,64,机电一体化技术(与南京工业职业技术大学分段培养项目),电气自动化类,装备制造大类,机电一体化技术,自动化类,装备制造大类,exact
江苏安全技术职业学院,物理,江苏安全技术职业学院04,123404,28,工程安全评价与监理(云龙校区),资源环境安全类,资源环境与安全大类,工程安全评价与监理,安全类,资源环境与安全大类,exact
江苏安全技术职业学院,物理,江苏安全技术职业学院04,123404,29,建筑消防技术(云龙校区),土木建筑类,土木建筑大类,建筑消防技术,建筑设备类,土木建筑大类,exact
江苏安全技术职业学院,物理,江苏安全技术职业学院04,123404,30,无人机应用技术(云龙校区),航空运输类,交通运输大类,无人机应用技术,航空装备类,装备制造大类,exact
江苏安全技术职业学院,物理,江苏安全技术职业学院04,123404,31,城市轨道交通机电技术(云龙校区),铁道运输类,交通运输大类,城市轨道交通机电技术,城市轨道交通类,交通运输大类,exact
江苏安全技术职业学院,物理,江苏安全技术职业学院04,123404,32,电力储能应用技术(云龙校区),能源动力与材料类,能源动力与材料大类,电力储能应用技术,电力技术类,能源动力与材料大类,exact
江苏安全技术职业学院,物理,江苏安全技术职业学院04,123404,33,汽车检测与维修技术,汽车制造类,装备制造大类,汽车检测与维修技术,道路运输类,交通运输大类,exact
江苏安全技术职业学院,物理,江苏安全技术职业学院04,123404,34,新能源汽车技术(云龙校区),汽车制造类,装备制造大类,新能源汽车技术,汽车制造类,装备制造大类,exact
江苏安全技术职业学院,物理,江苏安全技术职业学院04,123404,35,新能源汽车检测与维修技术(云龙校区),汽车制造类,装备制造大类,新能源汽车检测与维修技术,道路运输类,交通运输大类,exact
江苏安全技术职业学院,物理,江苏安全技术职业学院04,123404,36,智能网联汽车技术(云龙校区),汽车制造类,装备制造大类,智能网联汽车技术,汽车制造类,装备制造大类,exact
江苏安全技术职业学院,物理,江苏安全技术职业学院04,123404,37,开源技术应用,其他专业类,其他,开源技术应用,计算机类,电子与信息大类,exact
江苏安全技术职业学院,物理,江苏安全技术职业学院04,123404,38,人工智能技术应用,计算机类,电子与信息大类,人工智能技术应用,计算机类,电子与信息大类,exact
江苏安全技术职业学院,物理,江苏安全技术职业学院04,123404,39,数字媒体技术,计算机类,电子与信息大类,数字媒体技术,计算机类,电子与信息大类,exact
江苏安全技术职业学院,物理,江苏安全技术职业学院04,123404,40,信息安全技术应用,计算机类,电子与信息大类,信息安全技术应用,计算机类,电子与信息大类,exact
江苏安全技术职业学院,物理,江苏安全技术职业学院04,123404,41,安全智能监测技术,资源环境安全类,资源环境与安全大类,安全智能监测技术,安全类,资源环境与安全大类,exact
江苏安全技术职业学院,物理,江苏安全技术职业学院04,123404,42,材料成型及控制技术,机械设计制造类,装备制造大类,材料成型及控制技术,机械设计制造类,装备制造大类,exact
江苏安全技术职业学院,物理,江苏安全技术职业学院04,123404,43,电梯工程技术,电气自动化类,装备制造大类,电梯工程技术,机电设备类,装备制造大类,exact
江苏安全技术职业学院,物理,江苏安全技术职业学院04,123404,44,工业机器人技术,电气自动化类,装备制造大类,工业机器人技术,自动化类,装备制造大类,exact
江苏安全技术职业学院,物理,江苏安全技术职业学院04,123404,45,机电一体化技术,电气自动化类,装备制造大类,机电一体化技术,自动化类,装备制造大类,exact
江苏安全技术职业学院,物理,江苏安全技术职业学院04,123404,46,机械制造及自动化,电气自动化类,装备制造大类,机械制造及自动化,机械设计制造类,装备制造大类,exact
江苏安全技术职业学院,物理,江苏安全技术职业学院04,123404,47,数控技术,机械设计制造类,装备制造大类,数控技术,机械设计制造类,装备制造大类,exact
江苏安全技术职业学院,物理,江苏安全技术职业学院04,123404,48,智能安防运营管理,其他专业类,其他,智能安防运营管理,安全防范类,公安与司法大类,exact
江苏安全技术职业学院,物理,江苏安全技术职业学院04,123404,49,智能机电技术,其他专业类,其他,智能机电技术,自动化类,装备制造大类,exact
江苏安全技术职业学院,物理,江苏安全技术职业学院04,123404,50,智能制造装备技术,电气自动化类,装备制造大类,智能制造装备技术,机电设备类,装备制造大类,exact
江苏安全技术职业学院,物理,江苏安全技术职业学院04,123404,51,电子商务(云龙校区),财经商贸类,财经商贸大类,电子商务,电子商务类,财经商贸大类,exact
江苏安全技术职业学院,物理,江苏安全技术职业学院04,123404,52,网络营销与直播电商,计算机类,电子与信息大类,网络营销与直播电商,电子商务类,财经商贸大类,exact
江苏安全技术职业学院,物理,江苏安全技术职业学院05,123405,53,"安全技术与管理(与南通理工学院分段培养项目)(云龙校区)(报考该专业有色觉要求,具体请查阅院校招生章程)",资源环境安全类,资源环境与安全大类,安全技术与管理,安全类,资源环境与安全大类,exact
江苏安全技术职业学院,物理,江苏安全技术职业学院06,123406,54,"安全智能监测技术(与徐州工程学院分段培养项目)(贾汪校区)(报考该专业有色觉要求,具体请查阅院校招生章程)",资源环境安全类,资源环境与安全大类,安全智能监测技术,安全类,资源环境与安全大类,exact
江苏安全技术职业学院,物理,江苏安全技术职业学院07,123407,55,"应急救援技术(与盐城工学院分段培养项目)(云龙校区)(报考该专业有色觉要求,具体请查阅院校招生章程)",资源环境安全类,资源环境与安全大类,应急救援技术,安全类,资源环境与安全大类,exact
江苏安全技术职业学院,物理,江苏安全技术职业学院08,123408,56,新能源汽车检测与维修技术(与江苏理工学院分段培养项目)(云龙校区),汽车制造类,装备制造大类,新能源汽车检测与维修技术,道路运输类,交通运输大类,exact
江苏安全技术职业学院,物理,江苏安全技术职业学院09,123409,57,机电一体化技术(与徐州工程学院分段培养项目)(贾汪校区),电气自动化类,装备制造大类,机电一体化技术,自动化类,装备制造大类,exact
江苏安全技术职业学院,物理,江苏安全技术职业学院10,123410,58,电子商务(与徐州工程学院分段培养项目)(云龙校区),财经商贸类,财经商贸大类,电子商务,电子商务类,财经商贸大类,exact
湖北水利水电职业技术学院,物理,湖北水利水电职业技术学院02,523702,04,光伏工程技术,能源动力与材料类,能源动力与材料大类,光伏工程技术,新能源发电工程类,能源动力与材料大类,exact
湖北水利水电职业技术学院,物理,湖北水利水电职业技术学院02,523702,05,水利水电建筑工程,土木建筑类,土木建筑大类,水利水电建筑工程,水利工程与管理类,水利大类,exact
湖北水利水电职业技术学院,物理,湖北水利水电职业技术学院02,523702,06,大数据技术,计算机类,电子与信息大类,大数据技术,计算机类,电子与信息大类,exact
上海工商职业技术学院,历史,上海工商职业技术学院01,801801,01,机电一体化技术,电气自动化类,装备制造大类,机电一体化技术,自动化类,装备制造大类,exact
上海工商职业技术学院,历史,上海工商职业技术学院01,801801,02,新能源汽车技术,汽车制造类,装备制造大类,新能源汽车技术,汽车制造类,装备制造大类,exact
上海工商职业技术学院,历史,上海工商职业技术学院01,801801,03,智能网联汽车技术,汽车制造类,装备制造大类,智能网联汽车技术,汽车制造类,装备制造大类,exact
上海工商职业技术学院,历史,上海工商职业技术学院01,801801,04,计算机应用技术,计算机类,电子与信息大类,计算机应用技术,计算机类,电子与信息大类,exact
上海工商职业技术学院,历史,上海工商职业技术学院01,801801,05,计算机网络技术,计算机类,电子与信息大类,计算机网络技术,计算机类,电子与信息大类,exact
上海工商职业技术学院,历史,上海工商职业技术学院01,801801,06,"生物制药技术(报考该专业有色觉要求,具体请查阅院校招生章程)",生物化工类,生物与化工大类,生物制药技术,药品与医疗器械类,食品药品与粮食大类,exact
上海工商职业技术学院,历史,上海工商职业技术学院01,801801,07,"宝玉石鉴定与加工(报考该专业有色觉要求,具体请查阅院校招生章程)",资源环境安全类,资源环境与安全大类,宝玉石鉴定与加工,资源勘查类,资源环境与安全大类,exact
上海工商职业技术学院,历史,上海工商职业技术学院01,801801,08,大数据与会计(青浦校区),财务会计类,财经商贸大类,大数据与会计,财务会计类,财经商贸大类,exact
上海工商职业技术学院,历史,上海工商职业技术学院01,801801,09,会展策划与管理(青浦校区),旅游餐饮类,旅游大类,会展策划与管理,旅游类,旅游大类,exact
上海工商职业技术学院,历史,上海工商职业技术学院02,801802,10,酒店管理与数字化运营(中外合作办学)(青浦校区),旅游餐饮类,旅游大类,酒店管理与数字化运营,旅游类,旅游大类,exact
上海工商职业技术学院,历史,上海工商职业技术学院02,801802,11,餐饮智能管理(中外合作办学)(青浦校区),旅游餐饮类,旅游大类,餐饮智能管理,餐饮类,旅游大类,exact
资阳口腔职业学院,物理,资阳口腔职业学院01,878701,01,智能医疗装备技术,其他专业类,其他,智能医疗装备技术,药品与医疗器械类,食品药品与粮食大类,exact
连云港职业技术学院,历史,连云港职业技术学院01,133101,01,机电一体化技术(与南通理工学院分段培养项目),电气自动化类,装备制造大类,机电一体化技术,自动化类,装备制造大类,exact
连云港职业技术学院,历史,连云港职业技术学院01,133101,02,建筑工程技术(与南通理工学院分段培养项目),土木建筑类,土木建筑大类,建筑工程技术,土建施工类,土木建筑大类,exact
连云港职业技术学院,历史,连云港职业技术学院01,133101,03,全媒体广告策划与营销(与南京传媒学院分段培养项目),文化艺术类,文化艺术大类,全媒体广告策划与营销,广播影视类,新闻传播大类,exact
连云港职业技术学院,历史,连云港职业技术学院01,133101,04,跨境电子商务(与南京传媒学院分段培养项目),财经商贸类,财经商贸大类,跨境电子商务,电子商务类,财经商贸大类,exact
连云港职业技术学院,历史,连云港职业技术学院02,133102,05,数控技术,机械设计制造类,装备制造大类,数控技术,机械设计制造类,装备制造大类,exact
连云港职业技术学院,历史,连云港职业技术学院02,133102,06,机电一体化技术,电气自动化类,装备制造大类,机电一体化技术,自动化类,装备制造大类,exact
连云港职业技术学院,历史,连云港职业技术学院02,133102,07,工业机器人技术,电气自动化类,装备制造大类,工业机器人技术,自动化类,装备制造大类,exact
连云港职业技术学院,历史,连云港职业技术学院02,133102,08,电气自动化技术,电气自动化类,装备制造大类,电气自动化技术,自动化类,装备制造大类,exact
连云港职业技术学院,历史,连云港职业技术学院02,133102,09,无人机应用技术,航空运输类,交通运输大类,无人机应用技术,航空装备类,装备制造大类,exact
连云港职业技术学院,历史,连云港职业技术学院02,133102,10,材料工程技术,能源动力与材料类,能源动力与材料大类,材料工程技术,非金属材料类,能源动力与材料大类,exact
连云港职业技术学院,历史,连云港职业技术学院02,133102,11,复合材料智能制造技术,电气自动化类,装备制造大类,复合材料智能制造技术,非金属材料类,能源动力与材料大类,exact
连云港职业技术学院,历史,连云港职业技术学院02,133102,12,环境监测技术,资源环境安全类,资源环境与安全大类,环境监测技术,环境保护类,资源环境与安全大类,exact
连云港职业技术学院,历史,连云港职业技术学院02,133102,13,建筑工程技术,土木建筑类,土木建筑大类,建筑工程技术,土建施工类,土木建筑大类,exact
连云港职业技术学院,历史,连云港职业技术学院02,133102,14,市政工程技术,土木建筑类,土木建筑大类,市政工程技术,市政工程类,土木建筑大类,exact
连云港职业技术学院,历史,连云港职业技术学院02,133102,15,智能安防运营管理,其他专业类,其他,智能安防运营管理,安全防范类,公安与司法大类,exact
连云港职业技术学院,历史,连云港职业技术学院02,133102,16,计算机应用技术,计算机类,电子与信息大类,计算机应用技术,计算机类,电子与信息大类,exact
连云港职业技术学院,历史,连云港职业技术学院02,133102,17,计算机网络技术,计算机类,电子与信息大类,计算机网络技术,计算机类,电子与信息大类,exact
连云港职业技术学院,历史,连云港职业技术学院02,133102,18,数字媒体技术,计算机类,电子与信息大类,数字媒体技术,计算机类,电子与信息大类,exact
连云港职业技术学院,历史,连云港职业技术学院02,133102,19,大数据技术,计算机类,电子与信息大类,大数据技术,计算机类,电子与信息大类,exact
连云港职业技术学院,历史,连云港职业技术学院02,133102,20,人工智能技术应用,计算机类,电子与信息大类,人工智能技术应用,计算机类,电子与信息大类,exact
连云港职业技术学院,历史,连云港职业技术学院02,133102,21,旅游管理,旅游餐饮类,旅游大类,旅游管理,旅游类,旅游大类,exact
连云港职业技术学院,历史,连云港职业技术学院02,133102,22,融媒体技术与运营,其他专业类,其他,融媒体技术与运营,广播影视类,新闻传播大类,exact
连云港职业技术学院,历史,连云港职业技术学院02,133102,23,网络直播与运营,计算机类,电子与信息大类,网络直播与运营,广播影视类,新闻传播大类,exact
连云港职业技术学院,历史,连云港职业技术学院02,133102,24,全媒体广告策划与营销,文化艺术类,文化艺术大类,全媒体广告策划与营销,广播影视类,新闻传播大类,exact
连云港职业技术学院,历史,连云港职业技术学院02,133102,25,大数据与会计,财务会计类,财经商贸大类,大数据与会计,财务会计类,财经商贸大类,exact
连云港职业技术学院,历史,连云港职业技术学院02,133102,26,市场营销,财经商贸类,财经商贸大类,市场营销,工商管理类,财经商贸大类,exact
连云港职业技术学院,历史,连云港职业技术学院02,133102,27,电子商务,财经商贸类,财经商贸大类,电子商务,电子商务类,财经商贸大类,exact
连云港职业技术学院,历史,连云港职业技术学院02,133102,28,跨境电子商务,财经商贸类,财经商贸大类,跨境电子商务,电子商务类,财经商贸大类,exact
连云港职业技术学院,历史,连云港职业技术学院02,133102,29,现代物流管理,财经商贸类,财经商贸大类,现代物流管理,物流类,财经商贸大类,exact
山东化工职业学院,历史,山东化工职业学院01,275601,01,大数据与会计,财务会计类,财经商贸大类,大数据与会计,财务会计类,财经商贸大类,exact
扎兰屯职业学院,物理,扎兰屯职业学院02,352202,09,绿色食品生产技术,食品药品类,食品药品与粮食大类,绿色食品生产技术,农业类,农林牧渔大类,exact
扎兰屯职业学院,物理,扎兰屯职业学院02,352202,10,食品生物技术,食品药品类,食品药品与粮食大类,食品生物技术,生物技术类,生物与化工大类,exact
扎兰屯职业学院,物理,扎兰屯职业学院02,352202,11,园林技术,农林牧渔类,农林牧渔大类,园林技术,林业类,农林牧渔大类,exact
扎兰屯职业学院,物理,扎兰屯职业学院02,352202,12,大数据与会计,财务会计类,财经商贸大类,大数据与会计,财务会计类,财经商贸大类,exact
扎兰屯职业学院,物理,扎兰屯职业学院02,352202,13,工业机器人技术,电气自动化类,装备制造大类,工业机器人技术,自动化类,装备制造大类,exact
扎兰屯职业学院,物理,扎兰屯职业学院02,352202,14,电气自动化技术,电气自动化类,装备制造大类,电气自动化技术,自动化类,装备制造大类,exact
扎兰屯职业学院,物理,扎兰屯职业学院02,352202,15,"飞机机电设备维修(报考该专业有色觉要求,具体请查阅院校招生章程)",航空运输类,交通运输大类,飞机机电设备维修,航空运输类,交通运输大类,exact
扎兰屯职业学院,物理,扎兰屯职业学院02,352202,16,农产品加工与质量检测,农林牧渔类,农林牧渔大类,农产品加工与质量检测,农业类,农林牧渔大类,exact
扎兰屯职业学院,物理,扎兰屯职业学院02,352202,17,网络营销与直播电商,计算机类,电子与信息大类,网络营销与直播电商,电子商务类,财经商贸大类,exact
徐州幼儿师范高等专科学校,历史,徐州幼儿师范高等专科学校01,123201,01,"学前教育(与徐州工程学院分段培养项目)(师范)(报考该专业有色觉要求,具体请查阅院校招生章程)",教育体育类,教育与体育大类,学前教育,教育类,教育与体育大类,exact
徐州幼儿师范高等专科学校,历史,徐州幼儿师范高等专科学校02,123202,02,早期教育(师范),教育体育类,教育与体育大类,早期教育,教育类,教育与体育大类,exact
徐州幼儿师范高等专科学校,历史,徐州幼儿师范高等专科学校02,123202,03,学前教育(师范),教育体育类,教育与体育大类,学前教育,教育类,教育与体育大类,exact
徐州幼儿师范高等专科学校,历史,徐州幼儿师范高等专科学校02,123202,04,特殊教育(师范),其他专业类,其他,特殊教育,教育类,教育与体育大类,exact
徐州幼儿师范高等专科学校,历史,徐州幼儿师范高等专科学校02,123202,05,美术教育(师范),文化艺术类,文化艺术大类,美术教育,教育类,教育与体育大类,exact
徐州幼儿师范高等专科学校,历史,徐州幼儿师范高等专科学校03,123203,06,婴幼儿托育服务与管理,护理医学类,医药卫生大类,婴幼儿托育服务与管理,健康管理与促进类,医药卫生大类,exact
徐州幼儿师范高等专科学校,历史,徐州幼儿师范高等专科学校03,123203,07,旅游英语,教育体育类,教育与体育大类,旅游英语,语言类,教育与体育大类,exact
徐州幼儿师范高等专科学校,历史,徐州幼儿师范高等专科学校03,123203,08,应用英语,教育体育类,教育与体育大类,应用英语,语言类,教育与体育大类,exact
徐州幼儿师范高等专科学校,历史,徐州幼儿师范高等专科学校03,123203,09,中文,其他专业类,其他,中文,语言类,教育与体育大类,exact
徐州幼儿师范高等专科学校,历史,徐州幼儿师范高等专科学校04,123204,10,融媒体技术与运营,其他专业类,其他,融媒体技术与运营,广播影视类,新闻传播大类,exact
徐州幼儿师范高等专科学校,历史,徐州幼儿师范高等专科学校04,123204,11,研学旅行管理与服务,其他专业类,其他,研学旅行管理与服务,旅游类,旅游大类,exact
徐州幼儿师范高等专科学校,历史,徐州幼儿师范高等专科学校04,123204,12,电子商务,财经商贸类,财经商贸大类,电子商务,电子商务类,财经商贸大类,exact
徐州幼儿师范高等专科学校,历史,徐州幼儿师范高等专科学校04,123204,13,包装策划与设计,文化艺术类,文化艺术大类,包装策划与设计,包装类,轻工纺织大类,exact
徐州幼儿师范高等专科学校,历史,徐州幼儿师范高等专科学校05,123205,14,智慧健康养老服务与管理,公共管理服务类,公共管理与服务大类,智慧健康养老服务与管理,公共服务类,公共管理与服务大类,exact
徐州幼儿师范高等专科学校,历史,徐州幼儿师范高等专科学校05,123205,15,社区康复,公共管理服务类,公共管理与服务大类,社区康复,公共服务类,公共管理与服务大类,exact
徐州幼儿师范高等专科学校,历史,徐州幼儿师范高等专科学校05,123205,16,老年保健与管理,其他专业类,其他,老年保健与管理,健康管理与促进类,医药卫生大类,exact
徐州幼儿师范高等专科学校,历史,徐州幼儿师范高等专科学校05,123205,17,社会工作,公共管理服务类,公共管理与服务大类,社会工作,公共事业类,公共管理与服务大类,exact
徐州幼儿师范高等专科学校,历史,徐州幼儿师范高等专科学校06,123206,18,"学前教育(中外合作办学)(师范)(报考该专业有色觉要求,具体请查阅院校招生章程)",教育体育类,教育与体育大类,学前教育,教育类,教育与体育大类,exact
湖南工业职业技术学院,历史,湖南工业职业技术学院01,531901,01,金融服务与管理,财经商贸类,财经商贸大类,金融服务与管理,金融类,财经商贸大类,exact
湖南工业职业技术学院,历史,湖南工业职业技术学院01,531901,02,市场营销,财经商贸类,财经商贸大类,市场营销,工商管理类,财经商贸大类,exact
山东工程职业技术大学,物理,山东工程职业技术大学04,824904,06,物联网应用技术,计算机类,电子与信息大类,物联网应用技术,电子信息类,电子与信息大类,exact
山东工程职业技术大学,物理,山东工程职业技术大学04,824904,07,民航运输服务,航空运输类,交通运输大类,民航运输服务,航空运输类,交通运输大类,exact
湖南交通职业技术学院,历史,湖南交通职业技术学院01,539201,01,新能源汽车技术,汽车制造类,装备制造大类,新能源汽车技术,汽车制造类,装备制造大类,exact
湖南交通职业技术学院,历史,湖南交通职业技术学院01,539201,02,物联网应用技术,计算机类,电子与信息大类,物联网应用技术,电子信息类,电子与信息大类,exact
九江职业大学,物理,九江职业大学02,256702,03,建筑室内设计,土木建筑类,土木建筑大类,建筑室内设计,建筑设计类,土木建筑大类,exact
九江职业大学,物理,九江职业大学02,256702,04,软件技术,计算机类,电子与信息大类,软件技术,计算机类,电子与信息大类,exact
天津商务职业学院,历史,天津商务职业学院01,322001,01,旅游管理(中外合作办学)(海河教育园校区),旅游餐饮类,旅游大类,旅游管理,旅游类,旅游大类,exact
天津商务职业学院,历史,天津商务职业学院02,322002,02,商务英语(只招英语考生),教育体育类,教育与体育大类,商务英语,语言类,教育与体育大类,exact
天津商务职业学院,历史,天津商务职业学院02,322002,03,国际金融,财经商贸类,财经商贸大类,国际金融,金融类,财经商贸大类,exact
天津商务职业学院,历史,天津商务职业学院02,322002,04,保险实务,其他专业类,其他,保险实务,金融类,财经商贸大类,exact
天津商务职业学院,历史,天津商务职业学院02,322002,05,金融科技应用,财经商贸类,财经商贸大类,金融科技应用,金融类,财经商贸大类,exact
江苏航空职业技术学院,历史,江苏航空职业技术学院01,141201,01,民航安全技术管理,航空运输类,交通运输大类,民航安全技术管理,航空运输类,交通运输大类,exact
江苏航空职业技术学院,历史,江苏航空职业技术学院01,141201,02,机场运行服务与管理,航空运输类,交通运输大类,机场运行服务与管理,航空运输类,交通运输大类,exact
江苏航空职业技术学院,历史,江苏航空职业技术学院01,141201,03,航空物流管理,航空运输类,交通运输大类,航空物流管理,物流类,财经商贸大类,exact
江苏航空职业技术学院,历史,江苏航空职业技术学院02,141202,04,飞行器维修技术,其他专业类,其他,飞行器维修技术,航空装备类,装备制造大类,exact
江苏航空职业技术学院,历史,江苏航空职业技术学院02,141202,05,飞机机电设备维修,航空运输类,交通运输大类,飞机机电设备维修,航空运输类,交通运输大类,exact
江苏航空职业技术学院,历史,江苏航空职业技术学院02,141202,06,通用航空器维修,航空运输类,交通运输大类,通用航空器维修,航空运输类,交通运输大类,exact
江苏航空职业技术学院,历史,江苏航空职业技术学院02,141202,07,飞机结构修理,航空运输类,交通运输大类,飞机结构修理,航空运输类,交通运输大类,exact
江苏航空职业技术学院,历史,江苏航空职业技术学院03,141203,08,飞行器数字化制造技术,机械设计制造类,装备制造大类,飞行器数字化制造技术,航空装备类,装备制造大类,exact
江苏航空职业技术学院,历史,江苏航空职业技术学院03,141203,09,飞行器数字化装配技术,其他专业类,其他,飞行器数字化装配技术,航空装备类,装备制造大类,exact
江苏航空职业技术学院,历史,江苏航空职业技术学院03,141203,10,飞机机载设备装配调试技术,航空运输类,交通运输大类,飞机机载设备装配调试技术,航空装备类,装备制造大类,exact
江苏航空职业技术学院,历史,江苏航空职业技术学院03,141203,11,民航通信技术,航空运输类,交通运输大类,民航通信技术,航空运输类,交通运输大类,exact
江苏航空职业技术学院,历史,江苏航空职业技术学院03,141203,12,飞机电子设备维修,航空运输类,交通运输大类,飞机电子设备维修,航空运输类,交通运输大类,exact
江苏航空职业技术学院,历史,江苏航空职业技术学院04,141204,13,民航运输服务,航空运输类,交通运输大类,民航运输服务,航空运输类,交通运输大类,exact
江苏航空职业技术学院,历史,江苏航空职业技术学院04,141204,14,空中乘务,航空运输类,交通运输大类,空中乘务,航空运输类,交通运输大类,exact
江苏航空职业技术学院,历史,江苏航空职业技术学院04,141204,15,民航空中安全保卫,航空运输类,交通运输大类,民航空中安全保卫,航空运输类,交通运输大类,exact
江苏航空职业技术学院,历史,江苏航空职业技术学院05,141205,16,航空复合材料成型与加工技术,航空运输类,交通运输大类,航空复合材料成型与加工技术,非金属材料类,能源动力与材料大类,exact
江苏航空职业技术学院,历史,江苏航空职业技术学院05,141205,17,航空发动机制造技术,航空运输类,交通运输大类,航空发动机制造技术,航空装备类,装备制造大类,exact
江苏航空职业技术学院,历史,江苏航空职业技术学院05,141205,18,航空发动机维修技术,航空运输类,交通运输大类,航空发动机维修技术,航空装备类,装备制造大类,exact
江苏航空职业技术学院,历史,江苏航空职业技术学院05,141205,19,航空材料精密成型技术,航空运输类,交通运输大类,航空材料精密成型技术,航空装备类,装备制造大类,exact
江苏航空职业技术学院,历史,江苏航空职业技术学院06,141206,20,无人机测绘技术,资源环境安全类,资源环境与安全大类,无人机测绘技术,测绘地理信息类,资源环境与安全大类,exact
江苏航空职业技术学院,历史,江苏航空职业技术学院06,141206,21,智能控制技术,电气自动化类,装备制造大类,智能控制技术,自动化类,装备制造大类,exact
江苏航空职业技术学院,历史,江苏航空职业技术学院06,141206,22,智能机器人技术,其他专业类,其他,智能机器人技术,自动化类,装备制造大类,exact
江苏航空职业技术学院,历史,江苏航空职业技术学院06,141206,23,无人机应用技术,航空运输类,交通运输大类,无人机应用技术,航空装备类,装备制造大类,exact
重庆科技职业学院,物理,重庆科技职业学院02,882602,05,新能源汽车技术,汽车制造类,装备制造大类,新能源汽车技术,汽车制造类,装备制造大类,exact
重庆科技职业学院,物理,重庆科技职业学院02,882602,06,智慧健康养老服务与管理,公共管理服务类,公共管理与服务大类,智慧健康养老服务与管理,公共服务类,公共管理与服务大类,exact
重庆科技职业学院,物理,重庆科技职业学院02,882602,07,人工智能技术应用,计算机类,电子与信息大类,人工智能技术应用,计算机类,电子与信息大类,exact
新疆职业大学,物理,新疆职业大学02,751802,03,机电一体化技术,电气自动化类,装备制造大类,机电一体化技术,自动化类,装备制造大类,exact
新疆职业大学,物理,新疆职业大学02,751802,04,电气自动化技术,电气自动化类,装备制造大类,电气自动化技术,自动化类,装备制造大类,exact
新疆职业大学,物理,新疆职业大学02,751802,05,烹饪工艺与营养,食品药品类,食品药品与粮食大类,烹饪工艺与营养,餐饮类,旅游大类,exact
新疆职业大学,物理,新疆职业大学02,751802,06,电力系统继电保护技术,能源动力与材料类,能源动力与材料大类,电力系统继电保护技术,电力技术类,能源动力与材料大类,exact
新疆职业大学,物理,新疆职业大学02,751802,07,新能源汽车检测与维修技术,汽车制造类,装备制造大类,新能源汽车检测与维修技术,道路运输类,交通运输大类,exact
常州幼儿师范高等专科学校,物理,常州幼儿师范高等专科学校02,125602,10,无人机应用技术,航空运输类,交通运输大类,无人机应用技术,航空装备类,装备制造大类,exact
常州幼儿师范高等专科学校,物理,常州幼儿师范高等专科学校02,125602,11,网络营销与直播电商,计算机类,电子与信息大类,网络营销与直播电商,电子商务类,财经商贸大类,exact
常州幼儿师范高等专科学校,物理,常州幼儿师范高等专科学校02,125602,12,旅游管理,旅游餐饮类,旅游大类,旅游管理,旅游类,旅游大类,exact
常州幼儿师范高等专科学校,物理,常州幼儿师范高等专科学校02,125602,13,酒店管理与数字化运营,旅游餐饮类,旅游大类,酒店管理与数字化运营,旅游类,旅游大类,exact
常州幼儿师范高等专科学校,物理,常州幼儿师范高等专科学校02,125602,14,网络直播与运营,计算机类,电子与信息大类,网络直播与运营,广播影视类,新闻传播大类,exact
常州幼儿师范高等专科学校,物理,常州幼儿师范高等专科学校02,125602,15,智慧健康养老服务与管理,公共管理服务类,公共管理与服务大类,智慧健康养老服务与管理,公共服务类,公共管理与服务大类,exact
常州幼儿师范高等专科学校,物理,常州幼儿师范高等专科学校02,125602,16,"早期教育(师范)(报考该专业有色觉要求,具体请查阅院校招生章程)",教育体育类,教育与体育大类,早期教育,教育类,教育与体育大类,exact
常州幼儿师范高等专科学校,物理,常州幼儿师范高等专科学校02,125602,17,"学前教育(师范)(报考该专业有色觉要求,具体请查阅院校招生章程)",教育体育类,教育与体育大类,学前教育,教育类,教育与体育大类,exact
常州幼儿师范高等专科学校,物理,常州幼儿师范高等专科学校02,125602,18,"婴幼儿托育服务与管理(报考该专业有色觉要求,具体请查阅院校招生章程)",护理医学类,医药卫生大类,婴幼儿托育服务与管理,健康管理与促进类,医药卫生大类,exact
信阳职业技术学院,物理,信阳职业技术学院02,519402,05,智能机电技术,其他专业类,其他,智能机电技术,自动化类,装备制造大类,exact
信阳职业技术学院,物理,信阳职业技术学院02,519402,06,电气自动化技术,电气自动化类,装备制造大类,电气自动化技术,自动化类,装备制造大类,exact
信阳职业技术学院,物理,信阳职业技术学院02,519402,07,工业互联网应用,电气自动化类,装备制造大类,工业互联网应用,自动化类,装备制造大类,exact
信阳职业技术学院,物理,信阳职业技术学院02,519402,08,新能源汽车技术,汽车制造类,装备制造大类,新能源汽车技术,汽车制造类,装备制造大类,exact
济源职业技术学院,历史,济源职业技术学院01,512101,01,新能源汽车技术(高新校区),汽车制造类,装备制造大类,新能源汽车技术,汽车制造类,装备制造大类,exact
济源职业技术学院,历史,济源职业技术学院01,512101,02,高速铁路客运服务(高新校区),铁道运输类,交通运输大类,高速铁路客运服务,铁道运输类,交通运输大类,exact
湖北交通职业技术学院,历史,湖北交通职业技术学院01,524601,01,跨境电子商务,财经商贸类,财经商贸大类,跨境电子商务,电子商务类,财经商贸大类,exact
湖北交通职业技术学院,历史,湖北交通职业技术学院01,524601,02,新能源汽车检测与维修技术,汽车制造类,装备制造大类,新能源汽车检测与维修技术,道路运输类,交通运输大类,exact
青岛恒星科技学院,物理,青岛恒星科技学院05,821505,23,机电一体化技术,电气自动化类,装备制造大类,机电一体化技术,自动化类,装备制造大类,exact
青岛恒星科技学院,物理,青岛恒星科技学院05,821505,24,电气自动化技术,电气自动化类,装备制造大类,电气自动化技术,自动化类,装备制造大类,exact
青岛恒星科技学院,物理,青岛恒星科技学院05,821505,25,计算机网络技术,计算机类,电子与信息大类,计算机网络技术,计算机类,电子与信息大类,exact
湖南体育职业学院,历史,湖南体育职业学院01,537201,01,融媒体技术与运营,其他专业类,其他,融媒体技术与运营,广播影视类,新闻传播大类,exact
湖南体育职业学院,历史,湖南体育职业学院01,537201,02,电子竞技运动与管理,教育体育类,教育与体育大类,电子竞技运动与管理,体育类,教育与体育大类,exact
山东轻工职业学院,物理,山东轻工职业学院02,272302,10,药品生产技术,药学类,医药卫生大类,药品生产技术,药品与医疗器械类,食品药品与粮食大类,exact
山东轻工职业学院,物理,山东轻工职业学院02,272302,11,大数据技术,计算机类,电子与信息大类,大数据技术,计算机类,电子与信息大类,exact
山东轻工职业学院,物理,山东轻工职业学院02,272302,12,计算机应用技术,计算机类,电子与信息大类,计算机应用技术,计算机类,电子与信息大类,exact
山东轻工职业学院,物理,山东轻工职业学院02,272302,13,动漫制作技术,文化艺术类,文化艺术大类,动漫制作技术,计算机类,电子与信息大类,exact
山东轻工职业学院,物理,山东轻工职业学院02,272302,14,现代通信技术,电子信息类,电子与信息大类,现代通信技术,通信类,电子与信息大类,exact
山东轻工职业学院,物理,山东轻工职业学院02,272302,15,现代移动通信技术,电子信息类,电子与信息大类,现代移动通信技术,通信类,电子与信息大类,exact
山东轻工职业学院,物理,山东轻工职业学院02,272302,16,物联网应用技术,计算机类,电子与信息大类,物联网应用技术,电子信息类,电子与信息大类,exact
山东轻工职业学院,物理,山东轻工职业学院02,272302,17,人工智能技术应用(信息工程系),计算机类,电子与信息大类,人工智能技术应用,计算机类,电子与信息大类,exact
山东轻工职业学院,物理,山东轻工职业学院02,272302,18,人工智能技术应用(嘉环ICT产业学院),计算机类,电子与信息大类,人工智能技术应用,计算机类,电子与信息大类,exact
天津工业职业学院,历史,天津工业职业学院01,324301,01,工业工程技术,其他专业类,其他,工业工程技术,机械设计制造类,装备制造大类,exact
天津工业职业学院,历史,天津工业职业学院01,324301,02,工业互联网应用,电气自动化类,装备制造大类,工业互联网应用,自动化类,装备制造大类,exact
天津工业职业学院,历史,天津工业职业学院01,324301,03,现代通信技术,电子信息类,电子与信息大类,现代通信技术,通信类,电子与信息大类,exact
江西农业工程职业学院,物理,江西农业工程职业学院02,259702,04,中草药栽培与加工技术,其他专业类,其他,中草药栽培与加工技术,农业类,农林牧渔大类,exact
江西农业工程职业学院,物理,江西农业工程职业学院02,259702,05,畜牧兽医,农林牧渔类,农林牧渔大类,畜牧兽医,畜牧业类,农林牧渔大类,exact
江西农业工程职业学院,物理,江西农业工程职业学院02,259702,06,电子商务,财经商贸类,财经商贸大类,电子商务,电子商务类,财经商贸大类,exact
武汉生物工程学院,历史,武汉生物工程学院02,855402,06,药品经营与管理,药学类,医药卫生大类,药品经营与管理,药品与医疗器械类,食品药品与粮食大类,exact
武汉生物工程学院,历史,武汉生物工程学院02,855402,07,计算机应用技术,计算机类,电子与信息大类,计算机应用技术,计算机类,电子与信息大类,exact
武汉生物工程学院,历史,武汉生物工程学院02,855402,08,商务英语,教育体育类,教育与体育大类,商务英语,语言类,教育与体育大类,exact
镇江市高等专科学校,物理,镇江市高等专科学校03,141003,35,护理(与南京中医药大学分段培养项目),护理医学类,医药卫生大类,护理,护理类,医药卫生大类,exact
镇江市高等专科学校,物理,镇江市高等专科学校03,141003,36,电子商务(与江苏理工学院分段培养项目),财经商贸类,财经商贸大类,电子商务,电子商务类,财经商贸大类,exact
镇江市高等专科学校,物理,镇江市高等专科学校03,141003,37,学前教育(与江苏理工学院分段培养项目)(师范)(丹阳校区),教育体育类,教育与体育大类,学前教育,教育类,教育与体育大类,exact
镇江市高等专科学校,物理,镇江市高等专科学校04,141004,38,数字化设计与制造技术,机械设计制造类,装备制造大类,数字化设计与制造技术,机械设计制造类,装备制造大类,exact
镇江市高等专科学校,物理,镇江市高等专科学校04,141004,39,机械制造及自动化,电气自动化类,装备制造大类,机械制造及自动化,机械设计制造类,装备制造大类,exact
镇江市高等专科学校,物理,镇江市高等专科学校04,141004,40,机电一体化技术,电气自动化类,装备制造大类,机电一体化技术,自动化类,装备制造大类,exact
镇江市高等专科学校,物理,镇江市高等专科学校04,141004,41,工业机器人技术,电气自动化类,装备制造大类,工业机器人技术,自动化类,装备制造大类,exact
镇江市高等专科学校,物理,镇江市高等专科学校04,141004,42,电气自动化技术,电气自动化类,装备制造大类,电气自动化技术,自动化类,装备制造大类,exact
镇江市高等专科学校,物理,镇江市高等专科学校04,141004,43,新能源汽车技术,汽车制造类,装备制造大类,新能源汽车技术,汽车制造类,装备制造大类,exact
镇江市高等专科学校,物理,镇江市高等专科学校04,141004,44,智能网联汽车技术,汽车制造类,装备制造大类,智能网联汽车技术,汽车制造类,装备制造大类,exact
镇江市高等专科学校,物理,镇江市高等专科学校04,141004,45,分析检验技术,生物化工类,生物与化工大类,分析检验技术,化工技术类,生物与化工大类,exact
镇江市高等专科学校,物理,镇江市高等专科学校04,141004,46,药物制剂技术,其他专业类,其他,药物制剂技术,药品与医疗器械类,食品药品与粮食大类,exact
镇江市高等专科学校,物理,镇江市高等专科学校04,141004,47,药品质量与安全,药学类,医药卫生大类,药品质量与安全,药品与医疗器械类,食品药品与粮食大类,exact
镇江市高等专科学校,物理,镇江市高等专科学校04,141004,48,物联网应用技术,计算机类,电子与信息大类,物联网应用技术,电子信息类,电子与信息大类,exact
镇江市高等专科学校,物理,镇江市高等专科学校04,141004,49,计算机应用技术,计算机类,电子与信息大类,计算机应用技术,计算机类,电子与信息大类,exact
镇江市高等专科学校,物理,镇江市高等专科学校04,141004,50,人工智能技术应用,计算机类,电子与信息大类,人工智能技术应用,计算机类,电子与信息大类,exact
镇江市高等专科学校,物理,镇江市高等专科学校04,141004,51,护理,护理医学类,医药卫生大类,护理,护理类,医药卫生大类,exact
镇江市高等专科学校,物理,镇江市高等专科学校04,141004,52,医学检验技术,护理医学类,医药卫生大类,医学检验技术,医学技术类,医药卫生大类,exact
镇江市高等专科学校,物理,镇江市高等专科学校04,141004,53,康复治疗技术,护理医学类,医药卫生大类,康复治疗技术,康复治疗类,医药卫生大类,exact
镇江市高等专科学校,物理,镇江市高等专科学校04,141004,54,健康管理,护理医学类,医药卫生大类,健康管理,健康管理与促进类,医药卫生大类,exact
镇江市高等专科学校,物理,镇江市高等专科学校04,141004,55,眼视光技术,护理医学类,医药卫生大类,眼视光技术,眼视光类,医药卫生大类,exact
镇江市高等专科学校,物理,镇江市高等专科学校04,141004,56,视觉训练与康复,文化艺术类,文化艺术大类,视觉训练与康复,眼视光类,医药卫生大类,exact
镇江市高等专科学校,物理,镇江市高等专科学校04,141004,57,大数据与财务管理,财务会计类,财经商贸大类,大数据与财务管理,财务会计类,财经商贸大类,exact
镇江市高等专科学校,物理,镇江市高等专科学校04,141004,58,大数据与会计,财务会计类,财经商贸大类,大数据与会计,财务会计类,财经商贸大类,exact
镇江市高等专科学校,物理,镇江市高等专科学校04,141004,59,大数据与审计,财务会计类,财经商贸大类,大数据与审计,财务会计类,财经商贸大类,exact
镇江市高等专科学校,物理,镇江市高等专科学校04,141004,60,市场营销,财经商贸类,财经商贸大类,市场营销,工商管理类,财经商贸大类,exact
镇江市高等专科学校,物理,镇江市高等专科学校04,141004,61,电子商务,财经商贸类,财经商贸大类,电子商务,电子商务类,财经商贸大类,exact
镇江市高等专科学校,物理,镇江市高等专科学校04,141004,62,现代物流管理,财经商贸类,财经商贸大类,现代物流管理,物流类,财经商贸大类,exact
镇江市高等专科学校,物理,镇江市高等专科学校04,141004,63,旅游管理,旅游餐饮类,旅游大类,旅游管理,旅游类,旅游大类,exact
镇江市高等专科学校,物理,镇江市高等专科学校04,141004,64,酒店管理与数字化运营,旅游餐饮类,旅游大类,酒店管理与数字化运营,旅游类,旅游大类,exact
镇江市高等专科学校,物理,镇江市高等专科学校04,141004,65,学前教育(师范)(丹阳校区),教育体育类,教育与体育大类,学前教育,教育类,教育与体育大类,exact
镇江市高等专科学校,物理,镇江市高等专科学校04,141004,66,法律事务,公安司法类,公安司法大类,法律事务,法律实务类,公安与司法大类,exact
镇江市高等专科学校,物理,镇江市高等专科学校04,141004,67,法律文秘,公安司法类,公安司法大类,法律文秘,法律实务类,公安与司法大类,exact
镇江市高等专科学校,物理,镇江市高等专科学校04,141004,68,知识产权管理,其他专业类,其他,知识产权管理,公共管理类,公共管理与服务大类,exact
江苏农林职业技术学院,物理,江苏农林职业技术学院05,141105,43,畜牧兽医(与金陵科技学院分段培养项目),农林牧渔类,农林牧渔大类,畜牧兽医,畜牧业类,农林牧渔大类,exact
江苏农林职业技术学院,物理,江苏农林职业技术学院06,141106,44,机械制造及自动化(与南京工业职业技术大学分段培养项目),电气自动化类,装备制造大类,机械制造及自动化,机械设计制造类,装备制造大类,exact
江苏农林职业技术学院,物理,江苏农林职业技术学院07,141107,45,园林技术,农林牧渔类,农林牧渔大类,园林技术,林业类,农林牧渔大类,exact
江苏农林职业技术学院,物理,江苏农林职业技术学院07,141107,46,林业技术,其他专业类,其他,林业技术,林业类,农林牧渔大类,exact
江苏农林职业技术学院,物理,江苏农林职业技术学院07,141107,47,园林工程技术,土木建筑类,土木建筑大类,园林工程技术,建筑设计类,土木建筑大类,exact
江苏农林职业技术学院,物理,江苏农林职业技术学院07,141107,48,家具设计与制造,机械设计制造类,装备制造大类,家具设计与制造,轻化工类,轻工纺织大类,exact
江苏农林职业技术学院,物理,江苏农林职业技术学院07,141107,49,木业产品设计与制造,机械设计制造类,装备制造大类,木业产品设计与制造,林业类,农林牧渔大类,exact
江苏农林职业技术学院,物理,江苏农林职业技术学院07,141107,50,现代农业技术,农林牧渔类,农林牧渔大类,现代农业技术,农业类,农林牧渔大类,exact
江苏农林职业技术学院,物理,江苏农林职业技术学院07,141107,51,园艺技术,农林牧渔类,农林牧渔大类,园艺技术,农业类,农林牧渔大类,exact
江苏农林职业技术学院,物理,江苏农林职业技术学院07,141107,52,环境监测技术,资源环境安全类,资源环境与安全大类,环境监测技术,环境保护类,资源环境与安全大类,exact
江苏农林职业技术学院,物理,江苏农林职业技术学院07,141107,53,动物医学,农林牧渔类,农林牧渔大类,动物医学,畜牧业类,农林牧渔大类,exact
江苏农林职业技术学院,物理,江苏农林职业技术学院07,141107,54,宠物医疗技术,农林牧渔类,农林牧渔大类,宠物医疗技术,畜牧业类,农林牧渔大类,exact
江苏农林职业技术学院,物理,江苏农林职业技术学院07,141107,55,宠物养护与驯导,农林牧渔类,农林牧渔大类,宠物养护与驯导,畜牧业类,农林牧渔大类,exact
江苏农林职业技术学院,物理,江苏农林职业技术学院07,141107,56,畜牧兽医,农林牧渔类,农林牧渔大类,畜牧兽医,畜牧业类,农林牧渔大类,exact
江苏农林职业技术学院,物理,江苏农林职业技术学院07,141107,57,食品检验检测技术,食品药品类,食品药品与粮食大类,食品检验检测技术,食品类,食品药品与粮食大类,exact
江苏农林职业技术学院,物理,江苏农林职业技术学院07,141107,58,食品智能加工技术,食品药品类,食品药品与粮食大类,食品智能加工技术,食品类,食品药品与粮食大类,exact
江苏农林职业技术学院,物理,江苏农林职业技术学院07,141107,59,农产品加工与质量检测,农林牧渔类,农林牧渔大类,农产品加工与质量检测,农业类,农林牧渔大类,exact
江苏农林职业技术学院,物理,江苏农林职业技术学院07,141107,60,农业生物技术,农林牧渔类,农林牧渔大类,农业生物技术,生物技术类,生物与化工大类,exact
江苏农林职业技术学院,物理,江苏农林职业技术学院07,141107,61,茶叶生产与加工技术,农林牧渔类,农林牧渔大类,茶叶生产与加工技术,农业类,农林牧渔大类,exact
江苏农林职业技术学院,物理,江苏农林职业技术学院07,141107,62,茶艺与茶文化,其他专业类,其他,茶艺与茶文化,旅游类,旅游大类,exact
江苏农林职业技术学院,物理,江苏农林职业技术学院07,141107,63,食用菌生产与加工技术,其他专业类,其他,食用菌生产与加工技术,农业类,农林牧渔大类,exact
江苏农林职业技术学院,物理,江苏农林职业技术学院07,141107,64,大数据与财务管理,财务会计类,财经商贸大类,大数据与财务管理,财务会计类,财经商贸大类,exact
江苏农林职业技术学院,物理,江苏农林职业技术学院07,141107,65,现代物流管理,财经商贸类,财经商贸大类,现代物流管理,物流类,财经商贸大类,exact
江苏农林职业技术学院,物理,江苏农林职业技术学院07,141107,66,市场营销,财经商贸类,财经商贸大类,市场营销,工商管理类,财经商贸大类,exact
江苏农林职业技术学院,物理,江苏农林职业技术学院07,141107,67,旅游管理,旅游餐饮类,旅游大类,旅游管理,旅游类,旅游大类,exact
江苏农林职业技术学院,物理,江苏农林职业技术学院07,141107,68,酒店管理与数字化运营,旅游餐饮类,旅游大类,酒店管理与数字化运营,旅游类,旅游大类,exact
江苏农林职业技术学院,物理,江苏农林职业技术学院07,141107,69,电子商务,财经商贸类,财经商贸大类,电子商务,电子商务类,财经商贸大类,exact
江苏农林职业技术学院,物理,江苏农林职业技术学院07,141107,70,新能源汽车技术,汽车制造类,装备制造大类,新能源汽车技术,汽车制造类,装备制造大类,exact
江苏农林职业技术学院,物理,江苏农林职业技术学院07,141107,71,汽车制造与试验技术,机械设计制造类,装备制造大类,汽车制造与试验技术,汽车制造类,装备制造大类,exact
江苏农林职业技术学院,物理,江苏农林职业技术学院07,141107,72,机械制造及自动化,电气自动化类,装备制造大类,机械制造及自动化,机械设计制造类,装备制造大类,exact
江苏农林职业技术学院,物理,江苏农林职业技术学院07,141107,73,机电一体化技术,电气自动化类,装备制造大类,机电一体化技术,自动化类,装备制造大类,exact
江苏农林职业技术学院,物理,江苏农林职业技术学院07,141107,74,现代农业装备应用技术,农林牧渔类,农林牧渔大类,现代农业装备应用技术,农业类,农林牧渔大类,exact
江苏农林职业技术学院,物理,江苏农林职业技术学院07,141107,75,电气自动化技术,电气自动化类,装备制造大类,电气自动化技术,自动化类,装备制造大类,exact
江苏农林职业技术学院,物理,江苏农林职业技术学院07,141107,76,设施农业与装备,农林牧渔类,农林牧渔大类,设施农业与装备,农业类,农林牧渔大类,exact
江苏农林职业技术学院,物理,江苏农林职业技术学院07,141107,77,智慧农业技术与装备,农林牧渔类,农林牧渔大类,智慧农业技术与装备,农业类,农林牧渔大类,exact
江苏农林职业技术学院,物理,江苏农林职业技术学院07,141107,78,无人机应用技术,航空运输类,交通运输大类,无人机应用技术,航空装备类,装备制造大类,exact
江苏农林职业技术学院,物理,江苏农林职业技术学院07,141107,79,计算机应用技术,计算机类,电子与信息大类,计算机应用技术,计算机类,电子与信息大类,exact
江苏农林职业技术学院,物理,江苏农林职业技术学院07,141107,80,云计算技术应用,计算机类,电子与信息大类,云计算技术应用,计算机类,电子与信息大类,exact
江苏农林职业技术学院,物理,江苏农林职业技术学院07,141107,81,数字媒体技术,计算机类,电子与信息大类,数字媒体技术,计算机类,电子与信息大类,exact
江苏农林职业技术学院,物理,江苏农林职业技术学院07,141107,82,物联网应用技术,计算机类,电子与信息大类,物联网应用技术,电子信息类,电子与信息大类,exact
江苏农林职业技术学院,物理,江苏农林职业技术学院07,141107,83,电子信息工程技术,电子信息类,电子与信息大类,电子信息工程技术,电子信息类,电子与信息大类,exact
江苏农林职业技术学院,物理,江苏农林职业技术学院07,141107,84,人工智能数据工程技术,计算机类,电子与信息大类,人工智能数据工程技术,计算机类,电子与信息大类,exact
江苏农林职业技术学院,物理,江苏农林职业技术学院07,141107,85,智能机器人技术,其他专业类,其他,智能机器人技术,自动化类,装备制造大类,exact
江苏农林职业技术学院,物理,江苏农林职业技术学院08,141108,86,园林工程技术(中外合作办学),土木建筑类,土木建筑大类,园林工程技术,建筑设计类,土木建筑大类,exact
盐城农业科技职业学院,历史,盐城农业科技职业学院01,137301,01,现代农业技术,农林牧渔类,农林牧渔大类,现代农业技术,农业类,农林牧渔大类,exact
盐城农业科技职业学院,历史,盐城农业科技职业学院01,137301,02,园艺技术,农林牧渔类,农林牧渔大类,园艺技术,农业类,农林牧渔大类,exact
盐城农业科技职业学院,历史,盐城农业科技职业学院01,137301,03,植物保护与检疫技术,其他专业类,其他,植物保护与检疫技术,农业类,农林牧渔大类,exact
盐城农业科技职业学院,历史,盐城农业科技职业学院01,137301,04,农产品加工与质量检测,农林牧渔类,农林牧渔大类,农产品加工与质量检测,农业类,农林牧渔大类,exact
盐城农业科技职业学院,历史,盐城农业科技职业学院01,137301,05,动物医学,农林牧渔类,农林牧渔大类,动物医学,畜牧业类,农林牧渔大类,exact
盐城农业科技职业学院,历史,盐城农业科技职业学院01,137301,06,畜牧兽医,农林牧渔类,农林牧渔大类,畜牧兽医,畜牧业类,农林牧渔大类,exact
盐城农业科技职业学院,历史,盐城农业科技职业学院01,137301,07,宠物医疗技术,农林牧渔类,农林牧渔大类,宠物医疗技术,畜牧业类,农林牧渔大类,exact
盐城农业科技职业学院,历史,盐城农业科技职业学院01,137301,08,水产养殖技术,农林牧渔类,农林牧渔大类,水产养殖技术,渔业类,农林牧渔大类,exact
盐城农业科技职业学院,历史,盐城农业科技职业学院01,137301,09,现代农业装备应用技术,农林牧渔类,农林牧渔大类,现代农业装备应用技术,农业类,农林牧渔大类,exact
盐城农业科技职业学院,历史,盐城农业科技职业学院01,137301,10,"农业电气化技术(报考该专业有色觉要求,具体请查阅院校招生章程)",电气自动化类,装备制造大类,农业电气化技术,电力技术类,能源动力与材料大类,exact
盐城农业科技职业学院,历史,盐城农业科技职业学院01,137301,11,无人机应用技术,航空运输类,交通运输大类,无人机应用技术,航空装备类,装备制造大类,exact
盐城农业科技职业学院,历史,盐城农业科技职业学院01,137301,12,现代农业经济管理,农林牧渔类,农林牧渔大类,现代农业经济管理,农业类,农林牧渔大类,exact
盐城农业科技职业学院,历史,盐城农业科技职业学院01,137301,13,大数据与财务管理,财务会计类,财经商贸大类,大数据与财务管理,财务会计类,财经商贸大类,exact
盐城农业科技职业学院,历史,盐城农业科技职业学院01,137301,14,农村电子商务,财经商贸类,财经商贸大类,农村电子商务,电子商务类,财经商贸大类,exact
盐城农业科技职业学院,历史,盐城农业科技职业学院01,137301,15,物联网应用技术,计算机类,电子与信息大类,物联网应用技术,电子信息类,电子与信息大类,exact
盐城农业科技职业学院,历史,盐城农业科技职业学院01,137301,16,计算机应用技术,计算机类,电子与信息大类,计算机应用技术,计算机类,电子与信息大类,exact
盐城农业科技职业学院,历史,盐城农业科技职业学院01,137301,17,数字媒体技术,计算机类,电子与信息大类,数字媒体技术,计算机类,电子与信息大类,exact
盐城农业科技职业学院,历史,盐城农业科技职业学院01,137301,18,数字化设计与制造技术,机械设计制造类,装备制造大类,数字化设计与制造技术,机械设计制造类,装备制造大类,exact
盐城农业科技职业学院,历史,盐城农业科技职业学院01,137301,19,"机电一体化技术(报考该专业有色觉要求,具体请查阅院校招生章程)",电气自动化类,装备制造大类,机电一体化技术,自动化类,装备制造大类,exact
盐城农业科技职业学院,历史,盐城农业科技职业学院01,137301,20,食品智能加工技术,食品药品类,食品药品与粮食大类,食品智能加工技术,食品类,食品药品与粮食大类,exact
盐城农业科技职业学院,历史,盐城农业科技职业学院01,137301,21,食品质量与安全,食品药品类,食品药品与粮食大类,食品质量与安全,食品类,食品药品与粮食大类,exact
盐城农业科技职业学院,历史,盐城农业科技职业学院01,137301,22,园林工程技术,土木建筑类,土木建筑大类,园林工程技术,建筑设计类,土木建筑大类,exact
盐城农业科技职业学院,历史,盐城农业科技职业学院01,137301,23,高标准农田建设与应用技术,其他专业类,其他,高标准农田建设与应用技术,农业类,农林牧渔大类,exact
盐城农业科技职业学院,历史,盐城农业科技职业学院01,137301,24,园林技术,农林牧渔类,农林牧渔大类,园林技术,林业类,农林牧渔大类,exact
湖南化工职业技术大学,物理,湖南化工职业技术大学02,537802,03,应用化工技术,生物化工类,生物与化工大类,应用化工技术,化工技术类,生物与化工大类,exact
湖南化工职业技术大学,物理,湖南化工职业技术大学02,537802,04,精细化工技术,生物化工类,生物与化工大类,精细化工技术,化工技术类,生物与化工大类,exact
湖南化工职业技术大学,物理,湖南化工职业技术大学02,537802,05,化妆品技术,生物化工类,生物与化工大类,化妆品技术,轻化工类,轻工纺织大类,exact
湖南化工职业技术大学,物理,湖南化工职业技术大学02,537802,06,分析检验技术,生物化工类,生物与化工大类,分析检验技术,化工技术类,生物与化工大类,exact
湖南化工职业技术大学,物理,湖南化工职业技术大学02,537802,07,机电一体化技术,电气自动化类,装备制造大类,机电一体化技术,自动化类,装备制造大类,exact
长春金融高等专科学校,物理,长春金融高等专科学校02,422102,07,金融服务与管理,财经商贸类,财经商贸大类,金融服务与管理,金融类,财经商贸大类,exact
长春金融高等专科学校,物理,长春金融高等专科学校02,422102,08,国际金融,财经商贸类,财经商贸大类,国际金融,金融类,财经商贸大类,exact
长春金融高等专科学校,物理,长春金融高等专科学校02,422102,09,大数据与会计,财务会计类,财经商贸大类,大数据与会计,财务会计类,财经商贸大类,exact
长春金融高等专科学校,物理,长春金融高等专科学校02,422102,10,证券实务,其他专业类,其他,证券实务,金融类,财经商贸大类,exact
江南影视艺术职业学院,物理,江南影视艺术职业学院05,195805,26,空中乘务(与苏州城市学院分段培养项目),航空运输类,交通运输大类,空中乘务,航空运输类,交通运输大类,exact
江南影视艺术职业学院,物理,江南影视艺术职业学院06,195806,27,数字媒体技术(与南通理工学院分段培养项目),计算机类,电子与信息大类,数字媒体技术,计算机类,电子与信息大类,exact
江南影视艺术职业学院,物理,江南影视艺术职业学院07,195807,28,影视编导(与三江学院分段培养项目),文化艺术类,文化艺术大类,影视编导,广播影视类,新闻传播大类,exact
江南影视艺术职业学院,物理,江南影视艺术职业学院08,195808,29,低空飞行器装备技术,其他专业类,其他,低空飞行器装备技术,机电设备类,装备制造大类,exact
江南影视艺术职业学院,物理,江南影视艺术职业学院08,195808,30,无人机应用技术,航空运输类,交通运输大类,无人机应用技术,航空装备类,装备制造大类,exact
江南影视艺术职业学院,物理,江南影视艺术职业学院08,195808,31,高速铁路客运服务,铁道运输类,交通运输大类,高速铁路客运服务,铁道运输类,交通运输大类,exact
江南影视艺术职业学院,物理,江南影视艺术职业学院08,195808,32,空中乘务,航空运输类,交通运输大类,空中乘务,航空运输类,交通运输大类,exact
江南影视艺术职业学院,物理,江南影视艺术职业学院08,195808,33,民航安全技术管理,航空运输类,交通运输大类,民航安全技术管理,航空运输类,交通运输大类,exact
江南影视艺术职业学院,物理,江南影视艺术职业学院08,195808,34,机场运行服务与管理,航空运输类,交通运输大类,机场运行服务与管理,航空运输类,交通运输大类,exact
江南影视艺术职业学院,物理,江南影视艺术职业学院08,195808,35,航空物流管理,航空运输类,交通运输大类,航空物流管理,物流类,财经商贸大类,exact
江南影视艺术职业学院,物理,江南影视艺术职业学院08,195808,36,酒店管理与数字化运营,旅游餐饮类,旅游大类,酒店管理与数字化运营,旅游类,旅游大类,exact
江南影视艺术职业学院,物理,江南影视艺术职业学院08,195808,37,网络营销与直播电商,计算机类,电子与信息大类,网络营销与直播电商,电子商务类,财经商贸大类,exact
江南影视艺术职业学院,物理,江南影视艺术职业学院08,195808,38,网络新闻与传播,计算机类,电子与信息大类,网络新闻与传播,新闻出版类,新闻传播大类,exact
江南影视艺术职业学院,物理,江南影视艺术职业学院08,195808,39,影视编导,文化艺术类,文化艺术大类,影视编导,广播影视类,新闻传播大类,exact
江南影视艺术职业学院,物理,江南影视艺术职业学院08,195808,40,影视多媒体技术,文化艺术类,文化艺术大类,影视多媒体技术,广播影视类,新闻传播大类,exact
江南影视艺术职业学院,物理,江南影视艺术职业学院08,195808,41,摄影摄像技术,文化艺术类,文化艺术大类,摄影摄像技术,广播影视类,新闻传播大类,exact
江南影视艺术职业学院,物理,江南影视艺术职业学院08,195808,42,数字媒体技术,计算机类,电子与信息大类,数字媒体技术,计算机类,电子与信息大类,exact
江南影视艺术职业学院,物理,江南影视艺术职业学院08,195808,43,软件技术,计算机类,电子与信息大类,软件技术,计算机类,电子与信息大类,exact
江南影视艺术职业学院,物理,江南影视艺术职业学院08,195808,44,大数据技术,计算机类,电子与信息大类,大数据技术,计算机类,电子与信息大类,exact
江南影视艺术职业学院,物理,江南影视艺术职业学院08,195808,45,虚拟现实技术应用,计算机类,电子与信息大类,虚拟现实技术应用,计算机类,电子与信息大类,exact
江南影视艺术职业学院,物理,江南影视艺术职业学院08,195808,46,人工智能技术应用,计算机类,电子与信息大类,人工智能技术应用,计算机类,电子与信息大类,exact
江南影视艺术职业学院,物理,江南影视艺术职业学院08,195808,47,动漫制作技术,文化艺术类,文化艺术大类,动漫制作技术,计算机类,电子与信息大类,exact
江南影视艺术职业学院,物理,江南影视艺术职业学院08,195808,48,婴幼儿托育服务与管理,护理医学类,医药卫生大类,婴幼儿托育服务与管理,健康管理与促进类,医药卫生大类,exact
江南影视艺术职业学院,物理,江南影视艺术职业学院08,195808,49,大数据与财务管理,财务会计类,财经商贸大类,大数据与财务管理,财务会计类,财经商贸大类,exact
江南影视艺术职业学院,物理,江南影视艺术职业学院08,195808,50,大数据与会计,财务会计类,财经商贸大类,大数据与会计,财务会计类,财经商贸大类,exact
威海海洋职业学院,物理,威海海洋职业学院02,271902,04,水产养殖技术,农林牧渔类,农林牧渔大类,水产养殖技术,渔业类,农林牧渔大类,exact
威海海洋职业学院,物理,威海海洋职业学院02,271902,05,药品生物技术,其他专业类,其他,药品生物技术,生物技术类,生物与化工大类,exact
威海海洋职业学院,物理,威海海洋职业学院02,271902,06,药品经营与管理,药学类,医药卫生大类,药品经营与管理,药品与医疗器械类,食品药品与粮食大类,exact
广西物流职业技术学院,物理,广西物流职业技术学院01,553401,01,"智能网联汽车技术(报考该专业有色觉要求,具体请查阅院校招生章程)",汽车制造类,装备制造大类,智能网联汽车技术,汽车制造类,装备制造大类,exact
广西物流职业技术学院,物理,广西物流职业技术学院02,553402,02,环境工程技术,资源环境安全类,资源环境与安全大类,环境工程技术,环境保护类,资源环境与安全大类,exact
广西物流职业技术学院,物理,广西物流职业技术学院02,553402,03,环境监测技术,资源环境安全类,资源环境与安全大类,环境监测技术,环境保护类,资源环境与安全大类,exact
山东力明科技职业学院,历史,山东力明科技职业学院01,824601,01,计算机网络技术,计算机类,电子与信息大类,计算机网络技术,计算机类,电子与信息大类,exact
山东力明科技职业学院,历史,山东力明科技职业学院01,824601,02,大数据与会计,财务会计类,财经商贸大类,大数据与会计,财务会计类,财经商贸大类,exact
山东力明科技职业学院,历史,山东力明科技职业学院01,824601,03,药品生物技术,其他专业类,其他,药品生物技术,生物技术类,生物与化工大类,exact
泸州职业技术学院,物理,泸州职业技术学院01,615201,01,机械制造及自动化,电气自动化类,装备制造大类,机械制造及自动化,机械设计制造类,装备制造大类,exact
泸州职业技术学院,物理,泸州职业技术学院01,615201,02,食品质量与安全,食品药品类,食品药品与粮食大类,食品质量与安全,食品类,食品药品与粮食大类,exact
泸州职业技术学院,物理,泸州职业技术学院02,615202,03,酿酒技术,食品药品类,食品药品与粮食大类,酿酒技术,食品类,食品药品与粮食大类,exact
河北能源职业技术学院,物理,河北能源职业技术学院02,332402,02,大数据与会计,财务会计类,财经商贸大类,大数据与会计,财务会计类,财经商贸大类,exact
咸宁职业技术学院,历史,咸宁职业技术学院01,528601,01,业财数据应用与管理,其他专业类,其他,业财数据应用与管理,财务会计类,财经商贸大类,exact
咸宁职业技术学院,历史,咸宁职业技术学院01,528601,02,网络营销与直播电商,计算机类,电子与信息大类,网络营销与直播电商,电子商务类,财经商贸大类,exact
咸宁职业技术学院,历史,咸宁职业技术学院01,528601,03,智慧健康养老服务与管理,公共管理服务类,公共管理与服务大类,智慧健康养老服务与管理,公共服务类,公共管理与服务大类,exact
上海济光职业技术学院,历史,上海济光职业技术学院01,802401,01,建筑设计,土木建筑类,土木建筑大类,建筑设计,建筑设计类,土木建筑大类,exact
上海济光职业技术学院,历史,上海济光职业技术学院01,802401,02,空间数字建模与应用技术,其他专业类,其他,空间数字建模与应用技术,测绘地理信息类,资源环境与安全大类,exact
上海济光职业技术学院,历史,上海济光职业技术学院01,802401,03,工程造价,土木建筑类,土木建筑大类,工程造价,建设工程管理类,土木建筑大类,exact
上海济光职业技术学院,历史,上海济光职业技术学院01,802401,04,无人机应用技术,航空运输类,交通运输大类,无人机应用技术,航空装备类,装备制造大类,exact
上海济光职业技术学院,历史,上海济光职业技术学院01,802401,05,大数据与会计,财务会计类,财经商贸大类,大数据与会计,财务会计类,财经商贸大类,exact
上海济光职业技术学院,历史,上海济光职业技术学院01,802401,06,现代家政服务与管理,公共管理服务类,公共管理与服务大类,现代家政服务与管理,公共服务类,公共管理与服务大类,exact
上海济光职业技术学院,历史,上海济光职业技术学院01,802401,07,计算机网络技术(杨浦校区),计算机类,电子与信息大类,计算机网络技术,计算机类,电子与信息大类,exact
河南测绘职业学院,物理,河南测绘职业学院02,516902,03,国土资源调查与管理,其他专业类,其他,国土资源调查与管理,资源勘查类,资源环境与安全大类,exact
河南测绘职业学院,物理,河南测绘职业学院02,516902,04,测绘地理信息技术,资源环境安全类,资源环境与安全大类,测绘地理信息技术,测绘地理信息类,资源环境与安全大类,exact
江苏商贸职业学院,物理,江苏商贸职业学院08,131408,41,现代物流管理(与常州工学院分段培养项目),财经商贸类,财经商贸大类,现代物流管理,物流类,财经商贸大类,exact
江苏商贸职业学院,物理,江苏商贸职业学院09,131409,42,物联网应用技术(与南京工业职业技术大学分段培养项目),计算机类,电子与信息大类,物联网应用技术,电子信息类,电子与信息大类,exact
江苏商贸职业学院,物理,江苏商贸职业学院10,131410,43,大数据与会计(与南通理工学院分段培养项目),财务会计类,财经商贸大类,大数据与会计,财务会计类,财经商贸大类,exact
江苏商贸职业学院,物理,江苏商贸职业学院11,131411,44,软件技术(与南通理工学院分段培养项目),计算机类,电子与信息大类,软件技术,计算机类,电子与信息大类,exact
江苏商贸职业学院,物理,江苏商贸职业学院12,131412,45,大数据与财务管理(与南京传媒学院分段培养项目),财务会计类,财经商贸大类,大数据与财务管理,财务会计类,财经商贸大类,exact
江苏商贸职业学院,物理,江苏商贸职业学院13,131413,46,旅游管理(与南京传媒学院分段培养项目),旅游餐饮类,旅游大类,旅游管理,旅游类,旅游大类,exact
江苏商贸职业学院,物理,江苏商贸职业学院14,131414,47,大数据与财务管理,财务会计类,财经商贸大类,大数据与财务管理,财务会计类,财经商贸大类,exact
江苏商贸职业学院,物理,江苏商贸职业学院14,131414,48,大数据与会计,财务会计类,财经商贸大类,大数据与会计,财务会计类,财经商贸大类,exact
江苏商贸职业学院,物理,江苏商贸职业学院14,131414,49,大数据与审计,财务会计类,财经商贸大类,大数据与审计,财务会计类,财经商贸大类,exact
江苏商贸职业学院,物理,江苏商贸职业学院14,131414,50,金融服务与管理,财经商贸类,财经商贸大类,金融服务与管理,金融类,财经商贸大类,exact
江苏商贸职业学院,物理,江苏商贸职业学院14,131414,51,业财数据应用与管理,其他专业类,其他,业财数据应用与管理,财务会计类,财经商贸大类,exact
江苏商贸职业学院,物理,江苏商贸职业学院14,131414,52,旅游管理,旅游餐饮类,旅游大类,旅游管理,旅游类,旅游大类,exact
江苏商贸职业学院,物理,江苏商贸职业学院14,131414,53,婴幼儿托育服务与管理,护理医学类,医药卫生大类,婴幼儿托育服务与管理,健康管理与促进类,医药卫生大类,exact
江苏商贸职业学院,物理,江苏商贸职业学院14,131414,54,高速铁路客运服务,铁道运输类,交通运输大类,高速铁路客运服务,铁道运输类,交通运输大类,exact
江苏商贸职业学院,物理,江苏商贸职业学院14,131414,55,空中乘务,航空运输类,交通运输大类,空中乘务,航空运输类,交通运输大类,exact
江苏商贸职业学院,物理,江苏商贸职业学院14,131414,56,研学旅行管理与服务,其他专业类,其他,研学旅行管理与服务,旅游类,旅游大类,exact
江苏商贸职业学院,物理,江苏商贸职业学院14,131414,57,跨境电子商务,财经商贸类,财经商贸大类,跨境电子商务,电子商务类,财经商贸大类,exact
江苏商贸职业学院,物理,江苏商贸职业学院14,131414,58,智慧健康养老服务与管理,公共管理服务类,公共管理与服务大类,智慧健康养老服务与管理,公共服务类,公共管理与服务大类,exact
江苏商贸职业学院,物理,江苏商贸职业学院14,131414,59,国际经济与贸易,财经商贸类,财经商贸大类,国际经济与贸易,经济贸易类,财经商贸大类,exact
江苏商贸职业学院,物理,江苏商贸职业学院14,131414,60,电子商务,财经商贸类,财经商贸大类,电子商务,电子商务类,财经商贸大类,exact
江苏商贸职业学院,物理,江苏商贸职业学院14,131414,61,网络营销与直播电商,计算机类,电子与信息大类,网络营销与直播电商,电子商务类,财经商贸大类,exact
江苏商贸职业学院,物理,江苏商贸职业学院14,131414,62,农村电子商务,财经商贸类,财经商贸大类,农村电子商务,电子商务类,财经商贸大类,exact
江苏商贸职业学院,物理,江苏商贸职业学院14,131414,63,数智营销,其他专业类,其他,数智营销,工商管理类,财经商贸大类,exact
江苏商贸职业学院,物理,江苏商贸职业学院14,131414,64,农产品流通与管理,农林牧渔类,农林牧渔大类,农产品流通与管理,农业类,农林牧渔大类,exact
江苏商贸职业学院,物理,江苏商贸职业学院14,131414,65,现代物流管理,财经商贸类,财经商贸大类,现代物流管理,物流类,财经商贸大类,exact
江苏商贸职业学院,物理,江苏商贸职业学院14,131414,66,供应链运营,其他专业类,其他,供应链运营,物流类,财经商贸大类,exact
江苏商贸职业学院,物理,江苏商贸职业学院14,131414,67,智能物流技术,财经商贸类,财经商贸大类,智能物流技术,物流类,财经商贸大类,exact
江苏商贸职业学院,物理,江苏商贸职业学院14,131414,68,冷链物流技术与管理,财经商贸类,财经商贸大类,冷链物流技术与管理,物流类,财经商贸大类,exact
江苏商贸职业学院,物理,江苏商贸职业学院14,131414,69,低空物流技术与运营,财经商贸类,财经商贸大类,低空物流技术与运营,物流类,财经商贸大类,exact
江苏商贸职业学院,物理,江苏商贸职业学院14,131414,70,电气自动化技术,电气自动化类,装备制造大类,电气自动化技术,自动化类,装备制造大类,exact
江苏商贸职业学院,物理,江苏商贸职业学院14,131414,71,无人机应用技术,航空运输类,交通运输大类,无人机应用技术,航空装备类,装备制造大类,exact
江苏商贸职业学院,物理,江苏商贸职业学院14,131414,72,物联网应用技术,计算机类,电子与信息大类,物联网应用技术,电子信息类,电子与信息大类,exact
江苏商贸职业学院,物理,江苏商贸职业学院14,131414,73,人工智能技术应用,计算机类,电子与信息大类,人工智能技术应用,计算机类,电子与信息大类,exact
江苏商贸职业学院,物理,江苏商贸职业学院14,131414,74,计算机网络技术,计算机类,电子与信息大类,计算机网络技术,计算机类,电子与信息大类,exact
江苏商贸职业学院,物理,江苏商贸职业学院14,131414,75,软件技术,计算机类,电子与信息大类,软件技术,计算机类,电子与信息大类,exact
江苏商贸职业学院,物理,江苏商贸职业学院14,131414,76,大数据技术,计算机类,电子与信息大类,大数据技术,计算机类,电子与信息大类,exact
江苏商贸职业学院,物理,江苏商贸职业学院14,131414,77,集成电路技术,电子信息类,电子与信息大类,集成电路技术,集成电路类,电子与信息大类,exact
江苏商贸职业学院,物理,江苏商贸职业学院14,131414,78,低空智联网技术,其他专业类,其他,低空智联网技术,通信类,电子与信息大类,exact
江苏商贸职业学院,物理,江苏商贸职业学院14,131414,79,工程造价,土木建筑类,土木建筑大类,工程造价,建设工程管理类,土木建筑大类,exact
江苏商贸职业学院,物理,江苏商贸职业学院14,131414,80,动漫制作技术,文化艺术类,文化艺术大类,动漫制作技术,计算机类,电子与信息大类,exact
山东化工职业学院,物理,山东化工职业学院02,275602,02,应用化工技术,生物化工类,生物与化工大类,应用化工技术,化工技术类,生物与化工大类,exact
山东化工职业学院,物理,山东化工职业学院02,275602,03,机电一体化技术,电气自动化类,装备制造大类,机电一体化技术,自动化类,装备制造大类,exact
泰州职业技术学院,物理,泰州职业技术学院02,143102,27,"护理(报考该专业有色觉要求,具体请查阅院校招生章程)",护理医学类,医药卫生大类,护理,护理类,医药卫生大类,exact
泰州职业技术学院,物理,泰州职业技术学院02,143102,28,"助产(报考该专业有色觉要求,具体请查阅院校招生章程)",护理医学类,医药卫生大类,助产,护理类,医药卫生大类,exact
泰州职业技术学院,物理,泰州职业技术学院02,143102,29,"口腔医学技术(报考该专业有色觉要求,具体请查阅院校招生章程)",护理医学类,医药卫生大类,口腔医学技术,医学技术类,医药卫生大类,exact
泰州职业技术学院,物理,泰州职业技术学院02,143102,30,"康复治疗技术(报考该专业有色觉要求,具体请查阅院校招生章程)",护理医学类,医药卫生大类,康复治疗技术,康复治疗类,医药卫生大类,exact
泰州职业技术学院,物理,泰州职业技术学院02,143102,31,"药学(报考该专业有色觉要求,具体请查阅院校招生章程)",药学类,医药卫生大类,药学,药学类,医药卫生大类,exact
泰州职业技术学院,物理,泰州职业技术学院02,143102,32,机电一体化技术,电气自动化类,装备制造大类,机电一体化技术,自动化类,装备制造大类,exact
泰州职业技术学院,物理,泰州职业技术学院02,143102,33,数控技术,机械设计制造类,装备制造大类,数控技术,机械设计制造类,装备制造大类,exact
泰州职业技术学院,物理,泰州职业技术学院02,143102,34,新能源汽车技术,汽车制造类,装备制造大类,新能源汽车技术,汽车制造类,装备制造大类,exact
泰州职业技术学院,物理,泰州职业技术学院02,143102,35,工业机器人技术,电气自动化类,装备制造大类,工业机器人技术,自动化类,装备制造大类,exact
泰州职业技术学院,物理,泰州职业技术学院02,143102,36,智能控制技术,电气自动化类,装备制造大类,智能控制技术,自动化类,装备制造大类,exact
泰州职业技术学院,物理,泰州职业技术学院02,143102,37,机械制造及自动化,电气自动化类,装备制造大类,机械制造及自动化,机械设计制造类,装备制造大类,exact
泰州职业技术学院,物理,泰州职业技术学院02,143102,38,计算机应用技术,计算机类,电子与信息大类,计算机应用技术,计算机类,电子与信息大类,exact
泰州职业技术学院,物理,泰州职业技术学院02,143102,39,电子信息工程技术,电子信息类,电子与信息大类,电子信息工程技术,电子信息类,电子与信息大类,exact
泰州职业技术学院,物理,泰州职业技术学院02,143102,40,软件技术,计算机类,电子与信息大类,软件技术,计算机类,电子与信息大类,exact
泰州职业技术学院,物理,泰州职业技术学院02,143102,41,物联网应用技术,计算机类,电子与信息大类,物联网应用技术,电子信息类,电子与信息大类,exact
泰州职业技术学院,物理,泰州职业技术学院02,143102,42,人工智能技术应用,计算机类,电子与信息大类,人工智能技术应用,计算机类,电子与信息大类,exact
泰州职业技术学院,物理,泰州职业技术学院02,143102,43,电气自动化技术,电气自动化类,装备制造大类,电气自动化技术,自动化类,装备制造大类,exact
泰州职业技术学院,物理,泰州职业技术学院02,143102,44,药品生产技术,药学类,医药卫生大类,药品生产技术,药品与医疗器械类,食品药品与粮食大类,exact
泰州职业技术学院,物理,泰州职业技术学院02,143102,45,药品质量与安全,药学类,医药卫生大类,药品质量与安全,药品与医疗器械类,食品药品与粮食大类,exact
泰州职业技术学院,物理,泰州职业技术学院02,143102,46,药物制剂技术,其他专业类,其他,药物制剂技术,药品与医疗器械类,食品药品与粮食大类,exact
泰州职业技术学院,物理,泰州职业技术学院02,143102,47,生物制药技术,生物化工类,生物与化工大类,生物制药技术,药品与医疗器械类,食品药品与粮食大类,exact
泰州职业技术学院,物理,泰州职业技术学院02,143102,48,中药学,药学类,医药卫生大类,中药学,中医药类,医药卫生大类,exact
泰州职业技术学院,物理,泰州职业技术学院02,143102,49,市场营销,财经商贸类,财经商贸大类,市场营销,工商管理类,财经商贸大类,exact
泰州职业技术学院,物理,泰州职业技术学院02,143102,50,大数据与会计,财务会计类,财经商贸大类,大数据与会计,财务会计类,财经商贸大类,exact
泰州职业技术学院,物理,泰州职业技术学院02,143102,51,电子商务,财经商贸类,财经商贸大类,电子商务,电子商务类,财经商贸大类,exact
泰州职业技术学院,物理,泰州职业技术学院02,143102,52,建筑工程技术,土木建筑类,土木建筑大类,建筑工程技术,土建施工类,土木建筑大类,exact
泰州职业技术学院,物理,泰州职业技术学院02,143102,53,数字媒体技术,计算机类,电子与信息大类,数字媒体技术,计算机类,电子与信息大类,exact
泰州职业技术学院,物理,泰州职业技术学院03,143103,54,机电一体化技术(与南京工业职业技术大学分段培养项目),电气自动化类,装备制造大类,机电一体化技术,自动化类,装备制造大类,exact
泰州职业技术学院,物理,泰州职业技术学院03,143103,55,计算机应用技术(与南京工业职业技术大学分段培养项目),计算机类,电子与信息大类,计算机应用技术,计算机类,电子与信息大类,exact
泰州职业技术学院,物理,泰州职业技术学院03,143103,56,工程造价(与徐州工程学院分段培养项目),土木建筑类,土木建筑大类,工程造价,建设工程管理类,土木建筑大类,exact
泰州职业技术学院,物理,泰州职业技术学院04,143104,57,"口腔医学(报考该专业有色觉要求,具体请查阅院校招生章程)",护理医学类,医药卫生大类,口腔医学,临床医学类,医药卫生大类,exact
河北对外经贸职业学院,物理,河北对外经贸职业学院04,333004,05,应用日语,其他专业类,其他,应用日语,语言类,教育与体育大类,exact
河北对外经贸职业学院,物理,河北对外经贸职业学院05,333005,06,人工智能技术应用,计算机类,电子与信息大类,人工智能技术应用,计算机类,电子与信息大类,exact
河北对外经贸职业学院,物理,河北对外经贸职业学院05,333005,07,融媒体技术与运营,其他专业类,其他,融媒体技术与运营,广播影视类,新闻传播大类,exact
河北对外经贸职业学院,物理,河北对外经贸职业学院06,333006,08,大数据与会计,财务会计类,财经商贸大类,大数据与会计,财务会计类,财经商贸大类,exact
长春师范高等专科学校,历史,长春师范高等专科学校01,424801,01,数字媒体技术,计算机类,电子与信息大类,数字媒体技术,计算机类,电子与信息大类,exact
长春师范高等专科学校,历史,长春师范高等专科学校01,424801,02,健身指导与管理,其他专业类,其他,健身指导与管理,体育类,教育与体育大类,exact
江西环境工程职业学院,物理,江西环境工程职业学院02,253702,04,新能源汽车技术(章贡校区),汽车制造类,装备制造大类,新能源汽车技术,汽车制造类,装备制造大类,exact
江西环境工程职业学院,物理,江西环境工程职业学院02,253702,05,"信息安全技术应用(第一学年在龙南校区学习,第二学年起在章贡校区学习)",计算机类,电子与信息大类,信息安全技术应用,计算机类,电子与信息大类,exact
江西环境工程职业学院,物理,江西环境工程职业学院02,253702,06,电气自动化技术(章贡校区),电气自动化类,装备制造大类,电气自动化技术,自动化类,装备制造大类,exact
山东胜利职业学院,物理,山东胜利职业学院02,261802,14,电气自动化技术,电气自动化类,装备制造大类,电气自动化技术,自动化类,装备制造大类,exact
山东胜利职业学院,物理,山东胜利职业学院02,261802,15,机电一体化技术,电气自动化类,装备制造大类,机电一体化技术,自动化类,装备制造大类,exact
山东胜利职业学院,物理,山东胜利职业学院02,261802,16,计算机应用技术,计算机类,电子与信息大类,计算机应用技术,计算机类,电子与信息大类,exact
山东胜利职业学院,物理,山东胜利职业学院02,261802,17,石油化工技术,生物化工类,生物与化工大类,石油化工技术,化工技术类,生物与化工大类,exact
山东胜利职业学院,物理,山东胜利职业学院02,261802,18,石油工程技术,其他专业类,其他,石油工程技术,石油与天然气类,资源环境与安全大类,exact
山东胜利职业学院,物理,山东胜利职业学院02,261802,19,物联网应用技术,计算机类,电子与信息大类,物联网应用技术,电子信息类,电子与信息大类,exact
山东胜利职业学院,物理,山东胜利职业学院02,261802,20,智能制造装备技术,电气自动化类,装备制造大类,智能制造装备技术,机电设备类,装备制造大类,exact
山东胜利职业学院,物理,山东胜利职业学院02,261802,21,人工智能技术应用,计算机类,电子与信息大类,人工智能技术应用,计算机类,电子与信息大类,exact
山东胜利职业学院,物理,山东胜利职业学院02,261802,22,烹饪工艺与营养,食品药品类,食品药品与粮食大类,烹饪工艺与营养,餐饮类,旅游大类,exact
山东胜利职业学院,物理,山东胜利职业学院02,261802,23,中西面点工艺,其他专业类,其他,中西面点工艺,餐饮类,旅游大类,exact
山东胜利职业学院,物理,山东胜利职业学院02,261802,24,电子商务,财经商贸类,财经商贸大类,电子商务,电子商务类,财经商贸大类,exact
山东胜利职业学院,物理,山东胜利职业学院02,261802,25,油气储运技术,其他专业类,其他,油气储运技术,石油与天然气类,资源环境与安全大类,exact
山东胜利职业学院,物理,山东胜利职业学院02,261802,26,化工自动化技术,电气自动化类,装备制造大类,化工自动化技术,化工技术类,生物与化工大类,exact
湖南化工职业技术大学,历史,湖南化工职业技术大学01,537801,01,化妆品经营与管理,生物化工类,生物与化工大类,化妆品经营与管理,药品与医疗器械类,食品药品与粮食大类,exact
湖南化工职业技术大学,历史,湖南化工职业技术大学01,537801,02,电子商务,财经商贸类,财经商贸大类,电子商务,电子商务类,财经商贸大类,exact
河北化工医药职业技术学院,历史,河北化工医药职业技术学院01,337601,01,电子商务,财经商贸类,财经商贸大类,电子商务,电子商务类,财经商贸大类,exact
河北化工医药职业技术学院,历史,河北化工医药职业技术学院01,337601,02,金融科技应用,财经商贸类,财经商贸大类,金融科技应用,金融类,财经商贸大类,exact
山东胜利职业学院,历史,山东胜利职业学院01,261801,01,电气自动化技术,电气自动化类,装备制造大类,电气自动化技术,自动化类,装备制造大类,exact
山东胜利职业学院,历史,山东胜利职业学院01,261801,02,机电一体化技术,电气自动化类,装备制造大类,机电一体化技术,自动化类,装备制造大类,exact
山东胜利职业学院,历史,山东胜利职业学院01,261801,03,计算机应用技术,计算机类,电子与信息大类,计算机应用技术,计算机类,电子与信息大类,exact
山东胜利职业学院,历史,山东胜利职业学院01,261801,04,石油化工技术,生物化工类,生物与化工大类,石油化工技术,化工技术类,生物与化工大类,exact
山东胜利职业学院,历史,山东胜利职业学院01,261801,05,石油工程技术,其他专业类,其他,石油工程技术,石油与天然气类,资源环境与安全大类,exact
山东胜利职业学院,历史,山东胜利职业学院01,261801,06,物联网应用技术,计算机类,电子与信息大类,物联网应用技术,电子信息类,电子与信息大类,exact
山东胜利职业学院,历史,山东胜利职业学院01,261801,07,智能制造装备技术,电气自动化类,装备制造大类,智能制造装备技术,机电设备类,装备制造大类,exact
山东胜利职业学院,历史,山东胜利职业学院01,261801,08,人工智能技术应用,计算机类,电子与信息大类,人工智能技术应用,计算机类,电子与信息大类,exact
山东胜利职业学院,历史,山东胜利职业学院01,261801,09,烹饪工艺与营养,食品药品类,食品药品与粮食大类,烹饪工艺与营养,餐饮类,旅游大类,exact
山东胜利职业学院,历史,山东胜利职业学院01,261801,10,中西面点工艺,其他专业类,其他,中西面点工艺,餐饮类,旅游大类,exact
山东胜利职业学院,历史,山东胜利职业学院01,261801,11,电子商务,财经商贸类,财经商贸大类,电子商务,电子商务类,财经商贸大类,exact
山东胜利职业学院,历史,山东胜利职业学院01,261801,12,油气储运技术,其他专业类,其他,油气储运技术,石油与天然气类,资源环境与安全大类,exact
山东胜利职业学院,历史,山东胜利职业学院01,261801,13,化工自动化技术,电气自动化类,装备制造大类,化工自动化技术,化工技术类,生物与化工大类,exact
湖南商务职业技术学院,物理,湖南商务职业技术学院01,531501,01,电子商务(商务校区),财经商贸类,财经商贸大类,电子商务,电子商务类,财经商贸大类,exact
湖南商务职业技术学院,物理,湖南商务职业技术学院01,531501,02,移动互联应用技术(商务校区),其他专业类,其他,移动互联应用技术,电子信息类,电子与信息大类,exact
江西机电职业技术学院,历史,江西机电职业技术学院01,256901,01,光伏工程技术,能源动力与材料类,能源动力与材料大类,光伏工程技术,新能源发电工程类,能源动力与材料大类,exact
江西机电职业技术学院,历史,江西机电职业技术学院01,256901,02,工业设计,文化艺术类,文化艺术大类,工业设计,机械设计制造类,装备制造大类,exact
江西机电职业技术学院,历史,江西机电职业技术学院01,256901,03,工业机器人技术,电气自动化类,装备制造大类,工业机器人技术,自动化类,装备制造大类,exact
江西机电职业技术学院,历史,江西机电职业技术学院01,256901,04,电气自动化技术,电气自动化类,装备制造大类,电气自动化技术,自动化类,装备制造大类,exact
江西机电职业技术学院,历史,江西机电职业技术学院01,256901,05,新能源汽车技术(下罗校区),汽车制造类,装备制造大类,新能源汽车技术,汽车制造类,装备制造大类,exact
江西机电职业技术学院,历史,江西机电职业技术学院01,256901,06,汽车技术服务与营销(下罗校区),汽车制造类,装备制造大类,汽车技术服务与营销,道路运输类,交通运输大类,exact
江西机电职业技术学院,历史,江西机电职业技术学院01,256901,07,智能产品开发与应用,电子信息类,电子与信息大类,智能产品开发与应用,电子信息类,电子与信息大类,exact
江西机电职业技术学院,历史,江西机电职业技术学院01,256901,08,数字媒体技术,计算机类,电子与信息大类,数字媒体技术,计算机类,电子与信息大类,exact
江西机电职业技术学院,历史,江西机电职业技术学院01,256901,09,集成电路技术,电子信息类,电子与信息大类,集成电路技术,集成电路类,电子与信息大类,exact
武汉光谷职业学院,物理,武汉光谷职业学院02,859702,06,新能源装备技术,能源动力与材料类,能源动力与材料大类,新能源装备技术,机电设备类,装备制造大类,exact
武汉光谷职业学院,物理,武汉光谷职业学院02,859702,07,机电一体化技术(无人机装配调试与检修方向),电气自动化类,装备制造大类,机电一体化技术,自动化类,装备制造大类,exact
武汉光谷职业学院,物理,武汉光谷职业学院02,859702,08,智能控制技术,电气自动化类,装备制造大类,智能控制技术,自动化类,装备制造大类,exact
武汉光谷职业学院,物理,武汉光谷职业学院02,859702,09,电子信息工程技术,电子信息类,电子与信息大类,电子信息工程技术,电子信息类,电子与信息大类,exact
武汉光谷职业学院,物理,武汉光谷职业学院02,859702,10,人工智能技术应用,计算机类,电子与信息大类,人工智能技术应用,计算机类,电子与信息大类,exact
湖南城建职业技术学院,历史,湖南城建职业技术学院01,531701,01,工程造价(高新校区),土木建筑类,土木建筑大类,工程造价,建设工程管理类,土木建筑大类,exact
湖南城建职业技术学院,历史,湖南城建职业技术学院02,531702,02,水利水电建筑工程(高新校区),土木建筑类,土木建筑大类,水利水电建筑工程,水利工程与管理类,水利大类,exact
江苏航运职业技术学院,物理,江苏航运职业技术学院08,131108,33,"航海技术(报考该专业有色觉要求,具体请查阅院校招生章程)",航海运输类,交通运输大类,航海技术,水上运输类,交通运输大类,exact
江苏航运职业技术学院,物理,江苏航运职业技术学院08,131108,34,"轮机工程技术(报考该专业有色觉要求,具体请查阅院校招生章程)",航海运输类,交通运输大类,轮机工程技术,水上运输类,交通运输大类,exact
山东现代学院,物理,山东现代学院05,821705,20,计算机应用技术,计算机类,电子与信息大类,计算机应用技术,计算机类,电子与信息大类,exact
山东现代学院,物理,山东现代学院05,821705,21,计算机网络技术,计算机类,电子与信息大类,计算机网络技术,计算机类,电子与信息大类,exact
山东现代学院,物理,山东现代学院05,821705,22,大数据与会计,财务会计类,财经商贸大类,大数据与会计,财务会计类,财经商贸大类,exact
山东现代学院,物理,山东现代学院05,821705,23,电子商务,财经商贸类,财经商贸大类,电子商务,电子商务类,财经商贸大类,exact
山东现代学院,物理,山东现代学院05,821705,24,机电一体化技术,电气自动化类,装备制造大类,机电一体化技术,自动化类,装备制造大类,exact
山东现代学院,物理,山东现代学院05,821705,25,工程造价,土木建筑类,土木建筑大类,工程造价,建设工程管理类,土木建筑大类,exact
山东现代学院,物理,山东现代学院05,821705,26,建筑工程技术,土木建筑类,土木建筑大类,建筑工程技术,土建施工类,土木建筑大类,exact
山东现代学院,物理,山东现代学院05,821705,27,汽车制造与试验技术,机械设计制造类,装备制造大类,汽车制造与试验技术,汽车制造类,装备制造大类,exact
天津国土资源和房屋职业学院,历史,天津国土资源和房屋职业学院01,324101,01,宝玉石鉴定与加工,资源环境安全类,资源环境与安全大类,宝玉石鉴定与加工,资源勘查类,资源环境与安全大类,exact
天津国土资源和房屋职业学院,历史,天津国土资源和房屋职业学院01,324101,02,建筑设计,土木建筑类,土木建筑大类,建筑设计,建筑设计类,土木建筑大类,exact
天津国土资源和房屋职业学院,历史,天津国土资源和房屋职业学院01,324101,03,工程造价,土木建筑类,土木建筑大类,工程造价,建设工程管理类,土木建筑大类,exact
天津国土资源和房屋职业学院,历史,天津国土资源和房屋职业学院01,324101,04,电梯工程技术,电气自动化类,装备制造大类,电梯工程技术,机电设备类,装备制造大类,exact
南通师范高等专科学校,物理,南通师范高等专科学校05,131505,20,早期教育(师范)(如皋校区),教育体育类,教育与体育大类,早期教育,教育类,教育与体育大类,exact
南通师范高等专科学校,物理,南通师范高等专科学校05,131505,21,现代家政服务与管理(如皋校区),公共管理服务类,公共管理与服务大类,现代家政服务与管理,公共服务类,公共管理与服务大类,exact
南通师范高等专科学校,物理,南通师范高等专科学校05,131505,22,大数据与财务管理,财务会计类,财经商贸大类,大数据与财务管理,财务会计类,财经商贸大类,exact
南通师范高等专科学校,物理,南通师范高等专科学校05,131505,23,商务英语,教育体育类,教育与体育大类,商务英语,语言类,教育与体育大类,exact
南通师范高等专科学校,物理,南通师范高等专科学校05,131505,24,电子商务,财经商贸类,财经商贸大类,电子商务,电子商务类,财经商贸大类,exact
南通师范高等专科学校,物理,南通师范高等专科学校05,131505,25,大数据与会计,财务会计类,财经商贸大类,大数据与会计,财务会计类,财经商贸大类,exact
南通师范高等专科学校,物理,南通师范高等专科学校05,131505,26,国际经济与贸易,财经商贸类,财经商贸大类,国际经济与贸易,经济贸易类,财经商贸大类,exact
南通师范高等专科学校,物理,南通师范高等专科学校05,131505,27,大数据技术,计算机类,电子与信息大类,大数据技术,计算机类,电子与信息大类,exact
南通师范高等专科学校,物理,南通师范高等专科学校05,131505,28,计算机应用技术,计算机类,电子与信息大类,计算机应用技术,计算机类,电子与信息大类,exact
南通师范高等专科学校,物理,南通师范高等专科学校05,131505,29,计算机网络技术,计算机类,电子与信息大类,计算机网络技术,计算机类,电子与信息大类,exact
南通师范高等专科学校,物理,南通师范高等专科学校05,131505,30,电信服务与管理,其他专业类,其他,电信服务与管理,通信类,电子与信息大类,exact
南通师范高等专科学校,物理,南通师范高等专科学校05,131505,31,云计算技术应用,计算机类,电子与信息大类,云计算技术应用,计算机类,电子与信息大类,exact
南通师范高等专科学校,物理,南通师范高等专科学校05,131505,32,融媒体技术与运营,其他专业类,其他,融媒体技术与运营,广播影视类,新闻传播大类,exact
南通师范高等专科学校,物理,南通师范高等专科学校05,131505,33,人工智能数据工程技术,计算机类,电子与信息大类,人工智能数据工程技术,计算机类,电子与信息大类,exact
南通师范高等专科学校,物理,南通师范高等专科学校05,131505,34,音乐教育(师范),文化艺术类,文化艺术大类,音乐教育,教育类,教育与体育大类,exact
南通师范高等专科学校,物理,南通师范高等专科学校05,131505,35,"美术教育(师范)(报考该专业有色觉要求,具体请查阅院校招生章程)",文化艺术类,文化艺术大类,美术教育,教育类,教育与体育大类,exact
南通师范高等专科学校,物理,南通师范高等专科学校06,131506,36,小学数学教育(与江苏第二师范学院分段培养项目)(师范)(崇川校区),其他专业类,其他,小学数学教育,教育类,教育与体育大类,exact
南通师范高等专科学校,物理,南通师范高等专科学校07,131507,37,电子商务(与南通理工学院分段培养项目)(开发区校区),财经商贸类,财经商贸大类,电子商务,电子商务类,财经商贸大类,exact
南通师范高等专科学校,物理,南通师范高等专科学校08,131508,38,大数据技术(与南通理工学院分段培养项目)(开发区校区),计算机类,电子与信息大类,大数据技术,计算机类,电子与信息大类,exact
南通师范高等专科学校,物理,南通师范高等专科学校09,131509,39,大数据与财务管理(与南通理工学院分段培养项目)(开发区校区),财务会计类,财经商贸大类,大数据与财务管理,财务会计类,财经商贸大类,exact
江西工业工程职业技术学院,物理,江西工业工程职业技术学院03,259303,06,数字化设计与制造技术,机械设计制造类,装备制造大类,数字化设计与制造技术,机械设计制造类,装备制造大类,exact
江西工业工程职业技术学院,物理,江西工业工程职业技术学院03,259303,07,增材制造技术,机械设计制造类,装备制造大类,增材制造技术,机械设计制造类,装备制造大类,exact
江西工业工程职业技术学院,物理,江西工业工程职业技术学院03,259303,08,机电一体化技术,电气自动化类,装备制造大类,机电一体化技术,自动化类,装备制造大类,exact
江西工业工程职业技术学院,物理,江西工业工程职业技术学院03,259303,09,新能源汽车技术,汽车制造类,装备制造大类,新能源汽车技术,汽车制造类,装备制造大类,exact
江西工业工程职业技术学院,物理,江西工业工程职业技术学院04,259304,10,物联网应用技术(中外合作办学)(校本部),计算机类,电子与信息大类,物联网应用技术,电子信息类,电子与信息大类,exact
河北化工医药职业技术学院,物理,河北化工医药职业技术学院02,337602,03,化工智能制造技术,电气自动化类,装备制造大类,化工智能制造技术,化工技术类,生物与化工大类,exact
河北化工医药职业技术学院,物理,河北化工医药职业技术学院02,337602,04,分析检验技术,生物化工类,生物与化工大类,分析检验技术,化工技术类,生物与化工大类,exact
河北化工医药职业技术学院,物理,河北化工医药职业技术学院02,337602,05,智能机器人技术,其他专业类,其他,智能机器人技术,自动化类,装备制造大类,exact
江西交通职业技术学院,物理,江西交通职业技术学院02,256502,04,"城市轨道交通供配电技术(新建区校区)(报考该专业有色觉等要求,具体请查阅院校招生章程)",铁道运输类,交通运输大类,城市轨道交通供配电技术,城市轨道交通类,交通运输大类,exact
江西交通职业技术学院,物理,江西交通职业技术学院02,256502,05,道路与桥梁工程技术(新建区校区),土木建筑类,土木建筑大类,道路与桥梁工程技术,道路运输类,交通运输大类,exact
江西交通职业技术学院,物理,江西交通职业技术学院02,256502,06,软件技术(经开区校区),计算机类,电子与信息大类,软件技术,计算机类,电子与信息大类,exact
上海邦德职业技术学院,历史,上海邦德职业技术学院01,802601,01,大数据与会计,财务会计类,财经商贸大类,大数据与会计,财务会计类,财经商贸大类,exact
上海邦德职业技术学院,历史,上海邦德职业技术学院01,802601,02,跨境电子商务,财经商贸类,财经商贸大类,跨境电子商务,电子商务类,财经商贸大类,exact
上海邦德职业技术学院,历史,上海邦德职业技术学院01,802601,03,数字媒体技术,计算机类,电子与信息大类,数字媒体技术,计算机类,电子与信息大类,exact
江西建设职业技术学院,历史,江西建设职业技术学院01,256401,01,无人机测绘技术,资源环境安全类,资源环境与安全大类,无人机测绘技术,测绘地理信息类,资源环境与安全大类,exact
江西建设职业技术学院,历史,江西建设职业技术学院01,256401,02,工程造价,土木建筑类,土木建筑大类,工程造价,建设工程管理类,土木建筑大类,exact
江西建设职业技术学院,历史,江西建设职业技术学院01,256401,03,工业机器人技术(经开校区),电气自动化类,装备制造大类,工业机器人技术,自动化类,装备制造大类,exact
江西建设职业技术学院,历史,江西建设职业技术学院01,256401,04,家具设计与制造,机械设计制造类,装备制造大类,家具设计与制造,轻化工类,轻工纺织大类,exact
江西建设职业技术学院,历史,江西建设职业技术学院01,256401,05,城市轨道交通运营管理,铁道运输类,交通运输大类,城市轨道交通运营管理,城市轨道交通类,交通运输大类,exact
江西建设职业技术学院,历史,江西建设职业技术学院01,256401,06,物联网应用技术(经开校区),计算机类,电子与信息大类,物联网应用技术,电子信息类,电子与信息大类,exact
河南测绘职业学院,历史,河南测绘职业学院01,516901,01,国土资源调查与管理,其他专业类,其他,国土资源调查与管理,资源勘查类,资源环境与安全大类,exact
河南测绘职业学院,历史,河南测绘职业学院01,516901,02,测绘地理信息技术,资源环境安全类,资源环境与安全大类,测绘地理信息技术,测绘地理信息类,资源环境与安全大类,exact
濮阳石油化工职业技术学院,物理,濮阳石油化工职业技术学院01,513801,01,材料工程技术,能源动力与材料类,能源动力与材料大类,材料工程技术,非金属材料类,能源动力与材料大类,exact
濮阳石油化工职业技术学院,物理,濮阳石油化工职业技术学院01,513801,02,高分子材料智能制造技术,电气自动化类,装备制造大类,高分子材料智能制造技术,非金属材料类,能源动力与材料大类,exact
濮阳石油化工职业技术学院,物理,濮阳石油化工职业技术学院01,513801,03,复合材料智能制造技术,电气自动化类,装备制造大类,复合材料智能制造技术,非金属材料类,能源动力与材料大类,exact
濮阳石油化工职业技术学院,物理,濮阳石油化工职业技术学院01,513801,04,石油化工技术,生物化工类,生物与化工大类,石油化工技术,化工技术类,生物与化工大类,exact
濮阳石油化工职业技术学院,物理,濮阳石油化工职业技术学院01,513801,05,现代物流管理,财经商贸类,财经商贸大类,现代物流管理,物流类,财经商贸大类,exact
北京培黎职业学院,物理,北京培黎职业学院02,828602,03,人工智能技术应用,计算机类,电子与信息大类,人工智能技术应用,计算机类,电子与信息大类,exact
桂林旅游学院,物理,桂林旅游学院06,552206,06,西式烹饪工艺,食品药品类,食品药品与粮食大类,西式烹饪工艺,餐饮类,旅游大类,exact
桂林旅游学院,物理,桂林旅游学院06,552206,07,烹饪工艺与营养,食品药品类,食品药品与粮食大类,烹饪工艺与营养,餐饮类,旅游大类,exact
重庆科创职业学院,历史,重庆科创职业学院01,882901,01,计算机应用技术(中外合作办学)(报考该专业须详询院校),计算机类,电子与信息大类,计算机应用技术,计算机类,电子与信息大类,exact
重庆科创职业学院,历史,重庆科创职业学院02,882902,02,宠物医疗技术,农林牧渔类,农林牧渔大类,宠物医疗技术,畜牧业类,农林牧渔大类,exact
济源职业技术学院,物理,济源职业技术学院02,512102,03,新能源汽车技术(高新校区),汽车制造类,装备制造大类,新能源汽车技术,汽车制造类,装备制造大类,exact
济源职业技术学院,物理,济源职业技术学院02,512102,04,高速铁路客运服务(高新校区),铁道运输类,交通运输大类,高速铁路客运服务,铁道运输类,交通运输大类,exact
苏州工业园区职业技术学院,历史,苏州工业园区职业技术学院01,196801,01,电子商务(与无锡太湖学院分段培养项目),财经商贸类,财经商贸大类,电子商务,电子商务类,财经商贸大类,exact
苏州工业园区职业技术学院,历史,苏州工业园区职业技术学院02,196802,02,机电一体化技术,电气自动化类,装备制造大类,机电一体化技术,自动化类,装备制造大类,exact
苏州工业园区职业技术学院,历史,苏州工业园区职业技术学院02,196802,03,智能机电技术,其他专业类,其他,智能机电技术,自动化类,装备制造大类,exact
苏州工业园区职业技术学院,历史,苏州工业园区职业技术学院02,196802,04,工业机器人技术,电气自动化类,装备制造大类,工业机器人技术,自动化类,装备制造大类,exact
苏州工业园区职业技术学院,历史,苏州工业园区职业技术学院02,196802,05,汽车检测与维修技术,汽车制造类,装备制造大类,汽车检测与维修技术,道路运输类,交通运输大类,exact
苏州工业园区职业技术学院,历史,苏州工业园区职业技术学院02,196802,06,智能网联汽车技术,汽车制造类,装备制造大类,智能网联汽车技术,汽车制造类,装备制造大类,exact
苏州工业园区职业技术学院,历史,苏州工业园区职业技术学院02,196802,07,机械设计与制造,机械设计制造类,装备制造大类,机械设计与制造,机械设计制造类,装备制造大类,exact
苏州工业园区职业技术学院,历史,苏州工业园区职业技术学院02,196802,08,数控技术,机械设计制造类,装备制造大类,数控技术,机械设计制造类,装备制造大类,exact
苏州工业园区职业技术学院,历史,苏州工业园区职业技术学院02,196802,09,模具设计与制造,机械设计制造类,装备制造大类,模具设计与制造,机械设计制造类,装备制造大类,exact
苏州工业园区职业技术学院,历史,苏州工业园区职业技术学院02,196802,10,电气自动化技术,电气自动化类,装备制造大类,电气自动化技术,自动化类,装备制造大类,exact
苏州工业园区职业技术学院,历史,苏州工业园区职业技术学院02,196802,11,电子信息工程技术,电子信息类,电子与信息大类,电子信息工程技术,电子信息类,电子与信息大类,exact
苏州工业园区职业技术学院,历史,苏州工业园区职业技术学院02,196802,12,集成电路技术,电子信息类,电子与信息大类,集成电路技术,集成电路类,电子与信息大类,exact
苏州工业园区职业技术学院,历史,苏州工业园区职业技术学院02,196802,13,微电子技术,电子信息类,电子与信息大类,微电子技术,集成电路类,电子与信息大类,exact
苏州工业园区职业技术学院,历史,苏州工业园区职业技术学院02,196802,14,城市轨道交通通信信号技术,铁道运输类,交通运输大类,城市轨道交通通信信号技术,城市轨道交通类,交通运输大类,exact
苏州工业园区职业技术学院,历史,苏州工业园区职业技术学院02,196802,15,计算机网络技术,计算机类,电子与信息大类,计算机网络技术,计算机类,电子与信息大类,exact
苏州工业园区职业技术学院,历史,苏州工业园区职业技术学院02,196802,16,软件技术,计算机类,电子与信息大类,软件技术,计算机类,电子与信息大类,exact
苏州工业园区职业技术学院,历史,苏州工业园区职业技术学院02,196802,17,人工智能技术应用,计算机类,电子与信息大类,人工智能技术应用,计算机类,电子与信息大类,exact
苏州工业园区职业技术学院,历史,苏州工业园区职业技术学院02,196802,18,物联网应用技术,计算机类,电子与信息大类,物联网应用技术,电子信息类,电子与信息大类,exact
苏州工业园区职业技术学院,历史,苏州工业园区职业技术学院02,196802,19,药品生物技术,其他专业类,其他,药品生物技术,生物技术类,生物与化工大类,exact
苏州工业园区职业技术学院,历史,苏州工业园区职业技术学院02,196802,20,市场营销,财经商贸类,财经商贸大类,市场营销,工商管理类,财经商贸大类,exact
苏州工业园区职业技术学院,历史,苏州工业园区职业技术学院02,196802,21,智能物流技术,财经商贸类,财经商贸大类,智能物流技术,物流类,财经商贸大类,exact
苏州工业园区职业技术学院,历史,苏州工业园区职业技术学院02,196802,22,旅游管理,旅游餐饮类,旅游大类,旅游管理,旅游类,旅游大类,exact
苏州工业园区职业技术学院,历史,苏州工业园区职业技术学院02,196802,23,金融科技应用,财经商贸类,财经商贸大类,金融科技应用,金融类,财经商贸大类,exact
苏州工业园区职业技术学院,历史,苏州工业园区职业技术学院02,196802,24,大数据与会计,财务会计类,财经商贸大类,大数据与会计,财务会计类,财经商贸大类,exact
苏州工业园区职业技术学院,历史,苏州工业园区职业技术学院02,196802,25,国际经济与贸易,财经商贸类,财经商贸大类,国际经济与贸易,经济贸易类,财经商贸大类,exact
苏州工业园区职业技术学院,历史,苏州工业园区职业技术学院02,196802,26,商务英语(只招英语考生),教育体育类,教育与体育大类,商务英语,语言类,教育与体育大类,exact
苏州工业园区职业技术学院,历史,苏州工业园区职业技术学院02,196802,27,建筑装饰工程技术,土木建筑类,土木建筑大类,建筑装饰工程技术,建筑设计类,土木建筑大类,exact
苏州工业园区职业技术学院,历史,苏州工业园区职业技术学院02,196802,28,建筑工程技术,土木建筑类,土木建筑大类,建筑工程技术,土建施工类,土木建筑大类,exact
苏州工业园区职业技术学院,历史,苏州工业园区职业技术学院02,196802,29,工程造价,土木建筑类,土木建筑大类,工程造价,建设工程管理类,土木建筑大类,exact
苏州工业园区职业技术学院,历史,苏州工业园区职业技术学院02,196802,30,风景园林设计,土木建筑类,土木建筑大类,风景园林设计,建筑设计类,土木建筑大类,exact
苏州工业园区职业技术学院,历史,苏州工业园区职业技术学院02,196802,31,数字媒体技术,计算机类,电子与信息大类,数字媒体技术,计算机类,电子与信息大类,exact
河南工业贸易职业学院,历史,河南工业贸易职业学院01,516501,01,大数据与财务管理,财务会计类,财经商贸大类,大数据与财务管理,财务会计类,财经商贸大类,exact
随州职业技术学院,历史,随州职业技术学院01,529901,01,研学旅行管理与服务,其他专业类,其他,研学旅行管理与服务,旅游类,旅游大类,exact
随州职业技术学院,历史,随州职业技术学院01,529901,02,大数据与会计,财务会计类,财经商贸大类,大数据与会计,财务会计类,财经商贸大类,exact
随州职业技术学院,历史,随州职业技术学院01,529901,03,工程造价,土木建筑类,土木建筑大类,工程造价,建设工程管理类,土木建筑大类,exact
随州职业技术学院,历史,随州职业技术学院01,529901,04,工业机器人技术,电气自动化类,装备制造大类,工业机器人技术,自动化类,装备制造大类,exact
随州职业技术学院,历史,随州职业技术学院01,529901,05,新能源汽车技术,汽车制造类,装备制造大类,新能源汽车技术,汽车制造类,装备制造大类,exact
枣庄科技职业学院,历史,枣庄科技职业学院01,266501,01,计算机应用技术,计算机类,电子与信息大类,计算机应用技术,计算机类,电子与信息大类,exact
枣庄科技职业学院,历史,枣庄科技职业学院01,266501,02,装配式建筑工程技术,土木建筑类,土木建筑大类,装配式建筑工程技术,土建施工类,土木建筑大类,exact
枣庄科技职业学院,历史,枣庄科技职业学院01,266501,03,现代物流管理,财经商贸类,财经商贸大类,现代物流管理,物流类,财经商贸大类,exact
枣庄科技职业学院,历史,枣庄科技职业学院01,266501,04,运动健康指导,教育体育类,教育与体育大类,运动健康指导,体育类,教育与体育大类,exact
西安工商学院,历史,西安工商学院02,891402,06,智能机器人技术,其他专业类,其他,智能机器人技术,自动化类,装备制造大类,exact
西安工商学院,历史,西安工商学院02,891402,07,集成电路技术,电子信息类,电子与信息大类,集成电路技术,集成电路类,电子与信息大类,exact
西安工商学院,历史,西安工商学院02,891402,08,中文,其他专业类,其他,中文,语言类,教育与体育大类,exact
西安工商学院,历史,西安工商学院02,891402,09,大数据与财务管理,财务会计类,财经商贸大类,大数据与财务管理,财务会计类,财经商贸大类,exact
西安工商学院,历史,西安工商学院02,891402,10,跨境电子商务,财经商贸类,财经商贸大类,跨境电子商务,电子商务类,财经商贸大类,exact
西安工商学院,历史,西安工商学院02,891402,11,网络新闻与传播,计算机类,电子与信息大类,网络新闻与传播,新闻出版类,新闻传播大类,exact
西安工商学院,历史,西安工商学院02,891402,12,大数据与会计,财务会计类,财经商贸大类,大数据与会计,财务会计类,财经商贸大类,exact
西安工商学院,历史,西安工商学院02,891402,13,人力资源管理,公共管理服务类,公共管理与服务大类,人力资源管理,公共管理类,公共管理与服务大类,exact
西安工商学院,历史,西安工商学院02,891402,14,数字媒体技术,计算机类,电子与信息大类,数字媒体技术,计算机类,电子与信息大类,exact
山西职业技术学院,物理,山西职业技术学院02,342502,06,工程造价(综改区校区),土木建筑类,土木建筑大类,工程造价,建设工程管理类,土木建筑大类,exact
山西职业技术学院,物理,山西职业技术学院02,342502,07,大数据与会计(综改区校区),财务会计类,财经商贸大类,大数据与会计,财务会计类,财经商贸大类,exact
山西职业技术学院,物理,山西职业技术学院02,342502,08,建筑室内设计(南中环校区),土木建筑类,土木建筑大类,建筑室内设计,建筑设计类,土木建筑大类,exact
山西职业技术学院,物理,山西职业技术学院02,342502,09,计算机应用技术(长风校区),计算机类,电子与信息大类,计算机应用技术,计算机类,电子与信息大类,exact
山西职业技术学院,物理,山西职业技术学院02,342502,10,大数据技术(长风校区),计算机类,电子与信息大类,大数据技术,计算机类,电子与信息大类,exact
重庆建筑科技职业学院,物理,重庆建筑科技职业学院02,882702,04,工业机器人技术,电气自动化类,装备制造大类,工业机器人技术,自动化类,装备制造大类,exact
重庆建筑科技职业学院,物理,重庆建筑科技职业学院02,882702,05,无人机应用技术,航空运输类,交通运输大类,无人机应用技术,航空装备类,装备制造大类,exact
重庆建筑科技职业学院,物理,重庆建筑科技职业学院02,882702,06,物联网应用技术,计算机类,电子与信息大类,物联网应用技术,电子信息类,电子与信息大类,exact
重庆建筑科技职业学院,物理,重庆建筑科技职业学院02,882702,07,人工智能数据工程技术,计算机类,电子与信息大类,人工智能数据工程技术,计算机类,电子与信息大类,exact
重庆建筑科技职业学院,物理,重庆建筑科技职业学院02,882702,08,数字媒体技术,计算机类,电子与信息大类,数字媒体技术,计算机类,电子与信息大类,exact
重庆建筑科技职业学院,物理,重庆建筑科技职业学院03,882703,09,新能源汽车技术(中外合作办学)(大学城校区),汽车制造类,装备制造大类,新能源汽车技术,汽车制造类,装备制造大类,exact
钟山职业技术学院,物理,钟山职业技术学院09,195009,32,护理(与南通理工学院分段培养项目),护理医学类,医药卫生大类,护理,护理类,医药卫生大类,exact
钟山职业技术学院,物理,钟山职业技术学院10,195010,33,大数据与会计(与南通理工学院分段培养项目),财务会计类,财经商贸大类,大数据与会计,财务会计类,财经商贸大类,exact
钟山职业技术学院,物理,钟山职业技术学院11,195011,34,机电一体化技术(与南通理工学院分段培养项目),电气自动化类,装备制造大类,机电一体化技术,自动化类,装备制造大类,exact
钟山职业技术学院,物理,钟山职业技术学院12,195012,35,护理,护理医学类,医药卫生大类,护理,护理类,医药卫生大类,exact
钟山职业技术学院,物理,钟山职业技术学院13,195013,36,食品营养与健康,食品药品类,食品药品与粮食大类,食品营养与健康,食品类,食品药品与粮食大类,exact
钟山职业技术学院,物理,钟山职业技术学院13,195013,37,药学,药学类,医药卫生大类,药学,药学类,医药卫生大类,exact
钟山职业技术学院,物理,钟山职业技术学院13,195013,38,中药学,药学类,医药卫生大类,中药学,中医药类,医药卫生大类,exact
钟山职业技术学院,物理,钟山职业技术学院13,195013,39,中医康复技术,护理医学类,医药卫生大类,中医康复技术,中医药类,医药卫生大类,exact
钟山职业技术学院,物理,钟山职业技术学院13,195013,40,康复治疗技术,护理医学类,医药卫生大类,康复治疗技术,康复治疗类,医药卫生大类,exact
钟山职业技术学院,物理,钟山职业技术学院13,195013,41,体育保健与康复,教育体育类,教育与体育大类,体育保健与康复,体育类,教育与体育大类,exact
钟山职业技术学院,物理,钟山职业技术学院13,195013,42,现代家政服务与管理,公共管理服务类,公共管理与服务大类,现代家政服务与管理,公共服务类,公共管理与服务大类,exact
钟山职业技术学院,物理,钟山职业技术学院13,195013,43,智慧健康养老服务与管理,公共管理服务类,公共管理与服务大类,智慧健康养老服务与管理,公共服务类,公共管理与服务大类,exact
钟山职业技术学院,物理,钟山职业技术学院14,195014,44,政府采购管理,其他专业类,其他,政府采购管理,财政税务类,财经商贸大类,exact
钟山职业技术学院,物理,钟山职业技术学院14,195014,45,大数据与会计,财务会计类,财经商贸大类,大数据与会计,财务会计类,财经商贸大类,exact
钟山职业技术学院,物理,钟山职业技术学院14,195014,46,大数据与审计,财务会计类,财经商贸大类,大数据与审计,财务会计类,财经商贸大类,exact
钟山职业技术学院,物理,钟山职业技术学院14,195014,47,数智营销,其他专业类,其他,数智营销,工商管理类,财经商贸大类,exact
钟山职业技术学院,物理,钟山职业技术学院14,195014,48,电子商务,财经商贸类,财经商贸大类,电子商务,电子商务类,财经商贸大类,exact
钟山职业技术学院,物理,钟山职业技术学院14,195014,49,旅游管理,旅游餐饮类,旅游大类,旅游管理,旅游类,旅游大类,exact
钟山职业技术学院,物理,钟山职业技术学院15,195015,50,建筑室内设计,土木建筑类,土木建筑大类,建筑室内设计,建筑设计类,土木建筑大类,exact
钟山职业技术学院,物理,钟山职业技术学院15,195015,51,数字媒体技术,计算机类,电子与信息大类,数字媒体技术,计算机类,电子与信息大类,exact
钟山职业技术学院,物理,钟山职业技术学院15,195015,52,婴幼儿托育服务与管理,护理医学类,医药卫生大类,婴幼儿托育服务与管理,健康管理与促进类,医药卫生大类,exact
钟山职业技术学院,物理,钟山职业技术学院15,195015,53,融媒体技术与运营,其他专业类,其他,融媒体技术与运营,广播影视类,新闻传播大类,exact
钟山职业技术学院,物理,钟山职业技术学院15,195015,54,学前教育(师范),教育体育类,教育与体育大类,学前教育,教育类,教育与体育大类,exact
钟山职业技术学院,物理,钟山职业技术学院16,195016,55,智能建造技术,其他专业类,其他,智能建造技术,土建施工类,土木建筑大类,exact
钟山职业技术学院,物理,钟山职业技术学院16,195016,56,工程造价,土木建筑类,土木建筑大类,工程造价,建设工程管理类,土木建筑大类,exact
钟山职业技术学院,物理,钟山职业技术学院16,195016,57,机电一体化技术,电气自动化类,装备制造大类,机电一体化技术,自动化类,装备制造大类,exact
钟山职业技术学院,物理,钟山职业技术学院16,195016,58,电气自动化技术,电气自动化类,装备制造大类,电气自动化技术,自动化类,装备制造大类,exact
钟山职业技术学院,物理,钟山职业技术学院16,195016,59,康复工程技术,其他专业类,其他,康复工程技术,药品与医疗器械类,食品药品与粮食大类,exact
钟山职业技术学院,物理,钟山职业技术学院16,195016,60,汽车检测与维修技术,汽车制造类,装备制造大类,汽车检测与维修技术,道路运输类,交通运输大类,exact
钟山职业技术学院,物理,钟山职业技术学院16,195016,61,计算机应用技术,计算机类,电子与信息大类,计算机应用技术,计算机类,电子与信息大类,exact
钟山职业技术学院,物理,钟山职业技术学院16,195016,62,大数据技术,计算机类,电子与信息大类,大数据技术,计算机类,电子与信息大类,exact
武昌首义学院,历史,武昌首义学院02,855202,09,计算机应用技术,计算机类,电子与信息大类,计算机应用技术,计算机类,电子与信息大类,exact
武昌首义学院,历史,武昌首义学院02,855202,10,大数据与财务管理,财务会计类,财经商贸大类,大数据与财务管理,财务会计类,财经商贸大类,exact
武昌首义学院,历史,武昌首义学院02,855202,11,数智营销,其他专业类,其他,数智营销,工商管理类,财经商贸大类,exact
濮阳职业技术学院,物理,濮阳职业技术学院01,513601,01,电气自动化技术,电气自动化类,装备制造大类,电气自动化技术,自动化类,装备制造大类,exact
濮阳职业技术学院,物理,濮阳职业技术学院01,513601,02,智能网联汽车技术,汽车制造类,装备制造大类,智能网联汽车技术,汽车制造类,装备制造大类,exact
邵阳工业职业技术学院,物理,邵阳工业职业技术学院02,535902,02,无人机应用技术,航空运输类,交通运输大类,无人机应用技术,航空装备类,装备制造大类,exact
陕西能源职业技术学院,历史,陕西能源职业技术学院01,714501,01,新能源汽车技术,汽车制造类,装备制造大类,新能源汽车技术,汽车制造类,装备制造大类,exact
陕西能源职业技术学院,历史,陕西能源职业技术学院01,714501,02,智能医疗装备技术,其他专业类,其他,智能医疗装备技术,药品与医疗器械类,食品药品与粮食大类,exact
陕西能源职业技术学院,历史,陕西能源职业技术学院01,714501,03,计算机网络技术,计算机类,电子与信息大类,计算机网络技术,计算机类,电子与信息大类,exact
信阳职业技术学院,历史,信阳职业技术学院01,519401,01,智能机电技术,其他专业类,其他,智能机电技术,自动化类,装备制造大类,exact
信阳职业技术学院,历史,信阳职业技术学院01,519401,02,电气自动化技术,电气自动化类,装备制造大类,电气自动化技术,自动化类,装备制造大类,exact
信阳职业技术学院,历史,信阳职业技术学院01,519401,03,工业互联网应用,电气自动化类,装备制造大类,工业互联网应用,自动化类,装备制造大类,exact
信阳职业技术学院,历史,信阳职业技术学院01,519401,04,新能源汽车技术,汽车制造类,装备制造大类,新能源汽车技术,汽车制造类,装备制造大类,exact
山西同文职业技术学院,物理,山西同文职业技术学院01,836701,01,工业互联网技术,电气自动化类,装备制造大类,工业互联网技术,计算机类,电子与信息大类,exact
山西同文职业技术学院,物理,山西同文职业技术学院01,836701,02,无人机应用技术,航空运输类,交通运输大类,无人机应用技术,航空装备类,装备制造大类,exact
山西同文职业技术学院,物理,山西同文职业技术学院01,836701,03,数字媒体技术,计算机类,电子与信息大类,数字媒体技术,计算机类,电子与信息大类,exact
山西同文职业技术学院,物理,山西同文职业技术学院01,836701,04,机电设备技术,机械设计制造类,装备制造大类,机电设备技术,机电设备类,装备制造大类,exact
山西同文职业技术学院,物理,山西同文职业技术学院01,836701,05,工业机器人技术,电气自动化类,装备制造大类,工业机器人技术,自动化类,装备制造大类,exact
山西同文职业技术学院,物理,山西同文职业技术学院01,836701,06,智能机器人技术,其他专业类,其他,智能机器人技术,自动化类,装备制造大类,exact
四川西南航空职业学院,物理,四川西南航空职业学院02,878202,10,空中乘务,航空运输类,交通运输大类,空中乘务,航空运输类,交通运输大类,exact
四川西南航空职业学院,物理,四川西南航空职业学院02,878202,11,民航空中安全保卫,航空运输类,交通运输大类,民航空中安全保卫,航空运输类,交通运输大类,exact
四川西南航空职业学院,物理,四川西南航空职业学院02,878202,12,飞机机电设备维修,航空运输类,交通运输大类,飞机机电设备维修,航空运输类,交通运输大类,exact
四川西南航空职业学院,物理,四川西南航空职业学院02,878202,13,通用航空器维修,航空运输类,交通运输大类,通用航空器维修,航空运输类,交通运输大类,exact
四川西南航空职业学院,物理,四川西南航空职业学院02,878202,14,民航安全技术管理,航空运输类,交通运输大类,民航安全技术管理,航空运输类,交通运输大类,exact
四川西南航空职业学院,物理,四川西南航空职业学院02,878202,15,动漫制作技术,文化艺术类,文化艺术大类,动漫制作技术,计算机类,电子与信息大类,exact
四川西南航空职业学院,物理,四川西南航空职业学院02,878202,16,"计算机应用技术(第一学年在金堂校区-东区学习,第二学年起在金堂校区-西区学习)",计算机类,电子与信息大类,计算机应用技术,计算机类,电子与信息大类,exact
四川西南航空职业学院,物理,四川西南航空职业学院02,878202,17,"低空智联网技术(第一学年在金堂校区-东区学习,第二学年起在金堂校区-西区学习)",其他专业类,其他,低空智联网技术,通信类,电子与信息大类,exact
四川西南航空职业学院,物理,四川西南航空职业学院02,878202,18,定翼机驾驶技术(金堂校区-东区),其他专业类,其他,定翼机驾驶技术,航空运输类,交通运输大类,exact
四川西南航空职业学院,物理,四川西南航空职业学院02,878202,19,无人机应用技术(金堂校区-东区),航空运输类,交通运输大类,无人机应用技术,航空装备类,装备制造大类,exact
四川西南航空职业学院,物理,四川西南航空职业学院02,878202,20,低空安全与技术(金堂校区-东区),资源环境安全类,资源环境与安全大类,低空安全与技术,电子信息类,电子与信息大类,exact
四川西南航空职业学院,物理,四川西南航空职业学院02,878202,21,低空物流技术与运营(金堂校区-东区),财经商贸类,财经商贸大类,低空物流技术与运营,物流类,财经商贸大类,exact
江苏建筑职业技术大学,物理,江苏建筑职业技术大学06,123006,36,工程造价,土木建筑类,土木建筑大类,工程造价,建设工程管理类,土木建筑大类,exact
江苏建筑职业技术大学,物理,江苏建筑职业技术大学06,123006,37,建筑智能化工程技术,土木建筑类,土木建筑大类,建筑智能化工程技术,建筑设备类,土木建筑大类,exact
江苏建筑职业技术大学,物理,江苏建筑职业技术大学06,123006,38,建筑电气工程技术,电气自动化类,装备制造大类,建筑电气工程技术,建筑设备类,土木建筑大类,exact
江苏建筑职业技术大学,物理,江苏建筑职业技术大学06,123006,39,建筑设计,土木建筑类,土木建筑大类,建筑设计,建筑设计类,土木建筑大类,exact
江苏建筑职业技术大学,物理,江苏建筑职业技术大学06,123006,40,装配化装修技术,其他专业类,其他,装配化装修技术,建筑设计类,土木建筑大类,exact
江苏建筑职业技术大学,物理,江苏建筑职业技术大学06,123006,41,供热通风与空调工程技术,其他专业类,其他,供热通风与空调工程技术,建筑设备类,土木建筑大类,exact
江苏建筑职业技术大学,物理,江苏建筑职业技术大学06,123006,42,给排水工程技术,其他专业类,其他,给排水工程技术,市政工程类,土木建筑大类,exact
江苏建筑职业技术大学,物理,江苏建筑职业技术大学06,123006,43,建筑消防技术,土木建筑类,土木建筑大类,建筑消防技术,建筑设备类,土木建筑大类,exact
江苏建筑职业技术大学,物理,江苏建筑职业技术大学06,123006,44,安全技术与管理,资源环境安全类,资源环境与安全大类,安全技术与管理,安全类,资源环境与安全大类,exact
江苏建筑职业技术大学,物理,江苏建筑职业技术大学06,123006,45,智慧城市管理技术,其他专业类,其他,智慧城市管理技术,城乡规划与管理类,土木建筑大类,exact
江苏建筑职业技术大学,物理,江苏建筑职业技术大学06,123006,46,机械制造及自动化,电气自动化类,装备制造大类,机械制造及自动化,机械设计制造类,装备制造大类,exact
江苏建筑职业技术大学,物理,江苏建筑职业技术大学06,123006,47,汽车制造与试验技术,机械设计制造类,装备制造大类,汽车制造与试验技术,汽车制造类,装备制造大类,exact
江苏建筑职业技术大学,物理,江苏建筑职业技术大学06,123006,48,新能源汽车技术,汽车制造类,装备制造大类,新能源汽车技术,汽车制造类,装备制造大类,exact
江苏建筑职业技术大学,物理,江苏建筑职业技术大学06,123006,49,城市轨道交通工程技术,铁道运输类,交通运输大类,城市轨道交通工程技术,城市轨道交通类,交通运输大类,exact
江苏建筑职业技术大学,物理,江苏建筑职业技术大学06,123006,50,高速铁路施工与维护,铁道运输类,交通运输大类,高速铁路施工与维护,铁道运输类,交通运输大类,exact
江苏建筑职业技术大学,物理,江苏建筑职业技术大学06,123006,51,智能工程机械运用技术,机械设计制造类,装备制造大类,智能工程机械运用技术,道路运输类,交通运输大类,exact
江苏建筑职业技术大学,物理,江苏建筑职业技术大学06,123006,52,"城市轨道交通运营管理(报考该专业有色觉要求,具体请查阅院校招生章程)",铁道运输类,交通运输大类,城市轨道交通运营管理,城市轨道交通类,交通运输大类,exact
江苏建筑职业技术大学,物理,江苏建筑职业技术大学06,123006,53,计算机网络技术,计算机类,电子与信息大类,计算机网络技术,计算机类,电子与信息大类,exact
江苏建筑职业技术大学,物理,江苏建筑职业技术大学06,123006,54,软件技术,计算机类,电子与信息大类,软件技术,计算机类,电子与信息大类,exact
江苏建筑职业技术大学,物理,江苏建筑职业技术大学06,123006,55,移动应用开发,其他专业类,其他,移动应用开发,计算机类,电子与信息大类,exact
江苏建筑职业技术大学,物理,江苏建筑职业技术大学06,123006,56,建筑动画技术,土木建筑类,土木建筑大类,建筑动画技术,建筑设计类,土木建筑大类,exact
江苏建筑职业技术大学,物理,江苏建筑职业技术大学06,123006,57,现代物流管理,财经商贸类,财经商贸大类,现代物流管理,物流类,财经商贸大类,exact
江苏建筑职业技术大学,物理,江苏建筑职业技术大学06,123006,58,电子商务,财经商贸类,财经商贸大类,电子商务,电子商务类,财经商贸大类,exact
江苏建筑职业技术大学,物理,江苏建筑职业技术大学06,123006,59,大数据与会计,财务会计类,财经商贸大类,大数据与会计,财务会计类,财经商贸大类,exact
江苏建筑职业技术大学,物理,江苏建筑职业技术大学06,123006,60,大数据与财务管理,财务会计类,财经商贸大类,大数据与财务管理,财务会计类,财经商贸大类,exact
江苏建筑职业技术大学,物理,江苏建筑职业技术大学07,123007,61,"环境工程技术(报考该专业有色觉要求,具体请查阅院校招生章程)",资源环境安全类,资源环境与安全大类,环境工程技术,环境保护类,资源环境与安全大类,exact
江苏建筑职业技术大学,物理,江苏建筑职业技术大学07,123007,62,园林工程技术,土木建筑类,土木建筑大类,园林工程技术,建筑设计类,土木建筑大类,exact
江苏建筑职业技术大学,物理,江苏建筑职业技术大学07,123007,63,城市轨道交通供配电技术,铁道运输类,交通运输大类,城市轨道交通供配电技术,城市轨道交通类,交通运输大类,exact
江苏建筑职业技术大学,物理,江苏建筑职业技术大学07,123007,64,电气自动化技术,电气自动化类,装备制造大类,电气自动化技术,自动化类,装备制造大类,exact
江苏建筑职业技术大学,物理,江苏建筑职业技术大学07,123007,65,电子信息工程技术,电子信息类,电子与信息大类,电子信息工程技术,电子信息类,电子与信息大类,exact
江苏建筑职业技术大学,物理,江苏建筑职业技术大学07,123007,66,工业机器人技术,电气自动化类,装备制造大类,工业机器人技术,自动化类,装备制造大类,exact
江苏建筑职业技术大学,物理,江苏建筑职业技术大学07,123007,67,人工智能技术应用,计算机类,电子与信息大类,人工智能技术应用,计算机类,电子与信息大类,exact
江苏建筑职业技术大学,物理,江苏建筑职业技术大学08,123008,68,建筑工程技术(中外合作办学),土木建筑类,土木建筑大类,建筑工程技术,土建施工类,土木建筑大类,exact
新疆职业大学,历史,新疆职业大学01,751801,01,烹饪工艺与营养,食品药品类,食品药品与粮食大类,烹饪工艺与营养,餐饮类,旅游大类,exact
新疆职业大学,历史,新疆职业大学01,751801,02,新能源汽车检测与维修技术,汽车制造类,装备制造大类,新能源汽车检测与维修技术,道路运输类,交通运输大类,exact
周口职业技术学院,物理,周口职业技术学院02,513502,02,新能源汽车技术(开元校区),汽车制造类,装备制造大类,新能源汽车技术,汽车制造类,装备制造大类,exact
周口职业技术学院,物理,周口职业技术学院02,513502,03,港口与航道工程技术(开元校区),航海运输类,交通运输大类,港口与航道工程技术,水上运输类,交通运输大类,exact
常州幼儿师范高等专科学校,历史,常州幼儿师范高等专科学校01,125601,01,无人机应用技术,航空运输类,交通运输大类,无人机应用技术,航空装备类,装备制造大类,exact
常州幼儿师范高等专科学校,历史,常州幼儿师范高等专科学校01,125601,02,网络营销与直播电商,计算机类,电子与信息大类,网络营销与直播电商,电子商务类,财经商贸大类,exact
常州幼儿师范高等专科学校,历史,常州幼儿师范高等专科学校01,125601,03,旅游管理,旅游餐饮类,旅游大类,旅游管理,旅游类,旅游大类,exact
常州幼儿师范高等专科学校,历史,常州幼儿师范高等专科学校01,125601,04,酒店管理与数字化运营,旅游餐饮类,旅游大类,酒店管理与数字化运营,旅游类,旅游大类,exact
常州幼儿师范高等专科学校,历史,常州幼儿师范高等专科学校01,125601,05,网络直播与运营,计算机类,电子与信息大类,网络直播与运营,广播影视类,新闻传播大类,exact
常州幼儿师范高等专科学校,历史,常州幼儿师范高等专科学校01,125601,06,智慧健康养老服务与管理,公共管理服务类,公共管理与服务大类,智慧健康养老服务与管理,公共服务类,公共管理与服务大类,exact
常州幼儿师范高等专科学校,历史,常州幼儿师范高等专科学校01,125601,07,"早期教育(师范)(报考该专业有色觉要求,具体请查阅院校招生章程)",教育体育类,教育与体育大类,早期教育,教育类,教育与体育大类,exact
常州幼儿师范高等专科学校,历史,常州幼儿师范高等专科学校01,125601,08,"学前教育(师范)(报考该专业有色觉要求,具体请查阅院校招生章程)",教育体育类,教育与体育大类,学前教育,教育类,教育与体育大类,exact
常州幼儿师范高等专科学校,历史,常州幼儿师范高等专科学校01,125601,09,"婴幼儿托育服务与管理(报考该专业有色觉要求,具体请查阅院校招生章程)",护理医学类,医药卫生大类,婴幼儿托育服务与管理,健康管理与促进类,医药卫生大类,exact
江西现代职业技术学院,历史,江西现代职业技术学院01,252501,01,动漫制作技术,文化艺术类,文化艺术大类,动漫制作技术,计算机类,电子与信息大类,exact
江西现代职业技术学院,历史,江西现代职业技术学院01,252501,02,数字媒体技术,计算机类,电子与信息大类,数字媒体技术,计算机类,电子与信息大类,exact
江西现代职业技术学院,历史,江西现代职业技术学院01,252501,03,大数据技术,计算机类,电子与信息大类,大数据技术,计算机类,电子与信息大类,exact
江西现代职业技术学院,历史,江西现代职业技术学院01,252501,04,人工智能技术应用,计算机类,电子与信息大类,人工智能技术应用,计算机类,电子与信息大类,exact
河北科技工程职业技术大学,历史,河北科技工程职业技术大学02,337902,02,旅游管理,旅游餐饮类,旅游大类,旅游管理,旅游类,旅游大类,exact
河北科技工程职业技术大学,历史,河北科技工程职业技术大学02,337902,03,全媒体广告策划与营销,文化艺术类,文化艺术大类,全媒体广告策划与营销,广播影视类,新闻传播大类,exact
钟山职业技术学院,历史,钟山职业技术学院01,195001,01,护理(与南通理工学院分段培养项目),护理医学类,医药卫生大类,护理,护理类,医药卫生大类,exact
钟山职业技术学院,历史,钟山职业技术学院02,195002,02,大数据与会计(与南通理工学院分段培养项目),财务会计类,财经商贸大类,大数据与会计,财务会计类,财经商贸大类,exact
钟山职业技术学院,历史,钟山职业技术学院03,195003,03,机电一体化技术(与南通理工学院分段培养项目),电气自动化类,装备制造大类,机电一体化技术,自动化类,装备制造大类,exact
钟山职业技术学院,历史,钟山职业技术学院04,195004,04,护理,护理医学类,医药卫生大类,护理,护理类,医药卫生大类,exact
钟山职业技术学院,历史,钟山职业技术学院05,195005,05,食品营养与健康,食品药品类,食品药品与粮食大类,食品营养与健康,食品类,食品药品与粮食大类,exact
钟山职业技术学院,历史,钟山职业技术学院05,195005,06,药学,药学类,医药卫生大类,药学,药学类,医药卫生大类,exact
钟山职业技术学院,历史,钟山职业技术学院05,195005,07,中药学,药学类,医药卫生大类,中药学,中医药类,医药卫生大类,exact
钟山职业技术学院,历史,钟山职业技术学院05,195005,08,中医康复技术,护理医学类,医药卫生大类,中医康复技术,中医药类,医药卫生大类,exact
钟山职业技术学院,历史,钟山职业技术学院05,195005,09,康复治疗技术,护理医学类,医药卫生大类,康复治疗技术,康复治疗类,医药卫生大类,exact
钟山职业技术学院,历史,钟山职业技术学院05,195005,10,体育保健与康复,教育体育类,教育与体育大类,体育保健与康复,体育类,教育与体育大类,exact
钟山职业技术学院,历史,钟山职业技术学院05,195005,11,现代家政服务与管理,公共管理服务类,公共管理与服务大类,现代家政服务与管理,公共服务类,公共管理与服务大类,exact
钟山职业技术学院,历史,钟山职业技术学院05,195005,12,智慧健康养老服务与管理,公共管理服务类,公共管理与服务大类,智慧健康养老服务与管理,公共服务类,公共管理与服务大类,exact
钟山职业技术学院,历史,钟山职业技术学院06,195006,13,政府采购管理,其他专业类,其他,政府采购管理,财政税务类,财经商贸大类,exact
钟山职业技术学院,历史,钟山职业技术学院06,195006,14,大数据与会计,财务会计类,财经商贸大类,大数据与会计,财务会计类,财经商贸大类,exact
钟山职业技术学院,历史,钟山职业技术学院06,195006,15,大数据与审计,财务会计类,财经商贸大类,大数据与审计,财务会计类,财经商贸大类,exact
钟山职业技术学院,历史,钟山职业技术学院06,195006,16,数智营销,其他专业类,其他,数智营销,工商管理类,财经商贸大类,exact
钟山职业技术学院,历史,钟山职业技术学院06,195006,17,电子商务,财经商贸类,财经商贸大类,电子商务,电子商务类,财经商贸大类,exact
钟山职业技术学院,历史,钟山职业技术学院06,195006,18,旅游管理,旅游餐饮类,旅游大类,旅游管理,旅游类,旅游大类,exact
钟山职业技术学院,历史,钟山职业技术学院07,195007,19,建筑室内设计,土木建筑类,土木建筑大类,建筑室内设计,建筑设计类,土木建筑大类,exact
钟山职业技术学院,历史,钟山职业技术学院07,195007,20,数字媒体技术,计算机类,电子与信息大类,数字媒体技术,计算机类,电子与信息大类,exact
钟山职业技术学院,历史,钟山职业技术学院07,195007,21,婴幼儿托育服务与管理,护理医学类,医药卫生大类,婴幼儿托育服务与管理,健康管理与促进类,医药卫生大类,exact
钟山职业技术学院,历史,钟山职业技术学院07,195007,22,融媒体技术与运营,其他专业类,其他,融媒体技术与运营,广播影视类,新闻传播大类,exact
钟山职业技术学院,历史,钟山职业技术学院07,195007,23,学前教育(师范),教育体育类,教育与体育大类,学前教育,教育类,教育与体育大类,exact
钟山职业技术学院,历史,钟山职业技术学院08,195008,24,智能建造技术,其他专业类,其他,智能建造技术,土建施工类,土木建筑大类,exact
钟山职业技术学院,历史,钟山职业技术学院08,195008,25,工程造价,土木建筑类,土木建筑大类,工程造价,建设工程管理类,土木建筑大类,exact
钟山职业技术学院,历史,钟山职业技术学院08,195008,26,机电一体化技术,电气自动化类,装备制造大类,机电一体化技术,自动化类,装备制造大类,exact
钟山职业技术学院,历史,钟山职业技术学院08,195008,27,电气自动化技术,电气自动化类,装备制造大类,电气自动化技术,自动化类,装备制造大类,exact
钟山职业技术学院,历史,钟山职业技术学院08,195008,28,康复工程技术,其他专业类,其他,康复工程技术,药品与医疗器械类,食品药品与粮食大类,exact
钟山职业技术学院,历史,钟山职业技术学院08,195008,29,汽车检测与维修技术,汽车制造类,装备制造大类,汽车检测与维修技术,道路运输类,交通运输大类,exact
钟山职业技术学院,历史,钟山职业技术学院08,195008,30,计算机应用技术,计算机类,电子与信息大类,计算机应用技术,计算机类,电子与信息大类,exact
钟山职业技术学院,历史,钟山职业技术学院08,195008,31,大数据技术,计算机类,电子与信息大类,大数据技术,计算机类,电子与信息大类,exact
南昌工学院,物理,南昌工学院07,817507,23,机电一体化技术,电气自动化类,装备制造大类,机电一体化技术,自动化类,装备制造大类,exact
南昌工学院,物理,南昌工学院07,817507,24,计算机网络技术,计算机类,电子与信息大类,计算机网络技术,计算机类,电子与信息大类,exact
威海职业学院,物理,威海职业学院02,268602,02,广告艺术设计,文化艺术类,文化艺术大类,广告艺术设计,艺术设计类,文化艺术大类,exact
威海职业学院,物理,威海职业学院02,268602,03,电子商务,财经商贸类,财经商贸大类,电子商务,电子商务类,财经商贸大类,exact
威海职业学院,物理,威海职业学院02,268602,04,船舶工程技术,航海运输类,交通运输大类,船舶工程技术,船舶与海洋工程装备类,装备制造大类,exact
威海职业学院,物理,威海职业学院02,268602,05,船舶动力工程技术,航海运输类,交通运输大类,船舶动力工程技术,船舶与海洋工程装备类,装备制造大类,exact
宿迁幼儿师范高等专科学校,历史,宿迁幼儿师范高等专科学校01,142701,01,早期教育(师范),教育体育类,教育与体育大类,早期教育,教育类,教育与体育大类,exact
宿迁幼儿师范高等专科学校,历史,宿迁幼儿师范高等专科学校01,142701,02,"学前教育(师范)(报考该专业有色觉要求,具体请查阅院校招生章程)",教育体育类,教育与体育大类,学前教育,教育类,教育与体育大类,exact
宿迁幼儿师范高等专科学校,历史,宿迁幼儿师范高等专科学校01,142701,03,音乐教育(师范),文化艺术类,文化艺术大类,音乐教育,教育类,教育与体育大类,exact
宿迁幼儿师范高等专科学校,历史,宿迁幼儿师范高等专科学校01,142701,04,"美术教育(师范)(报考该专业有色觉要求,具体请查阅院校招生章程)",文化艺术类,文化艺术大类,美术教育,教育类,教育与体育大类,exact
宿迁幼儿师范高等专科学校,历史,宿迁幼儿师范高等专科学校01,142701,05,婴幼儿托育服务与管理,护理医学类,医药卫生大类,婴幼儿托育服务与管理,健康管理与促进类,医药卫生大类,exact
宿迁幼儿师范高等专科学校,历史,宿迁幼儿师范高等专科学校01,142701,06,旅游管理,旅游餐饮类,旅游大类,旅游管理,旅游类,旅游大类,exact
宿迁幼儿师范高等专科学校,历史,宿迁幼儿师范高等专科学校01,142701,07,酒店管理与数字化运营,旅游餐饮类,旅游大类,酒店管理与数字化运营,旅游类,旅游大类,exact
宿迁幼儿师范高等专科学校,历史,宿迁幼儿师范高等专科学校01,142701,08,"计算机应用技术(报考该专业有色觉要求,具体请查阅院校招生章程)",计算机类,电子与信息大类,计算机应用技术,计算机类,电子与信息大类,exact
宿迁幼儿师范高等专科学校,历史,宿迁幼儿师范高等专科学校01,142701,09,"大数据技术(报考该专业有色觉要求,具体请查阅院校招生章程)",计算机类,电子与信息大类,大数据技术,计算机类,电子与信息大类,exact
宿迁幼儿师范高等专科学校,历史,宿迁幼儿师范高等专科学校01,142701,10,心理咨询,其他专业类,其他,心理咨询,健康管理与促进类,医药卫生大类,exact
宿迁幼儿师范高等专科学校,历史,宿迁幼儿师范高等专科学校01,142701,11,研学旅行管理与服务,其他专业类,其他,研学旅行管理与服务,旅游类,旅游大类,exact
宿迁幼儿师范高等专科学校,历史,宿迁幼儿师范高等专科学校01,142701,12,智慧旅游技术应用,旅游餐饮类,旅游大类,智慧旅游技术应用,旅游类,旅游大类,exact
宿迁幼儿师范高等专科学校,历史,宿迁幼儿师范高等专科学校01,142701,13,智慧健康养老服务与管理,公共管理服务类,公共管理与服务大类,智慧健康养老服务与管理,公共服务类,公共管理与服务大类,exact
宿迁幼儿师范高等专科学校,历史,宿迁幼儿师范高等专科学校01,142701,14,人工智能技术应用,计算机类,电子与信息大类,人工智能技术应用,计算机类,电子与信息大类,exact
宿迁幼儿师范高等专科学校,历史,宿迁幼儿师范高等专科学校01,142701,15,无人机应用技术,航空运输类,交通运输大类,无人机应用技术,航空装备类,装备制造大类,exact
永城职业学院,历史,永城职业学院01,518901,01,计算机应用技术,计算机类,电子与信息大类,计算机应用技术,计算机类,电子与信息大类,exact
西安工商学院,物理,西安工商学院05,891405,28,智能机器人技术,其他专业类,其他,智能机器人技术,自动化类,装备制造大类,exact
西安工商学院,物理,西安工商学院05,891405,29,集成电路技术,电子信息类,电子与信息大类,集成电路技术,集成电路类,电子与信息大类,exact
西安工商学院,物理,西安工商学院05,891405,30,中文,其他专业类,其他,中文,语言类,教育与体育大类,exact
西安工商学院,物理,西安工商学院05,891405,31,大数据与财务管理,财务会计类,财经商贸大类,大数据与财务管理,财务会计类,财经商贸大类,exact
西安工商学院,物理,西安工商学院05,891405,32,跨境电子商务,财经商贸类,财经商贸大类,跨境电子商务,电子商务类,财经商贸大类,exact
西安工商学院,物理,西安工商学院05,891405,33,网络新闻与传播,计算机类,电子与信息大类,网络新闻与传播,新闻出版类,新闻传播大类,exact
西安工商学院,物理,西安工商学院05,891405,34,大数据与会计,财务会计类,财经商贸大类,大数据与会计,财务会计类,财经商贸大类,exact
西安工商学院,物理,西安工商学院05,891405,35,人力资源管理,公共管理服务类,公共管理与服务大类,人力资源管理,公共管理类,公共管理与服务大类,exact
西安工商学院,物理,西安工商学院05,891405,36,数字媒体技术,计算机类,电子与信息大类,数字媒体技术,计算机类,电子与信息大类,exact
陕西电子信息职业技术学院,物理,陕西电子信息职业技术学院02,893902,04,机电一体化技术,电气自动化类,装备制造大类,机电一体化技术,自动化类,装备制造大类,exact
陕西电子信息职业技术学院,物理,陕西电子信息职业技术学院02,893902,05,电气自动化技术,电气自动化类,装备制造大类,电气自动化技术,自动化类,装备制造大类,exact
陕西电子信息职业技术学院,物理,陕西电子信息职业技术学院02,893902,06,无人机应用技术,航空运输类,交通运输大类,无人机应用技术,航空装备类,装备制造大类,exact
陕西电子信息职业技术学院,物理,陕西电子信息职业技术学院02,893902,07,计算机网络技术,计算机类,电子与信息大类,计算机网络技术,计算机类,电子与信息大类,exact
陕西电子信息职业技术学院,物理,陕西电子信息职业技术学院02,893902,08,数字媒体技术,计算机类,电子与信息大类,数字媒体技术,计算机类,电子与信息大类,exact
陕西电子信息职业技术学院,物理,陕西电子信息职业技术学院02,893902,09,大数据与会计,财务会计类,财经商贸大类,大数据与会计,财务会计类,财经商贸大类,exact
赣州职业技术学院,物理,赣州职业技术学院02,258002,02,畜牧兽医,农林牧渔类,农林牧渔大类,畜牧兽医,畜牧业类,农林牧渔大类,exact
赣州职业技术学院,物理,赣州职业技术学院02,258002,03,动物营养与饲料,食品药品类,食品药品与粮食大类,动物营养与饲料,畜牧业类,农林牧渔大类,exact
赣州职业技术学院,物理,赣州职业技术学院02,258002,04,智能网联汽车技术,汽车制造类,装备制造大类,智能网联汽车技术,汽车制造类,装备制造大类,exact
赣州职业技术学院,物理,赣州职业技术学院02,258002,05,电气自动化技术,电气自动化类,装备制造大类,电气自动化技术,自动化类,装备制造大类,exact
赣州职业技术学院,物理,赣州职业技术学院02,258002,06,电子信息工程技术,电子信息类,电子与信息大类,电子信息工程技术,电子信息类,电子与信息大类,exact
赣州职业技术学院,物理,赣州职业技术学院02,258002,07,智能控制技术,电气自动化类,装备制造大类,智能控制技术,自动化类,装备制造大类,exact
天津天狮学院,历史,天津天狮学院02,829002,04,工商企业管理,其他专业类,其他,工商企业管理,工商管理类,财经商贸大类,exact
天津天狮学院,历史,天津天狮学院02,829002,05,市场营销,财经商贸类,财经商贸大类,市场营销,工商管理类,财经商贸大类,exact
周口职业技术学院,历史,周口职业技术学院01,513501,01,会展策划与管理(开元校区),旅游餐饮类,旅游大类,会展策划与管理,旅游类,旅游大类,exact
湖北城市建设职业技术学院,历史,湖北城市建设职业技术学院01,523401,01,计算机应用技术,计算机类,电子与信息大类,计算机应用技术,计算机类,电子与信息大类,exact
湖北城市建设职业技术学院,历史,湖北城市建设职业技术学院01,523401,02,大数据技术,计算机类,电子与信息大类,大数据技术,计算机类,电子与信息大类,exact
湖北城市建设职业技术学院,历史,湖北城市建设职业技术学院01,523401,03,人工智能技术应用,计算机类,电子与信息大类,人工智能技术应用,计算机类,电子与信息大类,exact
湖北城市建设职业技术学院,历史,湖北城市建设职业技术学院01,523401,04,物联网应用技术,计算机类,电子与信息大类,物联网应用技术,电子信息类,电子与信息大类,exact
湖北城市建设职业技术学院,历史,湖北城市建设职业技术学院01,523401,05,现代物流管理,财经商贸类,财经商贸大类,现代物流管理,物流类,财经商贸大类,exact
邵阳工业职业技术学院,历史,邵阳工业职业技术学院01,535901,01,无人机应用技术,航空运输类,交通运输大类,无人机应用技术,航空装备类,装备制造大类,exact
天津城市建设管理职业技术学院,物理,天津城市建设管理职业技术学院02,324402,03,建筑工程技术(主校区),土木建筑类,土木建筑大类,建筑工程技术,土建施工类,土木建筑大类,exact
天津城市建设管理职业技术学院,物理,天津城市建设管理职业技术学院02,324402,04,电气自动化技术(主校区),电气自动化类,装备制造大类,电气自动化技术,自动化类,装备制造大类,exact
江苏城乡建设职业学院,物理,江苏城乡建设职业学院03,125503,23,房地产经营与管理(与徐州工程学院分段培养项目),其他专业类,其他,房地产经营与管理,房地产类,土木建筑大类,exact
江苏城乡建设职业学院,物理,江苏城乡建设职业学院04,125504,24,环境工程技术(与常州大学分段培养项目),资源环境安全类,资源环境与安全大类,环境工程技术,环境保护类,资源环境与安全大类,exact
江苏城乡建设职业学院,物理,江苏城乡建设职业学院05,125505,25,无人机测绘技术,资源环境安全类,资源环境与安全大类,无人机测绘技术,测绘地理信息类,资源环境与安全大类,exact
江苏城乡建设职业学院,物理,江苏城乡建设职业学院05,125505,26,建筑装饰工程技术,土木建筑类,土木建筑大类,建筑装饰工程技术,建筑设计类,土木建筑大类,exact
江苏城乡建设职业学院,物理,江苏城乡建设职业学院05,125505,27,无人机应用技术,航空运输类,交通运输大类,无人机应用技术,航空装备类,装备制造大类,exact
江苏城乡建设职业学院,物理,江苏城乡建设职业学院05,125505,28,地下与隧道工程技术,土木建筑类,土木建筑大类,地下与隧道工程技术,土建施工类,土木建筑大类,exact
江苏城乡建设职业学院,物理,江苏城乡建设职业学院05,125505,29,道路与桥梁工程技术,土木建筑类,土木建筑大类,道路与桥梁工程技术,道路运输类,交通运输大类,exact
江苏城乡建设职业学院,物理,江苏城乡建设职业学院05,125505,30,智能建造技术,其他专业类,其他,智能建造技术,土建施工类,土木建筑大类,exact
江苏城乡建设职业学院,物理,江苏城乡建设职业学院05,125505,31,建筑加固与修复技术,土木建筑类,土木建筑大类,建筑加固与修复技术,土建施工类,土木建筑大类,exact
江苏城乡建设职业学院,物理,江苏城乡建设职业学院05,125505,32,工程造价,土木建筑类,土木建筑大类,工程造价,建设工程管理类,土木建筑大类,exact
江苏城乡建设职业学院,物理,江苏城乡建设职业学院05,125505,33,现代物业管理,其他专业类,其他,现代物业管理,房地产类,土木建筑大类,exact
江苏城乡建设职业学院,物理,江苏城乡建设职业学院05,125505,34,智慧城市管理技术,其他专业类,其他,智慧城市管理技术,城乡规划与管理类,土木建筑大类,exact
江苏城乡建设职业学院,物理,江苏城乡建设职业学院05,125505,35,业财数据应用与管理,其他专业类,其他,业财数据应用与管理,财务会计类,财经商贸大类,exact
江苏城乡建设职业学院,物理,江苏城乡建设职业学院05,125505,36,园林工程技术,土木建筑类,土木建筑大类,园林工程技术,建筑设计类,土木建筑大类,exact
江苏城乡建设职业学院,物理,江苏城乡建设职业学院05,125505,37,环境工程技术,资源环境安全类,资源环境与安全大类,环境工程技术,环境保护类,资源环境与安全大类,exact
江苏城乡建设职业学院,物理,江苏城乡建设职业学院05,125505,38,城市燃气工程技术,其他专业类,其他,城市燃气工程技术,市政工程类,土木建筑大类,exact
江苏城乡建设职业学院,物理,江苏城乡建设职业学院05,125505,39,智能环保装备技术,其他专业类,其他,智能环保装备技术,环境保护类,资源环境与安全大类,exact
江苏城乡建设职业学院,物理,江苏城乡建设职业学院05,125505,40,花卉生产与花艺,其他专业类,其他,花卉生产与花艺,林业类,农林牧渔大类,exact
江苏城乡建设职业学院,物理,江苏城乡建设职业学院05,125505,41,物联网应用技术,计算机类,电子与信息大类,物联网应用技术,电子信息类,电子与信息大类,exact
江苏城乡建设职业学院,物理,江苏城乡建设职业学院05,125505,42,移动互联应用技术,其他专业类,其他,移动互联应用技术,电子信息类,电子与信息大类,exact
江苏城乡建设职业学院,物理,江苏城乡建设职业学院05,125505,43,建筑智能化工程技术,土木建筑类,土木建筑大类,建筑智能化工程技术,建筑设备类,土木建筑大类,exact
江苏城乡建设职业学院,物理,江苏城乡建设职业学院05,125505,44,供热通风与空调工程技术,其他专业类,其他,供热通风与空调工程技术,建筑设备类,土木建筑大类,exact
江苏城乡建设职业学院,物理,江苏城乡建设职业学院05,125505,45,人工智能技术应用,计算机类,电子与信息大类,人工智能技术应用,计算机类,电子与信息大类,exact
江苏城乡建设职业学院,物理,江苏城乡建设职业学院05,125505,46,具身智能机器人技术,其他专业类,其他,具身智能机器人技术,自动化类,装备制造大类,exact
江苏城乡建设职业学院,物理,江苏城乡建设职业学院06,125506,47,物联网应用技术(中外合作办学),计算机类,电子与信息大类,物联网应用技术,电子信息类,电子与信息大类,exact
三亚城市职业学院,历史,三亚城市职业学院01,875601,01,建筑工程技术,土木建筑类,土木建筑大类,建筑工程技术,土建施工类,土木建筑大类,exact
三亚城市职业学院,历史,三亚城市职业学院01,875601,02,智慧健康养老服务与管理,公共管理服务类,公共管理与服务大类,智慧健康养老服务与管理,公共服务类,公共管理与服务大类,exact
三亚城市职业学院,历史,三亚城市职业学院01,875601,03,人力资源管理,公共管理服务类,公共管理与服务大类,人力资源管理,公共管理类,公共管理与服务大类,exact
三亚城市职业学院,历史,三亚城市职业学院01,875601,04,空中乘务,航空运输类,交通运输大类,空中乘务,航空运输类,交通运输大类,exact
三亚城市职业学院,历史,三亚城市职业学院01,875601,05,计算机应用技术,计算机类,电子与信息大类,计算机应用技术,计算机类,电子与信息大类,exact
西安海棠职业学院,物理,西安海棠职业学院02,893602,06,动物医学,农林牧渔类,农林牧渔大类,动物医学,畜牧业类,农林牧渔大类,exact
西安海棠职业学院,物理,西安海棠职业学院02,893602,07,建筑消防技术,土木建筑类,土木建筑大类,建筑消防技术,建筑设备类,土木建筑大类,exact
西安海棠职业学院,物理,西安海棠职业学院02,893602,08,无人机应用技术,航空运输类,交通运输大类,无人机应用技术,航空装备类,装备制造大类,exact
西安海棠职业学院,物理,西安海棠职业学院02,893602,09,大数据与会计,财务会计类,财经商贸大类,大数据与会计,财务会计类,财经商贸大类,exact
西安海棠职业学院,物理,西安海棠职业学院02,893602,10,融媒体技术与运营,其他专业类,其他,融媒体技术与运营,广播影视类,新闻传播大类,exact
临汾职业技术学院,历史,临汾职业技术学院01,343501,01,计算机应用技术(鼓楼校区),计算机类,电子与信息大类,计算机应用技术,计算机类,电子与信息大类,exact
临汾职业技术学院,历史,临汾职业技术学院02,343502,02,"动漫设计(鼓楼校区)(报考该专业有色觉要求,具体请查阅院校招生章程)",文化艺术类,文化艺术大类,动漫设计,艺术设计类,文化艺术大类,exact
青岛农业大学海都学院,历史,青岛农业大学海都学院02,822602,03,大数据与财务管理,财务会计类,财经商贸大类,大数据与财务管理,财务会计类,财经商贸大类,exact
青岛农业大学海都学院,历史,青岛农业大学海都学院02,822602,04,电气自动化技术,电气自动化类,装备制造大类,电气自动化技术,自动化类,装备制造大类,exact
青岛农业大学海都学院,历史,青岛农业大学海都学院02,822602,05,国际经济与贸易,财经商贸类,财经商贸大类,国际经济与贸易,经济贸易类,财经商贸大类,exact
青岛农业大学海都学院,历史,青岛农业大学海都学院02,822602,06,跨境电子商务,财经商贸类,财经商贸大类,跨境电子商务,电子商务类,财经商贸大类,exact
青岛农业大学海都学院,历史,青岛农业大学海都学院02,822602,07,虚拟现实技术应用,计算机类,电子与信息大类,虚拟现实技术应用,计算机类,电子与信息大类,exact
青岛农业大学海都学院,历史,青岛农业大学海都学院02,822602,08,食品检验检测技术,食品药品类,食品药品与粮食大类,食品检验检测技术,食品类,食品药品与粮食大类,exact
青岛农业大学海都学院,历史,青岛农业大学海都学院02,822602,09,园林技术,农林牧渔类,农林牧渔大类,园林技术,林业类,农林牧渔大类,exact
青岛农业大学海都学院,历史,青岛农业大学海都学院02,822602,10,中小企业创业与经营,其他专业类,其他,中小企业创业与经营,工商管理类,财经商贸大类,exact
陕西邮电职业技术学院,历史,陕西邮电职业技术学院01,717101,01,现代移动通信技术,电子信息类,电子与信息大类,现代移动通信技术,通信类,电子与信息大类,exact
陕西邮电职业技术学院,历史,陕西邮电职业技术学院01,717101,02,大数据与会计,财务会计类,财经商贸大类,大数据与会计,财务会计类,财经商贸大类,exact
陕西邮电职业技术学院,历史,陕西邮电职业技术学院01,717101,03,电子商务,财经商贸类,财经商贸大类,电子商务,电子商务类,财经商贸大类,exact
陕西邮电职业技术学院,历史,陕西邮电职业技术学院01,717101,04,现代物流管理,财经商贸类,财经商贸大类,现代物流管理,物流类,财经商贸大类,exact
江西婺源茶业职业学院,历史,江西婺源茶业职业学院01,258401,01,茶艺与茶文化,其他专业类,其他,茶艺与茶文化,旅游类,旅游大类,exact
江西婺源茶业职业学院,历史,江西婺源茶业职业学院01,258401,02,茶叶生产与加工技术,农林牧渔类,农林牧渔大类,茶叶生产与加工技术,农业类,农林牧渔大类,exact
江西婺源茶业职业学院,历史,江西婺源茶业职业学院01,258401,03,计算机网络技术,计算机类,电子与信息大类,计算机网络技术,计算机类,电子与信息大类,exact
江西婺源茶业职业学院,历史,江西婺源茶业职业学院01,258401,04,电子商务,财经商贸类,财经商贸大类,电子商务,电子商务类,财经商贸大类,exact
江苏食品药品职业技术学院,物理,江苏食品药品职业技术学院06,135106,32,食品药品监督管理,食品药品类,食品药品与粮食大类,食品药品监督管理,药品与医疗器械类,食品药品与粮食大类,exact
江苏食品药品职业技术学院,物理,江苏食品药品职业技术学院06,135106,33,食品营养与健康,食品药品类,食品药品与粮食大类,食品营养与健康,食品类,食品药品与粮食大类,exact
江苏食品药品职业技术学院,物理,江苏食品药品职业技术学院06,135106,34,食品智能加工技术,食品药品类,食品药品与粮食大类,食品智能加工技术,食品类,食品药品与粮食大类,exact
江苏食品药品职业技术学院,物理,江苏食品药品职业技术学院06,135106,35,食品检验检测技术,食品药品类,食品药品与粮食大类,食品检验检测技术,食品类,食品药品与粮食大类,exact
江苏食品药品职业技术学院,物理,江苏食品药品职业技术学院06,135106,36,食品质量与安全,食品药品类,食品药品与粮食大类,食品质量与安全,食品类,食品药品与粮食大类,exact
江苏食品药品职业技术学院,物理,江苏食品药品职业技术学院06,135106,37,药学,药学类,医药卫生大类,药学,药学类,医药卫生大类,exact
江苏食品药品职业技术学院,物理,江苏食品药品职业技术学院06,135106,38,中药学,药学类,医药卫生大类,中药学,中医药类,医药卫生大类,exact
江苏食品药品职业技术学院,物理,江苏食品药品职业技术学院06,135106,39,生物制药技术,生物化工类,生物与化工大类,生物制药技术,药品与医疗器械类,食品药品与粮食大类,exact
江苏食品药品职业技术学院,物理,江苏食品药品职业技术学院06,135106,40,药品生产技术,药学类,医药卫生大类,药品生产技术,药品与医疗器械类,食品药品与粮食大类,exact
江苏食品药品职业技术学院,物理,江苏食品药品职业技术学院06,135106,41,医疗器械维护与管理,其他专业类,其他,医疗器械维护与管理,药品与医疗器械类,食品药品与粮食大类,exact
江苏食品药品职业技术学院,物理,江苏食品药品职业技术学院06,135106,42,卫生检验与检疫技术,护理医学类,医药卫生大类,卫生检验与检疫技术,医学技术类,医药卫生大类,exact
江苏食品药品职业技术学院,物理,江苏食品药品职业技术学院06,135106,43,中西面点工艺,其他专业类,其他,中西面点工艺,餐饮类,旅游大类,exact
江苏食品药品职业技术学院,物理,江苏食品药品职业技术学院06,135106,44,餐饮智能管理,旅游餐饮类,旅游大类,餐饮智能管理,餐饮类,旅游大类,exact
江苏食品药品职业技术学院,物理,江苏食品药品职业技术学院06,135106,45,大数据与会计,财务会计类,财经商贸大类,大数据与会计,财务会计类,财经商贸大类,exact
江苏食品药品职业技术学院,物理,江苏食品药品职业技术学院06,135106,46,护理,护理医学类,医药卫生大类,护理,护理类,医药卫生大类,exact
江苏食品药品职业技术学院,物理,江苏食品药品职业技术学院06,135106,47,中医康复技术,护理医学类,医药卫生大类,中医康复技术,中医药类,医药卫生大类,exact
江苏食品药品职业技术学院,物理,江苏食品药品职业技术学院06,135106,48,智慧健康养老服务与管理,公共管理服务类,公共管理与服务大类,智慧健康养老服务与管理,公共服务类,公共管理与服务大类,exact
江苏食品药品职业技术学院,物理,江苏食品药品职业技术学院06,135106,49,职业健康安全技术,资源环境安全类,资源环境与安全大类,职业健康安全技术,安全类,资源环境与安全大类,exact
江苏食品药品职业技术学院,物理,江苏食品药品职业技术学院06,135106,50,电气自动化技术,电气自动化类,装备制造大类,电气自动化技术,自动化类,装备制造大类,exact
江苏食品药品职业技术学院,物理,江苏食品药品职业技术学院06,135106,51,机电一体化技术,电气自动化类,装备制造大类,机电一体化技术,自动化类,装备制造大类,exact
江苏食品药品职业技术学院,物理,江苏食品药品职业技术学院06,135106,52,智能控制技术,电气自动化类,装备制造大类,智能控制技术,自动化类,装备制造大类,exact
江苏食品药品职业技术学院,物理,江苏食品药品职业技术学院06,135106,53,工业机器人技术,电气自动化类,装备制造大类,工业机器人技术,自动化类,装备制造大类,exact
江苏食品药品职业技术学院,物理,江苏食品药品职业技术学院06,135106,54,智能制造装备技术,电气自动化类,装备制造大类,智能制造装备技术,机电设备类,装备制造大类,exact
江苏食品药品职业技术学院,物理,江苏食品药品职业技术学院06,135106,55,人工智能技术应用,计算机类,电子与信息大类,人工智能技术应用,计算机类,电子与信息大类,exact
江苏食品药品职业技术学院,物理,江苏食品药品职业技术学院07,135107,56,"食品质量与安全(与徐州工程学院分段培养项目)(报考该专业有色觉要求,具体请查阅院校招生章程)",食品药品类,食品药品与粮食大类,食品质量与安全,食品类,食品药品与粮食大类,exact
江苏食品药品职业技术学院,物理,江苏食品药品职业技术学院08,135108,57,"中医康复技术(与无锡太湖学院分段培养项目)(报考该专业有色觉要求,具体请查阅院校招生章程)",护理医学类,医药卫生大类,中医康复技术,中医药类,医药卫生大类,exact
江苏食品药品职业技术学院,物理,江苏食品药品职业技术学院09,135109,58,机电一体化技术(与南京工业职业技术大学分段培养项目),电气自动化类,装备制造大类,机电一体化技术,自动化类,装备制造大类,exact
江苏食品药品职业技术学院,物理,江苏食品药品职业技术学院10,135110,59,人工智能技术应用[与苏州职业技术大学(原苏州市职业大学)分段培养项目],计算机类,电子与信息大类,人工智能技术应用,计算机类,电子与信息大类,exact
湖南三一工业职业技术学院,物理,湖南三一工业职业技术学院02,863002,02,机电一体化技术,电气自动化类,装备制造大类,机电一体化技术,自动化类,装备制造大类,exact
湖南三一工业职业技术学院,物理,湖南三一工业职业技术学院02,863002,03,智能工程机械运用技术,机械设计制造类,装备制造大类,智能工程机械运用技术,道路运输类,交通运输大类,exact
湖南三一工业职业技术学院,物理,湖南三一工业职业技术学院02,863002,04,新能源汽车技术,汽车制造类,装备制造大类,新能源汽车技术,汽车制造类,装备制造大类,exact
泰山科技学院,物理,泰山科技学院05,822305,15,计算机应用技术,计算机类,电子与信息大类,计算机应用技术,计算机类,电子与信息大类,exact
泰山科技学院,物理,泰山科技学院05,822305,16,计算机网络技术,计算机类,电子与信息大类,计算机网络技术,计算机类,电子与信息大类,exact
泰山科技学院,物理,泰山科技学院05,822305,17,软件技术,计算机类,电子与信息大类,软件技术,计算机类,电子与信息大类,exact
泰山科技学院,物理,泰山科技学院05,822305,18,虚拟现实技术应用,计算机类,电子与信息大类,虚拟现实技术应用,计算机类,电子与信息大类,exact
泰山科技学院,物理,泰山科技学院05,822305,19,新能源汽车技术,汽车制造类,装备制造大类,新能源汽车技术,汽车制造类,装备制造大类,exact
泰山科技学院,物理,泰山科技学院05,822305,20,机械制造及自动化,电气自动化类,装备制造大类,机械制造及自动化,机械设计制造类,装备制造大类,exact
泰山科技学院,物理,泰山科技学院05,822305,21,智能控制技术,电气自动化类,装备制造大类,智能控制技术,自动化类,装备制造大类,exact
泰山科技学院,物理,泰山科技学院05,822305,22,电气自动化技术,电气自动化类,装备制造大类,电气自动化技术,自动化类,装备制造大类,exact
泰山科技学院,物理,泰山科技学院05,822305,23,人工智能技术应用,计算机类,电子与信息大类,人工智能技术应用,计算机类,电子与信息大类,exact
安徽矿业职业技术学院,历史,安徽矿业职业技术学院01,810601,01,机电一体化技术,电气自动化类,装备制造大类,机电一体化技术,自动化类,装备制造大类,exact
安徽矿业职业技术学院,历史,安徽矿业职业技术学院01,810601,02,新能源汽车技术,汽车制造类,装备制造大类,新能源汽车技术,汽车制造类,装备制造大类,exact
日照航海工程职业学院,历史,日照航海工程职业学院01,825901,01,航海技术(视力等要求详见院校招生章程),航海运输类,交通运输大类,航海技术,水上运输类,交通运输大类,exact
日照航海工程职业学院,历史,日照航海工程职业学院01,825901,02,轮机工程技术(视力等要求详见院校招生章程),航海运输类,交通运输大类,轮机工程技术,水上运输类,交通运输大类,exact
山西职业技术学院,历史,山西职业技术学院01,342501,01,工程造价(综改区校区),土木建筑类,土木建筑大类,工程造价,建设工程管理类,土木建筑大类,exact
山西职业技术学院,历史,山西职业技术学院01,342501,02,大数据与会计(综改区校区),财务会计类,财经商贸大类,大数据与会计,财务会计类,财经商贸大类,exact
山西职业技术学院,历史,山西职业技术学院01,342501,03,建筑室内设计(南中环校区),土木建筑类,土木建筑大类,建筑室内设计,建筑设计类,土木建筑大类,exact
山西职业技术学院,历史,山西职业技术学院01,342501,04,计算机应用技术(长风校区),计算机类,电子与信息大类,计算机应用技术,计算机类,电子与信息大类,exact
山西职业技术学院,历史,山西职业技术学院01,342501,05,大数据技术(长风校区),计算机类,电子与信息大类,大数据技术,计算机类,电子与信息大类,exact
荆州理工职业学院,历史,荆州理工职业学院01,528401,01,中小企业创业与经营,其他专业类,其他,中小企业创业与经营,工商管理类,财经商贸大类,exact
荆州理工职业学院,历史,荆州理工职业学院01,528401,02,文化创意与策划,其他专业类,其他,文化创意与策划,文化服务类,文化艺术大类,exact
泉州经贸职业技术学院,历史,泉州经贸职业技术学院01,243601,01,大数据与审计,财务会计类,财经商贸大类,大数据与审计,财务会计类,财经商贸大类,exact
泉州经贸职业技术学院,历史,泉州经贸职业技术学院01,243601,02,跨境电子商务,财经商贸类,财经商贸大类,跨境电子商务,电子商务类,财经商贸大类,exact
泉州经贸职业技术学院,历史,泉州经贸职业技术学院01,243601,03,商务英语,教育体育类,教育与体育大类,商务英语,语言类,教育与体育大类,exact
泉州经贸职业技术学院,历史,泉州经贸职业技术学院01,243601,04,空中乘务(报考该专业须查阅院校招生章程),航空运输类,交通运输大类,空中乘务,航空运输类,交通运输大类,exact
吉安职业技术学院,历史,吉安职业技术学院01,257801,01,物联网应用技术,计算机类,电子与信息大类,物联网应用技术,电子信息类,电子与信息大类,exact
吉安职业技术学院,历史,吉安职业技术学院01,257801,02,"研学旅行管理与服务(第一学年在井冈山数字经济产业学院学习,第二学年起在校本部学习)",其他专业类,其他,研学旅行管理与服务,旅游类,旅游大类,exact
吉安职业技术学院,历史,吉安职业技术学院01,257801,03,大数据与会计,财务会计类,财经商贸大类,大数据与会计,财务会计类,财经商贸大类,exact
吉安职业技术学院,历史,吉安职业技术学院01,257801,04,民宿管理与运营,旅游餐饮类,旅游大类,民宿管理与运营,旅游类,旅游大类,exact
合肥共达职业技术学院,历史,合肥共达职业技术学院01,811301,01,建设工程管理,土木建筑类,土木建筑大类,建设工程管理,建设工程管理类,土木建筑大类,exact
合肥共达职业技术学院,历史,合肥共达职业技术学院01,811301,02,城市轨道交通运营管理,铁道运输类,交通运输大类,城市轨道交通运营管理,城市轨道交通类,交通运输大类,exact
合肥共达职业技术学院,历史,合肥共达职业技术学院01,811301,03,动漫制作技术,文化艺术类,文化艺术大类,动漫制作技术,计算机类,电子与信息大类,exact
合肥共达职业技术学院,历史,合肥共达职业技术学院01,811301,04,大数据与会计,财务会计类,财经商贸大类,大数据与会计,财务会计类,财经商贸大类,exact
辽宁经济职业技术学院,历史,辽宁经济职业技术学院01,412401,01,电子商务,财经商贸类,财经商贸大类,电子商务,电子商务类,财经商贸大类,exact
辽宁经济职业技术学院,历史,辽宁经济职业技术学院01,412401,02,知识产权管理,其他专业类,其他,知识产权管理,公共管理类,公共管理与服务大类,exact
重庆工信职业学院,历史,重庆工信职业学院01,624001,01,智能控制技术(长寿校区),电气自动化类,装备制造大类,智能控制技术,自动化类,装备制造大类,exact
重庆工信职业学院,历史,重庆工信职业学院01,624001,02,汽车智能技术(长寿校区),汽车制造类,装备制造大类,汽车智能技术,电子信息类,电子与信息大类,exact
兰州外语职业学院,物理,兰州外语职业学院02,894302,07,电气自动化技术,电气自动化类,装备制造大类,电气自动化技术,自动化类,装备制造大类,exact
兰州外语职业学院,物理,兰州外语职业学院02,894302,08,智能机器人技术,其他专业类,其他,智能机器人技术,自动化类,装备制造大类,exact
兰州外语职业学院,物理,兰州外语职业学院02,894302,09,智能机电技术,其他专业类,其他,智能机电技术,自动化类,装备制造大类,exact
兰州外语职业学院,物理,兰州外语职业学院02,894302,10,铁道交通运营管理,铁道运输类,交通运输大类,铁道交通运营管理,铁道运输类,交通运输大类,exact
兰州外语职业学院,物理,兰州外语职业学院02,894302,11,无人机应用技术,航空运输类,交通运输大类,无人机应用技术,航空装备类,装备制造大类,exact
兰州外语职业学院,物理,兰州外语职业学院02,894302,12,人工智能数据工程技术,计算机类,电子与信息大类,人工智能数据工程技术,计算机类,电子与信息大类,exact
威海职业学院,历史,威海职业学院01,268601,01,广告艺术设计,文化艺术类,文化艺术大类,广告艺术设计,艺术设计类,文化艺术大类,exact
西安汽车职业大学,物理,西安汽车职业大学02,893202,05,新能源汽车技术,汽车制造类,装备制造大类,新能源汽车技术,汽车制造类,装备制造大类,exact
西安汽车职业大学,物理,西安汽车职业大学02,893202,06,工业机器人技术,电气自动化类,装备制造大类,工业机器人技术,自动化类,装备制造大类,exact
西安汽车职业大学,物理,西安汽车职业大学02,893202,07,智能网联汽车技术(临潼校区),汽车制造类,装备制造大类,智能网联汽车技术,汽车制造类,装备制造大类,exact
西安汽车职业大学,物理,西安汽车职业大学02,893202,08,汽车智能技术(临潼校区),汽车制造类,装备制造大类,汽车智能技术,电子信息类,电子与信息大类,exact
西安汽车职业大学,物理,西安汽车职业大学02,893202,09,云计算技术应用,计算机类,电子与信息大类,云计算技术应用,计算机类,电子与信息大类,exact
西安汽车职业大学,物理,西安汽车职业大学02,893202,10,氢能技术应用,其他专业类,其他,氢能技术应用,新能源发电工程类,能源动力与材料大类,exact
陕西工商职业学院,历史,陕西工商职业学院01,717301,01,现代物流管理(郭杜校区),财经商贸类,财经商贸大类,现代物流管理,物流类,财经商贸大类,exact
陕西工商职业学院,历史,陕西工商职业学院01,717301,02,酒店管理与数字化运营(郭杜校区),旅游餐饮类,旅游大类,酒店管理与数字化运营,旅游类,旅游大类,exact
南京视觉艺术职业学院,物理,南京视觉艺术职业学院02,195402,13,建筑设计,土木建筑类,土木建筑大类,建筑设计,建筑设计类,土木建筑大类,exact
南京视觉艺术职业学院,物理,南京视觉艺术职业学院02,195402,14,建筑室内设计,土木建筑类,土木建筑大类,建筑室内设计,建筑设计类,土木建筑大类,exact
南京视觉艺术职业学院,物理,南京视觉艺术职业学院02,195402,15,数字媒体技术,计算机类,电子与信息大类,数字媒体技术,计算机类,电子与信息大类,exact
南京视觉艺术职业学院,物理,南京视觉艺术职业学院02,195402,16,婴幼儿托育服务与管理,护理医学类,医药卫生大类,婴幼儿托育服务与管理,健康管理与促进类,医药卫生大类,exact
南京视觉艺术职业学院,物理,南京视觉艺术职业学院02,195402,17,休闲服务与管理,其他专业类,其他,休闲服务与管理,旅游类,旅游大类,exact
南京视觉艺术职业学院,物理,南京视觉艺术职业学院02,195402,18,视觉传达设计,文化艺术类,文化艺术大类,视觉传达设计,艺术设计类,文化艺术大类,exact
南京视觉艺术职业学院,物理,南京视觉艺术职业学院02,195402,19,游戏艺术设计,文化艺术类,文化艺术大类,游戏艺术设计,艺术设计类,文化艺术大类,exact
南京视觉艺术职业学院,物理,南京视觉艺术职业学院02,195402,20,音乐传播,文化艺术类,文化艺术大类,音乐传播,表演艺术类,文化艺术大类,exact
南京视觉艺术职业学院,物理,南京视觉艺术职业学院02,195402,21,影视编导,文化艺术类,文化艺术大类,影视编导,广播影视类,新闻传播大类,exact
南京视觉艺术职业学院,物理,南京视觉艺术职业学院02,195402,22,摄影摄像技术,文化艺术类,文化艺术大类,摄影摄像技术,广播影视类,新闻传播大类,exact
南京视觉艺术职业学院,物理,南京视觉艺术职业学院02,195402,23,网络直播与运营,计算机类,电子与信息大类,网络直播与运营,广播影视类,新闻传播大类,exact
南京视觉艺术职业学院,物理,南京视觉艺术职业学院02,195402,24,全媒体广告策划与营销,文化艺术类,文化艺术大类,全媒体广告策划与营销,广播影视类,新闻传播大类,exact
苏州工业园区职业技术学院,物理,苏州工业园区职业技术学院03,196803,32,工业机器人技术[与苏州职业技术大学(原苏州市职业大学)分段培养项目],电气自动化类,装备制造大类,工业机器人技术,自动化类,装备制造大类,exact
苏州工业园区职业技术学院,物理,苏州工业园区职业技术学院03,196803,33,电气自动化技术[与苏州职业技术大学(原苏州市职业大学)分段培养项目],电气自动化类,装备制造大类,电气自动化技术,自动化类,装备制造大类,exact
苏州工业园区职业技术学院,物理,苏州工业园区职业技术学院04,196804,34,机电一体化技术,电气自动化类,装备制造大类,机电一体化技术,自动化类,装备制造大类,exact
苏州工业园区职业技术学院,物理,苏州工业园区职业技术学院04,196804,35,智能机电技术,其他专业类,其他,智能机电技术,自动化类,装备制造大类,exact
苏州工业园区职业技术学院,物理,苏州工业园区职业技术学院04,196804,36,工业机器人技术,电气自动化类,装备制造大类,工业机器人技术,自动化类,装备制造大类,exact
苏州工业园区职业技术学院,物理,苏州工业园区职业技术学院04,196804,37,汽车检测与维修技术,汽车制造类,装备制造大类,汽车检测与维修技术,道路运输类,交通运输大类,exact
苏州工业园区职业技术学院,物理,苏州工业园区职业技术学院04,196804,38,智能网联汽车技术,汽车制造类,装备制造大类,智能网联汽车技术,汽车制造类,装备制造大类,exact
苏州工业园区职业技术学院,物理,苏州工业园区职业技术学院04,196804,39,机械设计与制造,机械设计制造类,装备制造大类,机械设计与制造,机械设计制造类,装备制造大类,exact
苏州工业园区职业技术学院,物理,苏州工业园区职业技术学院04,196804,40,数控技术,机械设计制造类,装备制造大类,数控技术,机械设计制造类,装备制造大类,exact
苏州工业园区职业技术学院,物理,苏州工业园区职业技术学院04,196804,41,模具设计与制造,机械设计制造类,装备制造大类,模具设计与制造,机械设计制造类,装备制造大类,exact
苏州工业园区职业技术学院,物理,苏州工业园区职业技术学院04,196804,42,电气自动化技术,电气自动化类,装备制造大类,电气自动化技术,自动化类,装备制造大类,exact
苏州工业园区职业技术学院,物理,苏州工业园区职业技术学院04,196804,43,电子信息工程技术,电子信息类,电子与信息大类,电子信息工程技术,电子信息类,电子与信息大类,exact
苏州工业园区职业技术学院,物理,苏州工业园区职业技术学院04,196804,44,集成电路技术,电子信息类,电子与信息大类,集成电路技术,集成电路类,电子与信息大类,exact
苏州工业园区职业技术学院,物理,苏州工业园区职业技术学院04,196804,45,微电子技术,电子信息类,电子与信息大类,微电子技术,集成电路类,电子与信息大类,exact
苏州工业园区职业技术学院,物理,苏州工业园区职业技术学院04,196804,46,城市轨道交通通信信号技术,铁道运输类,交通运输大类,城市轨道交通通信信号技术,城市轨道交通类,交通运输大类,exact
苏州工业园区职业技术学院,物理,苏州工业园区职业技术学院04,196804,47,计算机网络技术,计算机类,电子与信息大类,计算机网络技术,计算机类,电子与信息大类,exact
苏州工业园区职业技术学院,物理,苏州工业园区职业技术学院04,196804,48,软件技术,计算机类,电子与信息大类,软件技术,计算机类,电子与信息大类,exact
苏州工业园区职业技术学院,物理,苏州工业园区职业技术学院04,196804,49,人工智能技术应用,计算机类,电子与信息大类,人工智能技术应用,计算机类,电子与信息大类,exact
苏州工业园区职业技术学院,物理,苏州工业园区职业技术学院04,196804,50,物联网应用技术,计算机类,电子与信息大类,物联网应用技术,电子信息类,电子与信息大类,exact
苏州工业园区职业技术学院,物理,苏州工业园区职业技术学院04,196804,51,药品生物技术,其他专业类,其他,药品生物技术,生物技术类,生物与化工大类,exact
苏州工业园区职业技术学院,物理,苏州工业园区职业技术学院04,196804,52,市场营销,财经商贸类,财经商贸大类,市场营销,工商管理类,财经商贸大类,exact
苏州工业园区职业技术学院,物理,苏州工业园区职业技术学院04,196804,53,智能物流技术,财经商贸类,财经商贸大类,智能物流技术,物流类,财经商贸大类,exact
苏州工业园区职业技术学院,物理,苏州工业园区职业技术学院04,196804,54,旅游管理,旅游餐饮类,旅游大类,旅游管理,旅游类,旅游大类,exact
苏州工业园区职业技术学院,物理,苏州工业园区职业技术学院04,196804,55,金融科技应用,财经商贸类,财经商贸大类,金融科技应用,金融类,财经商贸大类,exact
苏州工业园区职业技术学院,物理,苏州工业园区职业技术学院04,196804,56,大数据与会计,财务会计类,财经商贸大类,大数据与会计,财务会计类,财经商贸大类,exact
苏州工业园区职业技术学院,物理,苏州工业园区职业技术学院04,196804,57,国际经济与贸易,财经商贸类,财经商贸大类,国际经济与贸易,经济贸易类,财经商贸大类,exact
苏州工业园区职业技术学院,物理,苏州工业园区职业技术学院04,196804,58,商务英语(只招英语考生),教育体育类,教育与体育大类,商务英语,语言类,教育与体育大类,exact
苏州工业园区职业技术学院,物理,苏州工业园区职业技术学院04,196804,59,建筑装饰工程技术,土木建筑类,土木建筑大类,建筑装饰工程技术,建筑设计类,土木建筑大类,exact
苏州工业园区职业技术学院,物理,苏州工业园区职业技术学院04,196804,60,建筑工程技术,土木建筑类,土木建筑大类,建筑工程技术,土建施工类,土木建筑大类,exact
苏州工业园区职业技术学院,物理,苏州工业园区职业技术学院04,196804,61,工程造价,土木建筑类,土木建筑大类,工程造价,建设工程管理类,土木建筑大类,exact
苏州工业园区职业技术学院,物理,苏州工业园区职业技术学院04,196804,62,风景园林设计,土木建筑类,土木建筑大类,风景园林设计,建筑设计类,土木建筑大类,exact
苏州工业园区职业技术学院,物理,苏州工业园区职业技术学院04,196804,63,数字媒体技术,计算机类,电子与信息大类,数字媒体技术,计算机类,电子与信息大类,exact
江西婺源茶业职业学院,物理,江西婺源茶业职业学院02,258402,05,农产品加工与质量检测,农林牧渔类,农林牧渔大类,农产品加工与质量检测,农业类,农林牧渔大类,exact
江西婺源茶业职业学院,物理,江西婺源茶业职业学院02,258402,06,计算机网络技术,计算机类,电子与信息大类,计算机网络技术,计算机类,电子与信息大类,exact
山东轻工职业学院,历史,山东轻工职业学院01,272301,01,药品生产技术,药学类,医药卫生大类,药品生产技术,药品与医疗器械类,食品药品与粮食大类,exact
山东轻工职业学院,历史,山东轻工职业学院01,272301,02,大数据技术,计算机类,电子与信息大类,大数据技术,计算机类,电子与信息大类,exact
山东轻工职业学院,历史,山东轻工职业学院01,272301,03,计算机应用技术,计算机类,电子与信息大类,计算机应用技术,计算机类,电子与信息大类,exact
山东轻工职业学院,历史,山东轻工职业学院01,272301,04,动漫制作技术,文化艺术类,文化艺术大类,动漫制作技术,计算机类,电子与信息大类,exact
山东轻工职业学院,历史,山东轻工职业学院01,272301,05,现代通信技术,电子信息类,电子与信息大类,现代通信技术,通信类,电子与信息大类,exact
山东轻工职业学院,历史,山东轻工职业学院01,272301,06,现代移动通信技术,电子信息类,电子与信息大类,现代移动通信技术,通信类,电子与信息大类,exact
山东轻工职业学院,历史,山东轻工职业学院01,272301,07,物联网应用技术,计算机类,电子与信息大类,物联网应用技术,电子信息类,电子与信息大类,exact
山东轻工职业学院,历史,山东轻工职业学院01,272301,08,人工智能技术应用(信息工程系),计算机类,电子与信息大类,人工智能技术应用,计算机类,电子与信息大类,exact
山东轻工职业学院,历史,山东轻工职业学院01,272301,09,人工智能技术应用(嘉环ICT产业学院),计算机类,电子与信息大类,人工智能技术应用,计算机类,电子与信息大类,exact
唐山幼儿师范高等专科学校,历史,唐山幼儿师范高等专科学校01,336901,01,中文,其他专业类,其他,中文,语言类,教育与体育大类,exact
唐山幼儿师范高等专科学校,历史,唐山幼儿师范高等专科学校01,336901,02,应用英语,教育体育类,教育与体育大类,应用英语,语言类,教育与体育大类,exact
武汉铁路桥梁职业学院,物理,武汉铁路桥梁职业学院02,528802,06,铁道桥梁隧道工程技术,铁道运输类,交通运输大类,铁道桥梁隧道工程技术,铁道运输类,交通运输大类,exact
武汉铁路桥梁职业学院,物理,武汉铁路桥梁职业学院02,528802,07,道路与桥梁工程技术,土木建筑类,土木建筑大类,道路与桥梁工程技术,道路运输类,交通运输大类,exact
武汉铁路桥梁职业学院,物理,武汉铁路桥梁职业学院02,528802,08,建筑工程技术,土木建筑类,土木建筑大类,建筑工程技术,土建施工类,土木建筑大类,exact
武汉铁路桥梁职业学院,物理,武汉铁路桥梁职业学院02,528802,09,道路工程检测技术,其他专业类,其他,道路工程检测技术,道路运输类,交通运输大类,exact
武汉铁路桥梁职业学院,物理,武汉铁路桥梁职业学院02,528802,10,建设工程管理,土木建筑类,土木建筑大类,建设工程管理,建设工程管理类,土木建筑大类,exact
武汉铁路桥梁职业学院,物理,武汉铁路桥梁职业学院02,528802,11,机电设备技术,机械设计制造类,装备制造大类,机电设备技术,机电设备类,装备制造大类,exact
武汉铁路桥梁职业学院,物理,武汉铁路桥梁职业学院02,528802,12,工程物流管理,财经商贸类,财经商贸大类,工程物流管理,物流类,财经商贸大类,exact
武汉铁路桥梁职业学院,物理,武汉铁路桥梁职业学院02,528802,13,智能网联汽车技术,汽车制造类,装备制造大类,智能网联汽车技术,汽车制造类,装备制造大类,exact
江西信息应用职业技术学院,历史,江西信息应用职业技术学院01,252001,01,大气科学技术(中外合作办学)(校本部),其他专业类,其他,大气科学技术,气象类,资源环境与安全大类,exact
江西工业工程职业技术学院,历史,江西工业工程职业技术学院01,259301,01,工程造价,土木建筑类,土木建筑大类,工程造价,建设工程管理类,土木建筑大类,exact
江西工业工程职业技术学院,历史,江西工业工程职业技术学院01,259301,02,大数据与会计(校本部),财务会计类,财经商贸大类,大数据与会计,财务会计类,财经商贸大类,exact
江西工业工程职业技术学院,历史,江西工业工程职业技术学院01,259301,03,电子商务,财经商贸类,财经商贸大类,电子商务,电子商务类,财经商贸大类,exact
江西工业工程职业技术学院,历史,江西工业工程职业技术学院01,259301,04,现代物流管理,财经商贸类,财经商贸大类,现代物流管理,物流类,财经商贸大类,exact
江西工业工程职业技术学院,历史,江西工业工程职业技术学院02,259302,05,物联网应用技术(中外合作办学)(校本部),计算机类,电子与信息大类,物联网应用技术,电子信息类,电子与信息大类,exact
江西工程职业学院,历史,江西工程职业学院01,257601,01,数字媒体技术(青山湖校区),计算机类,电子与信息大类,数字媒体技术,计算机类,电子与信息大类,exact
江西工程职业学院,历史,江西工程职业学院01,257601,02,电子商务(人武校区),财经商贸类,财经商贸大类,电子商务,电子商务类,财经商贸大类,exact
江西工程职业学院,历史,江西工程职业学院01,257601,03,智能产品开发与应用(人武校区),电子信息类,电子与信息大类,智能产品开发与应用,电子信息类,电子与信息大类,exact
遵义职业技术学院,物理,遵义职业技术学院01,632201,01,智能建造技术,其他专业类,其他,智能建造技术,土建施工类,土木建筑大类,exact
遵义职业技术学院,物理,遵义职业技术学院01,632201,02,无人机应用技术,航空运输类,交通运输大类,无人机应用技术,航空装备类,装备制造大类,exact
遵义职业技术学院,物理,遵义职业技术学院01,632201,03,现代物流管理,财经商贸类,财经商贸大类,现代物流管理,物流类,财经商贸大类,exact
北京培黎职业学院,历史,北京培黎职业学院01,828601,01,金融服务与管理,财经商贸类,财经商贸大类,金融服务与管理,金融类,财经商贸大类,exact
北京培黎职业学院,历史,北京培黎职业学院01,828601,02,应用西班牙语(报考该专业须查阅院校招生章程并详询院校),其他专业类,其他,应用西班牙语,语言类,教育与体育大类,exact
恩施职业技术学院,历史,恩施职业技术学院01,525301,01,茶叶生产与加工技术,农林牧渔类,农林牧渔大类,茶叶生产与加工技术,农业类,农林牧渔大类,exact
恩施职业技术学院,历史,恩施职业技术学院01,525301,02,农产品加工与质量检测,农林牧渔类,农林牧渔大类,农产品加工与质量检测,农业类,农林牧渔大类,exact
恩施职业技术学院,历史,恩施职业技术学院01,525301,03,机械制造及自动化,电气自动化类,装备制造大类,机械制造及自动化,机械设计制造类,装备制造大类,exact
恩施职业技术学院,历史,恩施职业技术学院01,525301,04,新能源汽车技术,汽车制造类,装备制造大类,新能源汽车技术,汽车制造类,装备制造大类,exact
恩施职业技术学院,历史,恩施职业技术学院01,525301,05,人工智能技术应用,计算机类,电子与信息大类,人工智能技术应用,计算机类,电子与信息大类,exact
恩施职业技术学院,历史,恩施职业技术学院01,525301,06,网络营销与直播电商,计算机类,电子与信息大类,网络营销与直播电商,电子商务类,财经商贸大类,exact
恩施职业技术学院,历史,恩施职业技术学院01,525301,07,社区管理与服务,公共管理服务类,公共管理与服务大类,社区管理与服务,公共事业类,公共管理与服务大类,exact
恩施职业技术学院,历史,恩施职业技术学院01,525301,08,智慧健康养老服务与管理,公共管理服务类,公共管理与服务大类,智慧健康养老服务与管理,公共服务类,公共管理与服务大类,exact
正德职业技术学院,历史,正德职业技术学院01,195101,01,机电一体化技术(与南通理工学院分段培养项目),电气自动化类,装备制造大类,机电一体化技术,自动化类,装备制造大类,exact
正德职业技术学院,历史,正德职业技术学院01,195101,02,电子信息工程技术(与南通理工学院分段培养项目),电子信息类,电子与信息大类,电子信息工程技术,电子信息类,电子与信息大类,exact
正德职业技术学院,历史,正德职业技术学院02,195102,03,建筑装饰工程技术,土木建筑类,土木建筑大类,建筑装饰工程技术,建筑设计类,土木建筑大类,exact
正德职业技术学院,历史,正德职业技术学院02,195102,04,建筑室内设计,土木建筑类,土木建筑大类,建筑室内设计,建筑设计类,土木建筑大类,exact
正德职业技术学院,历史,正德职业技术学院02,195102,05,建筑消防技术,土木建筑类,土木建筑大类,建筑消防技术,建筑设备类,土木建筑大类,exact
正德职业技术学院,历史,正德职业技术学院02,195102,06,工程造价,土木建筑类,土木建筑大类,工程造价,建设工程管理类,土木建筑大类,exact
正德职业技术学院,历史,正德职业技术学院02,195102,07,数控技术,机械设计制造类,装备制造大类,数控技术,机械设计制造类,装备制造大类,exact
正德职业技术学院,历史,正德职业技术学院02,195102,08,机电一体化技术,电气自动化类,装备制造大类,机电一体化技术,自动化类,装备制造大类,exact
正德职业技术学院,历史,正德职业技术学院02,195102,09,工业机器人技术,电气自动化类,装备制造大类,工业机器人技术,自动化类,装备制造大类,exact
正德职业技术学院,历史,正德职业技术学院02,195102,10,电气自动化技术,电气自动化类,装备制造大类,电气自动化技术,自动化类,装备制造大类,exact
正德职业技术学院,历史,正德职业技术学院02,195102,11,无人机应用技术,航空运输类,交通运输大类,无人机应用技术,航空装备类,装备制造大类,exact
正德职业技术学院,历史,正德职业技术学院02,195102,12,定翼机驾驶技术,其他专业类,其他,定翼机驾驶技术,航空运输类,交通运输大类,exact
正德职业技术学院,历史,正德职业技术学院02,195102,13,空中乘务,航空运输类,交通运输大类,空中乘务,航空运输类,交通运输大类,exact
正德职业技术学院,历史,正德职业技术学院02,195102,14,飞机机电设备维修,航空运输类,交通运输大类,飞机机电设备维修,航空运输类,交通运输大类,exact
正德职业技术学院,历史,正德职业技术学院02,195102,15,城市轨道交通通信信号技术,铁道运输类,交通运输大类,城市轨道交通通信信号技术,城市轨道交通类,交通运输大类,exact
正德职业技术学院,历史,正德职业技术学院02,195102,16,城市轨道交通运营管理,铁道运输类,交通运输大类,城市轨道交通运营管理,城市轨道交通类,交通运输大类,exact
正德职业技术学院,历史,正德职业技术学院02,195102,17,电子信息工程技术,电子信息类,电子与信息大类,电子信息工程技术,电子信息类,电子与信息大类,exact
正德职业技术学院,历史,正德职业技术学院02,195102,18,计算机应用技术,计算机类,电子与信息大类,计算机应用技术,计算机类,电子与信息大类,exact
正德职业技术学院,历史,正德职业技术学院02,195102,19,计算机网络技术,计算机类,电子与信息大类,计算机网络技术,计算机类,电子与信息大类,exact
正德职业技术学院,历史,正德职业技术学院02,195102,20,软件技术,计算机类,电子与信息大类,软件技术,计算机类,电子与信息大类,exact
正德职业技术学院,历史,正德职业技术学院02,195102,21,数字媒体技术,计算机类,电子与信息大类,数字媒体技术,计算机类,电子与信息大类,exact
正德职业技术学院,历史,正德职业技术学院02,195102,22,动漫制作技术,文化艺术类,文化艺术大类,动漫制作技术,计算机类,电子与信息大类,exact
正德职业技术学院,历史,正德职业技术学院02,195102,23,婴幼儿托育服务与管理,护理医学类,医药卫生大类,婴幼儿托育服务与管理,健康管理与促进类,医药卫生大类,exact
正德职业技术学院,历史,正德职业技术学院02,195102,24,大数据与会计,财务会计类,财经商贸大类,大数据与会计,财务会计类,财经商贸大类,exact
正德职业技术学院,历史,正德职业技术学院02,195102,25,国际经济与贸易,财经商贸类,财经商贸大类,国际经济与贸易,经济贸易类,财经商贸大类,exact
正德职业技术学院,历史,正德职业技术学院02,195102,26,市场营销,财经商贸类,财经商贸大类,市场营销,工商管理类,财经商贸大类,exact
正德职业技术学院,历史,正德职业技术学院02,195102,27,网络营销与直播电商,计算机类,电子与信息大类,网络营销与直播电商,电子商务类,财经商贸大类,exact
正德职业技术学院,历史,正德职业技术学院02,195102,28,供应链运营,其他专业类,其他,供应链运营,物流类,财经商贸大类,exact
正德职业技术学院,历史,正德职业技术学院02,195102,29,酒店管理与数字化运营,旅游餐饮类,旅游大类,酒店管理与数字化运营,旅游类,旅游大类,exact
正德职业技术学院,历史,正德职业技术学院02,195102,30,融媒体技术与运营,其他专业类,其他,融媒体技术与运营,广播影视类,新闻传播大类,exact
正德职业技术学院,历史,正德职业技术学院02,195102,31,智慧健康养老服务与管理,公共管理服务类,公共管理与服务大类,智慧健康养老服务与管理,公共服务类,公共管理与服务大类,exact
资阳环境科技职业学院,物理,资阳环境科技职业学院02,879902,02,工业机器人技术,电气自动化类,装备制造大类,工业机器人技术,自动化类,装备制造大类,exact
资阳环境科技职业学院,物理,资阳环境科技职业学院02,879902,03,无人机应用技术,航空运输类,交通运输大类,无人机应用技术,航空装备类,装备制造大类,exact
河北对外经贸职业学院,历史,河北对外经贸职业学院01,333001,01,人工智能技术应用,计算机类,电子与信息大类,人工智能技术应用,计算机类,电子与信息大类,exact
河北对外经贸职业学院,历史,河北对外经贸职业学院01,333001,02,融媒体技术与运营,其他专业类,其他,融媒体技术与运营,广播影视类,新闻传播大类,exact
河北对外经贸职业学院,历史,河北对外经贸职业学院02,333002,03,应用日语,其他专业类,其他,应用日语,语言类,教育与体育大类,exact
河北对外经贸职业学院,历史,河北对外经贸职业学院03,333003,04,大数据与会计,财务会计类,财经商贸大类,大数据与会计,财务会计类,财经商贸大类,exact
石家庄科技信息职业学院,历史,石家庄科技信息职业学院01,835001,01,大数据与会计,财务会计类,财经商贸大类,大数据与会计,财务会计类,财经商贸大类,exact
石家庄科技信息职业学院,历史,石家庄科技信息职业学院01,835001,02,电子信息工程技术,电子信息类,电子与信息大类,电子信息工程技术,电子信息类,电子与信息大类,exact
石家庄科技信息职业学院,历史,石家庄科技信息职业学院01,835001,03,计算机网络技术,计算机类,电子与信息大类,计算机网络技术,计算机类,电子与信息大类,exact
石家庄科技信息职业学院,历史,石家庄科技信息职业学院01,835001,04,信息安全技术应用,计算机类,电子与信息大类,信息安全技术应用,计算机类,电子与信息大类,exact
石家庄科技信息职业学院,历史,石家庄科技信息职业学院01,835001,05,新能源汽车技术,汽车制造类,装备制造大类,新能源汽车技术,汽车制造类,装备制造大类,exact
大兴安岭职业学院,物理,大兴安岭职业学院02,433402,03,旅游管理(漠河校区),旅游餐饮类,旅游大类,旅游管理,旅游类,旅游大类,exact
大兴安岭职业学院,物理,大兴安岭职业学院02,433402,04,酒店管理与数字化运营(漠河校区),旅游餐饮类,旅游大类,酒店管理与数字化运营,旅游类,旅游大类,exact
大兴安岭职业学院,物理,大兴安岭职业学院03,433403,05,风力发电工程技术(校本部),能源动力与材料类,能源动力与材料大类,风力发电工程技术,新能源发电工程类,能源动力与材料大类,exact
大兴安岭职业学院,物理,大兴安岭职业学院03,433403,06,无人机应用技术(校本部),航空运输类,交通运输大类,无人机应用技术,航空装备类,装备制造大类,exact
陕西电子信息职业技术学院,历史,陕西电子信息职业技术学院01,893901,01,数字媒体技术,计算机类,电子与信息大类,数字媒体技术,计算机类,电子与信息大类,exact
陕西电子信息职业技术学院,历史,陕西电子信息职业技术学院01,893901,02,大数据与财务管理,财务会计类,财经商贸大类,大数据与财务管理,财务会计类,财经商贸大类,exact
陕西电子信息职业技术学院,历史,陕西电子信息职业技术学院01,893901,03,大数据与会计,财务会计类,财经商贸大类,大数据与会计,财务会计类,财经商贸大类,exact
秦皇岛职业技术学院,历史,秦皇岛职业技术学院01,332301,01,电子商务,财经商贸类,财经商贸大类,电子商务,电子商务类,财经商贸大类,exact
秦皇岛职业技术学院,历史,秦皇岛职业技术学院01,332301,02,跨境电子商务,财经商贸类,财经商贸大类,跨境电子商务,电子商务类,财经商贸大类,exact
扎兰屯职业学院,历史,扎兰屯职业学院01,352201,01,绿色食品生产技术,食品药品类,食品药品与粮食大类,绿色食品生产技术,农业类,农林牧渔大类,exact
扎兰屯职业学院,历史,扎兰屯职业学院01,352201,02,食品生物技术,食品药品类,食品药品与粮食大类,食品生物技术,生物技术类,生物与化工大类,exact
扎兰屯职业学院,历史,扎兰屯职业学院01,352201,03,园林技术,农林牧渔类,农林牧渔大类,园林技术,林业类,农林牧渔大类,exact
扎兰屯职业学院,历史,扎兰屯职业学院01,352201,04,大数据与会计,财务会计类,财经商贸大类,大数据与会计,财务会计类,财经商贸大类,exact
扎兰屯职业学院,历史,扎兰屯职业学院01,352201,05,工业机器人技术,电气自动化类,装备制造大类,工业机器人技术,自动化类,装备制造大类,exact
扎兰屯职业学院,历史,扎兰屯职业学院01,352201,06,电气自动化技术,电气自动化类,装备制造大类,电气自动化技术,自动化类,装备制造大类,exact
扎兰屯职业学院,历史,扎兰屯职业学院01,352201,07,农产品加工与质量检测,农林牧渔类,农林牧渔大类,农产品加工与质量检测,农业类,农林牧渔大类,exact
扎兰屯职业学院,历史,扎兰屯职业学院01,352201,08,网络营销与直播电商,计算机类,电子与信息大类,网络营销与直播电商,电子商务类,财经商贸大类,exact
石家庄医学高等专科学校,物理,石家庄医学高等专科学校02,835102,06,药品生产技术,药学类,医药卫生大类,药品生产技术,药品与医疗器械类,食品药品与粮食大类,exact
石家庄医学高等专科学校,物理,石家庄医学高等专科学校02,835102,07,生物制药技术,生物化工类,生物与化工大类,生物制药技术,药品与医疗器械类,食品药品与粮食大类,exact
石家庄医学高等专科学校,物理,石家庄医学高等专科学校02,835102,08,药品经营与管理,药学类,医药卫生大类,药品经营与管理,药品与医疗器械类,食品药品与粮食大类,exact
石家庄医学高等专科学校,物理,石家庄医学高等专科学校02,835102,09,医疗器械维护与管理,其他专业类,其他,医疗器械维护与管理,药品与医疗器械类,食品药品与粮食大类,exact
石家庄医学高等专科学校,物理,石家庄医学高等专科学校02,835102,10,智慧健康养老服务与管理,公共管理服务类,公共管理与服务大类,智慧健康养老服务与管理,公共服务类,公共管理与服务大类,exact
大兴安岭职业学院,历史,大兴安岭职业学院01,433401,01,旅游管理(漠河校区),旅游餐饮类,旅游大类,旅游管理,旅游类,旅游大类,exact
大兴安岭职业学院,历史,大兴安岭职业学院01,433401,02,酒店管理与数字化运营(漠河校区),旅游餐饮类,旅游大类,酒店管理与数字化运营,旅游类,旅游大类,exact
三门峡职业技术学院,历史,三门峡职业技术学院01,517801,01,人工智能技术应用,计算机类,电子与信息大类,人工智能技术应用,计算机类,电子与信息大类,exact
三门峡职业技术学院,历史,三门峡职业技术学院01,517801,02,应用化工技术,生物化工类,生物与化工大类,应用化工技术,化工技术类,生物与化工大类,exact
三门峡职业技术学院,历史,三门峡职业技术学院01,517801,03,电子信息工程技术,电子信息类,电子与信息大类,电子信息工程技术,电子信息类,电子与信息大类,exact
无锡师范高等专科学校,物理,无锡师范高等专科学校03,121703,12,学前教育(师范),教育体育类,教育与体育大类,学前教育,教育类,教育与体育大类,exact
无锡师范高等专科学校,物理,无锡师范高等专科学校03,121703,13,婴幼儿托育服务与管理,护理医学类,医药卫生大类,婴幼儿托育服务与管理,健康管理与促进类,医药卫生大类,exact
无锡师范高等专科学校,物理,无锡师范高等专科学校03,121703,14,智慧健康养老服务与管理,公共管理服务类,公共管理与服务大类,智慧健康养老服务与管理,公共服务类,公共管理与服务大类,exact
无锡师范高等专科学校,物理,无锡师范高等专科学校03,121703,15,美术教育(师范),文化艺术类,文化艺术大类,美术教育,教育类,教育与体育大类,exact
无锡师范高等专科学校,物理,无锡师范高等专科学校03,121703,16,商务英语,教育体育类,教育与体育大类,商务英语,语言类,教育与体育大类,exact
无锡师范高等专科学校,物理,无锡师范高等专科学校03,121703,17,跨境电子商务,财经商贸类,财经商贸大类,跨境电子商务,电子商务类,财经商贸大类,exact
无锡师范高等专科学校,物理,无锡师范高等专科学校03,121703,18,无人机应用技术,航空运输类,交通运输大类,无人机应用技术,航空装备类,装备制造大类,exact
无锡师范高等专科学校,物理,无锡师范高等专科学校03,121703,19,数字媒体技术,计算机类,电子与信息大类,数字媒体技术,计算机类,电子与信息大类,exact
无锡师范高等专科学校,物理,无锡师范高等专科学校03,121703,20,人工智能技术应用,计算机类,电子与信息大类,人工智能技术应用,计算机类,电子与信息大类,exact
无锡师范高等专科学校,物理,无锡师范高等专科学校04,121704,21,"美术教育(与南京特殊教育师范学院分段培养项目)(师范)(报考该专业有色觉要求,具体请查阅院校招生章程)",文化艺术类,文化艺术大类,美术教育,教育类,教育与体育大类,exact
海南职业技术学院,历史,海南职业技术学院01,563101,01,计算机网络技术,计算机类,电子与信息大类,计算机网络技术,计算机类,电子与信息大类,exact
海南职业技术学院,历史,海南职业技术学院01,563101,02,智能网联汽车技术,汽车制造类,装备制造大类,智能网联汽车技术,汽车制造类,装备制造大类,exact
海南职业技术学院,历史,海南职业技术学院01,563101,03,无人机应用技术,航空运输类,交通运输大类,无人机应用技术,航空装备类,装备制造大类,exact
海南职业技术学院,历史,海南职业技术学院01,563101,04,人工智能技术应用,计算机类,电子与信息大类,人工智能技术应用,计算机类,电子与信息大类,exact
海南职业技术学院,历史,海南职业技术学院01,563101,05,大数据与财务管理,财务会计类,财经商贸大类,大数据与财务管理,财务会计类,财经商贸大类,exact
海南职业技术学院,历史,海南职业技术学院01,563101,06,港口与航运管理,航海运输类,交通运输大类,港口与航运管理,水上运输类,交通运输大类,exact
海南职业技术学院,历史,海南职业技术学院01,563101,07,现代物流管理,财经商贸类,财经商贸大类,现代物流管理,物流类,财经商贸大类,exact
海南职业技术学院,历史,海南职业技术学院01,563101,08,现代农业技术,农林牧渔类,农林牧渔大类,现代农业技术,农业类,农林牧渔大类,exact
海南职业技术学院,历史,海南职业技术学院01,563101,09,建筑加固与修复技术,土木建筑类,土木建筑大类,建筑加固与修复技术,土建施工类,土木建筑大类,exact
江西环境工程职业学院,历史,江西环境工程职业学院01,253701,01,绿色食品生产技术(章贡校区),食品药品类,食品药品与粮食大类,绿色食品生产技术,农业类,农林牧渔大类,exact
江西环境工程职业学院,历史,江西环境工程职业学院01,253701,02,"大数据与会计(第一学年在龙南校区学习,第二学年起在章贡校区学习)",财务会计类,财经商贸大类,大数据与会计,财务会计类,财经商贸大类,exact
江西环境工程职业学院,历史,江西环境工程职业学院01,253701,03,"纺织品检验与贸易(第一学年在龙南校区学习,第二学年起在章贡校区学习)",财经商贸类,财经商贸大类,纺织品检验与贸易,纺织服装类,轻工纺织大类,exact
潍坊环境工程职业学院,历史,潍坊环境工程职业学院01,819001,01,工业机器人技术,电气自动化类,装备制造大类,工业机器人技术,自动化类,装备制造大类,exact
潍坊环境工程职业学院,历史,潍坊环境工程职业学院01,819001,02,人工智能技术应用,计算机类,电子与信息大类,人工智能技术应用,计算机类,电子与信息大类,exact
潍坊环境工程职业学院,历史,潍坊环境工程职业学院01,819001,03,大数据技术,计算机类,电子与信息大类,大数据技术,计算机类,电子与信息大类,exact
潍坊环境工程职业学院,历史,潍坊环境工程职业学院01,819001,04,信息安全技术应用,计算机类,电子与信息大类,信息安全技术应用,计算机类,电子与信息大类,exact
潍坊环境工程职业学院,历史,潍坊环境工程职业学院01,819001,05,卫星通信与导航技术,电子信息类,电子与信息大类,卫星通信与导航技术,通信类,电子与信息大类,exact
潍坊环境工程职业学院,历史,潍坊环境工程职业学院01,819001,06,智能控制技术,电气自动化类,装备制造大类,智能控制技术,自动化类,装备制造大类,exact
连云港职业技术学院,物理,连云港职业技术学院03,133103,30,机电一体化技术(与南通理工学院分段培养项目),电气自动化类,装备制造大类,机电一体化技术,自动化类,装备制造大类,exact
连云港职业技术学院,物理,连云港职业技术学院03,133103,31,建筑工程技术(与南通理工学院分段培养项目),土木建筑类,土木建筑大类,建筑工程技术,土建施工类,土木建筑大类,exact
连云港职业技术学院,物理,连云港职业技术学院03,133103,32,全媒体广告策划与营销(与南京传媒学院分段培养项目),文化艺术类,文化艺术大类,全媒体广告策划与营销,广播影视类,新闻传播大类,exact
连云港职业技术学院,物理,连云港职业技术学院03,133103,33,跨境电子商务(与南京传媒学院分段培养项目),财经商贸类,财经商贸大类,跨境电子商务,电子商务类,财经商贸大类,exact
连云港职业技术学院,物理,连云港职业技术学院04,133104,34,数控技术,机械设计制造类,装备制造大类,数控技术,机械设计制造类,装备制造大类,exact
连云港职业技术学院,物理,连云港职业技术学院04,133104,35,机电一体化技术,电气自动化类,装备制造大类,机电一体化技术,自动化类,装备制造大类,exact
连云港职业技术学院,物理,连云港职业技术学院04,133104,36,工业机器人技术,电气自动化类,装备制造大类,工业机器人技术,自动化类,装备制造大类,exact
连云港职业技术学院,物理,连云港职业技术学院04,133104,37,电气自动化技术,电气自动化类,装备制造大类,电气自动化技术,自动化类,装备制造大类,exact
连云港职业技术学院,物理,连云港职业技术学院04,133104,38,无人机应用技术,航空运输类,交通运输大类,无人机应用技术,航空装备类,装备制造大类,exact
连云港职业技术学院,物理,连云港职业技术学院04,133104,39,应用化工技术,生物化工类,生物与化工大类,应用化工技术,化工技术类,生物与化工大类,exact
连云港职业技术学院,物理,连云港职业技术学院04,133104,40,石油化工技术,生物化工类,生物与化工大类,石油化工技术,化工技术类,生物与化工大类,exact
连云港职业技术学院,物理,连云港职业技术学院04,133104,41,材料工程技术,能源动力与材料类,能源动力与材料大类,材料工程技术,非金属材料类,能源动力与材料大类,exact
连云港职业技术学院,物理,连云港职业技术学院04,133104,42,复合材料智能制造技术,电气自动化类,装备制造大类,复合材料智能制造技术,非金属材料类,能源动力与材料大类,exact
连云港职业技术学院,物理,连云港职业技术学院04,133104,43,环境监测技术,资源环境安全类,资源环境与安全大类,环境监测技术,环境保护类,资源环境与安全大类,exact
连云港职业技术学院,物理,连云港职业技术学院04,133104,44,药品生产技术,药学类,医药卫生大类,药品生产技术,药品与医疗器械类,食品药品与粮食大类,exact
连云港职业技术学院,物理,连云港职业技术学院04,133104,45,生物制药技术,生物化工类,生物与化工大类,生物制药技术,药品与医疗器械类,食品药品与粮食大类,exact
连云港职业技术学院,物理,连云港职业技术学院04,133104,46,药品质量与安全,药学类,医药卫生大类,药品质量与安全,药品与医疗器械类,食品药品与粮食大类,exact
连云港职业技术学院,物理,连云港职业技术学院04,133104,47,药品经营与管理,药学类,医药卫生大类,药品经营与管理,药品与医疗器械类,食品药品与粮食大类,exact
连云港职业技术学院,物理,连云港职业技术学院04,133104,48,建筑工程技术,土木建筑类,土木建筑大类,建筑工程技术,土建施工类,土木建筑大类,exact
连云港职业技术学院,物理,连云港职业技术学院04,133104,49,市政工程技术,土木建筑类,土木建筑大类,市政工程技术,市政工程类,土木建筑大类,exact
连云港职业技术学院,物理,连云港职业技术学院04,133104,50,智能安防运营管理,其他专业类,其他,智能安防运营管理,安全防范类,公安与司法大类,exact
连云港职业技术学院,物理,连云港职业技术学院04,133104,51,计算机应用技术,计算机类,电子与信息大类,计算机应用技术,计算机类,电子与信息大类,exact
连云港职业技术学院,物理,连云港职业技术学院04,133104,52,计算机网络技术,计算机类,电子与信息大类,计算机网络技术,计算机类,电子与信息大类,exact
连云港职业技术学院,物理,连云港职业技术学院04,133104,53,数字媒体技术,计算机类,电子与信息大类,数字媒体技术,计算机类,电子与信息大类,exact
连云港职业技术学院,物理,连云港职业技术学院04,133104,54,大数据技术,计算机类,电子与信息大类,大数据技术,计算机类,电子与信息大类,exact
连云港职业技术学院,物理,连云港职业技术学院04,133104,55,人工智能技术应用,计算机类,电子与信息大类,人工智能技术应用,计算机类,电子与信息大类,exact
连云港职业技术学院,物理,连云港职业技术学院04,133104,56,旅游管理,旅游餐饮类,旅游大类,旅游管理,旅游类,旅游大类,exact
连云港职业技术学院,物理,连云港职业技术学院04,133104,57,融媒体技术与运营,其他专业类,其他,融媒体技术与运营,广播影视类,新闻传播大类,exact
连云港职业技术学院,物理,连云港职业技术学院04,133104,58,网络直播与运营,计算机类,电子与信息大类,网络直播与运营,广播影视类,新闻传播大类,exact
连云港职业技术学院,物理,连云港职业技术学院04,133104,59,全媒体广告策划与营销,文化艺术类,文化艺术大类,全媒体广告策划与营销,广播影视类,新闻传播大类,exact
连云港职业技术学院,物理,连云港职业技术学院04,133104,60,大数据与会计,财务会计类,财经商贸大类,大数据与会计,财务会计类,财经商贸大类,exact
连云港职业技术学院,物理,连云港职业技术学院04,133104,61,市场营销,财经商贸类,财经商贸大类,市场营销,工商管理类,财经商贸大类,exact
连云港职业技术学院,物理,连云港职业技术学院04,133104,62,电子商务,财经商贸类,财经商贸大类,电子商务,电子商务类,财经商贸大类,exact
连云港职业技术学院,物理,连云港职业技术学院04,133104,63,跨境电子商务,财经商贸类,财经商贸大类,跨境电子商务,电子商务类,财经商贸大类,exact
连云港职业技术学院,物理,连云港职业技术学院04,133104,64,现代物流管理,财经商贸类,财经商贸大类,现代物流管理,物流类,财经商贸大类,exact
连云港职业技术学院,物理,连云港职业技术学院04,133104,65,园林技术,农林牧渔类,农林牧渔大类,园林技术,林业类,农林牧渔大类,exact
太原幼儿师范高等专科学校,历史,太原幼儿师范高等专科学校01,343801,01,旅游英语(兴华校区),教育体育类,教育与体育大类,旅游英语,语言类,教育与体育大类,exact
眉山药科职业学院,物理,眉山药科职业学院02,877802,03,药品质量与安全,药学类,医药卫生大类,药品质量与安全,药品与医疗器械类,食品药品与粮食大类,exact
眉山药科职业学院,物理,眉山药科职业学院02,877802,04,宠物医疗技术,农林牧渔类,农林牧渔大类,宠物医疗技术,畜牧业类,农林牧渔大类,exact
泉州纺织服装职业学院,历史,泉州纺织服装职业学院01,814901,01,服装与服饰设计,文化艺术类,文化艺术大类,服装与服饰设计,艺术设计类,文化艺术大类,exact
山东海事职业学院,历史,山东海事职业学院01,825601,01,应急救援技术,资源环境安全类,资源环境与安全大类,应急救援技术,安全类,资源环境与安全大类,exact
山东海事职业学院,历史,山东海事职业学院01,825601,02,旅游管理,旅游餐饮类,旅游大类,旅游管理,旅游类,旅游大类,exact
山东海事职业学院,历史,山东海事职业学院01,825601,03,大数据与会计,财务会计类,财经商贸大类,大数据与会计,财务会计类,财经商贸大类,exact
山东海事职业学院,历史,山东海事职业学院01,825601,04,现代物流管理,财经商贸类,财经商贸大类,现代物流管理,物流类,财经商贸大类,exact
山东海事职业学院,历史,山东海事职业学院01,825601,05,物联网应用技术,计算机类,电子与信息大类,物联网应用技术,电子信息类,电子与信息大类,exact
山东海事职业学院,历史,山东海事职业学院01,825601,06,高速铁路客运服务,铁道运输类,交通运输大类,高速铁路客运服务,铁道运输类,交通运输大类,exact
武汉东湖学院,物理,武汉东湖学院05,855005,48,机械制造及自动化,电气自动化类,装备制造大类,机械制造及自动化,机械设计制造类,装备制造大类,exact
武汉东湖学院,物理,武汉东湖学院05,855005,49,工业机器人技术,电气自动化类,装备制造大类,工业机器人技术,自动化类,装备制造大类,exact
武汉东湖学院,物理,武汉东湖学院05,855005,50,无人机应用技术(嘉鱼教学改革基地),航空运输类,交通运输大类,无人机应用技术,航空装备类,装备制造大类,exact
武汉东湖学院,物理,武汉东湖学院05,855005,51,电子信息工程技术,电子信息类,电子与信息大类,电子信息工程技术,电子信息类,电子与信息大类,exact
武汉东湖学院,物理,武汉东湖学院05,855005,52,应用电子技术,电子信息类,电子与信息大类,应用电子技术,电子信息类,电子与信息大类,exact
武汉东湖学院,物理,武汉东湖学院05,855005,53,计算机应用技术,计算机类,电子与信息大类,计算机应用技术,计算机类,电子与信息大类,exact
武汉东湖学院,物理,武汉东湖学院05,855005,54,药品生物技术,其他专业类,其他,药品生物技术,生物技术类,生物与化工大类,exact
武汉东湖学院,物理,武汉东湖学院05,855005,55,大数据与会计,财务会计类,财经商贸大类,大数据与会计,财务会计类,财经商贸大类,exact
武汉东湖学院,物理,武汉东湖学院05,855005,56,金融服务与管理,财经商贸类,财经商贸大类,金融服务与管理,金融类,财经商贸大类,exact
武汉东湖学院,物理,武汉东湖学院05,855005,57,全媒体广告策划与营销,文化艺术类,文化艺术大类,全媒体广告策划与营销,广播影视类,新闻传播大类,exact
武汉东湖学院,物理,武汉东湖学院05,855005,58,新闻采编与制作,新闻传播类,新闻传播大类,新闻采编与制作,广播影视类,新闻传播大类,exact
武汉东湖学院,物理,武汉东湖学院05,855005,59,商务英语,教育体育类,教育与体育大类,商务英语,语言类,教育与体育大类,exact
武汉东湖学院,物理,武汉东湖学院05,855005,60,现代物流管理(嘉鱼教学改革基地),财经商贸类,财经商贸大类,现代物流管理,物流类,财经商贸大类,exact
武汉东湖学院,物理,武汉东湖学院05,855005,61,机电一体化技术(嘉鱼教学改革基地),电气自动化类,装备制造大类,机电一体化技术,自动化类,装备制造大类,exact
武汉东湖学院,物理,武汉东湖学院05,855005,62,财税大数据应用,其他专业类,其他,财税大数据应用,财政税务类,财经商贸大类,exact
武汉东湖学院,物理,武汉东湖学院05,855005,63,民航安全技术管理(嘉鱼教学改革基地)(报考该专业须查阅院校招生章程),航空运输类,交通运输大类,民航安全技术管理,航空运输类,交通运输大类,exact
吐鲁番职业技术学院,物理,吐鲁番职业技术学院01,753501,01,机电设备技术,机械设计制造类,装备制造大类,机电设备技术,机电设备类,装备制造大类,exact
吐鲁番职业技术学院,物理,吐鲁番职业技术学院01,753501,02,智能制造装备技术,电气自动化类,装备制造大类,智能制造装备技术,机电设备类,装备制造大类,exact
湖南国防工业职业技术学院,历史,湖南国防工业职业技术学院02,536702,05,建设工程管理,土木建筑类,土木建筑大类,建设工程管理,建设工程管理类,土木建筑大类,exact
潍坊工商职业学院,历史,潍坊工商职业学院01,825301,01,电气自动化技术,电气自动化类,装备制造大类,电气自动化技术,自动化类,装备制造大类,exact
潍坊工商职业学院,历史,潍坊工商职业学院01,825301,02,机电一体化技术,电气自动化类,装备制造大类,机电一体化技术,自动化类,装备制造大类,exact
潍坊工商职业学院,历史,潍坊工商职业学院01,825301,03,新能源汽车技术,汽车制造类,装备制造大类,新能源汽车技术,汽车制造类,装备制造大类,exact
潍坊工商职业学院,历史,潍坊工商职业学院01,825301,04,工程造价,土木建筑类,土木建筑大类,工程造价,建设工程管理类,土木建筑大类,exact
潍坊工商职业学院,历史,潍坊工商职业学院01,825301,05,畜牧兽医,农林牧渔类,农林牧渔大类,畜牧兽医,畜牧业类,农林牧渔大类,exact
潍坊工商职业学院,历史,潍坊工商职业学院01,825301,06,食品质量与安全,食品药品类,食品药品与粮食大类,食品质量与安全,食品类,食品药品与粮食大类,exact
潍坊工商职业学院,历史,潍坊工商职业学院01,825301,07,大数据与会计,财务会计类,财经商贸大类,大数据与会计,财务会计类,财经商贸大类,exact
潍坊工商职业学院,历史,潍坊工商职业学院01,825301,08,电子商务,财经商贸类,财经商贸大类,电子商务,电子商务类,财经商贸大类,exact
潍坊工商职业学院,历史,潍坊工商职业学院01,825301,09,计算机应用技术,计算机类,电子与信息大类,计算机应用技术,计算机类,电子与信息大类,exact
常州纺织服装职业技术学院,物理,常州纺织服装职业技术学院03,125103,29,现代纺织技术,其他专业类,其他,现代纺织技术,纺织服装类,轻工纺织大类,exact
常州纺织服装职业技术学院,物理,常州纺织服装职业技术学院03,125103,30,大数据与会计,财务会计类,财经商贸大类,大数据与会计,财务会计类,财经商贸大类,exact
常州纺织服装职业技术学院,物理,常州纺织服装职业技术学院03,125103,31,环境工程技术,资源环境安全类,资源环境与安全大类,环境工程技术,环境保护类,资源环境与安全大类,exact
常州纺织服装职业技术学院,物理,常州纺织服装职业技术学院03,125103,32,数字媒体技术,计算机类,电子与信息大类,数字媒体技术,计算机类,电子与信息大类,exact
常州纺织服装职业技术学院,物理,常州纺织服装职业技术学院03,125103,33,广播影视节目制作,电子信息类,电子与信息大类,广播影视节目制作,广播影视类,新闻传播大类,exact
常州纺织服装职业技术学院,物理,常州纺织服装职业技术学院03,125103,34,人工智能数据工程技术,计算机类,电子与信息大类,人工智能数据工程技术,计算机类,电子与信息大类,exact
常州纺织服装职业技术学院,物理,常州纺织服装职业技术学院03,125103,35,跨境电子商务,财经商贸类,财经商贸大类,跨境电子商务,电子商务类,财经商贸大类,exact
常州纺织服装职业技术学院,物理,常州纺织服装职业技术学院03,125103,36,模具设计与制造,机械设计制造类,装备制造大类,模具设计与制造,机械设计制造类,装备制造大类,exact
常州纺织服装职业技术学院,物理,常州纺织服装职业技术学院03,125103,37,商务英语,教育体育类,教育与体育大类,商务英语,语言类,教育与体育大类,exact
常州纺织服装职业技术学院,物理,常州纺织服装职业技术学院03,125103,38,数控技术,机械设计制造类,装备制造大类,数控技术,机械设计制造类,装备制造大类,exact
常州纺织服装职业技术学院,物理,常州纺织服装职业技术学院03,125103,39,智慧健康养老服务与管理,公共管理服务类,公共管理与服务大类,智慧健康养老服务与管理,公共服务类,公共管理与服务大类,exact
常州纺织服装职业技术学院,物理,常州纺织服装职业技术学院03,125103,40,信息安全技术应用,计算机类,电子与信息大类,信息安全技术应用,计算机类,电子与信息大类,exact
常州纺织服装职业技术学院,物理,常州纺织服装职业技术学院03,125103,41,婴幼儿托育服务与管理,护理医学类,医药卫生大类,婴幼儿托育服务与管理,健康管理与促进类,医药卫生大类,exact
常州纺织服装职业技术学院,物理,常州纺织服装职业技术学院03,125103,42,工业机器人技术,电气自动化类,装备制造大类,工业机器人技术,自动化类,装备制造大类,exact
常州纺织服装职业技术学院,物理,常州纺织服装职业技术学院03,125103,43,酒店管理与数字化运营,旅游餐饮类,旅游大类,酒店管理与数字化运营,旅游类,旅游大类,exact
常州纺织服装职业技术学院,物理,常州纺织服装职业技术学院03,125103,44,大数据技术,计算机类,电子与信息大类,大数据技术,计算机类,电子与信息大类,exact
常州纺织服装职业技术学院,物理,常州纺织服装职业技术学院03,125103,45,市场营销,财经商贸类,财经商贸大类,市场营销,工商管理类,财经商贸大类,exact
常州纺织服装职业技术学院,物理,常州纺织服装职业技术学院03,125103,46,机电一体化技术,电气自动化类,装备制造大类,机电一体化技术,自动化类,装备制造大类,exact
常州纺织服装职业技术学院,物理,常州纺织服装职业技术学院03,125103,47,现代物流管理,财经商贸类,财经商贸大类,现代物流管理,物流类,财经商贸大类,exact
常州纺织服装职业技术学院,物理,常州纺织服装职业技术学院03,125103,48,数字化染整技术,其他专业类,其他,数字化染整技术,纺织服装类,轻工纺织大类,exact
常州纺织服装职业技术学院,物理,常州纺织服装职业技术学院03,125103,49,电子商务,财经商贸类,财经商贸大类,电子商务,电子商务类,财经商贸大类,exact
常州纺织服装职业技术学院,物理,常州纺织服装职业技术学院03,125103,50,复合材料智能制造技术,电气自动化类,装备制造大类,复合材料智能制造技术,非金属材料类,能源动力与材料大类,exact
常州纺织服装职业技术学院,物理,常州纺织服装职业技术学院03,125103,51,纺织品检验与贸易,财经商贸类,财经商贸大类,纺织品检验与贸易,纺织服装类,轻工纺织大类,exact
常州纺织服装职业技术学院,物理,常州纺织服装职业技术学院03,125103,52,大数据与财务管理,财务会计类,财经商贸大类,大数据与财务管理,财务会计类,财经商贸大类,exact
常州纺织服装职业技术学院,物理,常州纺织服装职业技术学院03,125103,53,健康管理,护理医学类,医药卫生大类,健康管理,健康管理与促进类,医药卫生大类,exact
常州纺织服装职业技术学院,物理,常州纺织服装职业技术学院04,125104,54,高分子材料智能制造技术(与常州大学分段培养项目),电气自动化类,装备制造大类,高分子材料智能制造技术,非金属材料类,能源动力与材料大类,exact
常州纺织服装职业技术学院,物理,常州纺织服装职业技术学院04,125104,55,机械制造及自动化[与扬州职业技术大学(原扬州市职业大学)分段培养项目],电气自动化类,装备制造大类,机械制造及自动化,机械设计制造类,装备制造大类,exact
常州纺织服装职业技术学院,物理,常州纺织服装职业技术学院04,125104,56,服装设计与工艺[与扬州职业技术大学(原扬州市职业大学)分段培养项目],文化艺术类,文化艺术大类,服装设计与工艺,纺织服装类,轻工纺织大类,exact
三亚护理职业学院,物理,三亚护理职业学院03,875803,07,药品经营与管理,药学类,医药卫生大类,药品经营与管理,药品与医疗器械类,食品药品与粮食大类,exact
三亚护理职业学院,物理,三亚护理职业学院03,875803,08,现代家政服务与管理,公共管理服务类,公共管理与服务大类,现代家政服务与管理,公共服务类,公共管理与服务大类,exact
三亚护理职业学院,物理,三亚护理职业学院03,875803,09,智慧健康养老服务与管理,公共管理服务类,公共管理与服务大类,智慧健康养老服务与管理,公共服务类,公共管理与服务大类,exact
三亚护理职业学院,物理,三亚护理职业学院04,875804,10,职业健康安全技术,资源环境安全类,资源环境与安全大类,职业健康安全技术,安全类,资源环境与安全大类,exact
三亚护理职业学院,物理,三亚护理职业学院04,875804,11,食品营养与健康,食品药品类,食品药品与粮食大类,食品营养与健康,食品类,食品药品与粮食大类,exact
三亚护理职业学院,物理,三亚护理职业学院04,875804,12,体育保健与康复,教育体育类,教育与体育大类,体育保健与康复,体育类,教育与体育大类,exact
江苏财会职业学院,物理,江苏财会职业学院04,133204,26,大数据与会计,财务会计类,财经商贸大类,大数据与会计,财务会计类,财经商贸大类,exact
江苏财会职业学院,物理,江苏财会职业学院04,133204,27,统计与会计核算,财务会计类,财经商贸大类,统计与会计核算,统计类,财经商贸大类,exact
江苏财会职业学院,物理,江苏财会职业学院04,133204,28,金融服务与管理,财经商贸类,财经商贸大类,金融服务与管理,金融类,财经商贸大类,exact
江苏财会职业学院,物理,江苏财会职业学院04,133204,29,金融科技应用,财经商贸类,财经商贸大类,金融科技应用,金融类,财经商贸大类,exact
江苏财会职业学院,物理,江苏财会职业学院04,133204,30,大数据与财务管理,财务会计类,财经商贸大类,大数据与财务管理,财务会计类,财经商贸大类,exact
江苏财会职业学院,物理,江苏财会职业学院04,133204,31,市场营销,财经商贸类,财经商贸大类,市场营销,工商管理类,财经商贸大类,exact
江苏财会职业学院,物理,江苏财会职业学院04,133204,32,现代物流管理,财经商贸类,财经商贸大类,现代物流管理,物流类,财经商贸大类,exact
江苏财会职业学院,物理,江苏财会职业学院04,133204,33,国际经济与贸易,财经商贸类,财经商贸大类,国际经济与贸易,经济贸易类,财经商贸大类,exact
江苏财会职业学院,物理,江苏财会职业学院04,133204,34,电子商务,财经商贸类,财经商贸大类,电子商务,电子商务类,财经商贸大类,exact
江苏财会职业学院,物理,江苏财会职业学院04,133204,35,网络营销与直播电商,计算机类,电子与信息大类,网络营销与直播电商,电子商务类,财经商贸大类,exact
江苏财会职业学院,物理,江苏财会职业学院04,133204,36,软件技术,计算机类,电子与信息大类,软件技术,计算机类,电子与信息大类,exact
江苏财会职业学院,物理,江苏财会职业学院04,133204,37,人工智能技术应用,计算机类,电子与信息大类,人工智能技术应用,计算机类,电子与信息大类,exact
江苏财会职业学院,物理,江苏财会职业学院04,133204,38,信息安全技术应用,计算机类,电子与信息大类,信息安全技术应用,计算机类,电子与信息大类,exact
江苏财会职业学院,物理,江苏财会职业学院04,133204,39,云计算技术应用,计算机类,电子与信息大类,云计算技术应用,计算机类,电子与信息大类,exact
江苏财会职业学院,物理,江苏财会职业学院04,133204,40,智能体技术应用,其他专业类,其他,智能体技术应用,计算机类,电子与信息大类,exact
江苏财会职业学院,物理,江苏财会职业学院04,133204,41,大数据技术,计算机类,电子与信息大类,大数据技术,计算机类,电子与信息大类,exact
江苏财会职业学院,物理,江苏财会职业学院04,133204,42,大数据与审计,财务会计类,财经商贸大类,大数据与审计,财务会计类,财经商贸大类,exact
江苏财会职业学院,物理,江苏财会职业学院04,133204,43,人工智能数据工程技术,计算机类,电子与信息大类,人工智能数据工程技术,计算机类,电子与信息大类,exact
江苏财会职业学院,物理,江苏财会职业学院04,133204,44,商务数据分析与应用,财经商贸类,财经商贸大类,商务数据分析与应用,电子商务类,财经商贸大类,exact
江苏财会职业学院,物理,江苏财会职业学院04,133204,45,网络新闻与传播,计算机类,电子与信息大类,网络新闻与传播,新闻出版类,新闻传播大类,exact
江苏财会职业学院,物理,江苏财会职业学院04,133204,46,传播与策划,新闻传播类,新闻传播大类,传播与策划,广播影视类,新闻传播大类,exact
江苏财会职业学院,物理,江苏财会职业学院04,133204,47,网络直播与运营,计算机类,电子与信息大类,网络直播与运营,广播影视类,新闻传播大类,exact
江苏财会职业学院,物理,江苏财会职业学院04,133204,48,融媒体技术与运营,其他专业类,其他,融媒体技术与运营,广播影视类,新闻传播大类,exact
江苏财会职业学院,物理,江苏财会职业学院05,133205,49,金融服务与管理(与江苏理工学院分段培养项目),财经商贸类,财经商贸大类,金融服务与管理,金融类,财经商贸大类,exact
江苏财会职业学院,物理,江苏财会职业学院06,133206,50,国际经济与贸易(与徐州工程学院分段培养项目),财经商贸类,财经商贸大类,国际经济与贸易,经济贸易类,财经商贸大类,exact
盐城幼儿师范高等专科学校,物理,盐城幼儿师范高等专科学校07,137207,33,商务英语(与江苏理工学院分段培养项目),教育体育类,教育与体育大类,商务英语,语言类,教育与体育大类,exact
盐城幼儿师范高等专科学校,物理,盐城幼儿师范高等专科学校08,137208,34,旅游管理(与江苏理工学院分段培养项目),旅游餐饮类,旅游大类,旅游管理,旅游类,旅游大类,exact
盐城幼儿师范高等专科学校,物理,盐城幼儿师范高等专科学校09,137209,35,"美术教育(与盐城师范学院分段培养项目)(师范)(报考该专业有色觉要求,具体请查阅院校招生章程)",文化艺术类,文化艺术大类,美术教育,教育类,教育与体育大类,exact
盐城幼儿师范高等专科学校,物理,盐城幼儿师范高等专科学校10,137210,36,"学前教育(师范)(报考该专业有色觉要求,具体请查阅院校招生章程)",教育体育类,教育与体育大类,学前教育,教育类,教育与体育大类,exact
盐城幼儿师范高等专科学校,物理,盐城幼儿师范高等专科学校10,137210,37,"特殊教育(师范)(报考该专业有色觉要求,具体请查阅院校招生章程)",其他专业类,其他,特殊教育,教育类,教育与体育大类,exact
盐城幼儿师范高等专科学校,物理,盐城幼儿师范高等专科学校10,137210,38,"美术教育(师范)(报考该专业有色觉要求,具体请查阅院校招生章程)",文化艺术类,文化艺术大类,美术教育,教育类,教育与体育大类,exact
盐城幼儿师范高等专科学校,物理,盐城幼儿师范高等专科学校10,137210,39,早期教育(师范),教育体育类,教育与体育大类,早期教育,教育类,教育与体育大类,exact
盐城幼儿师范高等专科学校,物理,盐城幼儿师范高等专科学校10,137210,40,音乐教育(师范),文化艺术类,文化艺术大类,音乐教育,教育类,教育与体育大类,exact
盐城幼儿师范高等专科学校,物理,盐城幼儿师范高等专科学校11,137211,41,智能产品开发与应用,电子信息类,电子与信息大类,智能产品开发与应用,电子信息类,电子与信息大类,exact
盐城幼儿师范高等专科学校,物理,盐城幼儿师范高等专科学校11,137211,42,大数据技术,计算机类,电子与信息大类,大数据技术,计算机类,电子与信息大类,exact
盐城幼儿师范高等专科学校,物理,盐城幼儿师范高等专科学校11,137211,43,移动应用开发,其他专业类,其他,移动应用开发,计算机类,电子与信息大类,exact
盐城幼儿师范高等专科学校,物理,盐城幼儿师范高等专科学校11,137211,44,人工智能技术应用,计算机类,电子与信息大类,人工智能技术应用,计算机类,电子与信息大类,exact
盐城幼儿师范高等专科学校,物理,盐城幼儿师范高等专科学校11,137211,45,信息安全技术应用,计算机类,电子与信息大类,信息安全技术应用,计算机类,电子与信息大类,exact
盐城幼儿师范高等专科学校,物理,盐城幼儿师范高等专科学校11,137211,46,无人机应用技术,航空运输类,交通运输大类,无人机应用技术,航空装备类,装备制造大类,exact
盐城幼儿师范高等专科学校,物理,盐城幼儿师范高等专科学校11,137211,47,工程造价,土木建筑类,土木建筑大类,工程造价,建设工程管理类,土木建筑大类,exact
盐城幼儿师范高等专科学校,物理,盐城幼儿师范高等专科学校11,137211,48,建筑装饰工程技术,土木建筑类,土木建筑大类,建筑装饰工程技术,建筑设计类,土木建筑大类,exact
盐城幼儿师范高等专科学校,物理,盐城幼儿师范高等专科学校11,137211,49,建筑工程技术,土木建筑类,土木建筑大类,建筑工程技术,土建施工类,土木建筑大类,exact
盐城幼儿师范高等专科学校,物理,盐城幼儿师范高等专科学校11,137211,50,市政工程技术,土木建筑类,土木建筑大类,市政工程技术,市政工程类,土木建筑大类,exact
盐城幼儿师范高等专科学校,物理,盐城幼儿师范高等专科学校11,137211,51,建设工程监理,土木建筑类,土木建筑大类,建设工程监理,建设工程管理类,土木建筑大类,exact
盐城幼儿师范高等专科学校,物理,盐城幼儿师范高等专科学校11,137211,52,智能建造技术,其他专业类,其他,智能建造技术,土建施工类,土木建筑大类,exact
盐城幼儿师范高等专科学校,物理,盐城幼儿师范高等专科学校11,137211,53,跨境电子商务,财经商贸类,财经商贸大类,跨境电子商务,电子商务类,财经商贸大类,exact
盐城幼儿师范高等专科学校,物理,盐城幼儿师范高等专科学校11,137211,54,供应链运营,其他专业类,其他,供应链运营,物流类,财经商贸大类,exact
盐城幼儿师范高等专科学校,物理,盐城幼儿师范高等专科学校12,137212,55,智慧健康养老服务与管理,公共管理服务类,公共管理与服务大类,智慧健康养老服务与管理,公共服务类,公共管理与服务大类,exact
盐城幼儿师范高等专科学校,物理,盐城幼儿师范高等专科学校12,137212,56,婴幼儿托育服务与管理,护理医学类,医药卫生大类,婴幼儿托育服务与管理,健康管理与促进类,医药卫生大类,exact
盐城幼儿师范高等专科学校,物理,盐城幼儿师范高等专科学校12,137212,57,现代家政服务与管理,公共管理服务类,公共管理与服务大类,现代家政服务与管理,公共服务类,公共管理与服务大类,exact
盐城幼儿师范高等专科学校,物理,盐城幼儿师范高等专科学校12,137212,58,酒店管理与数字化运营,旅游餐饮类,旅游大类,酒店管理与数字化运营,旅游类,旅游大类,exact
盐城幼儿师范高等专科学校,物理,盐城幼儿师范高等专科学校12,137212,59,旅游管理,旅游餐饮类,旅游大类,旅游管理,旅游类,旅游大类,exact
盐城幼儿师范高等专科学校,物理,盐城幼儿师范高等专科学校12,137212,60,智慧旅游技术应用,旅游餐饮类,旅游大类,智慧旅游技术应用,旅游类,旅游大类,exact
盐城幼儿师范高等专科学校,物理,盐城幼儿师范高等专科学校12,137212,61,研学旅行管理与服务,其他专业类,其他,研学旅行管理与服务,旅游类,旅游大类,exact
盐城幼儿师范高等专科学校,物理,盐城幼儿师范高等专科学校12,137212,62,商务英语,教育体育类,教育与体育大类,商务英语,语言类,教育与体育大类,exact
盐城幼儿师范高等专科学校,物理,盐城幼儿师范高等专科学校12,137212,63,应用韩语,其他专业类,其他,应用韩语,语言类,教育与体育大类,exact
盐城幼儿师范高等专科学校,物理,盐城幼儿师范高等专科学校12,137212,64,现代文秘,公共管理服务类,公共管理与服务大类,现代文秘,文秘类,公共管理与服务大类,exact
满洲里俄语职业学院,历史,满洲里俄语职业学院01,351701,01,应用俄语,其他专业类,其他,应用俄语,语言类,教育与体育大类,exact
满洲里俄语职业学院,历史,满洲里俄语职业学院01,351701,02,现代物流管理,财经商贸类,财经商贸大类,现代物流管理,物流类,财经商贸大类,exact
满洲里俄语职业学院,历史,满洲里俄语职业学院01,351701,03,西式烹饪工艺,食品药品类,食品药品与粮食大类,西式烹饪工艺,餐饮类,旅游大类,exact
满洲里俄语职业学院,历史,满洲里俄语职业学院02,351702,04,应用俄语(中外合作办学),其他专业类,其他,应用俄语,语言类,教育与体育大类,exact
山东水利职业学院,物理,山东水利职业学院02,265902,12,水利工程,其他专业类,其他,水利工程,水利工程与管理类,水利大类,exact
山东水利职业学院,物理,山东水利职业学院02,265902,13,水利水电建筑工程,土木建筑类,土木建筑大类,水利水电建筑工程,水利工程与管理类,水利大类,exact
山东水利职业学院,物理,山东水利职业学院02,265902,14,水利水电工程智能管理,其他专业类,其他,水利水电工程智能管理,水利工程与管理类,水利大类,exact
山东水利职业学院,物理,山东水利职业学院02,265902,15,建筑工程技术,土木建筑类,土木建筑大类,建筑工程技术,土建施工类,土木建筑大类,exact
山东水利职业学院,物理,山东水利职业学院02,265902,16,工程造价,土木建筑类,土木建筑大类,工程造价,建设工程管理类,土木建筑大类,exact
山东水利职业学院,物理,山东水利职业学院02,265902,17,园林工程技术,土木建筑类,土木建筑大类,园林工程技术,建筑设计类,土木建筑大类,exact
山东水利职业学院,物理,山东水利职业学院02,265902,18,机电一体化技术,电气自动化类,装备制造大类,机电一体化技术,自动化类,装备制造大类,exact
山东水利职业学院,物理,山东水利职业学院02,265902,19,机械制造及自动化,电气自动化类,装备制造大类,机械制造及自动化,机械设计制造类,装备制造大类,exact
山东水利职业学院,物理,山东水利职业学院02,265902,20,工业机器人技术,电气自动化类,装备制造大类,工业机器人技术,自动化类,装备制造大类,exact
山东水利职业学院,物理,山东水利职业学院02,265902,21,新能源汽车技术,汽车制造类,装备制造大类,新能源汽车技术,汽车制造类,装备制造大类,exact
山东水利职业学院,物理,山东水利职业学院02,265902,22,无人机应用技术,航空运输类,交通运输大类,无人机应用技术,航空装备类,装备制造大类,exact
山东水利职业学院,物理,山东水利职业学院02,265902,23,人工智能技术应用,计算机类,电子与信息大类,人工智能技术应用,计算机类,电子与信息大类,exact
山东水利职业学院,物理,山东水利职业学院02,265902,24,大数据与会计,财务会计类,财经商贸大类,大数据与会计,财务会计类,财经商贸大类,exact
山东水利职业学院,物理,山东水利职业学院02,265902,25,电子商务,财经商贸类,财经商贸大类,电子商务,电子商务类,财经商贸大类,exact
三门峡职业技术学院,物理,三门峡职业技术学院02,517802,04,人工智能技术应用,计算机类,电子与信息大类,人工智能技术应用,计算机类,电子与信息大类,exact
三门峡职业技术学院,物理,三门峡职业技术学院02,517802,05,应用化工技术,生物化工类,生物与化工大类,应用化工技术,化工技术类,生物与化工大类,exact
三门峡职业技术学院,物理,三门峡职业技术学院02,517802,06,电子信息工程技术,电子信息类,电子与信息大类,电子信息工程技术,电子信息类,电子与信息大类,exact
重庆科创职业学院,物理,重庆科创职业学院03,882903,03,宠物医疗技术,农林牧渔类,农林牧渔大类,宠物医疗技术,畜牧业类,农林牧渔大类,exact
重庆科创职业学院,物理,重庆科创职业学院04,882904,04,计算机应用技术(中外合作办学)(报考该专业须详询院校),计算机类,电子与信息大类,计算机应用技术,计算机类,电子与信息大类,exact
山东工程职业技术大学,历史,山东工程职业技术大学01,824901,01,金融科技应用,财经商贸类,财经商贸大类,金融科技应用,金融类,财经商贸大类,exact
山东工程职业技术大学,历史,山东工程职业技术大学01,824901,02,空中乘务,航空运输类,交通运输大类,空中乘务,航空运输类,交通运输大类,exact
重庆电讯职业学院,物理,重庆电讯职业学院02,882202,03,市政工程技术,土木建筑类,土木建筑大类,市政工程技术,市政工程类,土木建筑大类,exact
重庆电讯职业学院,物理,重庆电讯职业学院02,882202,04,工业互联网技术,电气自动化类,装备制造大类,工业互联网技术,计算机类,电子与信息大类,exact
眉山药科职业学院,历史,眉山药科职业学院01,877801,01,药品质量与安全,药学类,医药卫生大类,药品质量与安全,药品与医疗器械类,食品药品与粮食大类,exact
眉山药科职业学院,历史,眉山药科职业学院01,877801,02,宠物医疗技术,农林牧渔类,农林牧渔大类,宠物医疗技术,畜牧业类,农林牧渔大类,exact
武汉外语外事职业学院,物理,武汉外语外事职业学院02,859102,07,动漫制作技术,文化艺术类,文化艺术大类,动漫制作技术,计算机类,电子与信息大类,exact
武汉外语外事职业学院,物理,武汉外语外事职业学院02,859102,08,大数据与会计,财务会计类,财经商贸大类,大数据与会计,财务会计类,财经商贸大类,exact
武汉外语外事职业学院,物理,武汉外语外事职业学院02,859102,09,融媒体技术与运营,其他专业类,其他,融媒体技术与运营,广播影视类,新闻传播大类,exact
武汉外语外事职业学院,物理,武汉外语外事职业学院02,859102,10,具身智能机器人技术,其他专业类,其他,具身智能机器人技术,自动化类,装备制造大类,exact
无锡工艺职业技术学院,物理,无锡工艺职业技术学院02,121502,18,材料工程技术,能源动力与材料类,能源动力与材料大类,材料工程技术,非金属材料类,能源动力与材料大类,exact
无锡工艺职业技术学院,物理,无锡工艺职业技术学院02,121502,19,陶瓷制造技术与工艺,机械设计制造类,装备制造大类,陶瓷制造技术与工艺,轻化工类,轻工纺织大类,exact
无锡工艺职业技术学院,物理,无锡工艺职业技术学院02,121502,20,服装设计与工艺,文化艺术类,文化艺术大类,服装设计与工艺,纺织服装类,轻工纺织大类,exact
无锡工艺职业技术学院,物理,无锡工艺职业技术学院02,121502,21,机电一体化技术,电气自动化类,装备制造大类,机电一体化技术,自动化类,装备制造大类,exact
无锡工艺职业技术学院,物理,无锡工艺职业技术学院02,121502,22,数控技术,机械设计制造类,装备制造大类,数控技术,机械设计制造类,装备制造大类,exact
无锡工艺职业技术学院,物理,无锡工艺职业技术学院02,121502,23,眼视光技术,护理医学类,医药卫生大类,眼视光技术,眼视光类,医药卫生大类,exact
无锡工艺职业技术学院,物理,无锡工艺职业技术学院02,121502,24,电线电缆制造技术,机械设计制造类,装备制造大类,电线电缆制造技术,机械设计制造类,装备制造大类,exact
无锡工艺职业技术学院,物理,无锡工艺职业技术学院02,121502,25,工业机器人技术,电气自动化类,装备制造大类,工业机器人技术,自动化类,装备制造大类,exact
无锡工艺职业技术学院,物理,无锡工艺职业技术学院02,121502,26,电气自动化技术,电气自动化类,装备制造大类,电气自动化技术,自动化类,装备制造大类,exact
无锡工艺职业技术学院,物理,无锡工艺职业技术学院02,121502,27,集成电路技术,电子信息类,电子与信息大类,集成电路技术,集成电路类,电子与信息大类,exact
无锡工艺职业技术学院,物理,无锡工艺职业技术学院02,121502,28,大数据技术,计算机类,电子与信息大类,大数据技术,计算机类,电子与信息大类,exact
无锡工艺职业技术学院,物理,无锡工艺职业技术学院02,121502,29,计算机网络技术,计算机类,电子与信息大类,计算机网络技术,计算机类,电子与信息大类,exact
无锡工艺职业技术学院,物理,无锡工艺职业技术学院02,121502,30,无人机应用技术,航空运输类,交通运输大类,无人机应用技术,航空装备类,装备制造大类,exact
无锡工艺职业技术学院,物理,无锡工艺职业技术学院02,121502,31,低空安全与技术,资源环境安全类,资源环境与安全大类,低空安全与技术,电子信息类,电子与信息大类,exact
无锡工艺职业技术学院,物理,无锡工艺职业技术学院02,121502,32,电子商务,财经商贸类,财经商贸大类,电子商务,电子商务类,财经商贸大类,exact
无锡工艺职业技术学院,物理,无锡工艺职业技术学院02,121502,33,旅游管理,旅游餐饮类,旅游大类,旅游管理,旅游类,旅游大类,exact
无锡工艺职业技术学院,物理,无锡工艺职业技术学院02,121502,34,酒店管理与数字化运营,旅游餐饮类,旅游大类,酒店管理与数字化运营,旅游类,旅游大类,exact
无锡工艺职业技术学院,物理,无锡工艺职业技术学院02,121502,35,数智营销,其他专业类,其他,数智营销,工商管理类,财经商贸大类,exact
无锡工艺职业技术学院,物理,无锡工艺职业技术学院02,121502,36,智能财务系统应用与运维,财务会计类,财经商贸大类,智能财务系统应用与运维,财务会计类,财经商贸大类,exact
长春健康职业学院,物理,长春健康职业学院02,846902,02,大数据技术,计算机类,电子与信息大类,大数据技术,计算机类,电子与信息大类,exact
榆林能源科技职业学院,历史,榆林能源科技职业学院01,893501,01,智能控制技术,电气自动化类,装备制造大类,智能控制技术,自动化类,装备制造大类,exact
榆林能源科技职业学院,历史,榆林能源科技职业学院01,893501,02,工业机器人技术,电气自动化类,装备制造大类,工业机器人技术,自动化类,装备制造大类,exact
武汉纺织大学外经贸学院,历史,武汉纺织大学外经贸学院02,856102,10,机电一体化技术,电气自动化类,装备制造大类,机电一体化技术,自动化类,装备制造大类,exact
武汉纺织大学外经贸学院,历史,武汉纺织大学外经贸学院02,856102,11,软件技术,计算机类,电子与信息大类,软件技术,计算机类,电子与信息大类,exact
武汉纺织大学外经贸学院,历史,武汉纺织大学外经贸学院02,856102,12,大数据与会计,财务会计类,财经商贸大类,大数据与会计,财务会计类,财经商贸大类,exact
武汉纺织大学外经贸学院,历史,武汉纺织大学外经贸学院02,856102,13,市场营销,财经商贸类,财经商贸大类,市场营销,工商管理类,财经商贸大类,exact
武汉纺织大学外经贸学院,历史,武汉纺织大学外经贸学院02,856102,14,跨境电子商务,财经商贸类,财经商贸大类,跨境电子商务,电子商务类,财经商贸大类,exact
武汉纺织大学外经贸学院,历史,武汉纺织大学外经贸学院02,856102,15,现代物流管理,财经商贸类,财经商贸大类,现代物流管理,物流类,财经商贸大类,exact
武汉纺织大学外经贸学院,历史,武汉纺织大学外经贸学院02,856102,16,应用英语,教育体育类,教育与体育大类,应用英语,语言类,教育与体育大类,exact
喀什理工职业技术学院,历史,喀什理工职业技术学院01,753801,01,跨境电子商务,财经商贸类,财经商贸大类,跨境电子商务,电子商务类,财经商贸大类,exact
喀什理工职业技术学院,历史,喀什理工职业技术学院01,753801,02,智能物流技术,财经商贸类,财经商贸大类,智能物流技术,物流类,财经商贸大类,exact
喀什理工职业技术学院,历史,喀什理工职业技术学院01,753801,03,供应链运营,其他专业类,其他,供应链运营,物流类,财经商贸大类,exact
喀什理工职业技术学院,历史,喀什理工职业技术学院01,753801,04,电气自动化技术,电气自动化类,装备制造大类,电气自动化技术,自动化类,装备制造大类,exact
喀什理工职业技术学院,历史,喀什理工职业技术学院01,753801,05,汽车检测与维修技术,汽车制造类,装备制造大类,汽车检测与维修技术,道路运输类,交通运输大类,exact
正德职业技术学院,物理,正德职业技术学院03,195103,32,机电一体化技术(与南通理工学院分段培养项目),电气自动化类,装备制造大类,机电一体化技术,自动化类,装备制造大类,exact
正德职业技术学院,物理,正德职业技术学院03,195103,33,电子信息工程技术(与南通理工学院分段培养项目),电子信息类,电子与信息大类,电子信息工程技术,电子信息类,电子与信息大类,exact
正德职业技术学院,物理,正德职业技术学院04,195104,34,建筑装饰工程技术,土木建筑类,土木建筑大类,建筑装饰工程技术,建筑设计类,土木建筑大类,exact
正德职业技术学院,物理,正德职业技术学院04,195104,35,建筑室内设计,土木建筑类,土木建筑大类,建筑室内设计,建筑设计类,土木建筑大类,exact
正德职业技术学院,物理,正德职业技术学院04,195104,36,建筑消防技术,土木建筑类,土木建筑大类,建筑消防技术,建筑设备类,土木建筑大类,exact
正德职业技术学院,物理,正德职业技术学院04,195104,37,工程造价,土木建筑类,土木建筑大类,工程造价,建设工程管理类,土木建筑大类,exact
正德职业技术学院,物理,正德职业技术学院04,195104,38,数控技术,机械设计制造类,装备制造大类,数控技术,机械设计制造类,装备制造大类,exact
正德职业技术学院,物理,正德职业技术学院04,195104,39,机电一体化技术,电气自动化类,装备制造大类,机电一体化技术,自动化类,装备制造大类,exact
正德职业技术学院,物理,正德职业技术学院04,195104,40,工业机器人技术,电气自动化类,装备制造大类,工业机器人技术,自动化类,装备制造大类,exact
正德职业技术学院,物理,正德职业技术学院04,195104,41,电气自动化技术,电气自动化类,装备制造大类,电气自动化技术,自动化类,装备制造大类,exact
正德职业技术学院,物理,正德职业技术学院04,195104,42,无人机应用技术,航空运输类,交通运输大类,无人机应用技术,航空装备类,装备制造大类,exact
正德职业技术学院,物理,正德职业技术学院04,195104,43,定翼机驾驶技术,其他专业类,其他,定翼机驾驶技术,航空运输类,交通运输大类,exact
正德职业技术学院,物理,正德职业技术学院04,195104,44,空中乘务,航空运输类,交通运输大类,空中乘务,航空运输类,交通运输大类,exact
正德职业技术学院,物理,正德职业技术学院04,195104,45,飞机机电设备维修,航空运输类,交通运输大类,飞机机电设备维修,航空运输类,交通运输大类,exact
正德职业技术学院,物理,正德职业技术学院04,195104,46,城市轨道交通通信信号技术,铁道运输类,交通运输大类,城市轨道交通通信信号技术,城市轨道交通类,交通运输大类,exact
正德职业技术学院,物理,正德职业技术学院04,195104,47,城市轨道交通运营管理,铁道运输类,交通运输大类,城市轨道交通运营管理,城市轨道交通类,交通运输大类,exact
正德职业技术学院,物理,正德职业技术学院04,195104,48,电子信息工程技术,电子信息类,电子与信息大类,电子信息工程技术,电子信息类,电子与信息大类,exact
正德职业技术学院,物理,正德职业技术学院04,195104,49,计算机应用技术,计算机类,电子与信息大类,计算机应用技术,计算机类,电子与信息大类,exact
正德职业技术学院,物理,正德职业技术学院04,195104,50,计算机网络技术,计算机类,电子与信息大类,计算机网络技术,计算机类,电子与信息大类,exact
正德职业技术学院,物理,正德职业技术学院04,195104,51,软件技术,计算机类,电子与信息大类,软件技术,计算机类,电子与信息大类,exact
正德职业技术学院,物理,正德职业技术学院04,195104,52,数字媒体技术,计算机类,电子与信息大类,数字媒体技术,计算机类,电子与信息大类,exact
正德职业技术学院,物理,正德职业技术学院04,195104,53,动漫制作技术,文化艺术类,文化艺术大类,动漫制作技术,计算机类,电子与信息大类,exact
正德职业技术学院,物理,正德职业技术学院04,195104,54,婴幼儿托育服务与管理,护理医学类,医药卫生大类,婴幼儿托育服务与管理,健康管理与促进类,医药卫生大类,exact
正德职业技术学院,物理,正德职业技术学院04,195104,55,大数据与会计,财务会计类,财经商贸大类,大数据与会计,财务会计类,财经商贸大类,exact
正德职业技术学院,物理,正德职业技术学院04,195104,56,国际经济与贸易,财经商贸类,财经商贸大类,国际经济与贸易,经济贸易类,财经商贸大类,exact
正德职业技术学院,物理,正德职业技术学院04,195104,57,市场营销,财经商贸类,财经商贸大类,市场营销,工商管理类,财经商贸大类,exact
正德职业技术学院,物理,正德职业技术学院04,195104,58,网络营销与直播电商,计算机类,电子与信息大类,网络营销与直播电商,电子商务类,财经商贸大类,exact
正德职业技术学院,物理,正德职业技术学院04,195104,59,供应链运营,其他专业类,其他,供应链运营,物流类,财经商贸大类,exact
正德职业技术学院,物理,正德职业技术学院04,195104,60,酒店管理与数字化运营,旅游餐饮类,旅游大类,酒店管理与数字化运营,旅游类,旅游大类,exact
正德职业技术学院,物理,正德职业技术学院04,195104,61,融媒体技术与运营,其他专业类,其他,融媒体技术与运营,广播影视类,新闻传播大类,exact
正德职业技术学院,物理,正德职业技术学院04,195104,62,智慧健康养老服务与管理,公共管理服务类,公共管理与服务大类,智慧健康养老服务与管理,公共服务类,公共管理与服务大类,exact
喀什职业技术学院,物理,喀什职业技术学院03,753203,13,园艺技术,农林牧渔类,农林牧渔大类,园艺技术,农业类,农林牧渔大类,exact
喀什职业技术学院,物理,喀什职业技术学院03,753203,14,动物医学,农林牧渔类,农林牧渔大类,动物医学,畜牧业类,农林牧渔大类,exact
喀什职业技术学院,物理,喀什职业技术学院03,753203,15,建筑工程技术,土木建筑类,土木建筑大类,建筑工程技术,土建施工类,土木建筑大类,exact
喀什职业技术学院,物理,喀什职业技术学院03,753203,16,工程造价,土木建筑类,土木建筑大类,工程造价,建设工程管理类,土木建筑大类,exact
喀什职业技术学院,物理,喀什职业技术学院03,753203,17,市政工程技术,土木建筑类,土木建筑大类,市政工程技术,市政工程类,土木建筑大类,exact
喀什职业技术学院,物理,喀什职业技术学院03,753203,18,无人机应用技术,航空运输类,交通运输大类,无人机应用技术,航空装备类,装备制造大类,exact
喀什职业技术学院,物理,喀什职业技术学院03,753203,19,旅游管理,旅游餐饮类,旅游大类,旅游管理,旅游类,旅游大类,exact
喀什职业技术学院,物理,喀什职业技术学院03,753203,20,智能制造装备技术,电气自动化类,装备制造大类,智能制造装备技术,机电设备类,装备制造大类,exact
喀什职业技术学院,物理,喀什职业技术学院03,753203,21,电气自动化技术,电气自动化类,装备制造大类,电气自动化技术,自动化类,装备制造大类,exact
喀什职业技术学院,物理,喀什职业技术学院03,753203,22,新能源汽车技术,汽车制造类,装备制造大类,新能源汽车技术,汽车制造类,装备制造大类,exact
喀什职业技术学院,物理,喀什职业技术学院03,753203,23,计算机应用技术,计算机类,电子与信息大类,计算机应用技术,计算机类,电子与信息大类,exact
喀什职业技术学院,物理,喀什职业技术学院03,753203,24,大数据技术,计算机类,电子与信息大类,大数据技术,计算机类,电子与信息大类,exact
喀什职业技术学院,物理,喀什职业技术学院03,753203,25,人工智能技术应用,计算机类,电子与信息大类,人工智能技术应用,计算机类,电子与信息大类,exact
喀什职业技术学院,物理,喀什职业技术学院03,753203,26,现代物流管理,财经商贸类,财经商贸大类,现代物流管理,物流类,财经商贸大类,exact
喀什职业技术学院,物理,喀什职业技术学院03,753203,27,冷链物流技术与管理,财经商贸类,财经商贸大类,冷链物流技术与管理,物流类,财经商贸大类,exact
喀什职业技术学院,物理,喀什职业技术学院04,753204,28,机电一体化技术,电气自动化类,装备制造大类,机电一体化技术,自动化类,装备制造大类,exact
喀什职业技术学院,物理,喀什职业技术学院05,753205,29,畜牧兽医,农林牧渔类,农林牧渔大类,畜牧兽医,畜牧业类,农林牧渔大类,exact
德阳城市轨道交通职业学院,物理,德阳城市轨道交通职业学院02,879202,05,城市轨道交通通信信号技术,铁道运输类,交通运输大类,城市轨道交通通信信号技术,城市轨道交通类,交通运输大类,exact
德阳城市轨道交通职业学院,物理,德阳城市轨道交通职业学院02,879202,06,城市轨道车辆应用技术,铁道运输类,交通运输大类,城市轨道车辆应用技术,城市轨道交通类,交通运输大类,exact
德阳城市轨道交通职业学院,物理,德阳城市轨道交通职业学院02,879202,07,城市轨道交通机电技术,铁道运输类,交通运输大类,城市轨道交通机电技术,城市轨道交通类,交通运输大类,exact
德阳城市轨道交通职业学院,物理,德阳城市轨道交通职业学院02,879202,08,城市轨道交通供配电技术,铁道运输类,交通运输大类,城市轨道交通供配电技术,城市轨道交通类,交通运输大类,exact
德阳城市轨道交通职业学院,物理,德阳城市轨道交通职业学院02,879202,09,城市轨道交通车辆制造与维护,铁道运输类,交通运输大类,城市轨道交通车辆制造与维护,轨道装备类,装备制造大类,exact
德阳城市轨道交通职业学院,物理,德阳城市轨道交通职业学院02,879202,10,铁道车辆技术,铁道运输类,交通运输大类,铁道车辆技术,铁道运输类,交通运输大类,exact
德阳城市轨道交通职业学院,物理,德阳城市轨道交通职业学院02,879202,11,电气自动化技术,电气自动化类,装备制造大类,电气自动化技术,自动化类,装备制造大类,exact
河北科技工程职业技术大学,物理,河北科技工程职业技术大学04,337904,06,大数据与会计,财务会计类,财经商贸大类,大数据与会计,财务会计类,财经商贸大类,exact
河北科技工程职业技术大学,物理,河北科技工程职业技术大学04,337904,07,建筑装饰工程技术,土木建筑类,土木建筑大类,建筑装饰工程技术,建筑设计类,土木建筑大类,exact
潍坊工商职业学院,物理,潍坊工商职业学院02,825302,10,电气自动化技术,电气自动化类,装备制造大类,电气自动化技术,自动化类,装备制造大类,exact
潍坊工商职业学院,物理,潍坊工商职业学院02,825302,11,机电一体化技术,电气自动化类,装备制造大类,机电一体化技术,自动化类,装备制造大类,exact
潍坊工商职业学院,物理,潍坊工商职业学院02,825302,12,新能源汽车技术,汽车制造类,装备制造大类,新能源汽车技术,汽车制造类,装备制造大类,exact
潍坊工商职业学院,物理,潍坊工商职业学院02,825302,13,工程造价,土木建筑类,土木建筑大类,工程造价,建设工程管理类,土木建筑大类,exact
潍坊工商职业学院,物理,潍坊工商职业学院02,825302,14,畜牧兽医,农林牧渔类,农林牧渔大类,畜牧兽医,畜牧业类,农林牧渔大类,exact
潍坊工商职业学院,物理,潍坊工商职业学院02,825302,15,计算机应用技术,计算机类,电子与信息大类,计算机应用技术,计算机类,电子与信息大类,exact
永城职业学院,物理,永城职业学院02,518902,02,计算机应用技术,计算机类,电子与信息大类,计算机应用技术,计算机类,电子与信息大类,exact
喀什职业技术学院,历史,喀什职业技术学院01,753201,01,计算机应用技术,计算机类,电子与信息大类,计算机应用技术,计算机类,电子与信息大类,exact
喀什职业技术学院,历史,喀什职业技术学院01,753201,02,大数据技术,计算机类,电子与信息大类,大数据技术,计算机类,电子与信息大类,exact
喀什职业技术学院,历史,喀什职业技术学院01,753201,03,人工智能技术应用,计算机类,电子与信息大类,人工智能技术应用,计算机类,电子与信息大类,exact
喀什职业技术学院,历史,喀什职业技术学院01,753201,04,冷链物流技术与管理,财经商贸类,财经商贸大类,冷链物流技术与管理,物流类,财经商贸大类,exact
喀什职业技术学院,历史,喀什职业技术学院01,753201,05,旅游管理,旅游餐饮类,旅游大类,旅游管理,旅游类,旅游大类,exact
喀什职业技术学院,历史,喀什职业技术学院01,753201,06,园艺技术,农林牧渔类,农林牧渔大类,园艺技术,农业类,农林牧渔大类,exact
喀什职业技术学院,历史,喀什职业技术学院01,753201,07,动物医学,农林牧渔类,农林牧渔大类,动物医学,畜牧业类,农林牧渔大类,exact
喀什职业技术学院,历史,喀什职业技术学院01,753201,08,建筑工程技术,土木建筑类,土木建筑大类,建筑工程技术,土建施工类,土木建筑大类,exact
喀什职业技术学院,历史,喀什职业技术学院01,753201,09,工程造价,土木建筑类,土木建筑大类,工程造价,建设工程管理类,土木建筑大类,exact
喀什职业技术学院,历史,喀什职业技术学院02,753202,10,大数据与会计,财务会计类,财经商贸大类,大数据与会计,财务会计类,财经商贸大类,exact
喀什职业技术学院,历史,喀什职业技术学院02,753202,11,电子商务,财经商贸类,财经商贸大类,电子商务,电子商务类,财经商贸大类,exact
喀什职业技术学院,历史,喀什职业技术学院02,753202,12,酒店管理与数字化运营,旅游餐饮类,旅游大类,酒店管理与数字化运营,旅游类,旅游大类,exact
江西建设职业技术学院,物理,江西建设职业技术学院02,256402,07,无人机测绘技术,资源环境安全类,资源环境与安全大类,无人机测绘技术,测绘地理信息类,资源环境与安全大类,exact
江西建设职业技术学院,物理,江西建设职业技术学院02,256402,08,工程造价,土木建筑类,土木建筑大类,工程造价,建设工程管理类,土木建筑大类,exact
江西建设职业技术学院,物理,江西建设职业技术学院02,256402,09,工业机器人技术(经开校区),电气自动化类,装备制造大类,工业机器人技术,自动化类,装备制造大类,exact
江西建设职业技术学院,物理,江西建设职业技术学院02,256402,10,家具设计与制造,机械设计制造类,装备制造大类,家具设计与制造,轻化工类,轻工纺织大类,exact
江西建设职业技术学院,物理,江西建设职业技术学院02,256402,11,城市轨道交通运营管理,铁道运输类,交通运输大类,城市轨道交通运营管理,城市轨道交通类,交通运输大类,exact
江西建设职业技术学院,物理,江西建设职业技术学院02,256402,12,物联网应用技术(经开校区),计算机类,电子与信息大类,物联网应用技术,电子信息类,电子与信息大类,exact
湖南三一工业职业技术学院,历史,湖南三一工业职业技术学院01,863001,01,机电一体化技术,电气自动化类,装备制造大类,机电一体化技术,自动化类,装备制造大类,exact
哈尔滨北方航空职业技术学院,历史,哈尔滨北方航空职业技术学院01,848201,01,无人机测绘技术,资源环境安全类,资源环境与安全大类,无人机测绘技术,测绘地理信息类,资源环境与安全大类,exact
哈尔滨北方航空职业技术学院,历史,哈尔滨北方航空职业技术学院01,848201,02,低空飞行器装备技术,其他专业类,其他,低空飞行器装备技术,机电设备类,装备制造大类,exact
哈尔滨北方航空职业技术学院,历史,哈尔滨北方航空职业技术学院01,848201,03,无人机应用技术,航空运输类,交通运输大类,无人机应用技术,航空装备类,装备制造大类,exact
哈尔滨北方航空职业技术学院,历史,哈尔滨北方航空职业技术学院01,848201,04,空中乘务(报考该专业须详询院校),航空运输类,交通运输大类,空中乘务,航空运输类,交通运输大类,exact
三亚理工职业学院,物理,三亚理工职业学院02,875502,06,酒店管理与数字化运营,旅游餐饮类,旅游大类,酒店管理与数字化运营,旅游类,旅游大类,exact
三亚理工职业学院,物理,三亚理工职业学院02,875502,07,旅游管理,旅游餐饮类,旅游大类,旅游管理,旅游类,旅游大类,exact
三亚理工职业学院,物理,三亚理工职业学院02,875502,08,大数据与会计,财务会计类,财经商贸大类,大数据与会计,财务会计类,财经商贸大类,exact
榆林能源科技职业学院,物理,榆林能源科技职业学院02,893502,03,智能控制技术,电气自动化类,装备制造大类,智能控制技术,自动化类,装备制造大类,exact
榆林能源科技职业学院,物理,榆林能源科技职业学院02,893502,04,物联网应用技术,计算机类,电子与信息大类,物联网应用技术,电子信息类,电子与信息大类,exact
榆林能源科技职业学院,物理,榆林能源科技职业学院02,893502,05,工业机器人技术,电气自动化类,装备制造大类,工业机器人技术,自动化类,装备制造大类,exact
西安城市建设职业学院,历史,西安城市建设职业学院01,893401,01,建筑室内设计,土木建筑类,土木建筑大类,建筑室内设计,建筑设计类,土木建筑大类,exact
西安城市建设职业学院,历史,西安城市建设职业学院01,893401,02,建筑消防技术,土木建筑类,土木建筑大类,建筑消防技术,建筑设备类,土木建筑大类,exact
西安城市建设职业学院,历史,西安城市建设职业学院01,893401,03,机电一体化技术,电气自动化类,装备制造大类,机电一体化技术,自动化类,装备制造大类,exact
西安城市建设职业学院,历史,西安城市建设职业学院01,893401,04,高速铁路客运服务,铁道运输类,交通运输大类,高速铁路客运服务,铁道运输类,交通运输大类,exact
西安城市建设职业学院,历史,西安城市建设职业学院01,893401,05,大数据技术,计算机类,电子与信息大类,大数据技术,计算机类,电子与信息大类,exact
西安城市建设职业学院,历史,西安城市建设职业学院01,893401,06,动漫制作技术,文化艺术类,文化艺术大类,动漫制作技术,计算机类,电子与信息大类,exact
武汉外语外事职业学院,历史,武汉外语外事职业学院01,859101,01,商务英语,教育体育类,教育与体育大类,商务英语,语言类,教育与体育大类,exact
武汉外语外事职业学院,历史,武汉外语外事职业学院01,859101,02,高速铁路客运服务,铁道运输类,交通运输大类,高速铁路客运服务,铁道运输类,交通运输大类,exact
武汉外语外事职业学院,历史,武汉外语外事职业学院01,859101,03,大数据与会计,财务会计类,财经商贸大类,大数据与会计,财务会计类,财经商贸大类,exact
武汉外语外事职业学院,历史,武汉外语外事职业学院01,859101,04,融媒体技术与运营,其他专业类,其他,融媒体技术与运营,广播影视类,新闻传播大类,exact
武汉外语外事职业学院,历史,武汉外语外事职业学院01,859101,05,低空智联网技术,其他专业类,其他,低空智联网技术,通信类,电子与信息大类,exact
武汉外语外事职业学院,历史,武汉外语外事职业学院01,859101,06,新能源汽车技术,汽车制造类,装备制造大类,新能源汽车技术,汽车制造类,装备制造大类,exact
长春信息技术职业学院,物理,长春信息技术职业学院02,846502,03,汽车制造与试验技术(卓越校区),机械设计制造类,装备制造大类,汽车制造与试验技术,汽车制造类,装备制造大类,exact
长春信息技术职业学院,物理,长春信息技术职业学院02,846502,04,计算机应用技术(卓越校区),计算机类,电子与信息大类,计算机应用技术,计算机类,电子与信息大类,exact
海口经济学院,历史,海口经济学院02,874002,11,大数据与财务管理,财务会计类,财经商贸大类,大数据与财务管理,财务会计类,财经商贸大类,exact
海口经济学院,历史,海口经济学院02,874002,12,人力资源管理,公共管理服务类,公共管理与服务大类,人力资源管理,公共管理类,公共管理与服务大类,exact
海口经济学院,历史,海口经济学院02,874002,13,民航运输服务,航空运输类,交通运输大类,民航运输服务,航空运输类,交通运输大类,exact
海口经济学院,历史,海口经济学院02,874002,14,会展策划与管理,旅游餐饮类,旅游大类,会展策划与管理,旅游类,旅游大类,exact
海口经济学院,历史,海口经济学院02,874002,15,连锁经营与管理,财经商贸类,财经商贸大类,连锁经营与管理,工商管理类,财经商贸大类,exact
海口经济学院,历史,海口经济学院02,874002,16,环境监测技术,资源环境安全类,资源环境与安全大类,环境监测技术,环境保护类,资源环境与安全大类,exact
海口经济学院,历史,海口经济学院02,874002,17,港口与航运管理,航海运输类,交通运输大类,港口与航运管理,水上运输类,交通运输大类,exact
海口经济学院,历史,海口经济学院02,874002,18,网络新闻与传播,计算机类,电子与信息大类,网络新闻与传播,新闻出版类,新闻传播大类,exact
海口经济学院,历史,海口经济学院02,874002,19,文化创意与策划,其他专业类,其他,文化创意与策划,文化服务类,文化艺术大类,exact
海口经济学院,历史,海口经济学院02,874002,20,数字时尚设计,文化艺术类,文化艺术大类,数字时尚设计,艺术设计类,文化艺术大类,exact
海口经济学院,历史,海口经济学院02,874002,21,智慧健康养老服务与管理,公共管理服务类,公共管理与服务大类,智慧健康养老服务与管理,公共服务类,公共管理与服务大类,exact
新疆和田学院,历史,新疆和田学院03,752303,05,现代文秘(昆仑路校区),公共管理服务类,公共管理与服务大类,现代文秘,文秘类,公共管理与服务大类,exact
江海职业技术学院,历史,江海职业技术学院01,198801,01,机电一体化技术,电气自动化类,装备制造大类,机电一体化技术,自动化类,装备制造大类,exact
江海职业技术学院,历史,江海职业技术学院01,198801,02,数控技术,机械设计制造类,装备制造大类,数控技术,机械设计制造类,装备制造大类,exact
江海职业技术学院,历史,江海职业技术学院01,198801,03,汽车检测与维修技术,汽车制造类,装备制造大类,汽车检测与维修技术,道路运输类,交通运输大类,exact
江海职业技术学院,历史,江海职业技术学院01,198801,04,工业机器人技术,电气自动化类,装备制造大类,工业机器人技术,自动化类,装备制造大类,exact
江海职业技术学院,历史,江海职业技术学院01,198801,05,新能源汽车技术,汽车制造类,装备制造大类,新能源汽车技术,汽车制造类,装备制造大类,exact
江海职业技术学院,历史,江海职业技术学院01,198801,06,飞机部件修理,航空运输类,交通运输大类,飞机部件修理,航空运输类,交通运输大类,exact
江海职业技术学院,历史,江海职业技术学院01,198801,07,电气自动化技术,电气自动化类,装备制造大类,电气自动化技术,自动化类,装备制造大类,exact
江海职业技术学院,历史,江海职业技术学院01,198801,08,无人机应用技术,航空运输类,交通运输大类,无人机应用技术,航空装备类,装备制造大类,exact
江海职业技术学院,历史,江海职业技术学院01,198801,09,智能机器人技术,其他专业类,其他,智能机器人技术,自动化类,装备制造大类,exact
江海职业技术学院,历史,江海职业技术学院01,198801,10,计算机应用技术,计算机类,电子与信息大类,计算机应用技术,计算机类,电子与信息大类,exact
江海职业技术学院,历史,江海职业技术学院01,198801,11,物联网应用技术,计算机类,电子与信息大类,物联网应用技术,电子信息类,电子与信息大类,exact
江海职业技术学院,历史,江海职业技术学院01,198801,12,人工智能技术应用,计算机类,电子与信息大类,人工智能技术应用,计算机类,电子与信息大类,exact
江海职业技术学院,历史,江海职业技术学院01,198801,13,信息安全技术应用,计算机类,电子与信息大类,信息安全技术应用,计算机类,电子与信息大类,exact
江海职业技术学院,历史,江海职业技术学院01,198801,14,建筑工程技术,土木建筑类,土木建筑大类,建筑工程技术,土建施工类,土木建筑大类,exact
江海职业技术学院,历史,江海职业技术学院01,198801,15,工程造价,土木建筑类,土木建筑大类,工程造价,建设工程管理类,土木建筑大类,exact
江海职业技术学院,历史,江海职业技术学院01,198801,16,建筑消防技术,土木建筑类,土木建筑大类,建筑消防技术,建筑设备类,土木建筑大类,exact
江海职业技术学院,历史,江海职业技术学院01,198801,17,安全技术与管理,资源环境安全类,资源环境与安全大类,安全技术与管理,安全类,资源环境与安全大类,exact
江海职业技术学院,历史,江海职业技术学院01,198801,18,建筑室内设计,土木建筑类,土木建筑大类,建筑室内设计,建筑设计类,土木建筑大类,exact
江海职业技术学院,历史,江海职业技术学院01,198801,19,融媒体技术与运营,其他专业类,其他,融媒体技术与运营,广播影视类,新闻传播大类,exact
江海职业技术学院,历史,江海职业技术学院01,198801,20,市场营销,财经商贸类,财经商贸大类,市场营销,工商管理类,财经商贸大类,exact
江海职业技术学院,历史,江海职业技术学院01,198801,21,现代物流管理,财经商贸类,财经商贸大类,现代物流管理,物流类,财经商贸大类,exact
江海职业技术学院,历史,江海职业技术学院01,198801,22,电子商务,财经商贸类,财经商贸大类,电子商务,电子商务类,财经商贸大类,exact
江海职业技术学院,历史,江海职业技术学院01,198801,23,大数据与会计,财务会计类,财经商贸大类,大数据与会计,财务会计类,财经商贸大类,exact
江海职业技术学院,历史,江海职业技术学院01,198801,24,跨境电子商务,财经商贸类,财经商贸大类,跨境电子商务,电子商务类,财经商贸大类,exact
江海职业技术学院,历史,江海职业技术学院01,198801,25,旅游管理,旅游餐饮类,旅游大类,旅游管理,旅游类,旅游大类,exact
江海职业技术学院,历史,江海职业技术学院01,198801,26,空中乘务,航空运输类,交通运输大类,空中乘务,航空运输类,交通运输大类,exact
江海职业技术学院,历史,江海职业技术学院01,198801,27,烹饪工艺与营养,食品药品类,食品药品与粮食大类,烹饪工艺与营养,餐饮类,旅游大类,exact
江海职业技术学院,历史,江海职业技术学院01,198801,28,高速铁路客运服务,铁道运输类,交通运输大类,高速铁路客运服务,铁道运输类,交通运输大类,exact
江海职业技术学院,历史,江海职业技术学院01,198801,29,西式烹饪工艺,食品药品类,食品药品与粮食大类,西式烹饪工艺,餐饮类,旅游大类,exact
江海职业技术学院,历史,江海职业技术学院01,198801,30,酒店管理与数字化运营,旅游餐饮类,旅游大类,酒店管理与数字化运营,旅游类,旅游大类,exact
江海职业技术学院,历史,江海职业技术学院01,198801,31,智慧健康养老服务与管理,公共管理服务类,公共管理与服务大类,智慧健康养老服务与管理,公共服务类,公共管理与服务大类,exact
江海职业技术学院,历史,江海职业技术学院01,198801,32,婴幼儿托育服务与管理,护理医学类,医药卫生大类,婴幼儿托育服务与管理,健康管理与促进类,医药卫生大类,exact
江海职业技术学院,历史,江海职业技术学院01,198801,33,体育保健与康复,教育体育类,教育与体育大类,体育保健与康复,体育类,教育与体育大类,exact
江海职业技术学院,历史,江海职业技术学院01,198801,34,宠物养护与驯导,农林牧渔类,农林牧渔大类,宠物养护与驯导,畜牧业类,农林牧渔大类,exact
江海职业技术学院,历史,江海职业技术学院01,198801,35,康复治疗技术,护理医学类,医药卫生大类,康复治疗技术,康复治疗类,医药卫生大类,exact
江海职业技术学院,历史,江海职业技术学院02,198802,36,市场营销(与徐州工程学院分段培养项目),财经商贸类,财经商贸大类,市场营销,工商管理类,财经商贸大类,exact
江海职业技术学院,历史,江海职业技术学院03,198803,37,机电一体化技术(与徐州工程学院分段培养项目),电气自动化类,装备制造大类,机电一体化技术,自动化类,装备制造大类,exact
泉州轻工职业学院,历史,泉州轻工职业学院01,816801,01,化妆品经营与管理,生物化工类,生物与化工大类,化妆品经营与管理,药品与医疗器械类,食品药品与粮食大类,exact
泉州轻工职业学院,历史,泉州轻工职业学院01,816801,02,鞋类设计与工艺,文化艺术类,文化艺术大类,鞋设计与工艺,轻化工类,轻工纺织大类,exact
石家庄医学高等专科学校,历史,石家庄医学高等专科学校01,835101,01,药品生产技术,药学类,医药卫生大类,药品生产技术,药品与医疗器械类,食品药品与粮食大类,exact
石家庄医学高等专科学校,历史,石家庄医学高等专科学校01,835101,02,生物制药技术,生物化工类,生物与化工大类,生物制药技术,药品与医疗器械类,食品药品与粮食大类,exact
石家庄医学高等专科学校,历史,石家庄医学高等专科学校01,835101,03,药品经营与管理,药学类,医药卫生大类,药品经营与管理,药品与医疗器械类,食品药品与粮食大类,exact
石家庄医学高等专科学校,历史,石家庄医学高等专科学校01,835101,04,医疗器械维护与管理,其他专业类,其他,医疗器械维护与管理,药品与医疗器械类,食品药品与粮食大类,exact
石家庄医学高等专科学校,历史,石家庄医学高等专科学校01,835101,05,智慧健康养老服务与管理,公共管理服务类,公共管理与服务大类,智慧健康养老服务与管理,公共服务类,公共管理与服务大类,exact
重庆艺术工程职业学院,历史,重庆艺术工程职业学院01,880701,01,影视动画,文化艺术类,文化艺术大类,影视动画,广播影视类,新闻传播大类,exact
重庆艺术工程职业学院,历史,重庆艺术工程职业学院01,880701,02,空中乘务,航空运输类,交通运输大类,空中乘务,航空运输类,交通运输大类,exact
重庆艺术工程职业学院,历史,重庆艺术工程职业学院01,880701,03,民航安全技术管理,航空运输类,交通运输大类,民航安全技术管理,航空运输类,交通运输大类,exact
湖南工程职业技术学院,物理,湖南工程职业技术学院02,539502,05,工程测量技术,其他专业类,其他,工程测量技术,测绘地理信息类,资源环境与安全大类,exact
湖南工程职业技术学院,物理,湖南工程职业技术学院02,539502,06,工程造价,土木建筑类,土木建筑大类,工程造价,建设工程管理类,土木建筑大类,exact
湖南工程职业技术学院,物理,湖南工程职业技术学院02,539502,07,大数据与会计,财务会计类,财经商贸大类,大数据与会计,财务会计类,财经商贸大类,exact
烟台黄金职业学院,物理,烟台黄金职业学院02,822402,02,智能机电技术,其他专业类,其他,智能机电技术,自动化类,装备制造大类,exact
重庆电讯职业学院,历史,重庆电讯职业学院01,882201,01,市政工程技术,土木建筑类,土木建筑大类,市政工程技术,市政工程类,土木建筑大类,exact
重庆电讯职业学院,历史,重庆电讯职业学院01,882201,02,工业互联网技术,电气自动化类,装备制造大类,工业互联网技术,计算机类,电子与信息大类,exact
潍坊环境工程职业学院,物理,潍坊环境工程职业学院02,819002,07,工业机器人技术,电气自动化类,装备制造大类,工业机器人技术,自动化类,装备制造大类,exact
潍坊环境工程职业学院,物理,潍坊环境工程职业学院02,819002,08,人工智能技术应用,计算机类,电子与信息大类,人工智能技术应用,计算机类,电子与信息大类,exact
潍坊环境工程职业学院,物理,潍坊环境工程职业学院02,819002,09,大数据技术,计算机类,电子与信息大类,大数据技术,计算机类,电子与信息大类,exact
潍坊环境工程职业学院,物理,潍坊环境工程职业学院02,819002,10,信息安全技术应用,计算机类,电子与信息大类,信息安全技术应用,计算机类,电子与信息大类,exact
潍坊环境工程职业学院,物理,潍坊环境工程职业学院02,819002,11,卫星通信与导航技术,电子信息类,电子与信息大类,卫星通信与导航技术,通信类,电子与信息大类,exact
潍坊环境工程职业学院,物理,潍坊环境工程职业学院02,819002,12,智能控制技术,电气自动化类,装备制造大类,智能控制技术,自动化类,装备制造大类,exact
邢台新能源职业学院,历史,邢台新能源职业学院01,835401,01,大数据与会计,财务会计类,财经商贸大类,大数据与会计,财务会计类,财经商贸大类,exact
内蒙古北方职业技术学院,物理,内蒙古北方职业技术学院01,895001,01,动物医学,农林牧渔类,农林牧渔大类,动物医学,畜牧业类,农林牧渔大类,exact
内蒙古北方职业技术学院,物理,内蒙古北方职业技术学院01,895001,02,畜牧兽医,农林牧渔类,农林牧渔大类,畜牧兽医,畜牧业类,农林牧渔大类,exact
内蒙古北方职业技术学院,物理,内蒙古北方职业技术学院01,895001,03,计算机网络技术,计算机类,电子与信息大类,计算机网络技术,计算机类,电子与信息大类,exact
内蒙古北方职业技术学院,物理,内蒙古北方职业技术学院01,895001,04,信息安全技术应用,计算机类,电子与信息大类,信息安全技术应用,计算机类,电子与信息大类,exact
内蒙古北方职业技术学院,物理,内蒙古北方职业技术学院01,895001,05,高速铁路客运服务,铁道运输类,交通运输大类,高速铁路客运服务,铁道运输类,交通运输大类,exact
内蒙古北方职业技术学院,物理,内蒙古北方职业技术学院01,895001,06,城市轨道交通运营管理,铁道运输类,交通运输大类,城市轨道交通运营管理,城市轨道交通类,交通运输大类,exact
内蒙古北方职业技术学院,物理,内蒙古北方职业技术学院01,895001,07,药品经营与管理,药学类,医药卫生大类,药品经营与管理,药品与医疗器械类,食品药品与粮食大类,exact
内蒙古北方职业技术学院,物理,内蒙古北方职业技术学院01,895001,08,大数据与会计,财务会计类,财经商贸大类,大数据与会计,财务会计类,财经商贸大类,exact
内蒙古北方职业技术学院,物理,内蒙古北方职业技术学院01,895001,09,机电一体化技术,电气自动化类,装备制造大类,机电一体化技术,自动化类,装备制造大类,exact
陕西旅游烹饪职业学院,历史,陕西旅游烹饪职业学院01,891901,01,计算机应用技术,计算机类,电子与信息大类,计算机应用技术,计算机类,电子与信息大类,exact
陕西旅游烹饪职业学院,历史,陕西旅游烹饪职业学院01,891901,02,电子商务,财经商贸类,财经商贸大类,电子商务,电子商务类,财经商贸大类,exact
陕西旅游烹饪职业学院,历史,陕西旅游烹饪职业学院01,891901,03,旅游管理,旅游餐饮类,旅游大类,旅游管理,旅游类,旅游大类,exact
陕西旅游烹饪职业学院,历史,陕西旅游烹饪职业学院01,891901,04,烹饪工艺与营养,食品药品类,食品药品与粮食大类,烹饪工艺与营养,餐饮类,旅游大类,exact
青岛恒星科技学院,历史,青岛恒星科技学院02,821502,10,应用韩语,其他专业类,其他,应用韩语,语言类,教育与体育大类,exact
青岛恒星科技学院,历史,青岛恒星科技学院02,821502,11,金融服务与管理,财经商贸类,财经商贸大类,金融服务与管理,金融类,财经商贸大类,exact
青岛恒星科技学院,历史,青岛恒星科技学院02,821502,12,空中乘务,航空运输类,交通运输大类,空中乘务,航空运输类,交通运输大类,exact
江西科技职业学院,物理,江西科技职业学院02,819702,02,城市轨道交通工程技术,铁道运输类,交通运输大类,城市轨道交通工程技术,城市轨道交通类,交通运输大类,exact
江西科技职业学院,物理,江西科技职业学院02,819702,03,智能交通技术,其他专业类,其他,智能交通技术,道路运输类,交通运输大类,exact
金肯职业技术学院,物理,金肯职业技术学院02,195202,32,建筑工程技术,土木建筑类,土木建筑大类,建筑工程技术,土建施工类,土木建筑大类,exact
金肯职业技术学院,物理,金肯职业技术学院02,195202,33,消防救援技术,资源环境安全类,资源环境与安全大类,消防救援技术,安全类,资源环境与安全大类,exact
金肯职业技术学院,物理,金肯职业技术学院02,195202,34,建筑消防技术,土木建筑类,土木建筑大类,建筑消防技术,建筑设备类,土木建筑大类,exact
金肯职业技术学院,物理,金肯职业技术学院02,195202,35,建筑室内设计,土木建筑类,土木建筑大类,建筑室内设计,建筑设计类,土木建筑大类,exact
金肯职业技术学院,物理,金肯职业技术学院02,195202,36,供热通风与空调工程技术,其他专业类,其他,供热通风与空调工程技术,建筑设备类,土木建筑大类,exact
金肯职业技术学院,物理,金肯职业技术学院02,195202,37,空中乘务,航空运输类,交通运输大类,空中乘务,航空运输类,交通运输大类,exact
金肯职业技术学院,物理,金肯职业技术学院02,195202,38,城市轨道交通运营管理,铁道运输类,交通运输大类,城市轨道交通运营管理,城市轨道交通类,交通运输大类,exact
金肯职业技术学院,物理,金肯职业技术学院02,195202,39,机械制造及自动化,电气自动化类,装备制造大类,机械制造及自动化,机械设计制造类,装备制造大类,exact
金肯职业技术学院,物理,金肯职业技术学院02,195202,40,数控技术,机械设计制造类,装备制造大类,数控技术,机械设计制造类,装备制造大类,exact
金肯职业技术学院,物理,金肯职业技术学院02,195202,41,机电一体化技术,电气自动化类,装备制造大类,机电一体化技术,自动化类,装备制造大类,exact
金肯职业技术学院,物理,金肯职业技术学院02,195202,42,汽车制造与试验技术,机械设计制造类,装备制造大类,汽车制造与试验技术,汽车制造类,装备制造大类,exact
金肯职业技术学院,物理,金肯职业技术学院02,195202,43,新能源汽车技术,汽车制造类,装备制造大类,新能源汽车技术,汽车制造类,装备制造大类,exact
金肯职业技术学院,物理,金肯职业技术学院02,195202,44,工业机器人技术,电气自动化类,装备制造大类,工业机器人技术,自动化类,装备制造大类,exact
金肯职业技术学院,物理,金肯职业技术学院02,195202,45,光伏工程技术,能源动力与材料类,能源动力与材料大类,光伏工程技术,新能源发电工程类,能源动力与材料大类,exact
金肯职业技术学院,物理,金肯职业技术学院02,195202,46,大数据与会计,财务会计类,财经商贸大类,大数据与会计,财务会计类,财经商贸大类,exact
金肯职业技术学院,物理,金肯职业技术学院02,195202,47,电子商务,财经商贸类,财经商贸大类,电子商务,电子商务类,财经商贸大类,exact
金肯职业技术学院,物理,金肯职业技术学院02,195202,48,市场营销,财经商贸类,财经商贸大类,市场营销,工商管理类,财经商贸大类,exact
金肯职业技术学院,物理,金肯职业技术学院02,195202,49,网络直播与运营,计算机类,电子与信息大类,网络直播与运营,广播影视类,新闻传播大类,exact
金肯职业技术学院,物理,金肯职业技术学院02,195202,50,电子竞技运动与管理,教育体育类,教育与体育大类,电子竞技运动与管理,体育类,教育与体育大类,exact
金肯职业技术学院,物理,金肯职业技术学院02,195202,51,融媒体技术与运营,其他专业类,其他,融媒体技术与运营,广播影视类,新闻传播大类,exact
金肯职业技术学院,物理,金肯职业技术学院02,195202,52,婴幼儿托育服务与管理,护理医学类,医药卫生大类,婴幼儿托育服务与管理,健康管理与促进类,医药卫生大类,exact
金肯职业技术学院,物理,金肯职业技术学院02,195202,53,酒店管理与数字化运营,旅游餐饮类,旅游大类,酒店管理与数字化运营,旅游类,旅游大类,exact
金肯职业技术学院,物理,金肯职业技术学院02,195202,54,电气自动化技术,电气自动化类,装备制造大类,电气自动化技术,自动化类,装备制造大类,exact
金肯职业技术学院,物理,金肯职业技术学院02,195202,55,无人机应用技术,航空运输类,交通运输大类,无人机应用技术,航空装备类,装备制造大类,exact
金肯职业技术学院,物理,金肯职业技术学院02,195202,56,计算机应用技术,计算机类,电子与信息大类,计算机应用技术,计算机类,电子与信息大类,exact
金肯职业技术学院,物理,金肯职业技术学院02,195202,57,人工智能技术应用,计算机类,电子与信息大类,人工智能技术应用,计算机类,电子与信息大类,exact
金肯职业技术学院,物理,金肯职业技术学院02,195202,58,数字媒体技术,计算机类,电子与信息大类,数字媒体技术,计算机类,电子与信息大类,exact
金肯职业技术学院,物理,金肯职业技术学院02,195202,59,大数据技术,计算机类,电子与信息大类,大数据技术,计算机类,电子与信息大类,exact
金肯职业技术学院,物理,金肯职业技术学院02,195202,60,现代移动通信技术,电子信息类,电子与信息大类,现代移动通信技术,通信类,电子与信息大类,exact
金肯职业技术学院,物理,金肯职业技术学院02,195202,61,电子信息工程技术,电子信息类,电子与信息大类,电子信息工程技术,电子信息类,电子与信息大类,exact
金肯职业技术学院,物理,金肯职业技术学院02,195202,62,集成电路技术,电子信息类,电子与信息大类,集成电路技术,集成电路类,电子与信息大类,exact
山东外国语职业技术大学,历史,山东外国语职业技术大学01,825201,01,酒店管理与数字化运营,旅游餐饮类,旅游大类,酒店管理与数字化运营,旅游类,旅游大类,exact
山东外国语职业技术大学,历史,山东外国语职业技术大学01,825201,02,市场营销,财经商贸类,财经商贸大类,市场营销,工商管理类,财经商贸大类,exact
宿迁职业技术学院,物理,宿迁职业技术学院02,199602,13,工业机器人技术,电气自动化类,装备制造大类,工业机器人技术,自动化类,装备制造大类,exact
宿迁职业技术学院,物理,宿迁职业技术学院02,199602,14,无人机应用技术,航空运输类,交通运输大类,无人机应用技术,航空装备类,装备制造大类,exact
宿迁职业技术学院,物理,宿迁职业技术学院02,199602,15,智能产品开发与应用,电子信息类,电子与信息大类,智能产品开发与应用,电子信息类,电子与信息大类,exact
宿迁职业技术学院,物理,宿迁职业技术学院02,199602,16,软件技术,计算机类,电子与信息大类,软件技术,计算机类,电子与信息大类,exact
宿迁职业技术学院,物理,宿迁职业技术学院02,199602,17,数字媒体技术,计算机类,电子与信息大类,数字媒体技术,计算机类,电子与信息大类,exact
宿迁职业技术学院,物理,宿迁职业技术学院02,199602,18,大数据技术,计算机类,电子与信息大类,大数据技术,计算机类,电子与信息大类,exact
宿迁职业技术学院,物理,宿迁职业技术学院02,199602,19,云计算技术应用,计算机类,电子与信息大类,云计算技术应用,计算机类,电子与信息大类,exact
宿迁职业技术学院,物理,宿迁职业技术学院02,199602,20,虚拟现实技术应用,计算机类,电子与信息大类,虚拟现实技术应用,计算机类,电子与信息大类,exact
宿迁职业技术学院,物理,宿迁职业技术学院02,199602,21,人工智能技术应用,计算机类,电子与信息大类,人工智能技术应用,计算机类,电子与信息大类,exact
宿迁职业技术学院,物理,宿迁职业技术学院02,199602,22,移动应用开发,其他专业类,其他,移动应用开发,计算机类,电子与信息大类,exact
宿迁职业技术学院,物理,宿迁职业技术学院02,199602,23,动漫制作技术,文化艺术类,文化艺术大类,动漫制作技术,计算机类,电子与信息大类,exact
宿迁职业技术学院,物理,宿迁职业技术学院02,199602,24,智能互联网络技术,计算机类,电子与信息大类,智能互联网络技术,通信类,电子与信息大类,exact
厦门华天涉外职业技术学院,物理,厦门华天涉外职业技术学院02,815202,02,机电一体化技术,电气自动化类,装备制造大类,机电一体化技术,自动化类,装备制造大类,exact
厦门华天涉外职业技术学院,物理,厦门华天涉外职业技术学院02,815202,03,软件技术,计算机类,电子与信息大类,软件技术,计算机类,电子与信息大类,exact
苏州百年职业学院,物理,苏州百年职业学院02,197102,21,机电一体化技术(中外合作办学),电气自动化类,装备制造大类,机电一体化技术,自动化类,装备制造大类,exact
苏州百年职业学院,物理,苏州百年职业学院02,197102,22,智能控制技术(中外合作办学),电气自动化类,装备制造大类,智能控制技术,自动化类,装备制造大类,exact
苏州百年职业学院,物理,苏州百年职业学院02,197102,23,集成电路技术(中外合作办学),电子信息类,电子与信息大类,集成电路技术,集成电路类,电子与信息大类,exact
苏州百年职业学院,物理,苏州百年职业学院02,197102,24,工业互联网技术(中外合作办学),电气自动化类,装备制造大类,工业互联网技术,计算机类,电子与信息大类,exact
苏州百年职业学院,物理,苏州百年职业学院02,197102,25,软件技术(中外合作办学),计算机类,电子与信息大类,软件技术,计算机类,电子与信息大类,exact
苏州百年职业学院,物理,苏州百年职业学院02,197102,26,大数据技术(中外合作办学),计算机类,电子与信息大类,大数据技术,计算机类,电子与信息大类,exact
苏州百年职业学院,物理,苏州百年职业学院02,197102,27,云计算技术应用(中外合作办学),计算机类,电子与信息大类,云计算技术应用,计算机类,电子与信息大类,exact
苏州百年职业学院,物理,苏州百年职业学院02,197102,28,信息安全技术应用(中外合作办学),计算机类,电子与信息大类,信息安全技术应用,计算机类,电子与信息大类,exact
苏州百年职业学院,物理,苏州百年职业学院02,197102,29,人工智能技术应用(中外合作办学),计算机类,电子与信息大类,人工智能技术应用,计算机类,电子与信息大类,exact
苏州百年职业学院,物理,苏州百年职业学院02,197102,30,国际金融(中外合作办学),财经商贸类,财经商贸大类,国际金融,金融类,财经商贸大类,exact
苏州百年职业学院,物理,苏州百年职业学院02,197102,31,大数据与会计(中外合作办学),财务会计类,财经商贸大类,大数据与会计,财务会计类,财经商贸大类,exact
苏州百年职业学院,物理,苏州百年职业学院02,197102,32,国际经济与贸易(中外合作办学),财经商贸类,财经商贸大类,国际经济与贸易,经济贸易类,财经商贸大类,exact
苏州百年职业学院,物理,苏州百年职业学院02,197102,33,工商企业管理(中外合作办学),其他专业类,其他,工商企业管理,工商管理类,财经商贸大类,exact
苏州百年职业学院,物理,苏州百年职业学院02,197102,34,市场营销(中外合作办学),财经商贸类,财经商贸大类,市场营销,工商管理类,财经商贸大类,exact
苏州百年职业学院,物理,苏州百年职业学院02,197102,35,电子商务(中外合作办学),财经商贸类,财经商贸大类,电子商务,电子商务类,财经商贸大类,exact
苏州百年职业学院,物理,苏州百年职业学院02,197102,36,商务英语(中外合作办学),教育体育类,教育与体育大类,商务英语,语言类,教育与体育大类,exact
苏州百年职业学院,物理,苏州百年职业学院02,197102,37,建筑设计(中外合作办学),土木建筑类,土木建筑大类,建筑设计,建筑设计类,土木建筑大类,exact
苏州百年职业学院,物理,苏州百年职业学院02,197102,38,建筑室内设计(中外合作办学),土木建筑类,土木建筑大类,建筑室内设计,建筑设计类,土木建筑大类,exact
苏州百年职业学院,物理,苏州百年职业学院02,197102,39,风景园林设计(中外合作办学),土木建筑类,土木建筑大类,风景园林设计,建筑设计类,土木建筑大类,exact
苏州百年职业学院,物理,苏州百年职业学院02,197102,40,动漫制作技术(中外合作办学),文化艺术类,文化艺术大类,动漫制作技术,计算机类,电子与信息大类,exact
苏州百年职业学院,物理,苏州百年职业学院03,197103,41,软件技术(中外合作办学)[与苏州工学院(原常熟理工学院)分段培养项目],计算机类,电子与信息大类,软件技术,计算机类,电子与信息大类,exact
塔里木职业技术学院,历史,塔里木职业技术学院01,753301,01,现代农业装备应用技术,农林牧渔类,农林牧渔大类,现代农业装备应用技术,农业类,农林牧渔大类,exact
塔里木职业技术学院,历史,塔里木职业技术学院01,753301,02,建筑工程技术,土木建筑类,土木建筑大类,建筑工程技术,土建施工类,土木建筑大类,exact
塔里木职业技术学院,历史,塔里木职业技术学院01,753301,03,无人机应用技术,航空运输类,交通运输大类,无人机应用技术,航空装备类,装备制造大类,exact
塔里木职业技术学院,历史,塔里木职业技术学院01,753301,04,现代纺织技术,其他专业类,其他,现代纺织技术,纺织服装类,轻工纺织大类,exact
塔里木职业技术学院,历史,塔里木职业技术学院01,753301,05,旅游管理,旅游餐饮类,旅游大类,旅游管理,旅游类,旅游大类,exact
塔里木职业技术学院,历史,塔里木职业技术学院01,753301,06,网络营销与直播电商,计算机类,电子与信息大类,网络营销与直播电商,电子商务类,财经商贸大类,exact
塔里木职业技术学院,历史,塔里木职业技术学院01,753301,07,智慧健康养老服务与管理,公共管理服务类,公共管理与服务大类,智慧健康养老服务与管理,公共服务类,公共管理与服务大类,exact
四川西南航空职业学院,历史,四川西南航空职业学院01,878201,01,空中乘务,航空运输类,交通运输大类,空中乘务,航空运输类,交通运输大类,exact
四川西南航空职业学院,历史,四川西南航空职业学院01,878201,02,民航空中安全保卫,航空运输类,交通运输大类,民航空中安全保卫,航空运输类,交通运输大类,exact
四川西南航空职业学院,历史,四川西南航空职业学院01,878201,03,飞机机电设备维修,航空运输类,交通运输大类,飞机机电设备维修,航空运输类,交通运输大类,exact
四川西南航空职业学院,历史,四川西南航空职业学院01,878201,04,民航安全技术管理,航空运输类,交通运输大类,民航安全技术管理,航空运输类,交通运输大类,exact
四川西南航空职业学院,历史,四川西南航空职业学院01,878201,05,"计算机应用技术(第一学年在金堂校区-东区学习,第二学年起在金堂校区-西区学习)",计算机类,电子与信息大类,计算机应用技术,计算机类,电子与信息大类,exact
四川西南航空职业学院,历史,四川西南航空职业学院01,878201,06,"低空智联网技术(第一学年在金堂校区-东区学习,第二学年起在金堂校区-西区学习)",其他专业类,其他,低空智联网技术,通信类,电子与信息大类,exact
四川西南航空职业学院,历史,四川西南航空职业学院01,878201,07,无人机应用技术(金堂校区-东区),航空运输类,交通运输大类,无人机应用技术,航空装备类,装备制造大类,exact
四川西南航空职业学院,历史,四川西南航空职业学院01,878201,08,民航运输服务(金堂校区-东区),航空运输类,交通运输大类,民航运输服务,航空运输类,交通运输大类,exact
四川西南航空职业学院,历史,四川西南航空职业学院01,878201,09,智能医疗装备技术(金堂校区-东区),其他专业类,其他,智能医疗装备技术,药品与医疗器械类,食品药品与粮食大类,exact
海南职业技术学院,物理,海南职业技术学院02,563102,10,计算机网络技术,计算机类,电子与信息大类,计算机网络技术,计算机类,电子与信息大类,exact
海南职业技术学院,物理,海南职业技术学院02,563102,11,智能网联汽车技术,汽车制造类,装备制造大类,智能网联汽车技术,汽车制造类,装备制造大类,exact
海南职业技术学院,物理,海南职业技术学院02,563102,12,无人机应用技术,航空运输类,交通运输大类,无人机应用技术,航空装备类,装备制造大类,exact
海南职业技术学院,物理,海南职业技术学院02,563102,13,人工智能技术应用,计算机类,电子与信息大类,人工智能技术应用,计算机类,电子与信息大类,exact
海南职业技术学院,物理,海南职业技术学院02,563102,14,大数据与财务管理,财务会计类,财经商贸大类,大数据与财务管理,财务会计类,财经商贸大类,exact
海南职业技术学院,物理,海南职业技术学院02,563102,15,港口与航运管理,航海运输类,交通运输大类,港口与航运管理,水上运输类,交通运输大类,exact
海南职业技术学院,物理,海南职业技术学院02,563102,16,现代物流管理,财经商贸类,财经商贸大类,现代物流管理,物流类,财经商贸大类,exact
海南职业技术学院,物理,海南职业技术学院02,563102,17,现代农业技术,农林牧渔类,农林牧渔大类,现代农业技术,农业类,农林牧渔大类,exact
海南职业技术学院,物理,海南职业技术学院02,563102,18,建筑加固与修复技术,土木建筑类,土木建筑大类,建筑加固与修复技术,土建施工类,土木建筑大类,exact
长沙职业技术学院,历史,长沙职业技术学院01,538201,01,旅游管理,旅游餐饮类,旅游大类,旅游管理,旅游类,旅游大类,exact
武汉工程科技学院,历史,武汉工程科技学院02,857402,02,大数据与会计,财务会计类,财经商贸大类,大数据与会计,财务会计类,财经商贸大类,exact
武汉工程科技学院,历史,武汉工程科技学院02,857402,03,电子商务,财经商贸类,财经商贸大类,电子商务,电子商务类,财经商贸大类,exact
武汉工程科技学院,历史,武汉工程科技学院02,857402,04,网络营销与直播电商,计算机类,电子与信息大类,网络营销与直播电商,电子商务类,财经商贸大类,exact
西安海棠职业学院,历史,西安海棠职业学院01,893601,01,动物医学,农林牧渔类,农林牧渔大类,动物医学,畜牧业类,农林牧渔大类,exact
西安海棠职业学院,历史,西安海棠职业学院01,893601,02,建筑消防技术,土木建筑类,土木建筑大类,建筑消防技术,建筑设备类,土木建筑大类,exact
西安海棠职业学院,历史,西安海棠职业学院01,893601,03,无人机应用技术,航空运输类,交通运输大类,无人机应用技术,航空装备类,装备制造大类,exact
西安海棠职业学院,历史,西安海棠职业学院01,893601,04,大数据与会计,财务会计类,财经商贸大类,大数据与会计,财务会计类,财经商贸大类,exact
西安海棠职业学院,历史,西安海棠职业学院01,893601,05,融媒体技术与运营,其他专业类,其他,融媒体技术与运营,广播影视类,新闻传播大类,exact
盐城农业科技职业学院,物理,盐城农业科技职业学院02,137302,25,现代农业技术,农林牧渔类,农林牧渔大类,现代农业技术,农业类,农林牧渔大类,exact
盐城农业科技职业学院,物理,盐城农业科技职业学院02,137302,26,园艺技术,农林牧渔类,农林牧渔大类,园艺技术,农业类,农林牧渔大类,exact
盐城农业科技职业学院,物理,盐城农业科技职业学院02,137302,27,植物保护与检疫技术,其他专业类,其他,植物保护与检疫技术,农业类,农林牧渔大类,exact
盐城农业科技职业学院,物理,盐城农业科技职业学院02,137302,28,农产品加工与质量检测,农林牧渔类,农林牧渔大类,农产品加工与质量检测,农业类,农林牧渔大类,exact
盐城农业科技职业学院,物理,盐城农业科技职业学院02,137302,29,动物医学,农林牧渔类,农林牧渔大类,动物医学,畜牧业类,农林牧渔大类,exact
盐城农业科技职业学院,物理,盐城农业科技职业学院02,137302,30,畜牧兽医,农林牧渔类,农林牧渔大类,畜牧兽医,畜牧业类,农林牧渔大类,exact
盐城农业科技职业学院,物理,盐城农业科技职业学院02,137302,31,宠物医疗技术,农林牧渔类,农林牧渔大类,宠物医疗技术,畜牧业类,农林牧渔大类,exact
盐城农业科技职业学院,物理,盐城农业科技职业学院02,137302,32,水产养殖技术,农林牧渔类,农林牧渔大类,水产养殖技术,渔业类,农林牧渔大类,exact
盐城农业科技职业学院,物理,盐城农业科技职业学院02,137302,33,现代农业装备应用技术,农林牧渔类,农林牧渔大类,现代农业装备应用技术,农业类,农林牧渔大类,exact
盐城农业科技职业学院,物理,盐城农业科技职业学院02,137302,34,"农业电气化技术(报考该专业有色觉要求,具体请查阅院校招生章程)",电气自动化类,装备制造大类,农业电气化技术,电力技术类,能源动力与材料大类,exact
盐城农业科技职业学院,物理,盐城农业科技职业学院02,137302,35,无人机应用技术,航空运输类,交通运输大类,无人机应用技术,航空装备类,装备制造大类,exact
盐城农业科技职业学院,物理,盐城农业科技职业学院02,137302,36,现代农业经济管理,农林牧渔类,农林牧渔大类,现代农业经济管理,农业类,农林牧渔大类,exact
盐城农业科技职业学院,物理,盐城农业科技职业学院02,137302,37,大数据与财务管理,财务会计类,财经商贸大类,大数据与财务管理,财务会计类,财经商贸大类,exact
盐城农业科技职业学院,物理,盐城农业科技职业学院02,137302,38,农村电子商务,财经商贸类,财经商贸大类,农村电子商务,电子商务类,财经商贸大类,exact
盐城农业科技职业学院,物理,盐城农业科技职业学院02,137302,39,物联网应用技术,计算机类,电子与信息大类,物联网应用技术,电子信息类,电子与信息大类,exact
盐城农业科技职业学院,物理,盐城农业科技职业学院02,137302,40,计算机应用技术,计算机类,电子与信息大类,计算机应用技术,计算机类,电子与信息大类,exact
盐城农业科技职业学院,物理,盐城农业科技职业学院02,137302,41,数字媒体技术,计算机类,电子与信息大类,数字媒体技术,计算机类,电子与信息大类,exact
盐城农业科技职业学院,物理,盐城农业科技职业学院02,137302,42,数字化设计与制造技术,机械设计制造类,装备制造大类,数字化设计与制造技术,机械设计制造类,装备制造大类,exact
盐城农业科技职业学院,物理,盐城农业科技职业学院02,137302,43,"机电一体化技术(报考该专业有色觉要求,具体请查阅院校招生章程)",电气自动化类,装备制造大类,机电一体化技术,自动化类,装备制造大类,exact
盐城农业科技职业学院,物理,盐城农业科技职业学院02,137302,44,食品智能加工技术,食品药品类,食品药品与粮食大类,食品智能加工技术,食品类,食品药品与粮食大类,exact
盐城农业科技职业学院,物理,盐城农业科技职业学院02,137302,45,食品质量与安全,食品药品类,食品药品与粮食大类,食品质量与安全,食品类,食品药品与粮食大类,exact
盐城农业科技职业学院,物理,盐城农业科技职业学院02,137302,46,园林工程技术,土木建筑类,土木建筑大类,园林工程技术,建筑设计类,土木建筑大类,exact
盐城农业科技职业学院,物理,盐城农业科技职业学院02,137302,47,高标准农田建设与应用技术,其他专业类,其他,高标准农田建设与应用技术,农业类,农林牧渔大类,exact
盐城农业科技职业学院,物理,盐城农业科技职业学院02,137302,48,园林技术,农林牧渔类,农林牧渔大类,园林技术,林业类,农林牧渔大类,exact
合肥科技职业学院,历史,合肥科技职业学院01,811901,01,人工智能技术应用,计算机类,电子与信息大类,人工智能技术应用,计算机类,电子与信息大类,exact
合肥科技职业学院,历史,合肥科技职业学院01,811901,02,无人机应用技术,航空运输类,交通运输大类,无人机应用技术,航空装备类,装备制造大类,exact
合肥科技职业学院,历史,合肥科技职业学院01,811901,03,新能源汽车技术,汽车制造类,装备制造大类,新能源汽车技术,汽车制造类,装备制造大类,exact
武汉纺织大学外经贸学院,物理,武汉纺织大学外经贸学院06,856106,35,机电一体化技术,电气自动化类,装备制造大类,机电一体化技术,自动化类,装备制造大类,exact
武汉纺织大学外经贸学院,物理,武汉纺织大学外经贸学院06,856106,36,计算机应用技术,计算机类,电子与信息大类,计算机应用技术,计算机类,电子与信息大类,exact
武汉纺织大学外经贸学院,物理,武汉纺织大学外经贸学院06,856106,37,软件技术,计算机类,电子与信息大类,软件技术,计算机类,电子与信息大类,exact
武汉纺织大学外经贸学院,物理,武汉纺织大学外经贸学院06,856106,38,大数据与会计,财务会计类,财经商贸大类,大数据与会计,财务会计类,财经商贸大类,exact
武汉纺织大学外经贸学院,物理,武汉纺织大学外经贸学院06,856106,39,跨境电子商务,财经商贸类,财经商贸大类,跨境电子商务,电子商务类,财经商贸大类,exact
武汉纺织大学外经贸学院,物理,武汉纺织大学外经贸学院06,856106,40,现代物流管理,财经商贸类,财经商贸大类,现代物流管理,物流类,财经商贸大类,exact
武汉纺织大学外经贸学院,物理,武汉纺织大学外经贸学院06,856106,41,应用英语,教育体育类,教育与体育大类,应用英语,语言类,教育与体育大类,exact
巴中职业技术学院,物理,巴中职业技术学院02,879602,04,新能源汽车技术,汽车制造类,装备制造大类,新能源汽车技术,汽车制造类,装备制造大类,exact
巴中职业技术学院,物理,巴中职业技术学院02,879602,05,智能机电技术,其他专业类,其他,智能机电技术,自动化类,装备制造大类,exact
巴中职业技术学院,物理,巴中职业技术学院02,879602,06,无人机测绘技术,资源环境安全类,资源环境与安全大类,无人机测绘技术,测绘地理信息类,资源环境与安全大类,exact
江海职业技术学院,物理,江海职业技术学院04,198804,38,机电一体化技术,电气自动化类,装备制造大类,机电一体化技术,自动化类,装备制造大类,exact
江海职业技术学院,物理,江海职业技术学院04,198804,39,数控技术,机械设计制造类,装备制造大类,数控技术,机械设计制造类,装备制造大类,exact
江海职业技术学院,物理,江海职业技术学院04,198804,40,汽车检测与维修技术,汽车制造类,装备制造大类,汽车检测与维修技术,道路运输类,交通运输大类,exact
江海职业技术学院,物理,江海职业技术学院04,198804,41,工业机器人技术,电气自动化类,装备制造大类,工业机器人技术,自动化类,装备制造大类,exact
江海职业技术学院,物理,江海职业技术学院04,198804,42,新能源汽车技术,汽车制造类,装备制造大类,新能源汽车技术,汽车制造类,装备制造大类,exact
江海职业技术学院,物理,江海职业技术学院04,198804,43,飞机部件修理,航空运输类,交通运输大类,飞机部件修理,航空运输类,交通运输大类,exact
江海职业技术学院,物理,江海职业技术学院04,198804,44,电气自动化技术,电气自动化类,装备制造大类,电气自动化技术,自动化类,装备制造大类,exact
江海职业技术学院,物理,江海职业技术学院04,198804,45,无人机应用技术,航空运输类,交通运输大类,无人机应用技术,航空装备类,装备制造大类,exact
江海职业技术学院,物理,江海职业技术学院04,198804,46,智能机器人技术,其他专业类,其他,智能机器人技术,自动化类,装备制造大类,exact
江海职业技术学院,物理,江海职业技术学院04,198804,47,计算机应用技术,计算机类,电子与信息大类,计算机应用技术,计算机类,电子与信息大类,exact
江海职业技术学院,物理,江海职业技术学院04,198804,48,物联网应用技术,计算机类,电子与信息大类,物联网应用技术,电子信息类,电子与信息大类,exact
江海职业技术学院,物理,江海职业技术学院04,198804,49,人工智能技术应用,计算机类,电子与信息大类,人工智能技术应用,计算机类,电子与信息大类,exact
江海职业技术学院,物理,江海职业技术学院04,198804,50,信息安全技术应用,计算机类,电子与信息大类,信息安全技术应用,计算机类,电子与信息大类,exact
江海职业技术学院,物理,江海职业技术学院04,198804,51,建筑工程技术,土木建筑类,土木建筑大类,建筑工程技术,土建施工类,土木建筑大类,exact
江海职业技术学院,物理,江海职业技术学院04,198804,52,工程造价,土木建筑类,土木建筑大类,工程造价,建设工程管理类,土木建筑大类,exact
江海职业技术学院,物理,江海职业技术学院04,198804,53,建筑消防技术,土木建筑类,土木建筑大类,建筑消防技术,建筑设备类,土木建筑大类,exact
江海职业技术学院,物理,江海职业技术学院04,198804,54,安全技术与管理,资源环境安全类,资源环境与安全大类,安全技术与管理,安全类,资源环境与安全大类,exact
江海职业技术学院,物理,江海职业技术学院04,198804,55,建筑室内设计,土木建筑类,土木建筑大类,建筑室内设计,建筑设计类,土木建筑大类,exact
江海职业技术学院,物理,江海职业技术学院04,198804,56,融媒体技术与运营,其他专业类,其他,融媒体技术与运营,广播影视类,新闻传播大类,exact
江海职业技术学院,物理,江海职业技术学院04,198804,57,市场营销,财经商贸类,财经商贸大类,市场营销,工商管理类,财经商贸大类,exact
江海职业技术学院,物理,江海职业技术学院04,198804,58,现代物流管理,财经商贸类,财经商贸大类,现代物流管理,物流类,财经商贸大类,exact
江海职业技术学院,物理,江海职业技术学院04,198804,59,电子商务,财经商贸类,财经商贸大类,电子商务,电子商务类,财经商贸大类,exact
江海职业技术学院,物理,江海职业技术学院04,198804,60,大数据与会计,财务会计类,财经商贸大类,大数据与会计,财务会计类,财经商贸大类,exact
江海职业技术学院,物理,江海职业技术学院04,198804,61,跨境电子商务,财经商贸类,财经商贸大类,跨境电子商务,电子商务类,财经商贸大类,exact
江海职业技术学院,物理,江海职业技术学院04,198804,62,旅游管理,旅游餐饮类,旅游大类,旅游管理,旅游类,旅游大类,exact
江海职业技术学院,物理,江海职业技术学院04,198804,63,空中乘务,航空运输类,交通运输大类,空中乘务,航空运输类,交通运输大类,exact
江海职业技术学院,物理,江海职业技术学院04,198804,64,烹饪工艺与营养,食品药品类,食品药品与粮食大类,烹饪工艺与营养,餐饮类,旅游大类,exact
江海职业技术学院,物理,江海职业技术学院04,198804,65,高速铁路客运服务,铁道运输类,交通运输大类,高速铁路客运服务,铁道运输类,交通运输大类,exact
江海职业技术学院,物理,江海职业技术学院04,198804,66,西式烹饪工艺,食品药品类,食品药品与粮食大类,西式烹饪工艺,餐饮类,旅游大类,exact
江海职业技术学院,物理,江海职业技术学院04,198804,67,酒店管理与数字化运营,旅游餐饮类,旅游大类,酒店管理与数字化运营,旅游类,旅游大类,exact
江海职业技术学院,物理,江海职业技术学院04,198804,68,智慧健康养老服务与管理,公共管理服务类,公共管理与服务大类,智慧健康养老服务与管理,公共服务类,公共管理与服务大类,exact
江海职业技术学院,物理,江海职业技术学院04,198804,69,婴幼儿托育服务与管理,护理医学类,医药卫生大类,婴幼儿托育服务与管理,健康管理与促进类,医药卫生大类,exact
江海职业技术学院,物理,江海职业技术学院04,198804,70,体育保健与康复,教育体育类,教育与体育大类,体育保健与康复,体育类,教育与体育大类,exact
江海职业技术学院,物理,江海职业技术学院04,198804,71,宠物养护与驯导,农林牧渔类,农林牧渔大类,宠物养护与驯导,畜牧业类,农林牧渔大类,exact
江海职业技术学院,物理,江海职业技术学院04,198804,72,康复治疗技术,护理医学类,医药卫生大类,康复治疗技术,康复治疗类,医药卫生大类,exact
江海职业技术学院,物理,江海职业技术学院05,198805,73,市场营销(与徐州工程学院分段培养项目),财经商贸类,财经商贸大类,市场营销,工商管理类,财经商贸大类,exact
江海职业技术学院,物理,江海职业技术学院06,198806,74,机电一体化技术(与徐州工程学院分段培养项目),电气自动化类,装备制造大类,机电一体化技术,自动化类,装备制造大类,exact
江海职业技术学院,物理,江海职业技术学院07,198807,75,现代物流管理(与徐州工程学院分段培养项目),财经商贸类,财经商贸大类,现代物流管理,物流类,财经商贸大类,exact
西安城市建设职业学院,物理,西安城市建设职业学院02,893402,07,建筑室内设计,土木建筑类,土木建筑大类,建筑室内设计,建筑设计类,土木建筑大类,exact
西安城市建设职业学院,物理,西安城市建设职业学院02,893402,08,建筑消防技术,土木建筑类,土木建筑大类,建筑消防技术,建筑设备类,土木建筑大类,exact
西安城市建设职业学院,物理,西安城市建设职业学院02,893402,09,机电一体化技术,电气自动化类,装备制造大类,机电一体化技术,自动化类,装备制造大类,exact
西安城市建设职业学院,物理,西安城市建设职业学院02,893402,10,高速铁路客运服务,铁道运输类,交通运输大类,高速铁路客运服务,铁道运输类,交通运输大类,exact
西安城市建设职业学院,物理,西安城市建设职业学院02,893402,11,计算机应用技术,计算机类,电子与信息大类,计算机应用技术,计算机类,电子与信息大类,exact
西安城市建设职业学院,物理,西安城市建设职业学院02,893402,12,大数据技术,计算机类,电子与信息大类,大数据技术,计算机类,电子与信息大类,exact
西安城市建设职业学院,物理,西安城市建设职业学院02,893402,13,人工智能技术应用,计算机类,电子与信息大类,人工智能技术应用,计算机类,电子与信息大类,exact
西安城市建设职业学院,物理,西安城市建设职业学院02,893402,14,动漫制作技术,文化艺术类,文化艺术大类,动漫制作技术,计算机类,电子与信息大类,exact
四川大学锦江学院,历史,四川大学锦江学院03,877103,04,计算机应用技术,计算机类,电子与信息大类,计算机应用技术,计算机类,电子与信息大类,exact
四川大学锦江学院,历史,四川大学锦江学院03,877103,05,大数据与会计,财务会计类,财经商贸大类,大数据与会计,财务会计类,财经商贸大类,exact
徐州幼儿师范高等专科学校,物理,徐州幼儿师范高等专科学校07,123207,19,"学前教育(与徐州工程学院分段培养项目)(师范)(报考该专业有色觉要求,具体请查阅院校招生章程)",教育体育类,教育与体育大类,学前教育,教育类,教育与体育大类,exact
徐州幼儿师范高等专科学校,物理,徐州幼儿师范高等专科学校08,123208,20,早期教育(师范),教育体育类,教育与体育大类,早期教育,教育类,教育与体育大类,exact
徐州幼儿师范高等专科学校,物理,徐州幼儿师范高等专科学校08,123208,21,学前教育(师范),教育体育类,教育与体育大类,学前教育,教育类,教育与体育大类,exact
徐州幼儿师范高等专科学校,物理,徐州幼儿师范高等专科学校08,123208,22,特殊教育(师范),其他专业类,其他,特殊教育,教育类,教育与体育大类,exact
徐州幼儿师范高等专科学校,物理,徐州幼儿师范高等专科学校09,123209,23,旅游英语,教育体育类,教育与体育大类,旅游英语,语言类,教育与体育大类,exact
徐州幼儿师范高等专科学校,物理,徐州幼儿师范高等专科学校09,123209,24,应用英语,教育体育类,教育与体育大类,应用英语,语言类,教育与体育大类,exact
徐州幼儿师范高等专科学校,物理,徐州幼儿师范高等专科学校09,123209,25,中文,其他专业类,其他,中文,语言类,教育与体育大类,exact
徐州幼儿师范高等专科学校,物理,徐州幼儿师范高等专科学校10,123210,26,融媒体技术与运营,其他专业类,其他,融媒体技术与运营,广播影视类,新闻传播大类,exact
徐州幼儿师范高等专科学校,物理,徐州幼儿师范高等专科学校10,123210,27,研学旅行管理与服务,其他专业类,其他,研学旅行管理与服务,旅游类,旅游大类,exact
徐州幼儿师范高等专科学校,物理,徐州幼儿师范高等专科学校10,123210,28,电子商务,财经商贸类,财经商贸大类,电子商务,电子商务类,财经商贸大类,exact
徐州幼儿师范高等专科学校,物理,徐州幼儿师范高等专科学校11,123211,29,智慧健康养老服务与管理,公共管理服务类,公共管理与服务大类,智慧健康养老服务与管理,公共服务类,公共管理与服务大类,exact
徐州幼儿师范高等专科学校,物理,徐州幼儿师范高等专科学校11,123211,30,社区康复,公共管理服务类,公共管理与服务大类,社区康复,公共服务类,公共管理与服务大类,exact
徐州幼儿师范高等专科学校,物理,徐州幼儿师范高等专科学校11,123211,31,老年保健与管理,其他专业类,其他,老年保健与管理,健康管理与促进类,医药卫生大类,exact
徐州幼儿师范高等专科学校,物理,徐州幼儿师范高等专科学校11,123211,32,社会工作,公共管理服务类,公共管理与服务大类,社会工作,公共事业类,公共管理与服务大类,exact
徐州幼儿师范高等专科学校,物理,徐州幼儿师范高等专科学校12,123212,33,人工智能技术应用,计算机类,电子与信息大类,人工智能技术应用,计算机类,电子与信息大类,exact
徐州幼儿师范高等专科学校,物理,徐州幼儿师范高等专科学校12,123212,34,数字媒体技术,计算机类,电子与信息大类,数字媒体技术,计算机类,电子与信息大类,exact
徐州幼儿师范高等专科学校,物理,徐州幼儿师范高等专科学校12,123212,35,信息安全技术应用,计算机类,电子与信息大类,信息安全技术应用,计算机类,电子与信息大类,exact
徐州幼儿师范高等专科学校,物理,徐州幼儿师范高等专科学校13,123213,36,"学前教育(中外合作办学)(师范)(报考该专业有色觉要求,具体请查阅院校招生章程)",教育体育类,教育与体育大类,学前教育,教育类,教育与体育大类,exact
赤峰工业职业技术学院,物理,赤峰工业职业技术学院01,351901,01,数控技术,机械设计制造类,装备制造大类,数控技术,机械设计制造类,装备制造大类,exact
赤峰工业职业技术学院,物理,赤峰工业职业技术学院01,351901,02,人工智能技术应用,计算机类,电子与信息大类,人工智能技术应用,计算机类,电子与信息大类,exact
赤峰工业职业技术学院,物理,赤峰工业职业技术学院01,351901,03,汽车制造与试验技术,机械设计制造类,装备制造大类,汽车制造与试验技术,汽车制造类,装备制造大类,exact
武汉东湖学院,历史,武汉东湖学院02,855002,12,药品质量与安全,药学类,医药卫生大类,药品质量与安全,药品与医疗器械类,食品药品与粮食大类,exact
武汉东湖学院,历史,武汉东湖学院02,855002,13,大数据与会计,财务会计类,财经商贸大类,大数据与会计,财务会计类,财经商贸大类,exact
武汉东湖学院,历史,武汉东湖学院02,855002,14,金融服务与管理,财经商贸类,财经商贸大类,金融服务与管理,金融类,财经商贸大类,exact
武汉东湖学院,历史,武汉东湖学院02,855002,15,全媒体广告策划与营销,文化艺术类,文化艺术大类,全媒体广告策划与营销,广播影视类,新闻传播大类,exact
武汉东湖学院,历史,武汉东湖学院02,855002,16,新闻采编与制作,新闻传播类,新闻传播大类,新闻采编与制作,广播影视类,新闻传播大类,exact
武汉东湖学院,历史,武汉东湖学院02,855002,17,商务英语,教育体育类,教育与体育大类,商务英语,语言类,教育与体育大类,exact
武汉东湖学院,历史,武汉东湖学院02,855002,18,现代物流管理(嘉鱼教学改革基地),财经商贸类,财经商贸大类,现代物流管理,物流类,财经商贸大类,exact
武汉东湖学院,历史,武汉东湖学院02,855002,19,财税大数据应用,其他专业类,其他,财税大数据应用,财政税务类,财经商贸大类,exact
武汉东湖学院,历史,武汉东湖学院02,855002,20,民航安全技术管理(嘉鱼教学改革基地)(报考该专业须查阅院校招生章程),航空运输类,交通运输大类,民航安全技术管理,航空运输类,交通运输大类,exact
九州职业技术学院,历史,九州职业技术学院01,196201,01,机电一体化技术,电气自动化类,装备制造大类,机电一体化技术,自动化类,装备制造大类,exact
九州职业技术学院,历史,九州职业技术学院01,196201,02,机械制造及自动化,电气自动化类,装备制造大类,机械制造及自动化,机械设计制造类,装备制造大类,exact
九州职业技术学院,历史,九州职业技术学院01,196201,03,智能制造装备技术,电气自动化类,装备制造大类,智能制造装备技术,机电设备类,装备制造大类,exact
九州职业技术学院,历史,九州职业技术学院01,196201,04,人工智能技术应用,计算机类,电子与信息大类,人工智能技术应用,计算机类,电子与信息大类,exact
九州职业技术学院,历史,九州职业技术学院01,196201,05,电气自动化技术,电气自动化类,装备制造大类,电气自动化技术,自动化类,装备制造大类,exact
九州职业技术学院,历史,九州职业技术学院01,196201,06,应用电子技术,电子信息类,电子与信息大类,应用电子技术,电子信息类,电子与信息大类,exact
九州职业技术学院,历史,九州职业技术学院01,196201,07,计算机应用技术,计算机类,电子与信息大类,计算机应用技术,计算机类,电子与信息大类,exact
九州职业技术学院,历史,九州职业技术学院01,196201,08,计算机网络技术,计算机类,电子与信息大类,计算机网络技术,计算机类,电子与信息大类,exact
九州职业技术学院,历史,九州职业技术学院01,196201,09,汽车检测与维修技术,汽车制造类,装备制造大类,汽车检测与维修技术,道路运输类,交通运输大类,exact
九州职业技术学院,历史,九州职业技术学院01,196201,10,新能源汽车技术,汽车制造类,装备制造大类,新能源汽车技术,汽车制造类,装备制造大类,exact
九州职业技术学院,历史,九州职业技术学院01,196201,11,汽车技术服务与营销,汽车制造类,装备制造大类,汽车技术服务与营销,道路运输类,交通运输大类,exact
九州职业技术学院,历史,九州职业技术学院01,196201,12,"药学(报考该专业有色觉要求,具体请查阅院校招生章程)",药学类,医药卫生大类,药学,药学类,医药卫生大类,exact
九州职业技术学院,历史,九州职业技术学院01,196201,13,"中医康复技术(报考该专业有色觉要求,具体请查阅院校招生章程)",护理医学类,医药卫生大类,中医康复技术,中医药类,医药卫生大类,exact
九州职业技术学院,历史,九州职业技术学院01,196201,14,"康复治疗技术(报考该专业有色觉要求,具体请查阅院校招生章程)",护理医学类,医药卫生大类,康复治疗技术,康复治疗类,医药卫生大类,exact
九州职业技术学院,历史,九州职业技术学院01,196201,15,社区康复,公共管理服务类,公共管理与服务大类,社区康复,公共服务类,公共管理与服务大类,exact
九州职业技术学院,历史,九州职业技术学院01,196201,16,智慧健康养老服务与管理,公共管理服务类,公共管理与服务大类,智慧健康养老服务与管理,公共服务类,公共管理与服务大类,exact
九州职业技术学院,历史,九州职业技术学院01,196201,17,建筑工程技术,土木建筑类,土木建筑大类,建筑工程技术,土建施工类,土木建筑大类,exact
九州职业技术学院,历史,九州职业技术学院01,196201,18,工程造价,土木建筑类,土木建筑大类,工程造价,建设工程管理类,土木建筑大类,exact
九州职业技术学院,历史,九州职业技术学院01,196201,19,建筑装饰工程技术,土木建筑类,土木建筑大类,建筑装饰工程技术,建筑设计类,土木建筑大类,exact
九州职业技术学院,历史,九州职业技术学院01,196201,20,城市轨道交通工程技术,铁道运输类,交通运输大类,城市轨道交通工程技术,城市轨道交通类,交通运输大类,exact
九州职业技术学院,历史,九州职业技术学院01,196201,21,建筑消防技术,土木建筑类,土木建筑大类,建筑消防技术,建筑设备类,土木建筑大类,exact
九州职业技术学院,历史,九州职业技术学院01,196201,22,电子商务,财经商贸类,财经商贸大类,电子商务,电子商务类,财经商贸大类,exact
九州职业技术学院,历史,九州职业技术学院01,196201,23,市场营销,财经商贸类,财经商贸大类,市场营销,工商管理类,财经商贸大类,exact
九州职业技术学院,历史,九州职业技术学院01,196201,24,大数据与会计,财务会计类,财经商贸大类,大数据与会计,财务会计类,财经商贸大类,exact
九州职业技术学院,历史,九州职业技术学院01,196201,25,网络营销与直播电商,计算机类,电子与信息大类,网络营销与直播电商,电子商务类,财经商贸大类,exact
九州职业技术学院,历史,九州职业技术学院01,196201,26,法律事务,公安司法类,公安司法大类,法律事务,法律实务类,公安与司法大类,exact
九州职业技术学院,历史,九州职业技术学院01,196201,27,大数据与财务管理,财务会计类,财经商贸大类,大数据与财务管理,财务会计类,财经商贸大类,exact
九州职业技术学院,历史,九州职业技术学院01,196201,28,金融服务与管理,财经商贸类,财经商贸大类,金融服务与管理,金融类,财经商贸大类,exact
九州职业技术学院,历史,九州职业技术学院01,196201,29,旅游管理,旅游餐饮类,旅游大类,旅游管理,旅游类,旅游大类,exact
九州职业技术学院,历史,九州职业技术学院01,196201,30,酒店管理与数字化运营,旅游餐饮类,旅游大类,酒店管理与数字化运营,旅游类,旅游大类,exact
九州职业技术学院,历史,九州职业技术学院01,196201,31,婴幼儿托育服务与管理,护理医学类,医药卫生大类,婴幼儿托育服务与管理,健康管理与促进类,医药卫生大类,exact
九州职业技术学院,历史,九州职业技术学院01,196201,32,空中乘务,航空运输类,交通运输大类,空中乘务,航空运输类,交通运输大类,exact
九州职业技术学院,历史,九州职业技术学院01,196201,33,高速铁路客运服务,铁道运输类,交通运输大类,高速铁路客运服务,铁道运输类,交通运输大类,exact
九州职业技术学院,历史,九州职业技术学院01,196201,34,民航安全技术管理,航空运输类,交通运输大类,民航安全技术管理,航空运输类,交通运输大类,exact
九州职业技术学院,历史,九州职业技术学院01,196201,35,飞机机电设备维修,航空运输类,交通运输大类,飞机机电设备维修,航空运输类,交通运输大类,exact
九州职业技术学院,历史,九州职业技术学院01,196201,36,通用航空器维修,航空运输类,交通运输大类,通用航空器维修,航空运输类,交通运输大类,exact
九州职业技术学院,历史,九州职业技术学院01,196201,37,现代物流管理,财经商贸类,财经商贸大类,现代物流管理,物流类,财经商贸大类,exact
九州职业技术学院,历史,九州职业技术学院02,196202,38,"护理(报考该专业有色觉要求,具体请查阅院校招生章程)",护理医学类,医药卫生大类,护理,护理类,医药卫生大类,exact
苏州高博职业学院,历史,苏州高博职业学院01,197001,01,"护理(报考该专业有色觉要求,具体请查阅院校招生章程)",护理医学类,医药卫生大类,护理,护理类,医药卫生大类,exact
苏州高博职业学院,历史,苏州高博职业学院01,197001,02,药品经营与管理,药学类,医药卫生大类,药品经营与管理,药品与医疗器械类,食品药品与粮食大类,exact
苏州高博职业学院,历史,苏州高博职业学院01,197001,03,城市轨道交通运营管理,铁道运输类,交通运输大类,城市轨道交通运营管理,城市轨道交通类,交通运输大类,exact
苏州高博职业学院,历史,苏州高博职业学院01,197001,04,计算机应用技术,计算机类,电子与信息大类,计算机应用技术,计算机类,电子与信息大类,exact
苏州高博职业学院,历史,苏州高博职业学院01,197001,05,数字媒体技术,计算机类,电子与信息大类,数字媒体技术,计算机类,电子与信息大类,exact
苏州高博职业学院,历史,苏州高博职业学院01,197001,06,"数字媒体艺术设计(报考该专业有色觉要求,具体请查阅院校招生章程)",文化艺术类,文化艺术大类,数字媒体艺术设计,艺术设计类,文化艺术大类,exact
苏州高博职业学院,历史,苏州高博职业学院01,197001,07,融媒体技术与运营,其他专业类,其他,融媒体技术与运营,广播影视类,新闻传播大类,exact
苏州高博职业学院,历史,苏州高博职业学院01,197001,08,建筑消防技术,土木建筑类,土木建筑大类,建筑消防技术,建筑设备类,土木建筑大类,exact
苏州高博职业学院,历史,苏州高博职业学院01,197001,09,"数字非遗设计与制作(报考该专业有色觉要求,具体请查阅院校招生章程)",文化艺术类,文化艺术大类,数字非遗设计与制作,艺术设计类,文化艺术大类,exact
苏州高博职业学院,历史,苏州高博职业学院01,197001,10,电子商务,财经商贸类,财经商贸大类,电子商务,电子商务类,财经商贸大类,exact
苏州高博职业学院,历史,苏州高博职业学院01,197001,11,高速铁路客运服务,铁道运输类,交通运输大类,高速铁路客运服务,铁道运输类,交通运输大类,exact
苏州高博职业学院,历史,苏州高博职业学院01,197001,12,大数据与会计,财务会计类,财经商贸大类,大数据与会计,财务会计类,财经商贸大类,exact
苏州高博职业学院,历史,苏州高博职业学院01,197001,13,网络直播与运营,计算机类,电子与信息大类,网络直播与运营,广播影视类,新闻传播大类,exact
苏州高博职业学院,历史,苏州高博职业学院01,197001,14,业财数据应用与管理,其他专业类,其他,业财数据应用与管理,财务会计类,财经商贸大类,exact
苏州高博职业学院,历史,苏州高博职业学院01,197001,15,休闲体育,教育体育类,教育与体育大类,休闲体育,体育类,教育与体育大类,exact
苏州高博职业学院,历史,苏州高博职业学院01,197001,16,现代文秘,公共管理服务类,公共管理与服务大类,现代文秘,文秘类,公共管理与服务大类,exact
天府新区信息职业学院,物理,天府新区信息职业学院02,879702,03,无人机应用技术,航空运输类,交通运输大类,无人机应用技术,航空装备类,装备制造大类,exact
天府新区信息职业学院,物理,天府新区信息职业学院02,879702,04,新能源汽车技术,汽车制造类,装备制造大类,新能源汽车技术,汽车制造类,装备制造大类,exact
重庆城市管理职业大学,物理,重庆城市管理职业大学02,622502,04,现代物流管理,财经商贸类,财经商贸大类,现代物流管理,物流类,财经商贸大类,exact
重庆城市管理职业大学,物理,重庆城市管理职业大学02,622502,05,商务英语,教育体育类,教育与体育大类,商务英语,语言类,教育与体育大类,exact
重庆城市管理职业大学,物理,重庆城市管理职业大学02,622502,06,软件技术,计算机类,电子与信息大类,软件技术,计算机类,电子与信息大类,exact
重庆城市管理职业大学,物理,重庆城市管理职业大学02,622502,07,物联网应用技术,计算机类,电子与信息大类,物联网应用技术,电子信息类,电子与信息大类,exact
重庆城市管理职业大学,物理,重庆城市管理职业大学02,622502,08,集成电路技术,电子信息类,电子与信息大类,集成电路技术,集成电路类,电子与信息大类,exact
重庆城市管理职业大学,物理,重庆城市管理职业大学02,622502,09,大数据与会计,财务会计类,财经商贸大类,大数据与会计,财务会计类,财经商贸大类,exact
建东职业技术学院,物理,建东职业技术学院02,196502,12,建筑消防技术,土木建筑类,土木建筑大类,建筑消防技术,建筑设备类,土木建筑大类,exact
建东职业技术学院,物理,建东职业技术学院02,196502,13,融媒体技术与运营,其他专业类,其他,融媒体技术与运营,广播影视类,新闻传播大类,exact
建东职业技术学院,物理,建东职业技术学院02,196502,14,工业设计,文化艺术类,文化艺术大类,工业设计,机械设计制造类,装备制造大类,exact
建东职业技术学院,物理,建东职业技术学院02,196502,15,机械制造及自动化,电气自动化类,装备制造大类,机械制造及自动化,机械设计制造类,装备制造大类,exact
建东职业技术学院,物理,建东职业技术学院02,196502,16,机电一体化技术,电气自动化类,装备制造大类,机电一体化技术,自动化类,装备制造大类,exact
建东职业技术学院,物理,建东职业技术学院02,196502,17,无人机应用技术,航空运输类,交通运输大类,无人机应用技术,航空装备类,装备制造大类,exact
建东职业技术学院,物理,建东职业技术学院02,196502,18,汽车制造与试验技术,机械设计制造类,装备制造大类,汽车制造与试验技术,汽车制造类,装备制造大类,exact
建东职业技术学院,物理,建东职业技术学院02,196502,19,新能源汽车技术,汽车制造类,装备制造大类,新能源汽车技术,汽车制造类,装备制造大类,exact
建东职业技术学院,物理,建东职业技术学院02,196502,20,计算机应用技术,计算机类,电子与信息大类,计算机应用技术,计算机类,电子与信息大类,exact
建东职业技术学院,物理,建东职业技术学院02,196502,21,铁道交通运营管理,铁道运输类,交通运输大类,铁道交通运营管理,铁道运输类,交通运输大类,exact
建东职业技术学院,物理,建东职业技术学院02,196502,22,空中乘务,航空运输类,交通运输大类,空中乘务,航空运输类,交通运输大类,exact
建东职业技术学院,物理,建东职业技术学院02,196502,23,城市轨道交通机电技术,铁道运输类,交通运输大类,城市轨道交通机电技术,城市轨道交通类,交通运输大类,exact
建东职业技术学院,物理,建东职业技术学院02,196502,24,城市轨道交通运营管理,铁道运输类,交通运输大类,城市轨道交通运营管理,城市轨道交通类,交通运输大类,exact
建东职业技术学院,物理,建东职业技术学院02,196502,25,市场营销,财经商贸类,财经商贸大类,市场营销,工商管理类,财经商贸大类,exact
建东职业技术学院,物理,建东职业技术学院02,196502,26,健身指导与管理,其他专业类,其他,健身指导与管理,体育类,教育与体育大类,exact
九州职业技术学院,物理,九州职业技术学院03,196203,39,机电一体化技术,电气自动化类,装备制造大类,机电一体化技术,自动化类,装备制造大类,exact
九州职业技术学院,物理,九州职业技术学院03,196203,40,机械制造及自动化,电气自动化类,装备制造大类,机械制造及自动化,机械设计制造类,装备制造大类,exact
九州职业技术学院,物理,九州职业技术学院03,196203,41,智能制造装备技术,电气自动化类,装备制造大类,智能制造装备技术,机电设备类,装备制造大类,exact
九州职业技术学院,物理,九州职业技术学院03,196203,42,人工智能技术应用,计算机类,电子与信息大类,人工智能技术应用,计算机类,电子与信息大类,exact
九州职业技术学院,物理,九州职业技术学院03,196203,43,电气自动化技术,电气自动化类,装备制造大类,电气自动化技术,自动化类,装备制造大类,exact
九州职业技术学院,物理,九州职业技术学院03,196203,44,应用电子技术,电子信息类,电子与信息大类,应用电子技术,电子信息类,电子与信息大类,exact
九州职业技术学院,物理,九州职业技术学院03,196203,45,计算机应用技术,计算机类,电子与信息大类,计算机应用技术,计算机类,电子与信息大类,exact
九州职业技术学院,物理,九州职业技术学院03,196203,46,计算机网络技术,计算机类,电子与信息大类,计算机网络技术,计算机类,电子与信息大类,exact
九州职业技术学院,物理,九州职业技术学院03,196203,47,汽车检测与维修技术,汽车制造类,装备制造大类,汽车检测与维修技术,道路运输类,交通运输大类,exact
九州职业技术学院,物理,九州职业技术学院03,196203,48,新能源汽车技术,汽车制造类,装备制造大类,新能源汽车技术,汽车制造类,装备制造大类,exact
九州职业技术学院,物理,九州职业技术学院03,196203,49,汽车技术服务与营销,汽车制造类,装备制造大类,汽车技术服务与营销,道路运输类,交通运输大类,exact
九州职业技术学院,物理,九州职业技术学院03,196203,50,"药学(报考该专业有色觉要求,具体请查阅院校招生章程)",药学类,医药卫生大类,药学,药学类,医药卫生大类,exact
九州职业技术学院,物理,九州职业技术学院03,196203,51,"中医康复技术(报考该专业有色觉要求,具体请查阅院校招生章程)",护理医学类,医药卫生大类,中医康复技术,中医药类,医药卫生大类,exact
九州职业技术学院,物理,九州职业技术学院03,196203,52,"康复治疗技术(报考该专业有色觉要求,具体请查阅院校招生章程)",护理医学类,医药卫生大类,康复治疗技术,康复治疗类,医药卫生大类,exact
九州职业技术学院,物理,九州职业技术学院03,196203,53,社区康复,公共管理服务类,公共管理与服务大类,社区康复,公共服务类,公共管理与服务大类,exact
九州职业技术学院,物理,九州职业技术学院03,196203,54,智慧健康养老服务与管理,公共管理服务类,公共管理与服务大类,智慧健康养老服务与管理,公共服务类,公共管理与服务大类,exact
九州职业技术学院,物理,九州职业技术学院03,196203,55,建筑工程技术,土木建筑类,土木建筑大类,建筑工程技术,土建施工类,土木建筑大类,exact
九州职业技术学院,物理,九州职业技术学院03,196203,56,工程造价,土木建筑类,土木建筑大类,工程造价,建设工程管理类,土木建筑大类,exact
九州职业技术学院,物理,九州职业技术学院03,196203,57,建筑装饰工程技术,土木建筑类,土木建筑大类,建筑装饰工程技术,建筑设计类,土木建筑大类,exact
九州职业技术学院,物理,九州职业技术学院03,196203,58,城市轨道交通工程技术,铁道运输类,交通运输大类,城市轨道交通工程技术,城市轨道交通类,交通运输大类,exact
九州职业技术学院,物理,九州职业技术学院03,196203,59,建筑消防技术,土木建筑类,土木建筑大类,建筑消防技术,建筑设备类,土木建筑大类,exact
九州职业技术学院,物理,九州职业技术学院03,196203,60,电子商务,财经商贸类,财经商贸大类,电子商务,电子商务类,财经商贸大类,exact
九州职业技术学院,物理,九州职业技术学院03,196203,61,市场营销,财经商贸类,财经商贸大类,市场营销,工商管理类,财经商贸大类,exact
九州职业技术学院,物理,九州职业技术学院03,196203,62,大数据与会计,财务会计类,财经商贸大类,大数据与会计,财务会计类,财经商贸大类,exact
九州职业技术学院,物理,九州职业技术学院03,196203,63,网络营销与直播电商,计算机类,电子与信息大类,网络营销与直播电商,电子商务类,财经商贸大类,exact
九州职业技术学院,物理,九州职业技术学院03,196203,64,法律事务,公安司法类,公安司法大类,法律事务,法律实务类,公安与司法大类,exact
九州职业技术学院,物理,九州职业技术学院03,196203,65,大数据与财务管理,财务会计类,财经商贸大类,大数据与财务管理,财务会计类,财经商贸大类,exact
九州职业技术学院,物理,九州职业技术学院03,196203,66,金融服务与管理,财经商贸类,财经商贸大类,金融服务与管理,金融类,财经商贸大类,exact
九州职业技术学院,物理,九州职业技术学院03,196203,67,旅游管理,旅游餐饮类,旅游大类,旅游管理,旅游类,旅游大类,exact
九州职业技术学院,物理,九州职业技术学院03,196203,68,酒店管理与数字化运营,旅游餐饮类,旅游大类,酒店管理与数字化运营,旅游类,旅游大类,exact
九州职业技术学院,物理,九州职业技术学院03,196203,69,婴幼儿托育服务与管理,护理医学类,医药卫生大类,婴幼儿托育服务与管理,健康管理与促进类,医药卫生大类,exact
九州职业技术学院,物理,九州职业技术学院03,196203,70,空中乘务,航空运输类,交通运输大类,空中乘务,航空运输类,交通运输大类,exact
九州职业技术学院,物理,九州职业技术学院03,196203,71,高速铁路客运服务,铁道运输类,交通运输大类,高速铁路客运服务,铁道运输类,交通运输大类,exact
九州职业技术学院,物理,九州职业技术学院03,196203,72,民航安全技术管理,航空运输类,交通运输大类,民航安全技术管理,航空运输类,交通运输大类,exact
九州职业技术学院,物理,九州职业技术学院03,196203,73,飞机机电设备维修,航空运输类,交通运输大类,飞机机电设备维修,航空运输类,交通运输大类,exact
九州职业技术学院,物理,九州职业技术学院03,196203,74,通用航空器维修,航空运输类,交通运输大类,通用航空器维修,航空运输类,交通运输大类,exact
九州职业技术学院,物理,九州职业技术学院03,196203,75,现代物流管理,财经商贸类,财经商贸大类,现代物流管理,物流类,财经商贸大类,exact
九州职业技术学院,物理,九州职业技术学院04,196204,76,"护理(报考该专业有色觉要求,具体请查阅院校招生章程)",护理医学类,医药卫生大类,护理,护理类,医药卫生大类,exact
海南科技职业大学,物理,海南科技职业大学05,875705,08,计算机网络技术(美兰校区),计算机类,电子与信息大类,计算机网络技术,计算机类,电子与信息大类,exact
广西自然资源职业技术学院,物理,广西自然资源职业技术学院02,554302,07,国土资源调查与管理,其他专业类,其他,国土资源调查与管理,资源勘查类,资源环境与安全大类,exact
广西自然资源职业技术学院,物理,广西自然资源职业技术学院02,554302,08,国土空间规划与测绘,资源环境安全类,资源环境与安全大类,国土空间规划与测绘,测绘地理信息类,资源环境与安全大类,exact
广西自然资源职业技术学院,物理,广西自然资源职业技术学院02,554302,09,机电一体化技术,电气自动化类,装备制造大类,机电一体化技术,自动化类,装备制造大类,exact
广西自然资源职业技术学院,物理,广西自然资源职业技术学院02,554302,10,无人机应用技术,航空运输类,交通运输大类,无人机应用技术,航空装备类,装备制造大类,exact
广西自然资源职业技术学院,物理,广西自然资源职业技术学院02,554302,11,大数据与会计,财务会计类,财经商贸大类,大数据与会计,财务会计类,财经商贸大类,exact
广西自然资源职业技术学院,物理,广西自然资源职业技术学院02,554302,12,网络营销与直播电商,计算机类,电子与信息大类,网络营销与直播电商,电子商务类,财经商贸大类,exact
无锡南洋职业技术学院,物理,无锡南洋职业技术学院02,195702,41,工程造价,土木建筑类,土木建筑大类,工程造价,建设工程管理类,土木建筑大类,exact
无锡南洋职业技术学院,物理,无锡南洋职业技术学院02,195702,42,建设工程管理,土木建筑类,土木建筑大类,建设工程管理,建设工程管理类,土木建筑大类,exact
无锡南洋职业技术学院,物理,无锡南洋职业技术学院02,195702,43,建筑装饰工程技术,土木建筑类,土木建筑大类,建筑装饰工程技术,建筑设计类,土木建筑大类,exact
无锡南洋职业技术学院,物理,无锡南洋职业技术学院02,195702,44,建筑工程技术,土木建筑类,土木建筑大类,建筑工程技术,土建施工类,土木建筑大类,exact
无锡南洋职业技术学院,物理,无锡南洋职业技术学院02,195702,45,建筑消防技术,土木建筑类,土木建筑大类,建筑消防技术,建筑设备类,土木建筑大类,exact
无锡南洋职业技术学院,物理,无锡南洋职业技术学院02,195702,46,智能控制技术,电气自动化类,装备制造大类,智能控制技术,自动化类,装备制造大类,exact
无锡南洋职业技术学院,物理,无锡南洋职业技术学院02,195702,47,电气自动化技术,电气自动化类,装备制造大类,电气自动化技术,自动化类,装备制造大类,exact
无锡南洋职业技术学院,物理,无锡南洋职业技术学院02,195702,48,具身智能机器人技术,其他专业类,其他,具身智能机器人技术,自动化类,装备制造大类,exact
无锡南洋职业技术学院,物理,无锡南洋职业技术学院02,195702,49,电子信息工程技术,电子信息类,电子与信息大类,电子信息工程技术,电子信息类,电子与信息大类,exact
无锡南洋职业技术学院,物理,无锡南洋职业技术学院02,195702,50,计算机应用技术,计算机类,电子与信息大类,计算机应用技术,计算机类,电子与信息大类,exact
无锡南洋职业技术学院,物理,无锡南洋职业技术学院02,195702,51,软件技术,计算机类,电子与信息大类,软件技术,计算机类,电子与信息大类,exact
无锡南洋职业技术学院,物理,无锡南洋职业技术学院02,195702,52,云计算技术应用,计算机类,电子与信息大类,云计算技术应用,计算机类,电子与信息大类,exact
无锡南洋职业技术学院,物理,无锡南洋职业技术学院02,195702,53,信息安全技术应用,计算机类,电子与信息大类,信息安全技术应用,计算机类,电子与信息大类,exact
无锡南洋职业技术学院,物理,无锡南洋职业技术学院02,195702,54,人工智能技术应用,计算机类,电子与信息大类,人工智能技术应用,计算机类,电子与信息大类,exact
无锡南洋职业技术学院,物理,无锡南洋职业技术学院02,195702,55,金融服务与管理,财经商贸类,财经商贸大类,金融服务与管理,金融类,财经商贸大类,exact
无锡南洋职业技术学院,物理,无锡南洋职业技术学院02,195702,56,大数据与会计,财务会计类,财经商贸大类,大数据与会计,财务会计类,财经商贸大类,exact
无锡南洋职业技术学院,物理,无锡南洋职业技术学院02,195702,57,市场营销,财经商贸类,财经商贸大类,市场营销,工商管理类,财经商贸大类,exact
无锡南洋职业技术学院,物理,无锡南洋职业技术学院02,195702,58,电子商务,财经商贸类,财经商贸大类,电子商务,电子商务类,财经商贸大类,exact
无锡南洋职业技术学院,物理,无锡南洋职业技术学院02,195702,59,跨境电子商务,财经商贸类,财经商贸大类,跨境电子商务,电子商务类,财经商贸大类,exact
无锡南洋职业技术学院,物理,无锡南洋职业技术学院02,195702,60,人力资源管理,公共管理服务类,公共管理与服务大类,人力资源管理,公共管理类,公共管理与服务大类,exact
无锡南洋职业技术学院,物理,无锡南洋职业技术学院02,195702,61,国际商务,财经商贸类,财经商贸大类,国际商务,经济贸易类,财经商贸大类,exact
无锡南洋职业技术学院,物理,无锡南洋职业技术学院02,195702,62,应用英语(只招英语考生),教育体育类,教育与体育大类,应用英语,语言类,教育与体育大类,exact
无锡南洋职业技术学院,物理,无锡南洋职业技术学院02,195702,63,数字媒体技术,计算机类,电子与信息大类,数字媒体技术,计算机类,电子与信息大类,exact
无锡南洋职业技术学院,物理,无锡南洋职业技术学院02,195702,64,空中乘务,航空运输类,交通运输大类,空中乘务,航空运输类,交通运输大类,exact
无锡南洋职业技术学院,物理,无锡南洋职业技术学院02,195702,65,高速铁路客运服务,铁道运输类,交通运输大类,高速铁路客运服务,铁道运输类,交通运输大类,exact
无锡南洋职业技术学院,物理,无锡南洋职业技术学院02,195702,66,交通运营管理,铁道运输类,交通运输大类,交通运营管理,道路运输类,交通运输大类,exact
无锡南洋职业技术学院,物理,无锡南洋职业技术学院02,195702,67,民航安全技术管理,航空运输类,交通运输大类,民航安全技术管理,航空运输类,交通运输大类,exact
无锡南洋职业技术学院,物理,无锡南洋职业技术学院02,195702,68,酒店管理与数字化运营,旅游餐饮类,旅游大类,酒店管理与数字化运营,旅游类,旅游大类,exact
无锡南洋职业技术学院,物理,无锡南洋职业技术学院02,195702,69,烹饪工艺与营养,食品药品类,食品药品与粮食大类,烹饪工艺与营养,餐饮类,旅游大类,exact
无锡南洋职业技术学院,物理,无锡南洋职业技术学院02,195702,70,中西面点工艺,其他专业类,其他,中西面点工艺,餐饮类,旅游大类,exact
无锡南洋职业技术学院,物理,无锡南洋职业技术学院02,195702,71,食品营养与健康,食品药品类,食品药品与粮食大类,食品营养与健康,食品类,食品药品与粮食大类,exact
无锡南洋职业技术学院,物理,无锡南洋职业技术学院02,195702,72,智慧健康养老服务与管理,公共管理服务类,公共管理与服务大类,智慧健康养老服务与管理,公共服务类,公共管理与服务大类,exact
无锡南洋职业技术学院,物理,无锡南洋职业技术学院02,195702,73,婴幼儿托育服务与管理,护理医学类,医药卫生大类,婴幼儿托育服务与管理,健康管理与促进类,医药卫生大类,exact
无锡南洋职业技术学院,物理,无锡南洋职业技术学院02,195702,74,汽车检测与维修技术,汽车制造类,装备制造大类,汽车检测与维修技术,道路运输类,交通运输大类,exact
无锡南洋职业技术学院,物理,无锡南洋职业技术学院02,195702,75,新能源汽车技术,汽车制造类,装备制造大类,新能源汽车技术,汽车制造类,装备制造大类,exact
无锡南洋职业技术学院,物理,无锡南洋职业技术学院02,195702,76,汽车智能技术,汽车制造类,装备制造大类,汽车智能技术,电子信息类,电子与信息大类,exact
无锡南洋职业技术学院,物理,无锡南洋职业技术学院02,195702,77,汽车技术服务与营销,汽车制造类,装备制造大类,汽车技术服务与营销,道路运输类,交通运输大类,exact
无锡南洋职业技术学院,物理,无锡南洋职业技术学院02,195702,78,智能网联汽车技术,汽车制造类,装备制造大类,智能网联汽车技术,汽车制造类,装备制造大类,exact
无锡南洋职业技术学院,物理,无锡南洋职业技术学院02,195702,79,机电一体化技术,电气自动化类,装备制造大类,机电一体化技术,自动化类,装备制造大类,exact
无锡南洋职业技术学院,物理,无锡南洋职业技术学院02,195702,80,无人机应用技术,航空运输类,交通运输大类,无人机应用技术,航空装备类,装备制造大类,exact
唐山幼儿师范高等专科学校,物理,唐山幼儿师范高等专科学校02,336902,03,数字媒体技术,计算机类,电子与信息大类,数字媒体技术,计算机类,电子与信息大类,exact
唐山幼儿师范高等专科学校,物理,唐山幼儿师范高等专科学校02,336902,04,信息安全技术应用,计算机类,电子与信息大类,信息安全技术应用,计算机类,电子与信息大类,exact
唐山幼儿师范高等专科学校,物理,唐山幼儿师范高等专科学校02,336902,05,人工智能技术应用,计算机类,电子与信息大类,人工智能技术应用,计算机类,电子与信息大类,exact
唐山幼儿师范高等专科学校,物理,唐山幼儿师范高等专科学校02,336902,06,影视多媒体技术,文化艺术类,文化艺术大类,影视多媒体技术,广播影视类,新闻传播大类,exact
天津天狮学院,物理,天津天狮学院05,829005,11,计算机应用技术,计算机类,电子与信息大类,计算机应用技术,计算机类,电子与信息大类,exact
天津天狮学院,物理,天津天狮学院05,829005,12,人工智能技术应用,计算机类,电子与信息大类,人工智能技术应用,计算机类,电子与信息大类,exact
天津天狮学院,物理,天津天狮学院05,829005,13,现代通信技术,电子信息类,电子与信息大类,现代通信技术,通信类,电子与信息大类,exact
天津天狮学院,物理,天津天狮学院05,829005,14,工商企业管理,其他专业类,其他,工商企业管理,工商管理类,财经商贸大类,exact
天津天狮学院,物理,天津天狮学院05,829005,15,市场营销,财经商贸类,财经商贸大类,市场营销,工商管理类,财经商贸大类,exact
合肥共达职业技术学院,物理,合肥共达职业技术学院02,811302,05,工程造价,土木建筑类,土木建筑大类,工程造价,建设工程管理类,土木建筑大类,exact
合肥共达职业技术学院,物理,合肥共达职业技术学院02,811302,06,新能源装备技术,能源动力与材料类,能源动力与材料大类,新能源装备技术,机电设备类,装备制造大类,exact
合肥共达职业技术学院,物理,合肥共达职业技术学院02,811302,07,电梯工程技术,电气自动化类,装备制造大类,电梯工程技术,机电设备类,装备制造大类,exact
合肥共达职业技术学院,物理,合肥共达职业技术学院02,811302,08,汽车制造与试验技术,机械设计制造类,装备制造大类,汽车制造与试验技术,汽车制造类,装备制造大类,exact
合肥共达职业技术学院,物理,合肥共达职业技术学院02,811302,09,计算机网络技术,计算机类,电子与信息大类,计算机网络技术,计算机类,电子与信息大类,exact
合肥共达职业技术学院,物理,合肥共达职业技术学院02,811302,10,动漫制作技术,文化艺术类,文化艺术大类,动漫制作技术,计算机类,电子与信息大类,exact
山东现代学院,历史,山东现代学院02,821702,04,市场营销,财经商贸类,财经商贸大类,市场营销,工商管理类,财经商贸大类,exact
山东现代学院,历史,山东现代学院02,821702,05,工商企业管理,其他专业类,其他,工商企业管理,工商管理类,财经商贸大类,exact
山东现代学院,历史,山东现代学院02,821702,06,计算机应用技术,计算机类,电子与信息大类,计算机应用技术,计算机类,电子与信息大类,exact
山东现代学院,历史,山东现代学院02,821702,07,大数据与会计,财务会计类,财经商贸大类,大数据与会计,财务会计类,财经商贸大类,exact
山东现代学院,历史,山东现代学院02,821702,08,电子商务,财经商贸类,财经商贸大类,电子商务,电子商务类,财经商贸大类,exact
山东现代学院,历史,山东现代学院02,821702,09,工程造价,土木建筑类,土木建筑大类,工程造价,建设工程管理类,土木建筑大类,exact
山东现代学院,历史,山东现代学院02,821702,10,汽车制造与试验技术,机械设计制造类,装备制造大类,汽车制造与试验技术,汽车制造类,装备制造大类,exact
重庆海联职业技术学院,物理,重庆海联职业技术学院02,881002,08,空中乘务,航空运输类,交通运输大类,空中乘务,航空运输类,交通运输大类,exact
重庆海联职业技术学院,物理,重庆海联职业技术学院02,881002,09,民航空中安全保卫,航空运输类,交通运输大类,民航空中安全保卫,航空运输类,交通运输大类,exact
重庆海联职业技术学院,物理,重庆海联职业技术学院02,881002,10,飞机机电设备维修,航空运输类,交通运输大类,飞机机电设备维修,航空运输类,交通运输大类,exact
重庆海联职业技术学院,物理,重庆海联职业技术学院02,881002,11,无人机测绘技术,资源环境安全类,资源环境与安全大类,无人机测绘技术,测绘地理信息类,资源环境与安全大类,exact
重庆海联职业技术学院,物理,重庆海联职业技术学院02,881002,12,低空飞行器装备技术,其他专业类,其他,低空飞行器装备技术,机电设备类,装备制造大类,exact
重庆海联职业技术学院,物理,重庆海联职业技术学院02,881002,13,航空物流管理,航空运输类,交通运输大类,航空物流管理,物流类,财经商贸大类,exact
重庆海联职业技术学院,物理,重庆海联职业技术学院02,881002,14,高速铁路客运服务,铁道运输类,交通运输大类,高速铁路客运服务,铁道运输类,交通运输大类,exact
重庆海联职业技术学院,物理,重庆海联职业技术学院02,881002,15,汽车制造与试验技术,机械设计制造类,装备制造大类,汽车制造与试验技术,汽车制造类,装备制造大类,exact
重庆海联职业技术学院,物理,重庆海联职业技术学院02,881002,16,智能网联汽车技术,汽车制造类,装备制造大类,智能网联汽车技术,汽车制造类,装备制造大类,exact
重庆海联职业技术学院,物理,重庆海联职业技术学院02,881002,17,定制旅行管理与服务,其他专业类,其他,定制旅行管理与服务,旅游类,旅游大类,exact
重庆海联职业技术学院,物理,重庆海联职业技术学院02,881002,18,生物制药技术,生物化工类,生物与化工大类,生物制药技术,药品与医疗器械类,食品药品与粮食大类,exact
资阳环境科技职业学院,历史,资阳环境科技职业学院01,879901,01,宠物医疗技术,农林牧渔类,农林牧渔大类,宠物医疗技术,畜牧业类,农林牧渔大类,exact
塔里木职业技术学院,物理,塔里木职业技术学院02,753302,08,现代农业装备应用技术,农林牧渔类,农林牧渔大类,现代农业装备应用技术,农业类,农林牧渔大类,exact
塔里木职业技术学院,物理,塔里木职业技术学院02,753302,09,建筑工程技术,土木建筑类,土木建筑大类,建筑工程技术,土建施工类,土木建筑大类,exact
塔里木职业技术学院,物理,塔里木职业技术学院02,753302,10,无人机应用技术,航空运输类,交通运输大类,无人机应用技术,航空装备类,装备制造大类,exact
塔里木职业技术学院,物理,塔里木职业技术学院02,753302,11,现代纺织技术,其他专业类,其他,现代纺织技术,纺织服装类,轻工纺织大类,exact
塔里木职业技术学院,物理,塔里木职业技术学院02,753302,12,旅游管理,旅游餐饮类,旅游大类,旅游管理,旅游类,旅游大类,exact
塔里木职业技术学院,物理,塔里木职业技术学院02,753302,13,网络营销与直播电商,计算机类,电子与信息大类,网络营销与直播电商,电子商务类,财经商贸大类,exact
塔里木职业技术学院,物理,塔里木职业技术学院02,753302,14,智慧健康养老服务与管理,公共管理服务类,公共管理与服务大类,智慧健康养老服务与管理,公共服务类,公共管理与服务大类,exact
长春信息技术职业学院,历史,长春信息技术职业学院01,846501,01,汽车制造与试验技术(卓越校区),机械设计制造类,装备制造大类,汽车制造与试验技术,汽车制造类,装备制造大类,exact
长春信息技术职业学院,历史,长春信息技术职业学院01,846501,02,计算机应用技术(卓越校区),计算机类,电子与信息大类,计算机应用技术,计算机类,电子与信息大类,exact
宿迁幼儿师范高等专科学校,物理,宿迁幼儿师范高等专科学校02,142702,16,早期教育(师范),教育体育类,教育与体育大类,早期教育,教育类,教育与体育大类,exact
宿迁幼儿师范高等专科学校,物理,宿迁幼儿师范高等专科学校02,142702,17,"学前教育(师范)(报考该专业有色觉要求,具体请查阅院校招生章程)",教育体育类,教育与体育大类,学前教育,教育类,教育与体育大类,exact
宿迁幼儿师范高等专科学校,物理,宿迁幼儿师范高等专科学校02,142702,18,音乐教育(师范),文化艺术类,文化艺术大类,音乐教育,教育类,教育与体育大类,exact
宿迁幼儿师范高等专科学校,物理,宿迁幼儿师范高等专科学校02,142702,19,"美术教育(师范)(报考该专业有色觉要求,具体请查阅院校招生章程)",文化艺术类,文化艺术大类,美术教育,教育类,教育与体育大类,exact
宿迁幼儿师范高等专科学校,物理,宿迁幼儿师范高等专科学校02,142702,20,婴幼儿托育服务与管理,护理医学类,医药卫生大类,婴幼儿托育服务与管理,健康管理与促进类,医药卫生大类,exact
宿迁幼儿师范高等专科学校,物理,宿迁幼儿师范高等专科学校02,142702,21,旅游管理,旅游餐饮类,旅游大类,旅游管理,旅游类,旅游大类,exact
宿迁幼儿师范高等专科学校,物理,宿迁幼儿师范高等专科学校02,142702,22,酒店管理与数字化运营,旅游餐饮类,旅游大类,酒店管理与数字化运营,旅游类,旅游大类,exact
宿迁幼儿师范高等专科学校,物理,宿迁幼儿师范高等专科学校02,142702,23,"计算机应用技术(报考该专业有色觉要求,具体请查阅院校招生章程)",计算机类,电子与信息大类,计算机应用技术,计算机类,电子与信息大类,exact
宿迁幼儿师范高等专科学校,物理,宿迁幼儿师范高等专科学校02,142702,24,"大数据技术(报考该专业有色觉要求,具体请查阅院校招生章程)",计算机类,电子与信息大类,大数据技术,计算机类,电子与信息大类,exact
宿迁幼儿师范高等专科学校,物理,宿迁幼儿师范高等专科学校02,142702,25,心理咨询,其他专业类,其他,心理咨询,健康管理与促进类,医药卫生大类,exact
宿迁幼儿师范高等专科学校,物理,宿迁幼儿师范高等专科学校02,142702,26,研学旅行管理与服务,其他专业类,其他,研学旅行管理与服务,旅游类,旅游大类,exact
宿迁幼儿师范高等专科学校,物理,宿迁幼儿师范高等专科学校02,142702,27,智慧旅游技术应用,旅游餐饮类,旅游大类,智慧旅游技术应用,旅游类,旅游大类,exact
宿迁幼儿师范高等专科学校,物理,宿迁幼儿师范高等专科学校02,142702,28,智慧健康养老服务与管理,公共管理服务类,公共管理与服务大类,智慧健康养老服务与管理,公共服务类,公共管理与服务大类,exact
宿迁幼儿师范高等专科学校,物理,宿迁幼儿师范高等专科学校02,142702,29,人工智能技术应用,计算机类,电子与信息大类,人工智能技术应用,计算机类,电子与信息大类,exact
宿迁幼儿师范高等专科学校,物理,宿迁幼儿师范高等专科学校02,142702,30,无人机应用技术,航空运输类,交通运输大类,无人机应用技术,航空装备类,装备制造大类,exact
青岛农业大学海都学院,物理,青岛农业大学海都学院05,822605,20,大数据技术,计算机类,电子与信息大类,大数据技术,计算机类,电子与信息大类,exact
青岛农业大学海都学院,物理,青岛农业大学海都学院05,822605,21,大数据与财务管理,财务会计类,财经商贸大类,大数据与财务管理,财务会计类,财经商贸大类,exact
青岛农业大学海都学院,物理,青岛农业大学海都学院05,822605,22,电气自动化技术,电气自动化类,装备制造大类,电气自动化技术,自动化类,装备制造大类,exact
青岛农业大学海都学院,物理,青岛农业大学海都学院05,822605,23,机械制造及自动化,电气自动化类,装备制造大类,机械制造及自动化,机械设计制造类,装备制造大类,exact
青岛农业大学海都学院,物理,青岛农业大学海都学院05,822605,24,建筑工程技术,土木建筑类,土木建筑大类,建筑工程技术,土建施工类,土木建筑大类,exact
青岛农业大学海都学院,物理,青岛农业大学海都学院05,822605,25,虚拟现实技术应用,计算机类,电子与信息大类,虚拟现实技术应用,计算机类,电子与信息大类,exact
青岛农业大学海都学院,物理,青岛农业大学海都学院05,822605,26,园林技术,农林牧渔类,农林牧渔大类,园林技术,林业类,农林牧渔大类,exact
苏州高博职业学院,物理,苏州高博职业学院02,197002,17,"护理(报考该专业有色觉要求,具体请查阅院校招生章程)",护理医学类,医药卫生大类,护理,护理类,医药卫生大类,exact
苏州高博职业学院,物理,苏州高博职业学院02,197002,18,"医学检验技术(报考该专业有色觉要求,具体请查阅院校招生章程)",护理医学类,医药卫生大类,医学检验技术,医学技术类,医药卫生大类,exact
苏州高博职业学院,物理,苏州高博职业学院02,197002,19,机电一体化技术,电气自动化类,装备制造大类,机电一体化技术,自动化类,装备制造大类,exact
苏州高博职业学院,物理,苏州高博职业学院02,197002,20,无人机应用技术,航空运输类,交通运输大类,无人机应用技术,航空装备类,装备制造大类,exact
苏州高博职业学院,物理,苏州高博职业学院02,197002,21,新能源汽车技术,汽车制造类,装备制造大类,新能源汽车技术,汽车制造类,装备制造大类,exact
苏州高博职业学院,物理,苏州高博职业学院02,197002,22,智能制造装备技术,电气自动化类,装备制造大类,智能制造装备技术,机电设备类,装备制造大类,exact
苏州高博职业学院,物理,苏州高博职业学院02,197002,23,电气自动化技术,电气自动化类,装备制造大类,电气自动化技术,自动化类,装备制造大类,exact
苏州高博职业学院,物理,苏州高博职业学院02,197002,24,软件技术,计算机类,电子与信息大类,软件技术,计算机类,电子与信息大类,exact
苏州高博职业学院,物理,苏州高博职业学院02,197002,25,计算机网络技术,计算机类,电子与信息大类,计算机网络技术,计算机类,电子与信息大类,exact
苏州高博职业学院,物理,苏州高博职业学院02,197002,26,人工智能技术应用,计算机类,电子与信息大类,人工智能技术应用,计算机类,电子与信息大类,exact
苏州高博职业学院,物理,苏州高博职业学院02,197002,27,数字媒体技术,计算机类,电子与信息大类,数字媒体技术,计算机类,电子与信息大类,exact
苏州高博职业学院,物理,苏州高博职业学院02,197002,28,人工智能数据工程技术,计算机类,电子与信息大类,人工智能数据工程技术,计算机类,电子与信息大类,exact
苏州高博职业学院,物理,苏州高博职业学院02,197002,29,"数字媒体艺术设计(报考该专业有色觉要求,具体请查阅院校招生章程)",文化艺术类,文化艺术大类,数字媒体艺术设计,艺术设计类,文化艺术大类,exact
苏州高博职业学院,物理,苏州高博职业学院02,197002,30,融媒体技术与运营,其他专业类,其他,融媒体技术与运营,广播影视类,新闻传播大类,exact
苏州高博职业学院,物理,苏州高博职业学院02,197002,31,建筑消防技术,土木建筑类,土木建筑大类,建筑消防技术,建筑设备类,土木建筑大类,exact
苏州高博职业学院,物理,苏州高博职业学院02,197002,32,电子商务,财经商贸类,财经商贸大类,电子商务,电子商务类,财经商贸大类,exact
苏州高博职业学院,物理,苏州高博职业学院02,197002,33,高速铁路客运服务,铁道运输类,交通运输大类,高速铁路客运服务,铁道运输类,交通运输大类,exact
苏州高博职业学院,物理,苏州高博职业学院02,197002,34,大数据与会计,财务会计类,财经商贸大类,大数据与会计,财务会计类,财经商贸大类,exact
苏州高博职业学院,物理,苏州高博职业学院02,197002,35,网络直播与运营,计算机类,电子与信息大类,网络直播与运营,广播影视类,新闻传播大类,exact
苏州高博职业学院,物理,苏州高博职业学院02,197002,36,业财数据应用与管理,其他专业类,其他,业财数据应用与管理,财务会计类,财经商贸大类,exact
苏州高博职业学院,物理,苏州高博职业学院02,197002,37,休闲体育,教育体育类,教育与体育大类,休闲体育,体育类,教育与体育大类,exact
烟台黄金职业学院,历史,烟台黄金职业学院01,822401,01,市场营销,财经商贸类,财经商贸大类,市场营销,工商管理类,财经商贸大类,exact
宿迁职业技术学院,历史,宿迁职业技术学院01,199601,01,无人机应用技术,航空运输类,交通运输大类,无人机应用技术,航空装备类,装备制造大类,exact
宿迁职业技术学院,历史,宿迁职业技术学院01,199601,02,智能产品开发与应用,电子信息类,电子与信息大类,智能产品开发与应用,电子信息类,电子与信息大类,exact
宿迁职业技术学院,历史,宿迁职业技术学院01,199601,03,软件技术,计算机类,电子与信息大类,软件技术,计算机类,电子与信息大类,exact
宿迁职业技术学院,历史,宿迁职业技术学院01,199601,04,数字媒体技术,计算机类,电子与信息大类,数字媒体技术,计算机类,电子与信息大类,exact
宿迁职业技术学院,历史,宿迁职业技术学院01,199601,05,大数据技术,计算机类,电子与信息大类,大数据技术,计算机类,电子与信息大类,exact
宿迁职业技术学院,历史,宿迁职业技术学院01,199601,06,云计算技术应用,计算机类,电子与信息大类,云计算技术应用,计算机类,电子与信息大类,exact
宿迁职业技术学院,历史,宿迁职业技术学院01,199601,07,虚拟现实技术应用,计算机类,电子与信息大类,虚拟现实技术应用,计算机类,电子与信息大类,exact
宿迁职业技术学院,历史,宿迁职业技术学院01,199601,08,人工智能技术应用,计算机类,电子与信息大类,人工智能技术应用,计算机类,电子与信息大类,exact
宿迁职业技术学院,历史,宿迁职业技术学院01,199601,09,动漫制作技术,文化艺术类,文化艺术大类,动漫制作技术,计算机类,电子与信息大类,exact
宿迁职业技术学院,历史,宿迁职业技术学院01,199601,10,智能互联网络技术,计算机类,电子与信息大类,智能互联网络技术,通信类,电子与信息大类,exact
宿迁职业技术学院,历史,宿迁职业技术学院01,199601,11,电子商务,财经商贸类,财经商贸大类,电子商务,电子商务类,财经商贸大类,exact
宿迁职业技术学院,历史,宿迁职业技术学院01,199601,12,网络营销与直播电商,计算机类,电子与信息大类,网络营销与直播电商,电子商务类,财经商贸大类,exact
喀什理工职业技术学院,物理,喀什理工职业技术学院02,753802,06,智能医疗装备技术,其他专业类,其他,智能医疗装备技术,药品与医疗器械类,食品药品与粮食大类,exact
喀什理工职业技术学院,物理,喀什理工职业技术学院02,753802,07,计算机网络技术,计算机类,电子与信息大类,计算机网络技术,计算机类,电子与信息大类,exact
喀什理工职业技术学院,物理,喀什理工职业技术学院02,753802,08,现代通信技术,电子信息类,电子与信息大类,现代通信技术,通信类,电子与信息大类,exact
喀什理工职业技术学院,物理,喀什理工职业技术学院02,753802,09,应用电子技术,电子信息类,电子与信息大类,应用电子技术,电子信息类,电子与信息大类,exact
喀什理工职业技术学院,物理,喀什理工职业技术学院02,753802,10,人工智能技术应用,计算机类,电子与信息大类,人工智能技术应用,计算机类,电子与信息大类,exact
喀什理工职业技术学院,物理,喀什理工职业技术学院02,753802,11,物联网应用技术,计算机类,电子与信息大类,物联网应用技术,电子信息类,电子与信息大类,exact
喀什理工职业技术学院,物理,喀什理工职业技术学院02,753802,12,跨境电子商务,财经商贸类,财经商贸大类,跨境电子商务,电子商务类,财经商贸大类,exact
喀什理工职业技术学院,物理,喀什理工职业技术学院02,753802,13,智能物流技术,财经商贸类,财经商贸大类,智能物流技术,物流类,财经商贸大类,exact
喀什理工职业技术学院,物理,喀什理工职业技术学院02,753802,14,建筑工程技术,土木建筑类,土木建筑大类,建筑工程技术,土建施工类,土木建筑大类,exact
喀什理工职业技术学院,物理,喀什理工职业技术学院02,753802,15,建筑钢结构工程技术,土木建筑类,土木建筑大类,建筑钢结构工程技术,土建施工类,土木建筑大类,exact
喀什理工职业技术学院,物理,喀什理工职业技术学院02,753802,16,建筑装饰工程技术,土木建筑类,土木建筑大类,建筑装饰工程技术,建筑设计类,土木建筑大类,exact
喀什理工职业技术学院,物理,喀什理工职业技术学院02,753802,17,智能建造技术,其他专业类,其他,智能建造技术,土建施工类,土木建筑大类,exact
喀什理工职业技术学院,物理,喀什理工职业技术学院02,753802,18,电气自动化技术,电气自动化类,装备制造大类,电气自动化技术,自动化类,装备制造大类,exact
喀什理工职业技术学院,物理,喀什理工职业技术学院02,753802,19,电力系统自动化技术,电气自动化类,装备制造大类,电力系统自动化技术,电力技术类,能源动力与材料大类,exact
喀什理工职业技术学院,物理,喀什理工职业技术学院02,753802,20,机电一体化技术,电气自动化类,装备制造大类,机电一体化技术,自动化类,装备制造大类,exact
喀什理工职业技术学院,物理,喀什理工职业技术学院02,753802,21,智能焊接技术,机械设计制造类,装备制造大类,智能焊接技术,机械设计制造类,装备制造大类,exact
喀什理工职业技术学院,物理,喀什理工职业技术学院02,753802,22,供用电技术,能源动力与材料类,能源动力与材料大类,供用电技术,电力技术类,能源动力与材料大类,exact
喀什理工职业技术学院,物理,喀什理工职业技术学院02,753802,23,工业机器人技术,电气自动化类,装备制造大类,工业机器人技术,自动化类,装备制造大类,exact
喀什理工职业技术学院,物理,喀什理工职业技术学院02,753802,24,汽车检测与维修技术,汽车制造类,装备制造大类,汽车检测与维修技术,道路运输类,交通运输大类,exact
喀什理工职业技术学院,物理,喀什理工职业技术学院02,753802,25,新能源汽车检测与维修技术,汽车制造类,装备制造大类,新能源汽车检测与维修技术,道路运输类,交通运输大类,exact
喀什理工职业技术学院,物理,喀什理工职业技术学院02,753802,26,智能网联汽车技术,汽车制造类,装备制造大类,智能网联汽车技术,汽车制造类,装备制造大类,exact
四川职业技术学院,历史,四川职业技术学院01,612701,01,冷链物流技术与管理(校本部),财经商贸类,财经商贸大类,冷链物流技术与管理,物流类,财经商贸大类,exact
四川职业技术学院,历史,四川职业技术学院02,612702,02,电子商务(校本部),财经商贸类,财经商贸大类,电子商务,电子商务类,财经商贸大类,exact
苏州托普信息职业技术学院,物理,苏州托普信息职业技术学院02,196902,30,宠物医疗技术,农林牧渔类,农林牧渔大类,宠物医疗技术,畜牧业类,农林牧渔大类,exact
苏州托普信息职业技术学院,物理,苏州托普信息职业技术学院02,196902,31,建筑消防技术,土木建筑类,土木建筑大类,建筑消防技术,建筑设备类,土木建筑大类,exact
苏州托普信息职业技术学院,物理,苏州托普信息职业技术学院02,196902,32,机械制造及自动化,电气自动化类,装备制造大类,机械制造及自动化,机械设计制造类,装备制造大类,exact
苏州托普信息职业技术学院,物理,苏州托普信息职业技术学院02,196902,33,机电一体化技术,电气自动化类,装备制造大类,机电一体化技术,自动化类,装备制造大类,exact
苏州托普信息职业技术学院,物理,苏州托普信息职业技术学院02,196902,34,无人机应用技术,航空运输类,交通运输大类,无人机应用技术,航空装备类,装备制造大类,exact
苏州托普信息职业技术学院,物理,苏州托普信息职业技术学院02,196902,35,汽车电子技术,汽车制造类,装备制造大类,汽车电子技术,汽车制造类,装备制造大类,exact
苏州托普信息职业技术学院,物理,苏州托普信息职业技术学院02,196902,36,智能网联汽车技术,汽车制造类,装备制造大类,智能网联汽车技术,汽车制造类,装备制造大类,exact
苏州托普信息职业技术学院,物理,苏州托普信息职业技术学院02,196902,37,药品经营与管理,药学类,医药卫生大类,药品经营与管理,药品与医疗器械类,食品药品与粮食大类,exact
苏州托普信息职业技术学院,物理,苏州托普信息职业技术学院02,196902,38,智能医疗装备技术,其他专业类,其他,智能医疗装备技术,药品与医疗器械类,食品药品与粮食大类,exact
苏州托普信息职业技术学院,物理,苏州托普信息职业技术学院02,196902,39,高速铁路客运服务,铁道运输类,交通运输大类,高速铁路客运服务,铁道运输类,交通运输大类,exact
苏州托普信息职业技术学院,物理,苏州托普信息职业技术学院02,196902,40,移动互联应用技术,其他专业类,其他,移动互联应用技术,电子信息类,电子与信息大类,exact
苏州托普信息职业技术学院,物理,苏州托普信息职业技术学院02,196902,41,计算机应用技术,计算机类,电子与信息大类,计算机应用技术,计算机类,电子与信息大类,exact
苏州托普信息职业技术学院,物理,苏州托普信息职业技术学院02,196902,42,软件技术,计算机类,电子与信息大类,软件技术,计算机类,电子与信息大类,exact
苏州托普信息职业技术学院,物理,苏州托普信息职业技术学院02,196902,43,数字媒体技术,计算机类,电子与信息大类,数字媒体技术,计算机类,电子与信息大类,exact
苏州托普信息职业技术学院,物理,苏州托普信息职业技术学院02,196902,44,大数据技术,计算机类,电子与信息大类,大数据技术,计算机类,电子与信息大类,exact
苏州托普信息职业技术学院,物理,苏州托普信息职业技术学院02,196902,45,虚拟现实技术应用,计算机类,电子与信息大类,虚拟现实技术应用,计算机类,电子与信息大类,exact
苏州托普信息职业技术学院,物理,苏州托普信息职业技术学院02,196902,46,人工智能技术应用,计算机类,电子与信息大类,人工智能技术应用,计算机类,电子与信息大类,exact
苏州托普信息职业技术学院,物理,苏州托普信息职业技术学院02,196902,47,动漫制作技术,文化艺术类,文化艺术大类,动漫制作技术,计算机类,电子与信息大类,exact
苏州托普信息职业技术学院,物理,苏州托普信息职业技术学院02,196902,48,婴幼儿托育服务与管理,护理医学类,医药卫生大类,婴幼儿托育服务与管理,健康管理与促进类,医药卫生大类,exact
苏州托普信息职业技术学院,物理,苏州托普信息职业技术学院02,196902,49,大数据与会计,财务会计类,财经商贸大类,大数据与会计,财务会计类,财经商贸大类,exact
苏州托普信息职业技术学院,物理,苏州托普信息职业技术学院02,196902,50,工商企业管理,其他专业类,其他,工商企业管理,工商管理类,财经商贸大类,exact
苏州托普信息职业技术学院,物理,苏州托普信息职业技术学院02,196902,51,市场营销,财经商贸类,财经商贸大类,市场营销,工商管理类,财经商贸大类,exact
苏州托普信息职业技术学院,物理,苏州托普信息职业技术学院02,196902,52,电子商务,财经商贸类,财经商贸大类,电子商务,电子商务类,财经商贸大类,exact
苏州托普信息职业技术学院,物理,苏州托普信息职业技术学院02,196902,53,电子竞技运动与管理,教育体育类,教育与体育大类,电子竞技运动与管理,体育类,教育与体育大类,exact
苏州托普信息职业技术学院,物理,苏州托普信息职业技术学院02,196902,54,安全防范技术,公安司法类,公安司法大类,安全防范技术,安全防范类,公安与司法大类,exact
苏州托普信息职业技术学院,物理,苏州托普信息职业技术学院02,196902,55,人力资源管理,公共管理服务类,公共管理与服务大类,人力资源管理,公共管理类,公共管理与服务大类,exact
苏州托普信息职业技术学院,物理,苏州托普信息职业技术学院02,196902,56,社区康复,公共管理服务类,公共管理与服务大类,社区康复,公共服务类,公共管理与服务大类,exact
苏州托普信息职业技术学院,物理,苏州托普信息职业技术学院02,196902,57,大数据技术(中外合作办学),计算机类,电子与信息大类,大数据技术,计算机类,电子与信息大类,exact
苏州托普信息职业技术学院,物理,苏州托普信息职业技术学院02,196902,58,动漫制作技术(中外合作办学),文化艺术类,文化艺术大类,动漫制作技术,计算机类,电子与信息大类,exact
苏州百年职业学院,历史,苏州百年职业学院01,197101,01,机电一体化技术(中外合作办学),电气自动化类,装备制造大类,机电一体化技术,自动化类,装备制造大类,exact
苏州百年职业学院,历史,苏州百年职业学院01,197101,02,智能控制技术(中外合作办学),电气自动化类,装备制造大类,智能控制技术,自动化类,装备制造大类,exact
苏州百年职业学院,历史,苏州百年职业学院01,197101,03,集成电路技术(中外合作办学),电子信息类,电子与信息大类,集成电路技术,集成电路类,电子与信息大类,exact
苏州百年职业学院,历史,苏州百年职业学院01,197101,04,工业互联网技术(中外合作办学),电气自动化类,装备制造大类,工业互联网技术,计算机类,电子与信息大类,exact
苏州百年职业学院,历史,苏州百年职业学院01,197101,05,软件技术(中外合作办学),计算机类,电子与信息大类,软件技术,计算机类,电子与信息大类,exact
苏州百年职业学院,历史,苏州百年职业学院01,197101,06,大数据技术(中外合作办学),计算机类,电子与信息大类,大数据技术,计算机类,电子与信息大类,exact
苏州百年职业学院,历史,苏州百年职业学院01,197101,07,云计算技术应用(中外合作办学),计算机类,电子与信息大类,云计算技术应用,计算机类,电子与信息大类,exact
苏州百年职业学院,历史,苏州百年职业学院01,197101,08,信息安全技术应用(中外合作办学),计算机类,电子与信息大类,信息安全技术应用,计算机类,电子与信息大类,exact
苏州百年职业学院,历史,苏州百年职业学院01,197101,09,人工智能技术应用(中外合作办学),计算机类,电子与信息大类,人工智能技术应用,计算机类,电子与信息大类,exact
苏州百年职业学院,历史,苏州百年职业学院01,197101,10,国际金融(中外合作办学),财经商贸类,财经商贸大类,国际金融,金融类,财经商贸大类,exact
苏州百年职业学院,历史,苏州百年职业学院01,197101,11,大数据与会计(中外合作办学),财务会计类,财经商贸大类,大数据与会计,财务会计类,财经商贸大类,exact
苏州百年职业学院,历史,苏州百年职业学院01,197101,12,国际经济与贸易(中外合作办学),财经商贸类,财经商贸大类,国际经济与贸易,经济贸易类,财经商贸大类,exact
苏州百年职业学院,历史,苏州百年职业学院01,197101,13,工商企业管理(中外合作办学),其他专业类,其他,工商企业管理,工商管理类,财经商贸大类,exact
苏州百年职业学院,历史,苏州百年职业学院01,197101,14,市场营销(中外合作办学),财经商贸类,财经商贸大类,市场营销,工商管理类,财经商贸大类,exact
苏州百年职业学院,历史,苏州百年职业学院01,197101,15,电子商务(中外合作办学),财经商贸类,财经商贸大类,电子商务,电子商务类,财经商贸大类,exact
苏州百年职业学院,历史,苏州百年职业学院01,197101,16,商务英语(中外合作办学),教育体育类,教育与体育大类,商务英语,语言类,教育与体育大类,exact
苏州百年职业学院,历史,苏州百年职业学院01,197101,17,建筑设计(中外合作办学),土木建筑类,土木建筑大类,建筑设计,建筑设计类,土木建筑大类,exact
苏州百年职业学院,历史,苏州百年职业学院01,197101,18,建筑室内设计(中外合作办学),土木建筑类,土木建筑大类,建筑室内设计,建筑设计类,土木建筑大类,exact
苏州百年职业学院,历史,苏州百年职业学院01,197101,19,风景园林设计(中外合作办学),土木建筑类,土木建筑大类,风景园林设计,建筑设计类,土木建筑大类,exact
苏州百年职业学院,历史,苏州百年职业学院01,197101,20,动漫制作技术(中外合作办学),文化艺术类,文化艺术大类,动漫制作技术,计算机类,电子与信息大类,exact
炎黄职业技术学院,历史,炎黄职业技术学院01,198201,01,宠物养护与驯导,农林牧渔类,农林牧渔大类,宠物养护与驯导,畜牧业类,农林牧渔大类,exact
炎黄职业技术学院,历史,炎黄职业技术学院01,198201,02,动物营养与饲料,食品药品类,食品药品与粮食大类,动物营养与饲料,畜牧业类,农林牧渔大类,exact
炎黄职业技术学院,历史,炎黄职业技术学院01,198201,03,建筑室内设计,土木建筑类,土木建筑大类,建筑室内设计,建筑设计类,土木建筑大类,exact
炎黄职业技术学院,历史,炎黄职业技术学院01,198201,04,建筑工程技术,土木建筑类,土木建筑大类,建筑工程技术,土建施工类,土木建筑大类,exact
炎黄职业技术学院,历史,炎黄职业技术学院01,198201,05,工程造价,土木建筑类,土木建筑大类,工程造价,建设工程管理类,土木建筑大类,exact
炎黄职业技术学院,历史,炎黄职业技术学院01,198201,06,数控技术,机械设计制造类,装备制造大类,数控技术,机械设计制造类,装备制造大类,exact
炎黄职业技术学院,历史,炎黄职业技术学院01,198201,07,机械制造及自动化,电气自动化类,装备制造大类,机械制造及自动化,机械设计制造类,装备制造大类,exact
炎黄职业技术学院,历史,炎黄职业技术学院01,198201,08,机电一体化技术,电气自动化类,装备制造大类,机电一体化技术,自动化类,装备制造大类,exact
炎黄职业技术学院,历史,炎黄职业技术学院01,198201,09,电气自动化技术,电气自动化类,装备制造大类,电气自动化技术,自动化类,装备制造大类,exact
炎黄职业技术学院,历史,炎黄职业技术学院01,198201,10,计算机应用技术,计算机类,电子与信息大类,计算机应用技术,计算机类,电子与信息大类,exact
炎黄职业技术学院,历史,炎黄职业技术学院01,198201,11,计算机网络技术,计算机类,电子与信息大类,计算机网络技术,计算机类,电子与信息大类,exact
炎黄职业技术学院,历史,炎黄职业技术学院01,198201,12,大数据与会计,财务会计类,财经商贸大类,大数据与会计,财务会计类,财经商贸大类,exact
炎黄职业技术学院,历史,炎黄职业技术学院01,198201,13,市场营销,财经商贸类,财经商贸大类,市场营销,工商管理类,财经商贸大类,exact
炎黄职业技术学院,历史,炎黄职业技术学院01,198201,14,电子商务,财经商贸类,财经商贸大类,电子商务,电子商务类,财经商贸大类,exact
炎黄职业技术学院,历史,炎黄职业技术学院01,198201,15,现代物流管理,财经商贸类,财经商贸大类,现代物流管理,物流类,财经商贸大类,exact
炎黄职业技术学院,历史,炎黄职业技术学院01,198201,16,汽车技术服务与营销,汽车制造类,装备制造大类,汽车技术服务与营销,道路运输类,交通运输大类,exact
炎黄职业技术学院,历史,炎黄职业技术学院01,198201,17,汽车制造与试验技术,机械设计制造类,装备制造大类,汽车制造与试验技术,汽车制造类,装备制造大类,exact
炎黄职业技术学院,历史,炎黄职业技术学院01,198201,18,新能源汽车检测与维修技术,汽车制造类,装备制造大类,新能源汽车检测与维修技术,道路运输类,交通运输大类,exact
炎黄职业技术学院,历史,炎黄职业技术学院01,198201,19,时尚表演与传播,文化艺术类,文化艺术大类,时尚表演与传播,表演艺术类,文化艺术大类,exact
炎黄职业技术学院,历史,炎黄职业技术学院01,198201,20,高速铁路客运服务,铁道运输类,交通运输大类,高速铁路客运服务,铁道运输类,交通运输大类,exact
炎黄职业技术学院,历史,炎黄职业技术学院01,198201,21,酒店管理与数字化运营,旅游餐饮类,旅游大类,酒店管理与数字化运营,旅游类,旅游大类,exact
炎黄职业技术学院,历史,炎黄职业技术学院01,198201,22,旅游管理,旅游餐饮类,旅游大类,旅游管理,旅游类,旅游大类,exact
炎黄职业技术学院,历史,炎黄职业技术学院01,198201,23,烹饪工艺与营养,食品药品类,食品药品与粮食大类,烹饪工艺与营养,餐饮类,旅游大类,exact
炎黄职业技术学院,历史,炎黄职业技术学院01,198201,24,空中乘务,航空运输类,交通运输大类,空中乘务,航空运输类,交通运输大类,exact
炎黄职业技术学院,历史,炎黄职业技术学院01,198201,25,民航安全技术管理,航空运输类,交通运输大类,民航安全技术管理,航空运输类,交通运输大类,exact
炎黄职业技术学院,历史,炎黄职业技术学院01,198201,26,应用英语,教育体育类,教育与体育大类,应用英语,语言类,教育与体育大类,exact
炎黄职业技术学院,历史,炎黄职业技术学院01,198201,27,婴幼儿托育服务与管理,护理医学类,医药卫生大类,婴幼儿托育服务与管理,健康管理与促进类,医药卫生大类,exact
炎黄职业技术学院,历史,炎黄职业技术学院01,198201,28,智慧健康养老服务与管理,公共管理服务类,公共管理与服务大类,智慧健康养老服务与管理,公共服务类,公共管理与服务大类,exact
炎黄职业技术学院,历史,炎黄职业技术学院01,198201,29,数字时尚设计,文化艺术类,文化艺术大类,数字时尚设计,艺术设计类,文化艺术大类,exact
昆山登云科技职业学院,物理,昆山登云科技职业学院02,197302,35,建筑室内设计,土木建筑类,土木建筑大类,建筑室内设计,建筑设计类,土木建筑大类,exact
昆山登云科技职业学院,物理,昆山登云科技职业学院02,197302,36,建筑工程技术,土木建筑类,土木建筑大类,建筑工程技术,土建施工类,土木建筑大类,exact
昆山登云科技职业学院,物理,昆山登云科技职业学院02,197302,37,智能建造技术,其他专业类,其他,智能建造技术,土建施工类,土木建筑大类,exact
昆山登云科技职业学院,物理,昆山登云科技职业学院02,197302,38,工程造价,土木建筑类,土木建筑大类,工程造价,建设工程管理类,土木建筑大类,exact
昆山登云科技职业学院,物理,昆山登云科技职业学院02,197302,39,建设工程管理,土木建筑类,土木建筑大类,建设工程管理,建设工程管理类,土木建筑大类,exact
昆山登云科技职业学院,物理,昆山登云科技职业学院02,197302,40,数控技术,机械设计制造类,装备制造大类,数控技术,机械设计制造类,装备制造大类,exact
昆山登云科技职业学院,物理,昆山登云科技职业学院02,197302,41,模具设计与制造,机械设计制造类,装备制造大类,模具设计与制造,机械设计制造类,装备制造大类,exact
昆山登云科技职业学院,物理,昆山登云科技职业学院02,197302,42,机电一体化技术,电气自动化类,装备制造大类,机电一体化技术,自动化类,装备制造大类,exact
昆山登云科技职业学院,物理,昆山登云科技职业学院02,197302,43,智能控制技术,电气自动化类,装备制造大类,智能控制技术,自动化类,装备制造大类,exact
昆山登云科技职业学院,物理,昆山登云科技职业学院02,197302,44,工业机器人技术,电气自动化类,装备制造大类,工业机器人技术,自动化类,装备制造大类,exact
昆山登云科技职业学院,物理,昆山登云科技职业学院02,197302,45,新能源汽车技术,汽车制造类,装备制造大类,新能源汽车技术,汽车制造类,装备制造大类,exact
昆山登云科技职业学院,物理,昆山登云科技职业学院02,197302,46,智能网联汽车技术,汽车制造类,装备制造大类,智能网联汽车技术,汽车制造类,装备制造大类,exact
昆山登云科技职业学院,物理,昆山登云科技职业学院02,197302,47,咖啡加工与应用技术,其他专业类,其他,咖啡加工与应用技术,食品类,食品药品与粮食大类,exact
昆山登云科技职业学院,物理,昆山登云科技职业学院02,197302,48,高速铁路客运服务,铁道运输类,交通运输大类,高速铁路客运服务,铁道运输类,交通运输大类,exact
昆山登云科技职业学院,物理,昆山登云科技职业学院02,197302,49,汽车检测与维修技术,汽车制造类,装备制造大类,汽车检测与维修技术,道路运输类,交通运输大类,exact
昆山登云科技职业学院,物理,昆山登云科技职业学院02,197302,50,电子信息工程技术,电子信息类,电子与信息大类,电子信息工程技术,电子信息类,电子与信息大类,exact
昆山登云科技职业学院,物理,昆山登云科技职业学院02,197302,51,移动互联应用技术,其他专业类,其他,移动互联应用技术,电子信息类,电子与信息大类,exact
昆山登云科技职业学院,物理,昆山登云科技职业学院02,197302,52,汽车智能技术,汽车制造类,装备制造大类,汽车智能技术,电子信息类,电子与信息大类,exact
昆山登云科技职业学院,物理,昆山登云科技职业学院02,197302,53,计算机应用技术,计算机类,电子与信息大类,计算机应用技术,计算机类,电子与信息大类,exact
昆山登云科技职业学院,物理,昆山登云科技职业学院02,197302,54,计算机网络技术,计算机类,电子与信息大类,计算机网络技术,计算机类,电子与信息大类,exact
昆山登云科技职业学院,物理,昆山登云科技职业学院02,197302,55,大数据技术,计算机类,电子与信息大类,大数据技术,计算机类,电子与信息大类,exact
昆山登云科技职业学院,物理,昆山登云科技职业学院02,197302,56,人工智能技术应用,计算机类,电子与信息大类,人工智能技术应用,计算机类,电子与信息大类,exact
昆山登云科技职业学院,物理,昆山登云科技职业学院02,197302,57,工业软件开发技术,计算机类,电子与信息大类,工业软件开发技术,计算机类,电子与信息大类,exact
昆山登云科技职业学院,物理,昆山登云科技职业学院02,197302,58,动漫制作技术,文化艺术类,文化艺术大类,动漫制作技术,计算机类,电子与信息大类,exact
昆山登云科技职业学院,物理,昆山登云科技职业学院02,197302,59,婴幼儿托育服务与管理,护理医学类,医药卫生大类,婴幼儿托育服务与管理,健康管理与促进类,医药卫生大类,exact
昆山登云科技职业学院,物理,昆山登云科技职业学院02,197302,60,大数据与财务管理,财务会计类,财经商贸大类,大数据与财务管理,财务会计类,财经商贸大类,exact
昆山登云科技职业学院,物理,昆山登云科技职业学院02,197302,61,统计与大数据分析,其他专业类,其他,统计与大数据分析,统计类,财经商贸大类,exact
昆山登云科技职业学院,物理,昆山登云科技职业学院02,197302,62,工商企业管理,其他专业类,其他,工商企业管理,工商管理类,财经商贸大类,exact
昆山登云科技职业学院,物理,昆山登云科技职业学院02,197302,63,市场营销,财经商贸类,财经商贸大类,市场营销,工商管理类,财经商贸大类,exact
昆山登云科技职业学院,物理,昆山登云科技职业学院02,197302,64,电子商务,财经商贸类,财经商贸大类,电子商务,电子商务类,财经商贸大类,exact
昆山登云科技职业学院,物理,昆山登云科技职业学院02,197302,65,现代物流管理,财经商贸类,财经商贸大类,现代物流管理,物流类,财经商贸大类,exact
昆山登云科技职业学院,物理,昆山登云科技职业学院02,197302,66,酒店管理与数字化运营,旅游餐饮类,旅游大类,酒店管理与数字化运营,旅游类,旅游大类,exact
昆山登云科技职业学院,物理,昆山登云科技职业学院02,197302,67,全媒体广告策划与营销,文化艺术类,文化艺术大类,全媒体广告策划与营销,广播影视类,新闻传播大类,exact
昆山登云科技职业学院,物理,昆山登云科技职业学院02,197302,68,智慧健康养老服务与管理,公共管理服务类,公共管理与服务大类,智慧健康养老服务与管理,公共服务类,公共管理与服务大类,exact
金山职业技术学院,历史,金山职业技术学院01,199101,01,建筑室内设计,土木建筑类,土木建筑大类,建筑室内设计,建筑设计类,土木建筑大类,exact
金山职业技术学院,历史,金山职业技术学院01,199101,02,工程造价,土木建筑类,土木建筑大类,工程造价,建设工程管理类,土木建筑大类,exact
金山职业技术学院,历史,金山职业技术学院01,199101,03,数控技术,机械设计制造类,装备制造大类,数控技术,机械设计制造类,装备制造大类,exact
金山职业技术学院,历史,金山职业技术学院01,199101,04,智能制造装备技术,电气自动化类,装备制造大类,智能制造装备技术,机电设备类,装备制造大类,exact
金山职业技术学院,历史,金山职业技术学院01,199101,05,机电一体化技术,电气自动化类,装备制造大类,机电一体化技术,自动化类,装备制造大类,exact
金山职业技术学院,历史,金山职业技术学院01,199101,06,工业机器人技术,电气自动化类,装备制造大类,工业机器人技术,自动化类,装备制造大类,exact
金山职业技术学院,历史,金山职业技术学院01,199101,07,电气自动化技术,电气自动化类,装备制造大类,电气自动化技术,自动化类,装备制造大类,exact
金山职业技术学院,历史,金山职业技术学院01,199101,08,无人机应用技术,航空运输类,交通运输大类,无人机应用技术,航空装备类,装备制造大类,exact
金山职业技术学院,历史,金山职业技术学院01,199101,09,新能源汽车技术,汽车制造类,装备制造大类,新能源汽车技术,汽车制造类,装备制造大类,exact
金山职业技术学院,历史,金山职业技术学院01,199101,10,高速铁路客运服务,铁道运输类,交通运输大类,高速铁路客运服务,铁道运输类,交通运输大类,exact
金山职业技术学院,历史,金山职业技术学院01,199101,11,汽车技术服务与营销,汽车制造类,装备制造大类,汽车技术服务与营销,道路运输类,交通运输大类,exact
金山职业技术学院,历史,金山职业技术学院01,199101,12,民航运输服务,航空运输类,交通运输大类,民航运输服务,航空运输类,交通运输大类,exact
金山职业技术学院,历史,金山职业技术学院01,199101,13,城市轨道交通运营管理,铁道运输类,交通运输大类,城市轨道交通运营管理,城市轨道交通类,交通运输大类,exact
金山职业技术学院,历史,金山职业技术学院01,199101,14,计算机网络技术,计算机类,电子与信息大类,计算机网络技术,计算机类,电子与信息大类,exact
金山职业技术学院,历史,金山职业技术学院01,199101,15,数字媒体技术,计算机类,电子与信息大类,数字媒体技术,计算机类,电子与信息大类,exact
金山职业技术学院,历史,金山职业技术学院01,199101,16,人工智能技术应用,计算机类,电子与信息大类,人工智能技术应用,计算机类,电子与信息大类,exact
金山职业技术学院,历史,金山职业技术学院01,199101,17,婴幼儿托育服务与管理,护理医学类,医药卫生大类,婴幼儿托育服务与管理,健康管理与促进类,医药卫生大类,exact
金山职业技术学院,历史,金山职业技术学院01,199101,18,大数据与会计,财务会计类,财经商贸大类,大数据与会计,财务会计类,财经商贸大类,exact
金山职业技术学院,历史,金山职业技术学院01,199101,19,市场营销,财经商贸类,财经商贸大类,市场营销,工商管理类,财经商贸大类,exact
金山职业技术学院,历史,金山职业技术学院01,199101,20,电子商务,财经商贸类,财经商贸大类,电子商务,电子商务类,财经商贸大类,exact
金山职业技术学院,历史,金山职业技术学院01,199101,21,现代物流管理,财经商贸类,财经商贸大类,现代物流管理,物流类,财经商贸大类,exact
金山职业技术学院,历史,金山职业技术学院01,199101,22,旅游管理,旅游餐饮类,旅游大类,旅游管理,旅游类,旅游大类,exact
金山职业技术学院,历史,金山职业技术学院01,199101,23,酒店管理与数字化运营,旅游餐饮类,旅游大类,酒店管理与数字化运营,旅游类,旅游大类,exact
金山职业技术学院,历史,金山职业技术学院01,199101,24,融媒体技术与运营,其他专业类,其他,融媒体技术与运营,广播影视类,新闻传播大类,exact
金山职业技术学院,历史,金山职业技术学院01,199101,25,跨境电子商务,财经商贸类,财经商贸大类,跨境电子商务,电子商务类,财经商贸大类,exact
秦皇岛工业职业技术学院,物理,秦皇岛工业职业技术学院01,338101,01,数字化设计与制造技术,机械设计制造类,装备制造大类,数字化设计与制造技术,机械设计制造类,装备制造大类,exact
秦皇岛工业职业技术学院,物理,秦皇岛工业职业技术学院01,338101,02,工业过程自动化技术,电气自动化类,装备制造大类,工业过程自动化技术,自动化类,装备制造大类,exact
秦皇岛工业职业技术学院,物理,秦皇岛工业职业技术学院01,338101,03,新能源汽车技术,汽车制造类,装备制造大类,新能源汽车技术,汽车制造类,装备制造大类,exact
西安汽车职业大学,历史,西安汽车职业大学01,893201,01,城市轨道交通运营管理,铁道运输类,交通运输大类,城市轨道交通运营管理,城市轨道交通类,交通运输大类,exact
西安汽车职业大学,历史,西安汽车职业大学01,893201,02,大数据与会计,财务会计类,财经商贸大类,大数据与会计,财务会计类,财经商贸大类,exact
西安汽车职业大学,历史,西安汽车职业大学01,893201,03,数字媒体艺术设计,文化艺术类,文化艺术大类,数字媒体艺术设计,艺术设计类,文化艺术大类,exact
西安汽车职业大学,历史,西安汽车职业大学01,893201,04,广告艺术设计,文化艺术类,文化艺术大类,广告艺术设计,艺术设计类,文化艺术大类,exact
硅湖职业技术学院,物理,硅湖职业技术学院02,197402,28,机电一体化技术,电气自动化类,装备制造大类,机电一体化技术,自动化类,装备制造大类,exact
硅湖职业技术学院,物理,硅湖职业技术学院02,197402,29,电气自动化技术,电气自动化类,装备制造大类,电气自动化技术,自动化类,装备制造大类,exact
硅湖职业技术学院,物理,硅湖职业技术学院02,197402,30,机械制造及自动化,电气自动化类,装备制造大类,机械制造及自动化,机械设计制造类,装备制造大类,exact
硅湖职业技术学院,物理,硅湖职业技术学院02,197402,31,工业机器人技术,电气自动化类,装备制造大类,工业机器人技术,自动化类,装备制造大类,exact
硅湖职业技术学院,物理,硅湖职业技术学院02,197402,32,智能医疗装备技术,其他专业类,其他,智能医疗装备技术,药品与医疗器械类,食品药品与粮食大类,exact
硅湖职业技术学院,物理,硅湖职业技术学院02,197402,33,计算机应用技术,计算机类,电子与信息大类,计算机应用技术,计算机类,电子与信息大类,exact
硅湖职业技术学院,物理,硅湖职业技术学院02,197402,34,人工智能技术应用,计算机类,电子与信息大类,人工智能技术应用,计算机类,电子与信息大类,exact
硅湖职业技术学院,物理,硅湖职业技术学院02,197402,35,大数据技术,计算机类,电子与信息大类,大数据技术,计算机类,电子与信息大类,exact
硅湖职业技术学院,物理,硅湖职业技术学院02,197402,36,建筑室内设计,土木建筑类,土木建筑大类,建筑室内设计,建筑设计类,土木建筑大类,exact
硅湖职业技术学院,物理,硅湖职业技术学院02,197402,37,服装设计与工艺,文化艺术类,文化艺术大类,服装设计与工艺,纺织服装类,轻工纺织大类,exact
硅湖职业技术学院,物理,硅湖职业技术学院02,197402,38,旅游管理,旅游餐饮类,旅游大类,旅游管理,旅游类,旅游大类,exact
硅湖职业技术学院,物理,硅湖职业技术学院02,197402,39,酒店管理与数字化运营,旅游餐饮类,旅游大类,酒店管理与数字化运营,旅游类,旅游大类,exact
硅湖职业技术学院,物理,硅湖职业技术学院02,197402,40,网络营销与直播电商,计算机类,电子与信息大类,网络营销与直播电商,电子商务类,财经商贸大类,exact
硅湖职业技术学院,物理,硅湖职业技术学院02,197402,41,数字媒体技术,计算机类,电子与信息大类,数字媒体技术,计算机类,电子与信息大类,exact
硅湖职业技术学院,物理,硅湖职业技术学院02,197402,42,虚拟现实技术应用,计算机类,电子与信息大类,虚拟现实技术应用,计算机类,电子与信息大类,exact
硅湖职业技术学院,物理,硅湖职业技术学院02,197402,43,影视制片管理,文化艺术类,文化艺术大类,影视制片管理,广播影视类,新闻传播大类,exact
硅湖职业技术学院,物理,硅湖职业技术学院02,197402,44,药品质量与安全,药学类,医药卫生大类,药品质量与安全,药品与医疗器械类,食品药品与粮食大类,exact
硅湖职业技术学院,物理,硅湖职业技术学院02,197402,45,中医康复技术,护理医学类,医药卫生大类,中医康复技术,中医药类,医药卫生大类,exact
硅湖职业技术学院,物理,硅湖职业技术学院02,197402,46,药膳与食疗,其他专业类,其他,药膳与食疗,中医药类,医药卫生大类,exact
硅湖职业技术学院,物理,硅湖职业技术学院02,197402,47,健康管理,护理医学类,医药卫生大类,健康管理,健康管理与促进类,医药卫生大类,exact
硅湖职业技术学院,物理,硅湖职业技术学院02,197402,48,智慧健康养老服务与管理,公共管理服务类,公共管理与服务大类,智慧健康养老服务与管理,公共服务类,公共管理与服务大类,exact
硅湖职业技术学院,物理,硅湖职业技术学院02,197402,49,运动健康指导,教育体育类,教育与体育大类,运动健康指导,体育类,教育与体育大类,exact
硅湖职业技术学院,物理,硅湖职业技术学院02,197402,50,婴幼儿托育服务与管理,护理医学类,医药卫生大类,婴幼儿托育服务与管理,健康管理与促进类,医药卫生大类,exact
硅湖职业技术学院,物理,硅湖职业技术学院02,197402,51,电子竞技运动与管理,教育体育类,教育与体育大类,电子竞技运动与管理,体育类,教育与体育大类,exact
硅湖职业技术学院,物理,硅湖职业技术学院02,197402,52,传播与策划,新闻传播类,新闻传播大类,传播与策划,广播影视类,新闻传播大类,exact
硅湖职业技术学院,物理,硅湖职业技术学院02,197402,53,现代殡葬技术与管理,公共管理服务类,公共管理与服务大类,现代殡葬技术与管理,公共服务类,公共管理与服务大类,exact
硅湖职业技术学院,物理,硅湖职业技术学院02,197402,54,殡葬设备维护技术,公共管理服务类,公共管理与服务大类,殡葬设备维护技术,公共服务类,公共管理与服务大类,exact
恩施职业技术学院,物理,恩施职业技术学院02,525302,09,茶叶生产与加工技术,农林牧渔类,农林牧渔大类,茶叶生产与加工技术,农业类,农林牧渔大类,exact
恩施职业技术学院,物理,恩施职业技术学院02,525302,10,机械制造及自动化,电气自动化类,装备制造大类,机械制造及自动化,机械设计制造类,装备制造大类,exact
恩施职业技术学院,物理,恩施职业技术学院02,525302,11,工业机器人技术,电气自动化类,装备制造大类,工业机器人技术,自动化类,装备制造大类,exact
恩施职业技术学院,物理,恩施职业技术学院02,525302,12,无人机应用技术,航空运输类,交通运输大类,无人机应用技术,航空装备类,装备制造大类,exact
恩施职业技术学院,物理,恩施职业技术学院02,525302,13,道路与桥梁工程技术,土木建筑类,土木建筑大类,道路与桥梁工程技术,道路运输类,交通运输大类,exact
恩施职业技术学院,物理,恩施职业技术学院02,525302,14,人工智能技术应用,计算机类,电子与信息大类,人工智能技术应用,计算机类,电子与信息大类,exact
恩施职业技术学院,物理,恩施职业技术学院02,525302,15,大数据与会计,财务会计类,财经商贸大类,大数据与会计,财务会计类,财经商贸大类,exact
恩施职业技术学院,物理,恩施职业技术学院02,525302,16,中文,其他专业类,其他,中文,语言类,教育与体育大类,exact
恩施职业技术学院,物理,恩施职业技术学院03,525303,17,机电一体化技术(中外合作办学),电气自动化类,装备制造大类,机电一体化技术,自动化类,装备制造大类,exact
重庆海联职业技术学院,历史,重庆海联职业技术学院01,881001,01,空中乘务,航空运输类,交通运输大类,空中乘务,航空运输类,交通运输大类,exact
重庆海联职业技术学院,历史,重庆海联职业技术学院01,881001,02,民航运输服务,航空运输类,交通运输大类,民航运输服务,航空运输类,交通运输大类,exact
重庆海联职业技术学院,历史,重庆海联职业技术学院01,881001,03,无人机测绘技术,资源环境安全类,资源环境与安全大类,无人机测绘技术,测绘地理信息类,资源环境与安全大类,exact
重庆海联职业技术学院,历史,重庆海联职业技术学院01,881001,04,民航安全技术管理,航空运输类,交通运输大类,民航安全技术管理,航空运输类,交通运输大类,exact
重庆海联职业技术学院,历史,重庆海联职业技术学院01,881001,05,高速铁路客运服务,铁道运输类,交通运输大类,高速铁路客运服务,铁道运输类,交通运输大类,exact
重庆海联职业技术学院,历史,重庆海联职业技术学院01,881001,06,汽车制造与试验技术,机械设计制造类,装备制造大类,汽车制造与试验技术,汽车制造类,装备制造大类,exact
重庆海联职业技术学院,历史,重庆海联职业技术学院01,881001,07,定制旅行管理与服务,其他专业类,其他,定制旅行管理与服务,旅游类,旅游大类,exact
广西自然资源职业技术学院,历史,广西自然资源职业技术学院01,554301,01,国土资源调查与管理,其他专业类,其他,国土资源调查与管理,资源勘查类,资源环境与安全大类,exact
广西自然资源职业技术学院,历史,广西自然资源职业技术学院01,554301,02,国土空间规划与测绘,资源环境安全类,资源环境与安全大类,国土空间规划与测绘,测绘地理信息类,资源环境与安全大类,exact
广西自然资源职业技术学院,历史,广西自然资源职业技术学院01,554301,03,机电一体化技术,电气自动化类,装备制造大类,机电一体化技术,自动化类,装备制造大类,exact
广西自然资源职业技术学院,历史,广西自然资源职业技术学院01,554301,04,无人机应用技术,航空运输类,交通运输大类,无人机应用技术,航空装备类,装备制造大类,exact
广西自然资源职业技术学院,历史,广西自然资源职业技术学院01,554301,05,大数据与会计,财务会计类,财经商贸大类,大数据与会计,财务会计类,财经商贸大类,exact
广西自然资源职业技术学院,历史,广西自然资源职业技术学院01,554301,06,网络营销与直播电商,计算机类,电子与信息大类,网络营销与直播电商,电子商务类,财经商贸大类,exact
硅湖职业技术学院,历史,硅湖职业技术学院01,197401,01,机电一体化技术,电气自动化类,装备制造大类,机电一体化技术,自动化类,装备制造大类,exact
硅湖职业技术学院,历史,硅湖职业技术学院01,197401,02,电气自动化技术,电气自动化类,装备制造大类,电气自动化技术,自动化类,装备制造大类,exact
硅湖职业技术学院,历史,硅湖职业技术学院01,197401,03,机械制造及自动化,电气自动化类,装备制造大类,机械制造及自动化,机械设计制造类,装备制造大类,exact
硅湖职业技术学院,历史,硅湖职业技术学院01,197401,04,工业机器人技术,电气自动化类,装备制造大类,工业机器人技术,自动化类,装备制造大类,exact
硅湖职业技术学院,历史,硅湖职业技术学院01,197401,05,智能医疗装备技术,其他专业类,其他,智能医疗装备技术,药品与医疗器械类,食品药品与粮食大类,exact
硅湖职业技术学院,历史,硅湖职业技术学院01,197401,06,计算机应用技术,计算机类,电子与信息大类,计算机应用技术,计算机类,电子与信息大类,exact
硅湖职业技术学院,历史,硅湖职业技术学院01,197401,07,人工智能技术应用,计算机类,电子与信息大类,人工智能技术应用,计算机类,电子与信息大类,exact
硅湖职业技术学院,历史,硅湖职业技术学院01,197401,08,大数据技术,计算机类,电子与信息大类,大数据技术,计算机类,电子与信息大类,exact
硅湖职业技术学院,历史,硅湖职业技术学院01,197401,09,建筑室内设计,土木建筑类,土木建筑大类,建筑室内设计,建筑设计类,土木建筑大类,exact
硅湖职业技术学院,历史,硅湖职业技术学院01,197401,10,服装设计与工艺,文化艺术类,文化艺术大类,服装设计与工艺,纺织服装类,轻工纺织大类,exact
硅湖职业技术学院,历史,硅湖职业技术学院01,197401,11,旅游管理,旅游餐饮类,旅游大类,旅游管理,旅游类,旅游大类,exact
硅湖职业技术学院,历史,硅湖职业技术学院01,197401,12,酒店管理与数字化运营,旅游餐饮类,旅游大类,酒店管理与数字化运营,旅游类,旅游大类,exact
硅湖职业技术学院,历史,硅湖职业技术学院01,197401,13,网络营销与直播电商,计算机类,电子与信息大类,网络营销与直播电商,电子商务类,财经商贸大类,exact
硅湖职业技术学院,历史,硅湖职业技术学院01,197401,14,数字媒体技术,计算机类,电子与信息大类,数字媒体技术,计算机类,电子与信息大类,exact
硅湖职业技术学院,历史,硅湖职业技术学院01,197401,15,虚拟现实技术应用,计算机类,电子与信息大类,虚拟现实技术应用,计算机类,电子与信息大类,exact
硅湖职业技术学院,历史,硅湖职业技术学院01,197401,16,影视制片管理,文化艺术类,文化艺术大类,影视制片管理,广播影视类,新闻传播大类,exact
硅湖职业技术学院,历史,硅湖职业技术学院01,197401,17,药品质量与安全,药学类,医药卫生大类,药品质量与安全,药品与医疗器械类,食品药品与粮食大类,exact
硅湖职业技术学院,历史,硅湖职业技术学院01,197401,18,中医康复技术,护理医学类,医药卫生大类,中医康复技术,中医药类,医药卫生大类,exact
硅湖职业技术学院,历史,硅湖职业技术学院01,197401,19,药膳与食疗,其他专业类,其他,药膳与食疗,中医药类,医药卫生大类,exact
硅湖职业技术学院,历史,硅湖职业技术学院01,197401,20,健康管理,护理医学类,医药卫生大类,健康管理,健康管理与促进类,医药卫生大类,exact
硅湖职业技术学院,历史,硅湖职业技术学院01,197401,21,智慧健康养老服务与管理,公共管理服务类,公共管理与服务大类,智慧健康养老服务与管理,公共服务类,公共管理与服务大类,exact
硅湖职业技术学院,历史,硅湖职业技术学院01,197401,22,运动健康指导,教育体育类,教育与体育大类,运动健康指导,体育类,教育与体育大类,exact
硅湖职业技术学院,历史,硅湖职业技术学院01,197401,23,婴幼儿托育服务与管理,护理医学类,医药卫生大类,婴幼儿托育服务与管理,健康管理与促进类,医药卫生大类,exact
硅湖职业技术学院,历史,硅湖职业技术学院01,197401,24,电子竞技运动与管理,教育体育类,教育与体育大类,电子竞技运动与管理,体育类,教育与体育大类,exact
硅湖职业技术学院,历史,硅湖职业技术学院01,197401,25,传播与策划,新闻传播类,新闻传播大类,传播与策划,广播影视类,新闻传播大类,exact
硅湖职业技术学院,历史,硅湖职业技术学院01,197401,26,现代殡葬技术与管理,公共管理服务类,公共管理与服务大类,现代殡葬技术与管理,公共服务类,公共管理与服务大类,exact
硅湖职业技术学院,历史,硅湖职业技术学院01,197401,27,殡葬设备维护技术,公共管理服务类,公共管理与服务大类,殡葬设备维护技术,公共服务类,公共管理与服务大类,exact
南京视觉艺术职业学院,历史,南京视觉艺术职业学院01,195401,01,建筑设计,土木建筑类,土木建筑大类,建筑设计,建筑设计类,土木建筑大类,exact
南京视觉艺术职业学院,历史,南京视觉艺术职业学院01,195401,02,建筑室内设计,土木建筑类,土木建筑大类,建筑室内设计,建筑设计类,土木建筑大类,exact
南京视觉艺术职业学院,历史,南京视觉艺术职业学院01,195401,03,数字媒体技术,计算机类,电子与信息大类,数字媒体技术,计算机类,电子与信息大类,exact
南京视觉艺术职业学院,历史,南京视觉艺术职业学院01,195401,04,婴幼儿托育服务与管理,护理医学类,医药卫生大类,婴幼儿托育服务与管理,健康管理与促进类,医药卫生大类,exact
南京视觉艺术职业学院,历史,南京视觉艺术职业学院01,195401,05,休闲服务与管理,其他专业类,其他,休闲服务与管理,旅游类,旅游大类,exact
南京视觉艺术职业学院,历史,南京视觉艺术职业学院01,195401,06,视觉传达设计,文化艺术类,文化艺术大类,视觉传达设计,艺术设计类,文化艺术大类,exact
南京视觉艺术职业学院,历史,南京视觉艺术职业学院01,195401,07,游戏艺术设计,文化艺术类,文化艺术大类,游戏艺术设计,艺术设计类,文化艺术大类,exact
南京视觉艺术职业学院,历史,南京视觉艺术职业学院01,195401,08,音乐传播,文化艺术类,文化艺术大类,音乐传播,表演艺术类,文化艺术大类,exact
南京视觉艺术职业学院,历史,南京视觉艺术职业学院01,195401,09,影视编导,文化艺术类,文化艺术大类,影视编导,广播影视类,新闻传播大类,exact
南京视觉艺术职业学院,历史,南京视觉艺术职业学院01,195401,10,摄影摄像技术,文化艺术类,文化艺术大类,摄影摄像技术,广播影视类,新闻传播大类,exact
南京视觉艺术职业学院,历史,南京视觉艺术职业学院01,195401,11,网络直播与运营,计算机类,电子与信息大类,网络直播与运营,广播影视类,新闻传播大类,exact
南京视觉艺术职业学院,历史,南京视觉艺术职业学院01,195401,12,全媒体广告策划与营销,文化艺术类,文化艺术大类,全媒体广告策划与营销,广播影视类,新闻传播大类,exact
兰州外语职业学院,历史,兰州外语职业学院01,894301,01,电气自动化技术,电气自动化类,装备制造大类,电气自动化技术,自动化类,装备制造大类,exact
兰州外语职业学院,历史,兰州外语职业学院01,894301,02,智能机器人技术,其他专业类,其他,智能机器人技术,自动化类,装备制造大类,exact
兰州外语职业学院,历史,兰州外语职业学院01,894301,03,智能机电技术,其他专业类,其他,智能机电技术,自动化类,装备制造大类,exact
兰州外语职业学院,历史,兰州外语职业学院01,894301,04,铁道交通运营管理,铁道运输类,交通运输大类,铁道交通运营管理,铁道运输类,交通运输大类,exact
兰州外语职业学院,历史,兰州外语职业学院01,894301,05,无人机应用技术,航空运输类,交通运输大类,无人机应用技术,航空装备类,装备制造大类,exact
兰州外语职业学院,历史,兰州外语职业学院01,894301,06,人工智能数据工程技术,计算机类,电子与信息大类,人工智能数据工程技术,计算机类,电子与信息大类,exact
宿迁泽达职业技术学院,物理,宿迁泽达职业技术学院02,199702,32,建筑装饰工程技术,土木建筑类,土木建筑大类,建筑装饰工程技术,建筑设计类,土木建筑大类,exact
宿迁泽达职业技术学院,物理,宿迁泽达职业技术学院02,199702,33,建筑工程技术,土木建筑类,土木建筑大类,建筑工程技术,土建施工类,土木建筑大类,exact
宿迁泽达职业技术学院,物理,宿迁泽达职业技术学院02,199702,34,建设工程管理,土木建筑类,土木建筑大类,建设工程管理,建设工程管理类,土木建筑大类,exact
宿迁泽达职业技术学院,物理,宿迁泽达职业技术学院02,199702,35,动漫制作技术,文化艺术类,文化艺术大类,动漫制作技术,计算机类,电子与信息大类,exact
宿迁泽达职业技术学院,物理,宿迁泽达职业技术学院02,199702,36,物联网应用技术,计算机类,电子与信息大类,物联网应用技术,电子信息类,电子与信息大类,exact
宿迁泽达职业技术学院,物理,宿迁泽达职业技术学院02,199702,37,软件技术,计算机类,电子与信息大类,软件技术,计算机类,电子与信息大类,exact
宿迁泽达职业技术学院,物理,宿迁泽达职业技术学院02,199702,38,计算机应用技术,计算机类,电子与信息大类,计算机应用技术,计算机类,电子与信息大类,exact
宿迁泽达职业技术学院,物理,宿迁泽达职业技术学院02,199702,39,工业互联网技术,电气自动化类,装备制造大类,工业互联网技术,计算机类,电子与信息大类,exact
宿迁泽达职业技术学院,物理,宿迁泽达职业技术学院02,199702,40,具身智能机器人技术,其他专业类,其他,具身智能机器人技术,自动化类,装备制造大类,exact
宿迁泽达职业技术学院,物理,宿迁泽达职业技术学院02,199702,41,人工智能数据工程技术,计算机类,电子与信息大类,人工智能数据工程技术,计算机类,电子与信息大类,exact
宿迁泽达职业技术学院,物理,宿迁泽达职业技术学院02,199702,42,新能源汽车技术,汽车制造类,装备制造大类,新能源汽车技术,汽车制造类,装备制造大类,exact
宿迁泽达职业技术学院,物理,宿迁泽达职业技术学院02,199702,43,数控技术,机械设计制造类,装备制造大类,数控技术,机械设计制造类,装备制造大类,exact
宿迁泽达职业技术学院,物理,宿迁泽达职业技术学院02,199702,44,机电一体化技术,电气自动化类,装备制造大类,机电一体化技术,自动化类,装备制造大类,exact
宿迁泽达职业技术学院,物理,宿迁泽达职业技术学院02,199702,45,工业机器人技术,电气自动化类,装备制造大类,工业机器人技术,自动化类,装备制造大类,exact
宿迁泽达职业技术学院,物理,宿迁泽达职业技术学院02,199702,46,无人机应用技术,航空运输类,交通运输大类,无人机应用技术,航空装备类,装备制造大类,exact
宿迁泽达职业技术学院,物理,宿迁泽达职业技术学院02,199702,47,汽车检测与维修技术,汽车制造类,装备制造大类,汽车检测与维修技术,道路运输类,交通运输大类,exact
宿迁泽达职业技术学院,物理,宿迁泽达职业技术学院02,199702,48,新能源汽车检测与维修技术,汽车制造类,装备制造大类,新能源汽车检测与维修技术,道路运输类,交通运输大类,exact
宿迁泽达职业技术学院,物理,宿迁泽达职业技术学院02,199702,49,智能制造装备技术,电气自动化类,装备制造大类,智能制造装备技术,机电设备类,装备制造大类,exact
宿迁泽达职业技术学院,物理,宿迁泽达职业技术学院02,199702,50,智能控制技术,电气自动化类,装备制造大类,智能控制技术,自动化类,装备制造大类,exact
宿迁泽达职业技术学院,物理,宿迁泽达职业技术学院02,199702,51,低空飞行器装备技术,其他专业类,其他,低空飞行器装备技术,机电设备类,装备制造大类,exact
宿迁泽达职业技术学院,物理,宿迁泽达职业技术学院02,199702,52,大数据与财务管理,财务会计类,财经商贸大类,大数据与财务管理,财务会计类,财经商贸大类,exact
宿迁泽达职业技术学院,物理,宿迁泽达职业技术学院02,199702,53,大数据与会计,财务会计类,财经商贸大类,大数据与会计,财务会计类,财经商贸大类,exact
宿迁泽达职业技术学院,物理,宿迁泽达职业技术学院02,199702,54,市场营销,财经商贸类,财经商贸大类,市场营销,工商管理类,财经商贸大类,exact
宿迁泽达职业技术学院,物理,宿迁泽达职业技术学院02,199702,55,电子商务,财经商贸类,财经商贸大类,电子商务,电子商务类,财经商贸大类,exact
宿迁泽达职业技术学院,物理,宿迁泽达职业技术学院02,199702,56,低空物流技术与运营,财经商贸类,财经商贸大类,低空物流技术与运营,物流类,财经商贸大类,exact
宿迁泽达职业技术学院,物理,宿迁泽达职业技术学院02,199702,57,高速铁路客运服务,铁道运输类,交通运输大类,高速铁路客运服务,铁道运输类,交通运输大类,exact
宿迁泽达职业技术学院,物理,宿迁泽达职业技术学院02,199702,58,空中乘务,航空运输类,交通运输大类,空中乘务,航空运输类,交通运输大类,exact
宿迁泽达职业技术学院,物理,宿迁泽达职业技术学院02,199702,59,婴幼儿托育服务与管理,护理医学类,医药卫生大类,婴幼儿托育服务与管理,健康管理与促进类,医药卫生大类,exact
宿迁泽达职业技术学院,物理,宿迁泽达职业技术学院02,199702,60,旅游管理,旅游餐饮类,旅游大类,旅游管理,旅游类,旅游大类,exact
宿迁泽达职业技术学院,物理,宿迁泽达职业技术学院02,199702,61,社区康复,公共管理服务类,公共管理与服务大类,社区康复,公共服务类,公共管理与服务大类,exact
宿迁泽达职业技术学院,物理,宿迁泽达职业技术学院02,199702,62,酒店管理与数字化运营,旅游餐饮类,旅游大类,酒店管理与数字化运营,旅游类,旅游大类,exact
枣庄科技职业学院,物理,枣庄科技职业学院02,266502,05,计算机应用技术,计算机类,电子与信息大类,计算机应用技术,计算机类,电子与信息大类,exact
枣庄科技职业学院,物理,枣庄科技职业学院02,266502,06,装配式建筑工程技术,土木建筑类,土木建筑大类,装配式建筑工程技术,土建施工类,土木建筑大类,exact
枣庄科技职业学院,物理,枣庄科技职业学院02,266502,07,现代物流管理,财经商贸类,财经商贸大类,现代物流管理,物流类,财经商贸大类,exact
枣庄科技职业学院,物理,枣庄科技职业学院02,266502,08,运动健康指导,教育体育类,教育与体育大类,运动健康指导,体育类,教育与体育大类,exact
扬州中瑞酒店职业学院,物理,扬州中瑞酒店职业学院02,198902,27,酒店管理与数字化运营,旅游餐饮类,旅游大类,酒店管理与数字化运营,旅游类,旅游大类,exact
扬州中瑞酒店职业学院,物理,扬州中瑞酒店职业学院02,198902,28,餐饮智能管理,旅游餐饮类,旅游大类,餐饮智能管理,餐饮类,旅游大类,exact
扬州中瑞酒店职业学院,物理,扬州中瑞酒店职业学院02,198902,29,西式烹饪工艺,食品药品类,食品药品与粮食大类,西式烹饪工艺,餐饮类,旅游大类,exact
扬州中瑞酒店职业学院,物理,扬州中瑞酒店职业学院02,198902,30,烹饪工艺与营养,食品药品类,食品药品与粮食大类,烹饪工艺与营养,餐饮类,旅游大类,exact
扬州中瑞酒店职业学院,物理,扬州中瑞酒店职业学院02,198902,31,中西面点工艺,其他专业类,其他,中西面点工艺,餐饮类,旅游大类,exact
扬州中瑞酒店职业学院,物理,扬州中瑞酒店职业学院02,198902,32,空中乘务,航空运输类,交通运输大类,空中乘务,航空运输类,交通运输大类,exact
扬州中瑞酒店职业学院,物理,扬州中瑞酒店职业学院02,198902,33,高速铁路客运服务,铁道运输类,交通运输大类,高速铁路客运服务,铁道运输类,交通运输大类,exact
扬州中瑞酒店职业学院,物理,扬州中瑞酒店职业学院02,198902,34,大数据与会计,财务会计类,财经商贸大类,大数据与会计,财务会计类,财经商贸大类,exact
扬州中瑞酒店职业学院,物理,扬州中瑞酒店职业学院02,198902,35,大数据与财务管理,财务会计类,财经商贸大类,大数据与财务管理,财务会计类,财经商贸大类,exact
扬州中瑞酒店职业学院,物理,扬州中瑞酒店职业学院02,198902,36,电子商务,财经商贸类,财经商贸大类,电子商务,电子商务类,财经商贸大类,exact
扬州中瑞酒店职业学院,物理,扬州中瑞酒店职业学院02,198902,37,人力资源管理,公共管理服务类,公共管理与服务大类,人力资源管理,公共管理类,公共管理与服务大类,exact
扬州中瑞酒店职业学院,物理,扬州中瑞酒店职业学院02,198902,38,市场营销,财经商贸类,财经商贸大类,市场营销,工商管理类,财经商贸大类,exact
扬州中瑞酒店职业学院,物理,扬州中瑞酒店职业学院02,198902,39,计算机网络技术,计算机类,电子与信息大类,计算机网络技术,计算机类,电子与信息大类,exact
扬州中瑞酒店职业学院,物理,扬州中瑞酒店职业学院02,198902,40,软件技术,计算机类,电子与信息大类,软件技术,计算机类,电子与信息大类,exact
扬州中瑞酒店职业学院,物理,扬州中瑞酒店职业学院02,198902,41,无人机应用技术,航空运输类,交通运输大类,无人机应用技术,航空装备类,装备制造大类,exact
扬州中瑞酒店职业学院,物理,扬州中瑞酒店职业学院02,198902,42,人工智能数据工程技术,计算机类,电子与信息大类,人工智能数据工程技术,计算机类,电子与信息大类,exact
扬州中瑞酒店职业学院,物理,扬州中瑞酒店职业学院02,198902,43,休闲体育,教育体育类,教育与体育大类,休闲体育,体育类,教育与体育大类,exact
扬州中瑞酒店职业学院,物理,扬州中瑞酒店职业学院02,198902,44,足球运动与管理,教育体育类,教育与体育大类,足球运动与管理,体育类,教育与体育大类,exact
扬州中瑞酒店职业学院,物理,扬州中瑞酒店职业学院02,198902,45,现代家政服务与管理,公共管理服务类,公共管理与服务大类,现代家政服务与管理,公共服务类,公共管理与服务大类,exact
扬州中瑞酒店职业学院,物理,扬州中瑞酒店职业学院02,198902,46,婴幼儿托育服务与管理,护理医学类,医药卫生大类,婴幼儿托育服务与管理,健康管理与促进类,医药卫生大类,exact
扬州中瑞酒店职业学院,物理,扬州中瑞酒店职业学院02,198902,47,机电一体化技术,电气自动化类,装备制造大类,机电一体化技术,自动化类,装备制造大类,exact
扬州中瑞酒店职业学院,物理,扬州中瑞酒店职业学院02,198902,48,建筑工程技术,土木建筑类,土木建筑大类,建筑工程技术,土建施工类,土木建筑大类,exact
扬州中瑞酒店职业学院,物理,扬州中瑞酒店职业学院02,198902,49,建设工程管理,土木建筑类,土木建筑大类,建设工程管理,建设工程管理类,土木建筑大类,exact
扬州中瑞酒店职业学院,物理,扬州中瑞酒店职业学院02,198902,50,工程造价,土木建筑类,土木建筑大类,工程造价,建设工程管理类,土木建筑大类,exact
扬州中瑞酒店职业学院,物理,扬州中瑞酒店职业学院02,198902,51,现代物业管理,其他专业类,其他,现代物业管理,房地产类,土木建筑大类,exact
扬州中瑞酒店职业学院,物理,扬州中瑞酒店职业学院02,198902,52,房地产经营与管理,其他专业类,其他,房地产经营与管理,房地产类,土木建筑大类,exact
昆山登云科技职业学院,历史,昆山登云科技职业学院01,197301,01,建筑室内设计,土木建筑类,土木建筑大类,建筑室内设计,建筑设计类,土木建筑大类,exact
昆山登云科技职业学院,历史,昆山登云科技职业学院01,197301,02,建筑工程技术,土木建筑类,土木建筑大类,建筑工程技术,土建施工类,土木建筑大类,exact
昆山登云科技职业学院,历史,昆山登云科技职业学院01,197301,03,智能建造技术,其他专业类,其他,智能建造技术,土建施工类,土木建筑大类,exact
昆山登云科技职业学院,历史,昆山登云科技职业学院01,197301,04,工程造价,土木建筑类,土木建筑大类,工程造价,建设工程管理类,土木建筑大类,exact
昆山登云科技职业学院,历史,昆山登云科技职业学院01,197301,05,建设工程管理,土木建筑类,土木建筑大类,建设工程管理,建设工程管理类,土木建筑大类,exact
昆山登云科技职业学院,历史,昆山登云科技职业学院01,197301,06,数控技术,机械设计制造类,装备制造大类,数控技术,机械设计制造类,装备制造大类,exact
昆山登云科技职业学院,历史,昆山登云科技职业学院01,197301,07,模具设计与制造,机械设计制造类,装备制造大类,模具设计与制造,机械设计制造类,装备制造大类,exact
昆山登云科技职业学院,历史,昆山登云科技职业学院01,197301,08,机电一体化技术,电气自动化类,装备制造大类,机电一体化技术,自动化类,装备制造大类,exact
昆山登云科技职业学院,历史,昆山登云科技职业学院01,197301,09,智能控制技术,电气自动化类,装备制造大类,智能控制技术,自动化类,装备制造大类,exact
昆山登云科技职业学院,历史,昆山登云科技职业学院01,197301,10,工业机器人技术,电气自动化类,装备制造大类,工业机器人技术,自动化类,装备制造大类,exact
昆山登云科技职业学院,历史,昆山登云科技职业学院01,197301,11,新能源汽车技术,汽车制造类,装备制造大类,新能源汽车技术,汽车制造类,装备制造大类,exact
昆山登云科技职业学院,历史,昆山登云科技职业学院01,197301,12,智能网联汽车技术,汽车制造类,装备制造大类,智能网联汽车技术,汽车制造类,装备制造大类,exact
昆山登云科技职业学院,历史,昆山登云科技职业学院01,197301,13,咖啡加工与应用技术,其他专业类,其他,咖啡加工与应用技术,食品类,食品药品与粮食大类,exact
昆山登云科技职业学院,历史,昆山登云科技职业学院01,197301,14,高速铁路客运服务,铁道运输类,交通运输大类,高速铁路客运服务,铁道运输类,交通运输大类,exact
昆山登云科技职业学院,历史,昆山登云科技职业学院01,197301,15,汽车检测与维修技术,汽车制造类,装备制造大类,汽车检测与维修技术,道路运输类,交通运输大类,exact
昆山登云科技职业学院,历史,昆山登云科技职业学院01,197301,16,电子信息工程技术,电子信息类,电子与信息大类,电子信息工程技术,电子信息类,电子与信息大类,exact
昆山登云科技职业学院,历史,昆山登云科技职业学院01,197301,17,移动互联应用技术,其他专业类,其他,移动互联应用技术,电子信息类,电子与信息大类,exact
昆山登云科技职业学院,历史,昆山登云科技职业学院01,197301,18,汽车智能技术,汽车制造类,装备制造大类,汽车智能技术,电子信息类,电子与信息大类,exact
昆山登云科技职业学院,历史,昆山登云科技职业学院01,197301,19,计算机应用技术,计算机类,电子与信息大类,计算机应用技术,计算机类,电子与信息大类,exact
昆山登云科技职业学院,历史,昆山登云科技职业学院01,197301,20,计算机网络技术,计算机类,电子与信息大类,计算机网络技术,计算机类,电子与信息大类,exact
昆山登云科技职业学院,历史,昆山登云科技职业学院01,197301,21,大数据技术,计算机类,电子与信息大类,大数据技术,计算机类,电子与信息大类,exact
昆山登云科技职业学院,历史,昆山登云科技职业学院01,197301,22,人工智能技术应用,计算机类,电子与信息大类,人工智能技术应用,计算机类,电子与信息大类,exact
昆山登云科技职业学院,历史,昆山登云科技职业学院01,197301,23,工业软件开发技术,计算机类,电子与信息大类,工业软件开发技术,计算机类,电子与信息大类,exact
昆山登云科技职业学院,历史,昆山登云科技职业学院01,197301,24,动漫制作技术,文化艺术类,文化艺术大类,动漫制作技术,计算机类,电子与信息大类,exact
昆山登云科技职业学院,历史,昆山登云科技职业学院01,197301,25,婴幼儿托育服务与管理,护理医学类,医药卫生大类,婴幼儿托育服务与管理,健康管理与促进类,医药卫生大类,exact
昆山登云科技职业学院,历史,昆山登云科技职业学院01,197301,26,大数据与财务管理,财务会计类,财经商贸大类,大数据与财务管理,财务会计类,财经商贸大类,exact
昆山登云科技职业学院,历史,昆山登云科技职业学院01,197301,27,统计与大数据分析,其他专业类,其他,统计与大数据分析,统计类,财经商贸大类,exact
昆山登云科技职业学院,历史,昆山登云科技职业学院01,197301,28,工商企业管理,其他专业类,其他,工商企业管理,工商管理类,财经商贸大类,exact
昆山登云科技职业学院,历史,昆山登云科技职业学院01,197301,29,市场营销,财经商贸类,财经商贸大类,市场营销,工商管理类,财经商贸大类,exact
昆山登云科技职业学院,历史,昆山登云科技职业学院01,197301,30,电子商务,财经商贸类,财经商贸大类,电子商务,电子商务类,财经商贸大类,exact
昆山登云科技职业学院,历史,昆山登云科技职业学院01,197301,31,现代物流管理,财经商贸类,财经商贸大类,现代物流管理,物流类,财经商贸大类,exact
昆山登云科技职业学院,历史,昆山登云科技职业学院01,197301,32,酒店管理与数字化运营,旅游餐饮类,旅游大类,酒店管理与数字化运营,旅游类,旅游大类,exact
昆山登云科技职业学院,历史,昆山登云科技职业学院01,197301,33,全媒体广告策划与营销,文化艺术类,文化艺术大类,全媒体广告策划与营销,广播影视类,新闻传播大类,exact
昆山登云科技职业学院,历史,昆山登云科技职业学院01,197301,34,智慧健康养老服务与管理,公共管理服务类,公共管理与服务大类,智慧健康养老服务与管理,公共服务类,公共管理与服务大类,exact
苏州托普信息职业技术学院,历史,苏州托普信息职业技术学院01,196901,01,宠物医疗技术,农林牧渔类,农林牧渔大类,宠物医疗技术,畜牧业类,农林牧渔大类,exact
苏州托普信息职业技术学院,历史,苏州托普信息职业技术学院01,196901,02,建筑消防技术,土木建筑类,土木建筑大类,建筑消防技术,建筑设备类,土木建筑大类,exact
苏州托普信息职业技术学院,历史,苏州托普信息职业技术学院01,196901,03,机械制造及自动化,电气自动化类,装备制造大类,机械制造及自动化,机械设计制造类,装备制造大类,exact
苏州托普信息职业技术学院,历史,苏州托普信息职业技术学院01,196901,04,机电一体化技术,电气自动化类,装备制造大类,机电一体化技术,自动化类,装备制造大类,exact
苏州托普信息职业技术学院,历史,苏州托普信息职业技术学院01,196901,05,无人机应用技术,航空运输类,交通运输大类,无人机应用技术,航空装备类,装备制造大类,exact
苏州托普信息职业技术学院,历史,苏州托普信息职业技术学院01,196901,06,汽车电子技术,汽车制造类,装备制造大类,汽车电子技术,汽车制造类,装备制造大类,exact
苏州托普信息职业技术学院,历史,苏州托普信息职业技术学院01,196901,07,智能网联汽车技术,汽车制造类,装备制造大类,智能网联汽车技术,汽车制造类,装备制造大类,exact
苏州托普信息职业技术学院,历史,苏州托普信息职业技术学院01,196901,08,药品经营与管理,药学类,医药卫生大类,药品经营与管理,药品与医疗器械类,食品药品与粮食大类,exact
苏州托普信息职业技术学院,历史,苏州托普信息职业技术学院01,196901,09,智能医疗装备技术,其他专业类,其他,智能医疗装备技术,药品与医疗器械类,食品药品与粮食大类,exact
苏州托普信息职业技术学院,历史,苏州托普信息职业技术学院01,196901,10,高速铁路客运服务,铁道运输类,交通运输大类,高速铁路客运服务,铁道运输类,交通运输大类,exact
苏州托普信息职业技术学院,历史,苏州托普信息职业技术学院01,196901,11,移动互联应用技术,其他专业类,其他,移动互联应用技术,电子信息类,电子与信息大类,exact
苏州托普信息职业技术学院,历史,苏州托普信息职业技术学院01,196901,12,计算机应用技术,计算机类,电子与信息大类,计算机应用技术,计算机类,电子与信息大类,exact
苏州托普信息职业技术学院,历史,苏州托普信息职业技术学院01,196901,13,软件技术,计算机类,电子与信息大类,软件技术,计算机类,电子与信息大类,exact
苏州托普信息职业技术学院,历史,苏州托普信息职业技术学院01,196901,14,数字媒体技术,计算机类,电子与信息大类,数字媒体技术,计算机类,电子与信息大类,exact
苏州托普信息职业技术学院,历史,苏州托普信息职业技术学院01,196901,15,大数据技术,计算机类,电子与信息大类,大数据技术,计算机类,电子与信息大类,exact
苏州托普信息职业技术学院,历史,苏州托普信息职业技术学院01,196901,16,虚拟现实技术应用,计算机类,电子与信息大类,虚拟现实技术应用,计算机类,电子与信息大类,exact
苏州托普信息职业技术学院,历史,苏州托普信息职业技术学院01,196901,17,人工智能技术应用,计算机类,电子与信息大类,人工智能技术应用,计算机类,电子与信息大类,exact
苏州托普信息职业技术学院,历史,苏州托普信息职业技术学院01,196901,18,动漫制作技术,文化艺术类,文化艺术大类,动漫制作技术,计算机类,电子与信息大类,exact
苏州托普信息职业技术学院,历史,苏州托普信息职业技术学院01,196901,19,婴幼儿托育服务与管理,护理医学类,医药卫生大类,婴幼儿托育服务与管理,健康管理与促进类,医药卫生大类,exact
苏州托普信息职业技术学院,历史,苏州托普信息职业技术学院01,196901,20,大数据与会计,财务会计类,财经商贸大类,大数据与会计,财务会计类,财经商贸大类,exact
苏州托普信息职业技术学院,历史,苏州托普信息职业技术学院01,196901,21,工商企业管理,其他专业类,其他,工商企业管理,工商管理类,财经商贸大类,exact
苏州托普信息职业技术学院,历史,苏州托普信息职业技术学院01,196901,22,市场营销,财经商贸类,财经商贸大类,市场营销,工商管理类,财经商贸大类,exact
苏州托普信息职业技术学院,历史,苏州托普信息职业技术学院01,196901,23,电子商务,财经商贸类,财经商贸大类,电子商务,电子商务类,财经商贸大类,exact
苏州托普信息职业技术学院,历史,苏州托普信息职业技术学院01,196901,24,电子竞技运动与管理,教育体育类,教育与体育大类,电子竞技运动与管理,体育类,教育与体育大类,exact
苏州托普信息职业技术学院,历史,苏州托普信息职业技术学院01,196901,25,安全防范技术,公安司法类,公安司法大类,安全防范技术,安全防范类,公安与司法大类,exact
苏州托普信息职业技术学院,历史,苏州托普信息职业技术学院01,196901,26,人力资源管理,公共管理服务类,公共管理与服务大类,人力资源管理,公共管理类,公共管理与服务大类,exact
苏州托普信息职业技术学院,历史,苏州托普信息职业技术学院01,196901,27,社区康复,公共管理服务类,公共管理与服务大类,社区康复,公共服务类,公共管理与服务大类,exact
苏州托普信息职业技术学院,历史,苏州托普信息职业技术学院01,196901,28,大数据技术(中外合作办学),计算机类,电子与信息大类,大数据技术,计算机类,电子与信息大类,exact
苏州托普信息职业技术学院,历史,苏州托普信息职业技术学院01,196901,29,动漫制作技术(中外合作办学),文化艺术类,文化艺术大类,动漫制作技术,计算机类,电子与信息大类,exact
海口经济学院,物理,海口经济学院05,874005,32,大数据与会计,财务会计类,财经商贸大类,大数据与会计,财务会计类,财经商贸大类,exact
海口经济学院,物理,海口经济学院05,874005,33,计算机网络技术,计算机类,电子与信息大类,计算机网络技术,计算机类,电子与信息大类,exact
海口经济学院,物理,海口经济学院05,874005,34,智能产品开发与应用,电子信息类,电子与信息大类,智能产品开发与应用,电子信息类,电子与信息大类,exact
海口经济学院,物理,海口经济学院05,874005,35,电子竞技运动与管理,教育体育类,教育与体育大类,电子竞技运动与管理,体育类,教育与体育大类,exact
海口经济学院,物理,海口经济学院05,874005,36,金融科技应用,财经商贸类,财经商贸大类,金融科技应用,金融类,财经商贸大类,exact
海口经济学院,物理,海口经济学院05,874005,37,飞机机电设备维修,航空运输类,交通运输大类,飞机机电设备维修,航空运输类,交通运输大类,exact
海口经济学院,物理,海口经济学院05,874005,38,新能源汽车技术,汽车制造类,装备制造大类,新能源汽车技术,汽车制造类,装备制造大类,exact
海口经济学院,物理,海口经济学院05,874005,39,无人机应用技术,航空运输类,交通运输大类,无人机应用技术,航空装备类,装备制造大类,exact
海口经济学院,物理,海口经济学院05,874005,40,无人机测绘技术,资源环境安全类,资源环境与安全大类,无人机测绘技术,测绘地理信息类,资源环境与安全大类,exact
海口经济学院,物理,海口经济学院05,874005,41,汽车技术服务与营销,汽车制造类,装备制造大类,汽车技术服务与营销,道路运输类,交通运输大类,exact
海口经济学院,物理,海口经济学院05,874005,42,汽车智能技术,汽车制造类,装备制造大类,汽车智能技术,电子信息类,电子与信息大类,exact
新疆和田学院,物理,新疆和田学院06,752306,23,农产品加工与质量检测(北京路北校区),农林牧渔类,农林牧渔大类,农产品加工与质量检测,农业类,农林牧渔大类,exact
新疆和田学院,物理,新疆和田学院06,752306,24,旅游管理(北京路北校区),旅游餐饮类,旅游大类,旅游管理,旅游类,旅游大类,exact
三亚航空旅游职业学院,物理,三亚航空旅游职业学院02,875402,11,"飞机电子设备维修(报考该专业有色觉等要求,具体请查阅院校招生章程)",航空运输类,交通运输大类,飞机电子设备维修,航空运输类,交通运输大类,exact
三亚航空旅游职业学院,物理,三亚航空旅游职业学院02,875402,12,新能源汽车技术,汽车制造类,装备制造大类,新能源汽车技术,汽车制造类,装备制造大类,exact
三亚航空旅游职业学院,物理,三亚航空旅游职业学院02,875402,13,机电一体化技术,电气自动化类,装备制造大类,机电一体化技术,自动化类,装备制造大类,exact
三亚航空旅游职业学院,物理,三亚航空旅游职业学院02,875402,14,"民航安全技术管理(报考该专业有色觉要求,具体请查阅院校招生章程)",航空运输类,交通运输大类,民航安全技术管理,航空运输类,交通运输大类,exact
三亚航空旅游职业学院,物理,三亚航空旅游职业学院02,875402,15,机场运行服务与管理,航空运输类,交通运输大类,机场运行服务与管理,航空运输类,交通运输大类,exact
三亚航空旅游职业学院,物理,三亚航空旅游职业学院02,875402,16,"空中乘务(报考该专业有色觉等要求,具体请查阅院校招生章程)",航空运输类,交通运输大类,空中乘务,航空运输类,交通运输大类,exact
三亚航空旅游职业学院,物理,三亚航空旅游职业学院02,875402,17,高速铁路客运服务(报考该专业须查阅院校招生章程),铁道运输类,交通运输大类,高速铁路客运服务,铁道运输类,交通运输大类,exact
三亚航空旅游职业学院,物理,三亚航空旅游职业学院02,875402,18,直升机驾驶技术(报考该专业须查阅院校招生章程并详询院校),其他专业类,其他,直升机驾驶技术,航空运输类,交通运输大类,exact
三亚航空旅游职业学院,物理,三亚航空旅游职业学院02,875402,19,市场营销,财经商贸类,财经商贸大类,市场营销,工商管理类,财经商贸大类,exact
三亚航空旅游职业学院,物理,三亚航空旅游职业学院02,875402,20,网络营销与直播电商,计算机类,电子与信息大类,网络营销与直播电商,电子商务类,财经商贸大类,exact
吉安职业技术学院,物理,吉安职业技术学院02,257802,05,物联网应用技术,计算机类,电子与信息大类,物联网应用技术,电子信息类,电子与信息大类,exact
吉安职业技术学院,物理,吉安职业技术学院02,257802,06,"研学旅行管理与服务(第一学年在井冈山数字经济产业学院学习,第二学年起在校本部学习)",其他专业类,其他,研学旅行管理与服务,旅游类,旅游大类,exact
吉安职业技术学院,物理,吉安职业技术学院02,257802,07,大数据与会计,财务会计类,财经商贸大类,大数据与会计,财务会计类,财经商贸大类,exact
吉安职业技术学院,物理,吉安职业技术学院02,257802,08,供应链运营,其他专业类,其他,供应链运营,物流类,财经商贸大类,exact
无锡南洋职业技术学院,历史,无锡南洋职业技术学院01,195701,01,工程造价,土木建筑类,土木建筑大类,工程造价,建设工程管理类,土木建筑大类,exact
无锡南洋职业技术学院,历史,无锡南洋职业技术学院01,195701,02,建设工程管理,土木建筑类,土木建筑大类,建设工程管理,建设工程管理类,土木建筑大类,exact
无锡南洋职业技术学院,历史,无锡南洋职业技术学院01,195701,03,建筑装饰工程技术,土木建筑类,土木建筑大类,建筑装饰工程技术,建筑设计类,土木建筑大类,exact
无锡南洋职业技术学院,历史,无锡南洋职业技术学院01,195701,04,建筑工程技术,土木建筑类,土木建筑大类,建筑工程技术,土建施工类,土木建筑大类,exact
无锡南洋职业技术学院,历史,无锡南洋职业技术学院01,195701,05,建筑消防技术,土木建筑类,土木建筑大类,建筑消防技术,建筑设备类,土木建筑大类,exact
无锡南洋职业技术学院,历史,无锡南洋职业技术学院01,195701,06,智能控制技术,电气自动化类,装备制造大类,智能控制技术,自动化类,装备制造大类,exact
无锡南洋职业技术学院,历史,无锡南洋职业技术学院01,195701,07,电气自动化技术,电气自动化类,装备制造大类,电气自动化技术,自动化类,装备制造大类,exact
无锡南洋职业技术学院,历史,无锡南洋职业技术学院01,195701,08,具身智能机器人技术,其他专业类,其他,具身智能机器人技术,自动化类,装备制造大类,exact
无锡南洋职业技术学院,历史,无锡南洋职业技术学院01,195701,09,电子信息工程技术,电子信息类,电子与信息大类,电子信息工程技术,电子信息类,电子与信息大类,exact
无锡南洋职业技术学院,历史,无锡南洋职业技术学院01,195701,10,计算机应用技术,计算机类,电子与信息大类,计算机应用技术,计算机类,电子与信息大类,exact
无锡南洋职业技术学院,历史,无锡南洋职业技术学院01,195701,11,软件技术,计算机类,电子与信息大类,软件技术,计算机类,电子与信息大类,exact
无锡南洋职业技术学院,历史,无锡南洋职业技术学院01,195701,12,云计算技术应用,计算机类,电子与信息大类,云计算技术应用,计算机类,电子与信息大类,exact
无锡南洋职业技术学院,历史,无锡南洋职业技术学院01,195701,13,信息安全技术应用,计算机类,电子与信息大类,信息安全技术应用,计算机类,电子与信息大类,exact
无锡南洋职业技术学院,历史,无锡南洋职业技术学院01,195701,14,人工智能技术应用,计算机类,电子与信息大类,人工智能技术应用,计算机类,电子与信息大类,exact
无锡南洋职业技术学院,历史,无锡南洋职业技术学院01,195701,15,金融服务与管理,财经商贸类,财经商贸大类,金融服务与管理,金融类,财经商贸大类,exact
无锡南洋职业技术学院,历史,无锡南洋职业技术学院01,195701,16,大数据与会计,财务会计类,财经商贸大类,大数据与会计,财务会计类,财经商贸大类,exact
无锡南洋职业技术学院,历史,无锡南洋职业技术学院01,195701,17,市场营销,财经商贸类,财经商贸大类,市场营销,工商管理类,财经商贸大类,exact
无锡南洋职业技术学院,历史,无锡南洋职业技术学院01,195701,18,电子商务,财经商贸类,财经商贸大类,电子商务,电子商务类,财经商贸大类,exact
无锡南洋职业技术学院,历史,无锡南洋职业技术学院01,195701,19,跨境电子商务,财经商贸类,财经商贸大类,跨境电子商务,电子商务类,财经商贸大类,exact
无锡南洋职业技术学院,历史,无锡南洋职业技术学院01,195701,20,人力资源管理,公共管理服务类,公共管理与服务大类,人力资源管理,公共管理类,公共管理与服务大类,exact
无锡南洋职业技术学院,历史,无锡南洋职业技术学院01,195701,21,国际商务,财经商贸类,财经商贸大类,国际商务,经济贸易类,财经商贸大类,exact
无锡南洋职业技术学院,历史,无锡南洋职业技术学院01,195701,22,应用英语(只招英语考生),教育体育类,教育与体育大类,应用英语,语言类,教育与体育大类,exact
无锡南洋职业技术学院,历史,无锡南洋职业技术学院01,195701,23,数字媒体技术,计算机类,电子与信息大类,数字媒体技术,计算机类,电子与信息大类,exact
无锡南洋职业技术学院,历史,无锡南洋职业技术学院01,195701,24,空中乘务,航空运输类,交通运输大类,空中乘务,航空运输类,交通运输大类,exact
无锡南洋职业技术学院,历史,无锡南洋职业技术学院01,195701,25,高速铁路客运服务,铁道运输类,交通运输大类,高速铁路客运服务,铁道运输类,交通运输大类,exact
无锡南洋职业技术学院,历史,无锡南洋职业技术学院01,195701,26,交通运营管理,铁道运输类,交通运输大类,交通运营管理,道路运输类,交通运输大类,exact
无锡南洋职业技术学院,历史,无锡南洋职业技术学院01,195701,27,民航安全技术管理,航空运输类,交通运输大类,民航安全技术管理,航空运输类,交通运输大类,exact
无锡南洋职业技术学院,历史,无锡南洋职业技术学院01,195701,28,酒店管理与数字化运营,旅游餐饮类,旅游大类,酒店管理与数字化运营,旅游类,旅游大类,exact
无锡南洋职业技术学院,历史,无锡南洋职业技术学院01,195701,29,烹饪工艺与营养,食品药品类,食品药品与粮食大类,烹饪工艺与营养,餐饮类,旅游大类,exact
无锡南洋职业技术学院,历史,无锡南洋职业技术学院01,195701,30,中西面点工艺,其他专业类,其他,中西面点工艺,餐饮类,旅游大类,exact
无锡南洋职业技术学院,历史,无锡南洋职业技术学院01,195701,31,食品营养与健康,食品药品类,食品药品与粮食大类,食品营养与健康,食品类,食品药品与粮食大类,exact
无锡南洋职业技术学院,历史,无锡南洋职业技术学院01,195701,32,智慧健康养老服务与管理,公共管理服务类,公共管理与服务大类,智慧健康养老服务与管理,公共服务类,公共管理与服务大类,exact
无锡南洋职业技术学院,历史,无锡南洋职业技术学院01,195701,33,婴幼儿托育服务与管理,护理医学类,医药卫生大类,婴幼儿托育服务与管理,健康管理与促进类,医药卫生大类,exact
无锡南洋职业技术学院,历史,无锡南洋职业技术学院01,195701,34,汽车检测与维修技术,汽车制造类,装备制造大类,汽车检测与维修技术,道路运输类,交通运输大类,exact
无锡南洋职业技术学院,历史,无锡南洋职业技术学院01,195701,35,新能源汽车技术,汽车制造类,装备制造大类,新能源汽车技术,汽车制造类,装备制造大类,exact
无锡南洋职业技术学院,历史,无锡南洋职业技术学院01,195701,36,汽车智能技术,汽车制造类,装备制造大类,汽车智能技术,电子信息类,电子与信息大类,exact
无锡南洋职业技术学院,历史,无锡南洋职业技术学院01,195701,37,汽车技术服务与营销,汽车制造类,装备制造大类,汽车技术服务与营销,道路运输类,交通运输大类,exact
无锡南洋职业技术学院,历史,无锡南洋职业技术学院01,195701,38,智能网联汽车技术,汽车制造类,装备制造大类,智能网联汽车技术,汽车制造类,装备制造大类,exact
无锡南洋职业技术学院,历史,无锡南洋职业技术学院01,195701,39,机电一体化技术,电气自动化类,装备制造大类,机电一体化技术,自动化类,装备制造大类,exact
无锡南洋职业技术学院,历史,无锡南洋职业技术学院01,195701,40,无人机应用技术,航空运输类,交通运输大类,无人机应用技术,航空装备类,装备制造大类,exact
南昌工学院,历史,南昌工学院04,817504,06,机电一体化技术,电气自动化类,装备制造大类,机电一体化技术,自动化类,装备制造大类,exact
南昌工学院,历史,南昌工学院04,817504,07,大数据与会计,财务会计类,财经商贸大类,大数据与会计,财务会计类,财经商贸大类,exact
西藏职业技术学院,物理,西藏职业技术学院02,650402,02,道路与桥梁工程技术(北校区),土木建筑类,土木建筑大类,道路与桥梁工程技术,道路运输类,交通运输大类,exact
哈尔滨北方航空职业技术学院,物理,哈尔滨北方航空职业技术学院02,848202,05,无人机测绘技术,资源环境安全类,资源环境与安全大类,无人机测绘技术,测绘地理信息类,资源环境与安全大类,exact
哈尔滨北方航空职业技术学院,物理,哈尔滨北方航空职业技术学院02,848202,06,低空飞行器装备技术,其他专业类,其他,低空飞行器装备技术,机电设备类,装备制造大类,exact
哈尔滨北方航空职业技术学院,物理,哈尔滨北方航空职业技术学院02,848202,07,无人机应用技术,航空运输类,交通运输大类,无人机应用技术,航空装备类,装备制造大类,exact
哈尔滨北方航空职业技术学院,物理,哈尔滨北方航空职业技术学院02,848202,08,空中乘务(报考该专业须详询院校),航空运输类,交通运输大类,空中乘务,航空运输类,交通运输大类,exact
建东职业技术学院,历史,建东职业技术学院01,196501,01,建筑室内设计,土木建筑类,土木建筑大类,建筑室内设计,建筑设计类,土木建筑大类,exact
建东职业技术学院,历史,建东职业技术学院01,196501,02,工业设计,文化艺术类,文化艺术大类,工业设计,机械设计制造类,装备制造大类,exact
建东职业技术学院,历史,建东职业技术学院01,196501,03,机电一体化技术,电气自动化类,装备制造大类,机电一体化技术,自动化类,装备制造大类,exact
建东职业技术学院,历史,建东职业技术学院01,196501,04,电气自动化技术,电气自动化类,装备制造大类,电气自动化技术,自动化类,装备制造大类,exact
建东职业技术学院,历史,建东职业技术学院01,196501,05,计算机应用技术,计算机类,电子与信息大类,计算机应用技术,计算机类,电子与信息大类,exact
建东职业技术学院,历史,建东职业技术学院01,196501,06,高速铁路客运服务,铁道运输类,交通运输大类,高速铁路客运服务,铁道运输类,交通运输大类,exact
建东职业技术学院,历史,建东职业技术学院01,196501,07,城市轨道交通机电技术,铁道运输类,交通运输大类,城市轨道交通机电技术,城市轨道交通类,交通运输大类,exact
建东职业技术学院,历史,建东职业技术学院01,196501,08,城市轨道交通运营管理,铁道运输类,交通运输大类,城市轨道交通运营管理,城市轨道交通类,交通运输大类,exact
建东职业技术学院,历史,建东职业技术学院01,196501,09,大数据与会计,财务会计类,财经商贸大类,大数据与会计,财务会计类,财经商贸大类,exact
建东职业技术学院,历史,建东职业技术学院01,196501,10,电子商务,财经商贸类,财经商贸大类,电子商务,电子商务类,财经商贸大类,exact
建东职业技术学院,历史,建东职业技术学院01,196501,11,网络营销与直播电商,计算机类,电子与信息大类,网络营销与直播电商,电子商务类,财经商贸大类,exact
西安高新科技职业学院,历史,西安高新科技职业学院01,893101,01,机电一体化技术,电气自动化类,装备制造大类,机电一体化技术,自动化类,装备制造大类,exact
西安高新科技职业学院,历史,西安高新科技职业学院01,893101,02,大数据技术,计算机类,电子与信息大类,大数据技术,计算机类,电子与信息大类,exact
西安高新科技职业学院,历史,西安高新科技职业学院01,893101,03,大数据与会计,财务会计类,财经商贸大类,大数据与会计,财务会计类,财经商贸大类,exact
西安高新科技职业学院,历史,西安高新科技职业学院01,893101,04,电子商务,财经商贸类,财经商贸大类,电子商务,电子商务类,财经商贸大类,exact
明达职业技术学院,历史,明达职业技术学院01,198501,01,财税大数据应用,其他专业类,其他,财税大数据应用,财政税务类,财经商贸大类,exact
明达职业技术学院,历史,明达职业技术学院01,198501,02,网络营销与直播电商,计算机类,电子与信息大类,网络营销与直播电商,电子商务类,财经商贸大类,exact
明达职业技术学院,历史,明达职业技术学院01,198501,03,大数据与会计,财务会计类,财经商贸大类,大数据与会计,财务会计类,财经商贸大类,exact
明达职业技术学院,历史,明达职业技术学院01,198501,04,电子商务,财经商贸类,财经商贸大类,电子商务,电子商务类,财经商贸大类,exact
明达职业技术学院,历史,明达职业技术学院01,198501,05,高速铁路客运服务,铁道运输类,交通运输大类,高速铁路客运服务,铁道运输类,交通运输大类,exact
明达职业技术学院,历史,明达职业技术学院01,198501,06,空中乘务,航空运输类,交通运输大类,空中乘务,航空运输类,交通运输大类,exact
明达职业技术学院,历史,明达职业技术学院01,198501,07,旅游管理,旅游餐饮类,旅游大类,旅游管理,旅游类,旅游大类,exact
明达职业技术学院,历史,明达职业技术学院01,198501,08,市场营销,财经商贸类,财经商贸大类,市场营销,工商管理类,财经商贸大类,exact
明达职业技术学院,历史,明达职业技术学院01,198501,09,现代物流管理,财经商贸类,财经商贸大类,现代物流管理,物流类,财经商贸大类,exact
明达职业技术学院,历史,明达职业技术学院01,198501,10,婴幼儿托育服务与管理,护理医学类,医药卫生大类,婴幼儿托育服务与管理,健康管理与促进类,医药卫生大类,exact
明达职业技术学院,历史,明达职业技术学院01,198501,11,宠物养护与驯导,农林牧渔类,农林牧渔大类,宠物养护与驯导,畜牧业类,农林牧渔大类,exact
明达职业技术学院,历史,明达职业技术学院01,198501,12,软件技术,计算机类,电子与信息大类,软件技术,计算机类,电子与信息大类,exact
明达职业技术学院,历史,明达职业技术学院01,198501,13,数字媒体技术,计算机类,电子与信息大类,数字媒体技术,计算机类,电子与信息大类,exact
明达职业技术学院,历史,明达职业技术学院01,198501,14,应用电子技术,电子信息类,电子与信息大类,应用电子技术,电子信息类,电子与信息大类,exact
明达职业技术学院,历史,明达职业技术学院01,198501,15,计算机网络技术,计算机类,电子与信息大类,计算机网络技术,计算机类,电子与信息大类,exact
明达职业技术学院,历史,明达职业技术学院01,198501,16,计算机应用技术,计算机类,电子与信息大类,计算机应用技术,计算机类,电子与信息大类,exact
明达职业技术学院,历史,明达职业技术学院01,198501,17,无人机应用技术,航空运输类,交通运输大类,无人机应用技术,航空装备类,装备制造大类,exact
明达职业技术学院,历史,明达职业技术学院01,198501,18,环境艺术设计,文化艺术类,文化艺术大类,环境艺术设计,艺术设计类,文化艺术大类,exact
明达职业技术学院,历史,明达职业技术学院01,198501,19,广告艺术设计,文化艺术类,文化艺术大类,广告艺术设计,艺术设计类,文化艺术大类,exact
明达职业技术学院,历史,明达职业技术学院01,198501,20,信息安全技术应用,计算机类,电子与信息大类,信息安全技术应用,计算机类,电子与信息大类,exact
明达职业技术学院,历史,明达职业技术学院01,198501,21,汽车技术服务与营销,汽车制造类,装备制造大类,汽车技术服务与营销,道路运输类,交通运输大类,exact
明达职业技术学院,历史,明达职业技术学院01,198501,22,建筑工程技术,土木建筑类,土木建筑大类,建筑工程技术,土建施工类,土木建筑大类,exact
明达职业技术学院,历史,明达职业技术学院01,198501,23,智能建造技术,其他专业类,其他,智能建造技术,土建施工类,土木建筑大类,exact
明达职业技术学院,历史,明达职业技术学院01,198501,24,电气自动化技术,电气自动化类,装备制造大类,电气自动化技术,自动化类,装备制造大类,exact
明达职业技术学院,历史,明达职业技术学院01,198501,25,机电一体化技术,电气自动化类,装备制造大类,机电一体化技术,自动化类,装备制造大类,exact
明达职业技术学院,历史,明达职业技术学院01,198501,26,人工智能技术应用,计算机类,电子与信息大类,人工智能技术应用,计算机类,电子与信息大类,exact
明达职业技术学院,历史,明达职业技术学院01,198501,27,汽车智能技术,汽车制造类,装备制造大类,汽车智能技术,电子信息类,电子与信息大类,exact
明达职业技术学院,历史,明达职业技术学院01,198501,28,汽车制造与试验技术,机械设计制造类,装备制造大类,汽车制造与试验技术,汽车制造类,装备制造大类,exact
明达职业技术学院,历史,明达职业技术学院01,198501,29,工业机器人技术,电气自动化类,装备制造大类,工业机器人技术,自动化类,装备制造大类,exact
明达职业技术学院,历史,明达职业技术学院01,198501,30,健身指导与管理,其他专业类,其他,健身指导与管理,体育类,教育与体育大类,exact
金山职业技术学院,物理,金山职业技术学院02,199102,26,建筑室内设计,土木建筑类,土木建筑大类,建筑室内设计,建筑设计类,土木建筑大类,exact
金山职业技术学院,物理,金山职业技术学院02,199102,27,工程造价,土木建筑类,土木建筑大类,工程造价,建设工程管理类,土木建筑大类,exact
金山职业技术学院,物理,金山职业技术学院02,199102,28,数控技术,机械设计制造类,装备制造大类,数控技术,机械设计制造类,装备制造大类,exact
金山职业技术学院,物理,金山职业技术学院02,199102,29,智能制造装备技术,电气自动化类,装备制造大类,智能制造装备技术,机电设备类,装备制造大类,exact
金山职业技术学院,物理,金山职业技术学院02,199102,30,机电一体化技术,电气自动化类,装备制造大类,机电一体化技术,自动化类,装备制造大类,exact
金山职业技术学院,物理,金山职业技术学院02,199102,31,工业机器人技术,电气自动化类,装备制造大类,工业机器人技术,自动化类,装备制造大类,exact
金山职业技术学院,物理,金山职业技术学院02,199102,32,电气自动化技术,电气自动化类,装备制造大类,电气自动化技术,自动化类,装备制造大类,exact
金山职业技术学院,物理,金山职业技术学院02,199102,33,无人机应用技术,航空运输类,交通运输大类,无人机应用技术,航空装备类,装备制造大类,exact
金山职业技术学院,物理,金山职业技术学院02,199102,34,新能源汽车技术,汽车制造类,装备制造大类,新能源汽车技术,汽车制造类,装备制造大类,exact
金山职业技术学院,物理,金山职业技术学院02,199102,35,高速铁路客运服务,铁道运输类,交通运输大类,高速铁路客运服务,铁道运输类,交通运输大类,exact
金山职业技术学院,物理,金山职业技术学院02,199102,36,汽车技术服务与营销,汽车制造类,装备制造大类,汽车技术服务与营销,道路运输类,交通运输大类,exact
金山职业技术学院,物理,金山职业技术学院02,199102,37,民航运输服务,航空运输类,交通运输大类,民航运输服务,航空运输类,交通运输大类,exact
金山职业技术学院,物理,金山职业技术学院02,199102,38,城市轨道交通运营管理,铁道运输类,交通运输大类,城市轨道交通运营管理,城市轨道交通类,交通运输大类,exact
金山职业技术学院,物理,金山职业技术学院02,199102,39,计算机网络技术,计算机类,电子与信息大类,计算机网络技术,计算机类,电子与信息大类,exact
金山职业技术学院,物理,金山职业技术学院02,199102,40,数字媒体技术,计算机类,电子与信息大类,数字媒体技术,计算机类,电子与信息大类,exact
金山职业技术学院,物理,金山职业技术学院02,199102,41,人工智能技术应用,计算机类,电子与信息大类,人工智能技术应用,计算机类,电子与信息大类,exact
金山职业技术学院,物理,金山职业技术学院02,199102,42,婴幼儿托育服务与管理,护理医学类,医药卫生大类,婴幼儿托育服务与管理,健康管理与促进类,医药卫生大类,exact
金山职业技术学院,物理,金山职业技术学院02,199102,43,大数据与会计,财务会计类,财经商贸大类,大数据与会计,财务会计类,财经商贸大类,exact
金山职业技术学院,物理,金山职业技术学院02,199102,44,市场营销,财经商贸类,财经商贸大类,市场营销,工商管理类,财经商贸大类,exact
金山职业技术学院,物理,金山职业技术学院02,199102,45,跨境电子商务,财经商贸类,财经商贸大类,跨境电子商务,电子商务类,财经商贸大类,exact
金山职业技术学院,物理,金山职业技术学院02,199102,46,电子商务,财经商贸类,财经商贸大类,电子商务,电子商务类,财经商贸大类,exact
金山职业技术学院,物理,金山职业技术学院02,199102,47,现代物流管理,财经商贸类,财经商贸大类,现代物流管理,物流类,财经商贸大类,exact
金山职业技术学院,物理,金山职业技术学院02,199102,48,旅游管理,旅游餐饮类,旅游大类,旅游管理,旅游类,旅游大类,exact
金山职业技术学院,物理,金山职业技术学院02,199102,49,酒店管理与数字化运营,旅游餐饮类,旅游大类,酒店管理与数字化运营,旅游类,旅游大类,exact
金山职业技术学院,物理,金山职业技术学院02,199102,50,融媒体技术与运营,其他专业类,其他,融媒体技术与运营,广播影视类,新闻传播大类,exact
宿迁泽达职业技术学院,历史,宿迁泽达职业技术学院01,199701,01,建筑装饰工程技术,土木建筑类,土木建筑大类,建筑装饰工程技术,建筑设计类,土木建筑大类,exact
宿迁泽达职业技术学院,历史,宿迁泽达职业技术学院01,199701,02,建筑工程技术,土木建筑类,土木建筑大类,建筑工程技术,土建施工类,土木建筑大类,exact
宿迁泽达职业技术学院,历史,宿迁泽达职业技术学院01,199701,03,建设工程管理,土木建筑类,土木建筑大类,建设工程管理,建设工程管理类,土木建筑大类,exact
宿迁泽达职业技术学院,历史,宿迁泽达职业技术学院01,199701,04,动漫制作技术,文化艺术类,文化艺术大类,动漫制作技术,计算机类,电子与信息大类,exact
宿迁泽达职业技术学院,历史,宿迁泽达职业技术学院01,199701,05,物联网应用技术,计算机类,电子与信息大类,物联网应用技术,电子信息类,电子与信息大类,exact
宿迁泽达职业技术学院,历史,宿迁泽达职业技术学院01,199701,06,软件技术,计算机类,电子与信息大类,软件技术,计算机类,电子与信息大类,exact
宿迁泽达职业技术学院,历史,宿迁泽达职业技术学院01,199701,07,计算机应用技术,计算机类,电子与信息大类,计算机应用技术,计算机类,电子与信息大类,exact
宿迁泽达职业技术学院,历史,宿迁泽达职业技术学院01,199701,08,工业互联网技术,电气自动化类,装备制造大类,工业互联网技术,计算机类,电子与信息大类,exact
宿迁泽达职业技术学院,历史,宿迁泽达职业技术学院01,199701,09,具身智能机器人技术,其他专业类,其他,具身智能机器人技术,自动化类,装备制造大类,exact
宿迁泽达职业技术学院,历史,宿迁泽达职业技术学院01,199701,10,人工智能数据工程技术,计算机类,电子与信息大类,人工智能数据工程技术,计算机类,电子与信息大类,exact
宿迁泽达职业技术学院,历史,宿迁泽达职业技术学院01,199701,11,新能源汽车技术,汽车制造类,装备制造大类,新能源汽车技术,汽车制造类,装备制造大类,exact
宿迁泽达职业技术学院,历史,宿迁泽达职业技术学院01,199701,12,数控技术,机械设计制造类,装备制造大类,数控技术,机械设计制造类,装备制造大类,exact
宿迁泽达职业技术学院,历史,宿迁泽达职业技术学院01,199701,13,机电一体化技术,电气自动化类,装备制造大类,机电一体化技术,自动化类,装备制造大类,exact
宿迁泽达职业技术学院,历史,宿迁泽达职业技术学院01,199701,14,工业机器人技术,电气自动化类,装备制造大类,工业机器人技术,自动化类,装备制造大类,exact
宿迁泽达职业技术学院,历史,宿迁泽达职业技术学院01,199701,15,无人机应用技术,航空运输类,交通运输大类,无人机应用技术,航空装备类,装备制造大类,exact
宿迁泽达职业技术学院,历史,宿迁泽达职业技术学院01,199701,16,汽车检测与维修技术,汽车制造类,装备制造大类,汽车检测与维修技术,道路运输类,交通运输大类,exact
宿迁泽达职业技术学院,历史,宿迁泽达职业技术学院01,199701,17,新能源汽车检测与维修技术,汽车制造类,装备制造大类,新能源汽车检测与维修技术,道路运输类,交通运输大类,exact
宿迁泽达职业技术学院,历史,宿迁泽达职业技术学院01,199701,18,智能制造装备技术,电气自动化类,装备制造大类,智能制造装备技术,机电设备类,装备制造大类,exact
宿迁泽达职业技术学院,历史,宿迁泽达职业技术学院01,199701,19,智能控制技术,电气自动化类,装备制造大类,智能控制技术,自动化类,装备制造大类,exact
宿迁泽达职业技术学院,历史,宿迁泽达职业技术学院01,199701,20,低空飞行器装备技术,其他专业类,其他,低空飞行器装备技术,机电设备类,装备制造大类,exact
宿迁泽达职业技术学院,历史,宿迁泽达职业技术学院01,199701,21,大数据与财务管理,财务会计类,财经商贸大类,大数据与财务管理,财务会计类,财经商贸大类,exact
宿迁泽达职业技术学院,历史,宿迁泽达职业技术学院01,199701,22,大数据与会计,财务会计类,财经商贸大类,大数据与会计,财务会计类,财经商贸大类,exact
宿迁泽达职业技术学院,历史,宿迁泽达职业技术学院01,199701,23,市场营销,财经商贸类,财经商贸大类,市场营销,工商管理类,财经商贸大类,exact
宿迁泽达职业技术学院,历史,宿迁泽达职业技术学院01,199701,24,电子商务,财经商贸类,财经商贸大类,电子商务,电子商务类,财经商贸大类,exact
宿迁泽达职业技术学院,历史,宿迁泽达职业技术学院01,199701,25,低空物流技术与运营,财经商贸类,财经商贸大类,低空物流技术与运营,物流类,财经商贸大类,exact
宿迁泽达职业技术学院,历史,宿迁泽达职业技术学院01,199701,26,高速铁路客运服务,铁道运输类,交通运输大类,高速铁路客运服务,铁道运输类,交通运输大类,exact
宿迁泽达职业技术学院,历史,宿迁泽达职业技术学院01,199701,27,空中乘务,航空运输类,交通运输大类,空中乘务,航空运输类,交通运输大类,exact
宿迁泽达职业技术学院,历史,宿迁泽达职业技术学院01,199701,28,婴幼儿托育服务与管理,护理医学类,医药卫生大类,婴幼儿托育服务与管理,健康管理与促进类,医药卫生大类,exact
宿迁泽达职业技术学院,历史,宿迁泽达职业技术学院01,199701,29,旅游管理,旅游餐饮类,旅游大类,旅游管理,旅游类,旅游大类,exact
宿迁泽达职业技术学院,历史,宿迁泽达职业技术学院01,199701,30,社区康复,公共管理服务类,公共管理与服务大类,社区康复,公共服务类,公共管理与服务大类,exact
宿迁泽达职业技术学院,历史,宿迁泽达职业技术学院01,199701,31,酒店管理与数字化运营,旅游餐饮类,旅游大类,酒店管理与数字化运营,旅游类,旅游大类,exact
丽江文化旅游学院,物理,丽江文化旅游学院05,887105,24,跨境电子商务,财经商贸类,财经商贸大类,跨境电子商务,电子商务类,财经商贸大类,exact
丽江文化旅游学院,物理,丽江文化旅游学院05,887105,25,现代农业经济管理,农林牧渔类,农林牧渔大类,现代农业经济管理,农业类,农林牧渔大类,exact
丽江文化旅游学院,物理,丽江文化旅游学院05,887105,26,大数据与财务管理,财务会计类,财经商贸大类,大数据与财务管理,财务会计类,财经商贸大类,exact
丽江文化旅游学院,物理,丽江文化旅游学院05,887105,27,研学旅行管理与服务,其他专业类,其他,研学旅行管理与服务,旅游类,旅游大类,exact
丽江文化旅游学院,物理,丽江文化旅游学院05,887105,28,酒店管理与数字化运营,旅游餐饮类,旅游大类,酒店管理与数字化运营,旅游类,旅游大类,exact
丽江文化旅游学院,物理,丽江文化旅游学院05,887105,29,大数据技术(报考该专业须查阅院校招生章程),计算机类,电子与信息大类,大数据技术,计算机类,电子与信息大类,exact
丽江文化旅游学院,物理,丽江文化旅游学院05,887105,30,信息安全技术应用,计算机类,电子与信息大类,信息安全技术应用,计算机类,电子与信息大类,exact
巴中职业技术学院,历史,巴中职业技术学院01,879601,01,新能源汽车技术,汽车制造类,装备制造大类,新能源汽车技术,汽车制造类,装备制造大类,exact
巴中职业技术学院,历史,巴中职业技术学院01,879601,02,智能机电技术,其他专业类,其他,智能机电技术,自动化类,装备制造大类,exact
巴中职业技术学院,历史,巴中职业技术学院01,879601,03,无人机测绘技术,资源环境安全类,资源环境与安全大类,无人机测绘技术,测绘地理信息类,资源环境与安全大类,exact
四川文化产业职业学院,物理,四川文化产业职业学院02,618802,02,跨境电子商务,财经商贸类,财经商贸大类,跨境电子商务,电子商务类,财经商贸大类,exact
武汉光谷职业学院,历史,武汉光谷职业学院01,859701,01,数字媒体技术,计算机类,电子与信息大类,数字媒体技术,计算机类,电子与信息大类,exact
武汉光谷职业学院,历史,武汉光谷职业学院01,859701,02,大数据与会计,财务会计类,财经商贸大类,大数据与会计,财务会计类,财经商贸大类,exact
武汉光谷职业学院,历史,武汉光谷职业学院01,859701,03,电子商务,财经商贸类,财经商贸大类,电子商务,电子商务类,财经商贸大类,exact
武汉光谷职业学院,历史,武汉光谷职业学院01,859701,04,网络营销与直播电商,计算机类,电子与信息大类,网络营销与直播电商,电子商务类,财经商贸大类,exact
武汉光谷职业学院,历史,武汉光谷职业学院01,859701,05,低空物流技术与运营,财经商贸类,财经商贸大类,低空物流技术与运营,物流类,财经商贸大类,exact
阿勒泰职业技术学院,物理,阿勒泰职业技术学院01,753601,01,现代农业技术,农林牧渔类,农林牧渔大类,现代农业技术,农业类,农林牧渔大类,exact
阿勒泰职业技术学院,物理,阿勒泰职业技术学院01,753601,02,畜牧兽医,农林牧渔类,农林牧渔大类,畜牧兽医,畜牧业类,农林牧渔大类,exact
阿勒泰职业技术学院,物理,阿勒泰职业技术学院01,753601,03,机电一体化技术,电气自动化类,装备制造大类,机电一体化技术,自动化类,装备制造大类,exact
阿勒泰职业技术学院,物理,阿勒泰职业技术学院01,753601,04,电气自动化技术,电气自动化类,装备制造大类,电气自动化技术,自动化类,装备制造大类,exact
阿勒泰职业技术学院,物理,阿勒泰职业技术学院01,753601,05,汽车检测与维修技术,汽车制造类,装备制造大类,汽车检测与维修技术,道路运输类,交通运输大类,exact
阿勒泰职业技术学院,物理,阿勒泰职业技术学院01,753601,06,旅游管理,旅游餐饮类,旅游大类,旅游管理,旅游类,旅游大类,exact
阿勒泰职业技术学院,物理,阿勒泰职业技术学院01,753601,07,酒店管理与数字化运营,旅游餐饮类,旅游大类,酒店管理与数字化运营,旅游类,旅游大类,exact
阿勒泰职业技术学院,物理,阿勒泰职业技术学院01,753601,08,智慧旅游技术应用,旅游餐饮类,旅游大类,智慧旅游技术应用,旅游类,旅游大类,exact
阿勒泰职业技术学院,物理,阿勒泰职业技术学院01,753601,09,研学旅行管理与服务,其他专业类,其他,研学旅行管理与服务,旅游类,旅游大类,exact
阿勒泰职业技术学院,物理,阿勒泰职业技术学院01,753601,10,智慧健康养老服务与管理,公共管理服务类,公共管理与服务大类,智慧健康养老服务与管理,公共服务类,公共管理与服务大类,exact
阿勒泰职业技术学院,物理,阿勒泰职业技术学院01,753601,11,运动防护,教育体育类,教育与体育大类,运动防护,体育类,教育与体育大类,exact
阿勒泰职业技术学院,物理,阿勒泰职业技术学院01,753601,12,冰雪运动与管理,教育体育类,教育与体育大类,冰雪运动与管理,体育类,教育与体育大类,exact
阿勒泰职业技术学院,物理,阿勒泰职业技术学院01,753601,13,冰雪设施运维与管理,其他专业类,其他,冰雪设施运维与管理,体育类,教育与体育大类,exact
阿勒泰职业技术学院,物理,阿勒泰职业技术学院01,753601,14,大数据与财务管理,财务会计类,财经商贸大类,大数据与财务管理,财务会计类,财经商贸大类,exact
阿勒泰职业技术学院,物理,阿勒泰职业技术学院01,753601,15,低空物流技术与运营,财经商贸类,财经商贸大类,低空物流技术与运营,物流类,财经商贸大类,exact
阿勒泰职业技术学院,物理,阿勒泰职业技术学院01,753601,16,动漫制作技术,文化艺术类,文化艺术大类,动漫制作技术,计算机类,电子与信息大类,exact
炎黄职业技术学院,物理,炎黄职业技术学院02,198202,30,宠物养护与驯导,农林牧渔类,农林牧渔大类,宠物养护与驯导,畜牧业类,农林牧渔大类,exact
炎黄职业技术学院,物理,炎黄职业技术学院02,198202,31,动物营养与饲料,食品药品类,食品药品与粮食大类,动物营养与饲料,畜牧业类,农林牧渔大类,exact
炎黄职业技术学院,物理,炎黄职业技术学院02,198202,32,建筑室内设计,土木建筑类,土木建筑大类,建筑室内设计,建筑设计类,土木建筑大类,exact
炎黄职业技术学院,物理,炎黄职业技术学院02,198202,33,建筑工程技术,土木建筑类,土木建筑大类,建筑工程技术,土建施工类,土木建筑大类,exact
炎黄职业技术学院,物理,炎黄职业技术学院02,198202,34,工程造价,土木建筑类,土木建筑大类,工程造价,建设工程管理类,土木建筑大类,exact
炎黄职业技术学院,物理,炎黄职业技术学院02,198202,35,数控技术,机械设计制造类,装备制造大类,数控技术,机械设计制造类,装备制造大类,exact
炎黄职业技术学院,物理,炎黄职业技术学院02,198202,36,机械制造及自动化,电气自动化类,装备制造大类,机械制造及自动化,机械设计制造类,装备制造大类,exact
炎黄职业技术学院,物理,炎黄职业技术学院02,198202,37,机电一体化技术,电气自动化类,装备制造大类,机电一体化技术,自动化类,装备制造大类,exact
炎黄职业技术学院,物理,炎黄职业技术学院02,198202,38,电气自动化技术,电气自动化类,装备制造大类,电气自动化技术,自动化类,装备制造大类,exact
炎黄职业技术学院,物理,炎黄职业技术学院02,198202,39,计算机应用技术,计算机类,电子与信息大类,计算机应用技术,计算机类,电子与信息大类,exact
炎黄职业技术学院,物理,炎黄职业技术学院02,198202,40,计算机网络技术,计算机类,电子与信息大类,计算机网络技术,计算机类,电子与信息大类,exact
炎黄职业技术学院,物理,炎黄职业技术学院02,198202,41,大数据与会计,财务会计类,财经商贸大类,大数据与会计,财务会计类,财经商贸大类,exact
炎黄职业技术学院,物理,炎黄职业技术学院02,198202,42,市场营销,财经商贸类,财经商贸大类,市场营销,工商管理类,财经商贸大类,exact
炎黄职业技术学院,物理,炎黄职业技术学院02,198202,43,电子商务,财经商贸类,财经商贸大类,电子商务,电子商务类,财经商贸大类,exact
炎黄职业技术学院,物理,炎黄职业技术学院02,198202,44,现代物流管理,财经商贸类,财经商贸大类,现代物流管理,物流类,财经商贸大类,exact
炎黄职业技术学院,物理,炎黄职业技术学院02,198202,45,汽车技术服务与营销,汽车制造类,装备制造大类,汽车技术服务与营销,道路运输类,交通运输大类,exact
炎黄职业技术学院,物理,炎黄职业技术学院02,198202,46,汽车制造与试验技术,机械设计制造类,装备制造大类,汽车制造与试验技术,汽车制造类,装备制造大类,exact
炎黄职业技术学院,物理,炎黄职业技术学院02,198202,47,新能源汽车检测与维修技术,汽车制造类,装备制造大类,新能源汽车检测与维修技术,道路运输类,交通运输大类,exact
炎黄职业技术学院,物理,炎黄职业技术学院02,198202,48,时尚表演与传播,文化艺术类,文化艺术大类,时尚表演与传播,表演艺术类,文化艺术大类,exact
炎黄职业技术学院,物理,炎黄职业技术学院02,198202,49,高速铁路客运服务,铁道运输类,交通运输大类,高速铁路客运服务,铁道运输类,交通运输大类,exact
炎黄职业技术学院,物理,炎黄职业技术学院02,198202,50,酒店管理与数字化运营,旅游餐饮类,旅游大类,酒店管理与数字化运营,旅游类,旅游大类,exact
炎黄职业技术学院,物理,炎黄职业技术学院02,198202,51,旅游管理,旅游餐饮类,旅游大类,旅游管理,旅游类,旅游大类,exact
炎黄职业技术学院,物理,炎黄职业技术学院02,198202,52,烹饪工艺与营养,食品药品类,食品药品与粮食大类,烹饪工艺与营养,餐饮类,旅游大类,exact
炎黄职业技术学院,物理,炎黄职业技术学院02,198202,53,空中乘务,航空运输类,交通运输大类,空中乘务,航空运输类,交通运输大类,exact
炎黄职业技术学院,物理,炎黄职业技术学院02,198202,54,民航安全技术管理,航空运输类,交通运输大类,民航安全技术管理,航空运输类,交通运输大类,exact
炎黄职业技术学院,物理,炎黄职业技术学院02,198202,55,应用英语,教育体育类,教育与体育大类,应用英语,语言类,教育与体育大类,exact
炎黄职业技术学院,物理,炎黄职业技术学院02,198202,56,婴幼儿托育服务与管理,护理医学类,医药卫生大类,婴幼儿托育服务与管理,健康管理与促进类,医药卫生大类,exact
炎黄职业技术学院,物理,炎黄职业技术学院02,198202,57,智慧健康养老服务与管理,公共管理服务类,公共管理与服务大类,智慧健康养老服务与管理,公共服务类,公共管理与服务大类,exact
炎黄职业技术学院,物理,炎黄职业技术学院02,198202,58,数字时尚设计,文化艺术类,文化艺术大类,数字时尚设计,艺术设计类,文化艺术大类,exact
明达职业技术学院,物理,明达职业技术学院02,198502,31,财税大数据应用,其他专业类,其他,财税大数据应用,财政税务类,财经商贸大类,exact
明达职业技术学院,物理,明达职业技术学院02,198502,32,网络营销与直播电商,计算机类,电子与信息大类,网络营销与直播电商,电子商务类,财经商贸大类,exact
明达职业技术学院,物理,明达职业技术学院02,198502,33,大数据与会计,财务会计类,财经商贸大类,大数据与会计,财务会计类,财经商贸大类,exact
明达职业技术学院,物理,明达职业技术学院02,198502,34,电子商务,财经商贸类,财经商贸大类,电子商务,电子商务类,财经商贸大类,exact
明达职业技术学院,物理,明达职业技术学院02,198502,35,高速铁路客运服务,铁道运输类,交通运输大类,高速铁路客运服务,铁道运输类,交通运输大类,exact
明达职业技术学院,物理,明达职业技术学院02,198502,36,空中乘务,航空运输类,交通运输大类,空中乘务,航空运输类,交通运输大类,exact
明达职业技术学院,物理,明达职业技术学院02,198502,37,旅游管理,旅游餐饮类,旅游大类,旅游管理,旅游类,旅游大类,exact
明达职业技术学院,物理,明达职业技术学院02,198502,38,市场营销,财经商贸类,财经商贸大类,市场营销,工商管理类,财经商贸大类,exact
明达职业技术学院,物理,明达职业技术学院02,198502,39,现代物流管理,财经商贸类,财经商贸大类,现代物流管理,物流类,财经商贸大类,exact
明达职业技术学院,物理,明达职业技术学院02,198502,40,婴幼儿托育服务与管理,护理医学类,医药卫生大类,婴幼儿托育服务与管理,健康管理与促进类,医药卫生大类,exact
明达职业技术学院,物理,明达职业技术学院02,198502,41,宠物养护与驯导,农林牧渔类,农林牧渔大类,宠物养护与驯导,畜牧业类,农林牧渔大类,exact
明达职业技术学院,物理,明达职业技术学院02,198502,42,软件技术,计算机类,电子与信息大类,软件技术,计算机类,电子与信息大类,exact
明达职业技术学院,物理,明达职业技术学院02,198502,43,数字媒体技术,计算机类,电子与信息大类,数字媒体技术,计算机类,电子与信息大类,exact
明达职业技术学院,物理,明达职业技术学院02,198502,44,应用电子技术,电子信息类,电子与信息大类,应用电子技术,电子信息类,电子与信息大类,exact
明达职业技术学院,物理,明达职业技术学院02,198502,45,计算机网络技术,计算机类,电子与信息大类,计算机网络技术,计算机类,电子与信息大类,exact
明达职业技术学院,物理,明达职业技术学院02,198502,46,计算机应用技术,计算机类,电子与信息大类,计算机应用技术,计算机类,电子与信息大类,exact
明达职业技术学院,物理,明达职业技术学院02,198502,47,无人机应用技术,航空运输类,交通运输大类,无人机应用技术,航空装备类,装备制造大类,exact
明达职业技术学院,物理,明达职业技术学院02,198502,48,环境艺术设计,文化艺术类,文化艺术大类,环境艺术设计,艺术设计类,文化艺术大类,exact
明达职业技术学院,物理,明达职业技术学院02,198502,49,广告艺术设计,文化艺术类,文化艺术大类,广告艺术设计,艺术设计类,文化艺术大类,exact
明达职业技术学院,物理,明达职业技术学院02,198502,50,信息安全技术应用,计算机类,电子与信息大类,信息安全技术应用,计算机类,电子与信息大类,exact
明达职业技术学院,物理,明达职业技术学院02,198502,51,汽车技术服务与营销,汽车制造类,装备制造大类,汽车技术服务与营销,道路运输类,交通运输大类,exact
明达职业技术学院,物理,明达职业技术学院02,198502,52,建筑工程技术,土木建筑类,土木建筑大类,建筑工程技术,土建施工类,土木建筑大类,exact
明达职业技术学院,物理,明达职业技术学院02,198502,53,智能建造技术,其他专业类,其他,智能建造技术,土建施工类,土木建筑大类,exact
明达职业技术学院,物理,明达职业技术学院02,198502,54,电气自动化技术,电气自动化类,装备制造大类,电气自动化技术,自动化类,装备制造大类,exact
明达职业技术学院,物理,明达职业技术学院02,198502,55,机电一体化技术,电气自动化类,装备制造大类,机电一体化技术,自动化类,装备制造大类,exact
明达职业技术学院,物理,明达职业技术学院02,198502,56,人工智能技术应用,计算机类,电子与信息大类,人工智能技术应用,计算机类,电子与信息大类,exact
明达职业技术学院,物理,明达职业技术学院02,198502,57,汽车智能技术,汽车制造类,装备制造大类,汽车智能技术,电子信息类,电子与信息大类,exact
明达职业技术学院,物理,明达职业技术学院02,198502,58,汽车制造与试验技术,机械设计制造类,装备制造大类,汽车制造与试验技术,汽车制造类,装备制造大类,exact
明达职业技术学院,物理,明达职业技术学院02,198502,59,工业机器人技术,电气自动化类,装备制造大类,工业机器人技术,自动化类,装备制造大类,exact
明达职业技术学院,物理,明达职业技术学院02,198502,60,健身指导与管理,其他专业类,其他,健身指导与管理,体育类,教育与体育大类,exact
金肯职业技术学院,历史,金肯职业技术学院01,195201,01,建筑工程技术,土木建筑类,土木建筑大类,建筑工程技术,土建施工类,土木建筑大类,exact
金肯职业技术学院,历史,金肯职业技术学院01,195201,02,消防救援技术,资源环境安全类,资源环境与安全大类,消防救援技术,安全类,资源环境与安全大类,exact
金肯职业技术学院,历史,金肯职业技术学院01,195201,03,建筑消防技术,土木建筑类,土木建筑大类,建筑消防技术,建筑设备类,土木建筑大类,exact
金肯职业技术学院,历史,金肯职业技术学院01,195201,04,建筑室内设计,土木建筑类,土木建筑大类,建筑室内设计,建筑设计类,土木建筑大类,exact
金肯职业技术学院,历史,金肯职业技术学院01,195201,05,供热通风与空调工程技术,其他专业类,其他,供热通风与空调工程技术,建筑设备类,土木建筑大类,exact
金肯职业技术学院,历史,金肯职业技术学院01,195201,06,空中乘务,航空运输类,交通运输大类,空中乘务,航空运输类,交通运输大类,exact
金肯职业技术学院,历史,金肯职业技术学院01,195201,07,城市轨道交通运营管理,铁道运输类,交通运输大类,城市轨道交通运营管理,城市轨道交通类,交通运输大类,exact
金肯职业技术学院,历史,金肯职业技术学院01,195201,08,机械制造及自动化,电气自动化类,装备制造大类,机械制造及自动化,机械设计制造类,装备制造大类,exact
金肯职业技术学院,历史,金肯职业技术学院01,195201,09,数控技术,机械设计制造类,装备制造大类,数控技术,机械设计制造类,装备制造大类,exact
金肯职业技术学院,历史,金肯职业技术学院01,195201,10,机电一体化技术,电气自动化类,装备制造大类,机电一体化技术,自动化类,装备制造大类,exact
金肯职业技术学院,历史,金肯职业技术学院01,195201,11,汽车制造与试验技术,机械设计制造类,装备制造大类,汽车制造与试验技术,汽车制造类,装备制造大类,exact
金肯职业技术学院,历史,金肯职业技术学院01,195201,12,新能源汽车技术,汽车制造类,装备制造大类,新能源汽车技术,汽车制造类,装备制造大类,exact
金肯职业技术学院,历史,金肯职业技术学院01,195201,13,工业机器人技术,电气自动化类,装备制造大类,工业机器人技术,自动化类,装备制造大类,exact
金肯职业技术学院,历史,金肯职业技术学院01,195201,14,光伏工程技术,能源动力与材料类,能源动力与材料大类,光伏工程技术,新能源发电工程类,能源动力与材料大类,exact
金肯职业技术学院,历史,金肯职业技术学院01,195201,15,大数据与会计,财务会计类,财经商贸大类,大数据与会计,财务会计类,财经商贸大类,exact
金肯职业技术学院,历史,金肯职业技术学院01,195201,16,电子商务,财经商贸类,财经商贸大类,电子商务,电子商务类,财经商贸大类,exact
金肯职业技术学院,历史,金肯职业技术学院01,195201,17,市场营销,财经商贸类,财经商贸大类,市场营销,工商管理类,财经商贸大类,exact
金肯职业技术学院,历史,金肯职业技术学院01,195201,18,网络直播与运营,计算机类,电子与信息大类,网络直播与运营,广播影视类,新闻传播大类,exact
金肯职业技术学院,历史,金肯职业技术学院01,195201,19,电子竞技运动与管理,教育体育类,教育与体育大类,电子竞技运动与管理,体育类,教育与体育大类,exact
金肯职业技术学院,历史,金肯职业技术学院01,195201,20,融媒体技术与运营,其他专业类,其他,融媒体技术与运营,广播影视类,新闻传播大类,exact
金肯职业技术学院,历史,金肯职业技术学院01,195201,21,婴幼儿托育服务与管理,护理医学类,医药卫生大类,婴幼儿托育服务与管理,健康管理与促进类,医药卫生大类,exact
金肯职业技术学院,历史,金肯职业技术学院01,195201,22,酒店管理与数字化运营,旅游餐饮类,旅游大类,酒店管理与数字化运营,旅游类,旅游大类,exact
金肯职业技术学院,历史,金肯职业技术学院01,195201,23,电气自动化技术,电气自动化类,装备制造大类,电气自动化技术,自动化类,装备制造大类,exact
金肯职业技术学院,历史,金肯职业技术学院01,195201,24,无人机应用技术,航空运输类,交通运输大类,无人机应用技术,航空装备类,装备制造大类,exact
金肯职业技术学院,历史,金肯职业技术学院01,195201,25,计算机应用技术,计算机类,电子与信息大类,计算机应用技术,计算机类,电子与信息大类,exact
金肯职业技术学院,历史,金肯职业技术学院01,195201,26,人工智能技术应用,计算机类,电子与信息大类,人工智能技术应用,计算机类,电子与信息大类,exact
金肯职业技术学院,历史,金肯职业技术学院01,195201,27,数字媒体技术,计算机类,电子与信息大类,数字媒体技术,计算机类,电子与信息大类,exact
金肯职业技术学院,历史,金肯职业技术学院01,195201,28,大数据技术,计算机类,电子与信息大类,大数据技术,计算机类,电子与信息大类,exact
金肯职业技术学院,历史,金肯职业技术学院01,195201,29,现代移动通信技术,电子信息类,电子与信息大类,现代移动通信技术,通信类,电子与信息大类,exact
金肯职业技术学院,历史,金肯职业技术学院01,195201,30,电子信息工程技术,电子信息类,电子与信息大类,电子信息工程技术,电子信息类,电子与信息大类,exact
金肯职业技术学院,历史,金肯职业技术学院01,195201,31,集成电路技术,电子信息类,电子与信息大类,集成电路技术,集成电路类,电子与信息大类,exact
扬州中瑞酒店职业学院,历史,扬州中瑞酒店职业学院01,198901,01,酒店管理与数字化运营,旅游餐饮类,旅游大类,酒店管理与数字化运营,旅游类,旅游大类,exact
扬州中瑞酒店职业学院,历史,扬州中瑞酒店职业学院01,198901,02,餐饮智能管理,旅游餐饮类,旅游大类,餐饮智能管理,餐饮类,旅游大类,exact
扬州中瑞酒店职业学院,历史,扬州中瑞酒店职业学院01,198901,03,西式烹饪工艺,食品药品类,食品药品与粮食大类,西式烹饪工艺,餐饮类,旅游大类,exact
扬州中瑞酒店职业学院,历史,扬州中瑞酒店职业学院01,198901,04,烹饪工艺与营养,食品药品类,食品药品与粮食大类,烹饪工艺与营养,餐饮类,旅游大类,exact
扬州中瑞酒店职业学院,历史,扬州中瑞酒店职业学院01,198901,05,中西面点工艺,其他专业类,其他,中西面点工艺,餐饮类,旅游大类,exact
扬州中瑞酒店职业学院,历史,扬州中瑞酒店职业学院01,198901,06,空中乘务,航空运输类,交通运输大类,空中乘务,航空运输类,交通运输大类,exact
扬州中瑞酒店职业学院,历史,扬州中瑞酒店职业学院01,198901,07,高速铁路客运服务,铁道运输类,交通运输大类,高速铁路客运服务,铁道运输类,交通运输大类,exact
扬州中瑞酒店职业学院,历史,扬州中瑞酒店职业学院01,198901,08,大数据与会计,财务会计类,财经商贸大类,大数据与会计,财务会计类,财经商贸大类,exact
扬州中瑞酒店职业学院,历史,扬州中瑞酒店职业学院01,198901,09,大数据与财务管理,财务会计类,财经商贸大类,大数据与财务管理,财务会计类,财经商贸大类,exact
扬州中瑞酒店职业学院,历史,扬州中瑞酒店职业学院01,198901,10,电子商务,财经商贸类,财经商贸大类,电子商务,电子商务类,财经商贸大类,exact
扬州中瑞酒店职业学院,历史,扬州中瑞酒店职业学院01,198901,11,人力资源管理,公共管理服务类,公共管理与服务大类,人力资源管理,公共管理类,公共管理与服务大类,exact
扬州中瑞酒店职业学院,历史,扬州中瑞酒店职业学院01,198901,12,市场营销,财经商贸类,财经商贸大类,市场营销,工商管理类,财经商贸大类,exact
扬州中瑞酒店职业学院,历史,扬州中瑞酒店职业学院01,198901,13,计算机网络技术,计算机类,电子与信息大类,计算机网络技术,计算机类,电子与信息大类,exact
扬州中瑞酒店职业学院,历史,扬州中瑞酒店职业学院01,198901,14,软件技术,计算机类,电子与信息大类,软件技术,计算机类,电子与信息大类,exact
扬州中瑞酒店职业学院,历史,扬州中瑞酒店职业学院01,198901,15,无人机应用技术,航空运输类,交通运输大类,无人机应用技术,航空装备类,装备制造大类,exact
扬州中瑞酒店职业学院,历史,扬州中瑞酒店职业学院01,198901,16,人工智能数据工程技术,计算机类,电子与信息大类,人工智能数据工程技术,计算机类,电子与信息大类,exact
扬州中瑞酒店职业学院,历史,扬州中瑞酒店职业学院01,198901,17,休闲体育,教育体育类,教育与体育大类,休闲体育,体育类,教育与体育大类,exact
扬州中瑞酒店职业学院,历史,扬州中瑞酒店职业学院01,198901,18,足球运动与管理,教育体育类,教育与体育大类,足球运动与管理,体育类,教育与体育大类,exact
扬州中瑞酒店职业学院,历史,扬州中瑞酒店职业学院01,198901,19,现代家政服务与管理,公共管理服务类,公共管理与服务大类,现代家政服务与管理,公共服务类,公共管理与服务大类,exact
扬州中瑞酒店职业学院,历史,扬州中瑞酒店职业学院01,198901,20,婴幼儿托育服务与管理,护理医学类,医药卫生大类,婴幼儿托育服务与管理,健康管理与促进类,医药卫生大类,exact
扬州中瑞酒店职业学院,历史,扬州中瑞酒店职业学院01,198901,21,机电一体化技术,电气自动化类,装备制造大类,机电一体化技术,自动化类,装备制造大类,exact
扬州中瑞酒店职业学院,历史,扬州中瑞酒店职业学院01,198901,22,建筑工程技术,土木建筑类,土木建筑大类,建筑工程技术,土建施工类,土木建筑大类,exact
扬州中瑞酒店职业学院,历史,扬州中瑞酒店职业学院01,198901,23,建设工程管理,土木建筑类,土木建筑大类,建设工程管理,建设工程管理类,土木建筑大类,exact
扬州中瑞酒店职业学院,历史,扬州中瑞酒店职业学院01,198901,24,工程造价,土木建筑类,土木建筑大类,工程造价,建设工程管理类,土木建筑大类,exact
扬州中瑞酒店职业学院,历史,扬州中瑞酒店职业学院01,198901,25,现代物业管理,其他专业类,其他,现代物业管理,房地产类,土木建筑大类,exact
扬州中瑞酒店职业学院,历史,扬州中瑞酒店职业学院01,198901,26,房地产经营与管理,其他专业类,其他,房地产经营与管理,房地产类,土木建筑大类,exact
宜春幼儿师范高等专科学校,物理,宜春幼儿师范高等专科学校01,258201,01,软件技术,计算机类,电子与信息大类,软件技术,计算机类,电子与信息大类,exact
宜春幼儿师范高等专科学校,物理,宜春幼儿师范高等专科学校01,258201,02,大数据技术,计算机类,电子与信息大类,大数据技术,计算机类,电子与信息大类,exact
宜春幼儿师范高等专科学校,物理,宜春幼儿师范高等专科学校01,258201,03,信息安全技术应用,计算机类,电子与信息大类,信息安全技术应用,计算机类,电子与信息大类,exact
宜春幼儿师范高等专科学校,物理,宜春幼儿师范高等专科学校01,258201,04,应用电子技术,电子信息类,电子与信息大类,应用电子技术,电子信息类,电子与信息大类,exact
珠海艺术职业学院,物理,珠海艺术职业学院02,865802,05,宝玉石鉴定与加工,资源环境安全类,资源环境与安全大类,宝玉石鉴定与加工,资源勘查类,资源环境与安全大类,exact
珠海艺术职业学院,物理,珠海艺术职业学院02,865802,06,计算机应用技术,计算机类,电子与信息大类,计算机应用技术,计算机类,电子与信息大类,exact
珠海艺术职业学院,物理,珠海艺术职业学院02,865802,07,电子竞技运动与管理,教育体育类,教育与体育大类,电子竞技运动与管理,体育类,教育与体育大类,exact
珠海艺术职业学院,物理,珠海艺术职业学院02,865802,08,网络直播与运营,计算机类,电子与信息大类,网络直播与运营,广播影视类,新闻传播大类,exact
西安信息职业大学,历史,西安信息职业大学01,893801,01,计算机应用技术,计算机类,电子与信息大类,计算机应用技术,计算机类,电子与信息大类,exact
西安信息职业大学,历史,西安信息职业大学02,893802,02,电子商务,财经商贸类,财经商贸大类,电子商务,电子商务类,财经商贸大类,exact
西安信息职业大学,历史,西安信息职业大学03,893803,03,信息安全技术应用,计算机类,电子与信息大类,信息安全技术应用,计算机类,电子与信息大类,exact
西安信息职业大学,历史,西安信息职业大学03,893803,04,区块链技术应用,计算机类,电子与信息大类,区块链技术应用,计算机类,电子与信息大类,exact
三亚理工职业学院,历史,三亚理工职业学院01,875501,01,酒店管理与数字化运营,旅游餐饮类,旅游大类,酒店管理与数字化运营,旅游类,旅游大类,exact
三亚理工职业学院,历史,三亚理工职业学院01,875501,02,会展策划与管理,旅游餐饮类,旅游大类,会展策划与管理,旅游类,旅游大类,exact
三亚理工职业学院,历史,三亚理工职业学院01,875501,03,旅游管理,旅游餐饮类,旅游大类,旅游管理,旅游类,旅游大类,exact
三亚理工职业学院,历史,三亚理工职业学院01,875501,04,大数据与会计,财务会计类,财经商贸大类,大数据与会计,财务会计类,财经商贸大类,exact
三亚理工职业学院,历史,三亚理工职业学院01,875501,05,动漫制作技术,文化艺术类,文化艺术大类,动漫制作技术,计算机类,电子与信息大类,exact
三亚护理职业学院,历史,三亚护理职业学院01,875801,01,药品经营与管理,药学类,医药卫生大类,药品经营与管理,药品与医疗器械类,食品药品与粮食大类,exact
三亚护理职业学院,历史,三亚护理职业学院01,875801,02,现代家政服务与管理,公共管理服务类,公共管理与服务大类,现代家政服务与管理,公共服务类,公共管理与服务大类,exact
三亚护理职业学院,历史,三亚护理职业学院01,875801,03,智慧健康养老服务与管理,公共管理服务类,公共管理与服务大类,智慧健康养老服务与管理,公共服务类,公共管理与服务大类,exact
三亚护理职业学院,历史,三亚护理职业学院02,875802,04,职业健康安全技术,资源环境安全类,资源环境与安全大类,职业健康安全技术,安全类,资源环境与安全大类,exact
三亚护理职业学院,历史,三亚护理职业学院02,875802,05,食品营养与健康,食品药品类,食品药品与粮食大类,食品营养与健康,食品类,食品药品与粮食大类,exact
三亚护理职业学院,历史,三亚护理职业学院02,875802,06,体育保健与康复,教育体育类,教育与体育大类,体育保健与康复,体育类,教育与体育大类,exact
重庆数字产业职业技术学院,历史,重庆数字产业职业技术学院01,884201,01,无人机应用技术,航空运输类,交通运输大类,无人机应用技术,航空装备类,装备制造大类,exact
重庆数字产业职业技术学院,历史,重庆数字产业职业技术学院01,884201,02,数字媒体技术,计算机类,电子与信息大类,数字媒体技术,计算机类,电子与信息大类,exact
重庆数字产业职业技术学院,历史,重庆数字产业职业技术学院01,884201,03,大数据技术,计算机类,电子与信息大类,大数据技术,计算机类,电子与信息大类,exact
重庆数字产业职业技术学院,历史,重庆数字产业职业技术学院01,884201,04,会计信息管理,财务会计类,财经商贸大类,会计信息管理,财务会计类,财经商贸大类,exact
泰山科技学院,历史,泰山科技学院02,822302,03,大数据与会计,财务会计类,财经商贸大类,大数据与会计,财务会计类,财经商贸大类,exact
泰山科技学院,历史,泰山科技学院02,822302,04,市场营销,财经商贸类,财经商贸大类,市场营销,工商管理类,财经商贸大类,exact
泰山科技学院,历史,泰山科技学院02,822302,05,电子商务,财经商贸类,财经商贸大类,电子商务,电子商务类,财经商贸大类,exact
泰山科技学院,历史,泰山科技学院02,822302,06,现代文秘,公共管理服务类,公共管理与服务大类,现代文秘,文秘类,公共管理与服务大类,exact
西藏职业技术学院,历史,西藏职业技术学院01,650401,01,现代农业经济管理(西校区),农林牧渔类,农林牧渔大类,现代农业经济管理,农业类,农林牧渔大类,exact
陕西旅游烹饪职业学院,物理,陕西旅游烹饪职业学院02,891902,05,计算机应用技术,计算机类,电子与信息大类,计算机应用技术,计算机类,电子与信息大类,exact
陕西旅游烹饪职业学院,物理,陕西旅游烹饪职业学院02,891902,06,电子商务,财经商贸类,财经商贸大类,电子商务,电子商务类,财经商贸大类,exact
陕西旅游烹饪职业学院,物理,陕西旅游烹饪职业学院02,891902,07,旅游管理,旅游餐饮类,旅游大类,旅游管理,旅游类,旅游大类,exact
陕西旅游烹饪职业学院,物理,陕西旅游烹饪职业学院02,891902,08,烹饪工艺与营养,食品药品类,食品药品与粮食大类,烹饪工艺与营养,餐饮类,旅游大类,exact
重庆科技职业学院,历史,重庆科技职业学院01,882601,01,城市轨道交通运营管理,铁道运输类,交通运输大类,城市轨道交通运营管理,城市轨道交通类,交通运输大类,exact
重庆科技职业学院,历史,重庆科技职业学院01,882601,02,宠物医疗技术,农林牧渔类,农林牧渔大类,宠物医疗技术,畜牧业类,农林牧渔大类,exact
重庆科技职业学院,历史,重庆科技职业学院01,882601,03,应急救援技术,资源环境安全类,资源环境与安全大类,应急救援技术,安全类,资源环境与安全大类,exact
重庆科技职业学院,历史,重庆科技职业学院01,882601,04,药品经营与管理,药学类,医药卫生大类,药品经营与管理,药品与医疗器械类,食品药品与粮食大类,exact
三亚航空旅游职业学院,历史,三亚航空旅游职业学院01,875401,01,"飞机电子设备维修(报考该专业有色觉等要求,具体请查阅院校招生章程)",航空运输类,交通运输大类,飞机电子设备维修,航空运输类,交通运输大类,exact
三亚航空旅游职业学院,历史,三亚航空旅游职业学院01,875401,02,新能源汽车技术,汽车制造类,装备制造大类,新能源汽车技术,汽车制造类,装备制造大类,exact
三亚航空旅游职业学院,历史,三亚航空旅游职业学院01,875401,03,机电一体化技术,电气自动化类,装备制造大类,机电一体化技术,自动化类,装备制造大类,exact
三亚航空旅游职业学院,历史,三亚航空旅游职业学院01,875401,04,"民航安全技术管理(报考该专业有色觉要求,具体请查阅院校招生章程)",航空运输类,交通运输大类,民航安全技术管理,航空运输类,交通运输大类,exact
三亚航空旅游职业学院,历史,三亚航空旅游职业学院01,875401,05,机场运行服务与管理,航空运输类,交通运输大类,机场运行服务与管理,航空运输类,交通运输大类,exact
三亚航空旅游职业学院,历史,三亚航空旅游职业学院01,875401,06,"空中乘务(报考该专业有色觉等要求,具体请查阅院校招生章程)",航空运输类,交通运输大类,空中乘务,航空运输类,交通运输大类,exact
三亚航空旅游职业学院,历史,三亚航空旅游职业学院01,875401,07,高速铁路客运服务(报考该专业须查阅院校招生章程),铁道运输类,交通运输大类,高速铁路客运服务,铁道运输类,交通运输大类,exact
三亚航空旅游职业学院,历史,三亚航空旅游职业学院01,875401,08,直升机驾驶技术(报考该专业须查阅院校招生章程并详询院校),其他专业类,其他,直升机驾驶技术,航空运输类,交通运输大类,exact
三亚航空旅游职业学院,历史,三亚航空旅游职业学院01,875401,09,市场营销,财经商贸类,财经商贸大类,市场营销,工商管理类,财经商贸大类,exact
三亚航空旅游职业学院,历史,三亚航空旅游职业学院01,875401,10,网络营销与直播电商,计算机类,电子与信息大类,网络营销与直播电商,电子商务类,财经商贸大类,exact
长春健康职业学院,历史,长春健康职业学院01,846901,01,大数据技术,计算机类,电子与信息大类,大数据技术,计算机类,电子与信息大类,exact
遂宁职业学院,物理,遂宁职业学院02,878402,03,宠物医疗技术,农林牧渔类,农林牧渔大类,宠物医疗技术,畜牧业类,农林牧渔大类,exact
遂宁职业学院,物理,遂宁职业学院02,878402,04,无人机应用技术,航空运输类,交通运输大类,无人机应用技术,航空装备类,装备制造大类,exact
遂宁职业学院,历史,遂宁职业学院01,878401,01,宠物医疗技术,农林牧渔类,农林牧渔大类,宠物医疗技术,畜牧业类,农林牧渔大类,exact
遂宁职业学院,历史,遂宁职业学院01,878401,02,无人机应用技术,航空运输类,交通运输大类,无人机应用技术,航空装备类,装备制造大类,exact
山东文化产业职业学院,历史,山东文化产业职业学院01,824301,01,数字时尚设计,文化艺术类,文化艺术大类,数字时尚设计,艺术设计类,文化艺术大类,exact
山东文化产业职业学院,历史,山东文化产业职业学院01,824301,02,会展策划与管理,旅游餐饮类,旅游大类,会展策划与管理,旅游类,旅游大类,exact
广州涉外经济职业技术学院,物理,广州涉外经济职业技术学院02,865702,08,研学旅行管理与服务,其他专业类,其他,研学旅行管理与服务,旅游类,旅游大类,exact
广州涉外经济职业技术学院,物理,广州涉外经济职业技术学院02,865702,09,计算机应用技术,计算机类,电子与信息大类,计算机应用技术,计算机类,电子与信息大类,exact
广州涉外经济职业技术学院,物理,广州涉外经济职业技术学院02,865702,10,人工智能技术应用,计算机类,电子与信息大类,人工智能技术应用,计算机类,电子与信息大类,exact
广州涉外经济职业技术学院,物理,广州涉外经济职业技术学院02,865702,11,物联网应用技术,计算机类,电子与信息大类,物联网应用技术,电子信息类,电子与信息大类,exact
广州涉外经济职业技术学院,物理,广州涉外经济职业技术学院02,865702,12,新能源汽车技术,汽车制造类,装备制造大类,新能源汽车技术,汽车制造类,装备制造大类,exact
广州涉外经济职业技术学院,物理,广州涉外经济职业技术学院02,865702,13,城市轨道交通运营管理,铁道运输类,交通运输大类,城市轨道交通运营管理,城市轨道交通类,交通运输大类,exact
广州涉外经济职业技术学院,物理,广州涉外经济职业技术学院02,865702,14,商务英语(广州白云校区),教育体育类,教育与体育大类,商务英语,语言类,教育与体育大类,exact
广州涉外经济职业技术学院,历史,广州涉外经济职业技术学院01,865701,01,研学旅行管理与服务,其他专业类,其他,研学旅行管理与服务,旅游类,旅游大类,exact
广州涉外经济职业技术学院,历史,广州涉外经济职业技术学院01,865701,02,计算机应用技术,计算机类,电子与信息大类,计算机应用技术,计算机类,电子与信息大类,exact
广州涉外经济职业技术学院,历史,广州涉外经济职业技术学院01,865701,03,人工智能技术应用,计算机类,电子与信息大类,人工智能技术应用,计算机类,电子与信息大类,exact
广州涉外经济职业技术学院,历史,广州涉外经济职业技术学院01,865701,04,物联网应用技术,计算机类,电子与信息大类,物联网应用技术,电子信息类,电子与信息大类,exact
广州涉外经济职业技术学院,历史,广州涉外经济职业技术学院01,865701,05,新能源汽车技术,汽车制造类,装备制造大类,新能源汽车技术,汽车制造类,装备制造大类,exact
广州涉外经济职业技术学院,历史,广州涉外经济职业技术学院01,865701,06,城市轨道交通运营管理,铁道运输类,交通运输大类,城市轨道交通运营管理,城市轨道交通类,交通运输大类,exact
广州涉外经济职业技术学院,历史,广州涉外经济职业技术学院01,865701,07,商务英语(广州白云校区),教育体育类,教育与体育大类,商务英语,语言类,教育与体育大类,exact
珠海艺术职业学院,历史,珠海艺术职业学院01,865801,01,宝玉石鉴定与加工,资源环境安全类,资源环境与安全大类,宝玉石鉴定与加工,资源勘查类,资源环境与安全大类,exact
珠海艺术职业学院,历史,珠海艺术职业学院01,865801,02,计算机应用技术,计算机类,电子与信息大类,计算机应用技术,计算机类,电子与信息大类,exact
珠海艺术职业学院,历史,珠海艺术职业学院01,865801,03,电子竞技运动与管理,教育体育类,教育与体育大类,电子竞技运动与管理,体育类,教育与体育大类,exact
珠海艺术职业学院,历史,珠海艺术职业学院01,865801,04,网络直播与运营,计算机类,电子与信息大类,网络直播与运营,广播影视类,新闻传播大类,exact
和君职业学院,历史,和君职业学院01,819201,01,"舞台艺术设计与制作(第一学期在校本部学习,第二学期起在会昌戏剧小镇学习)(报考该专业有色觉要求,具体请查阅院校招生章程)",文化艺术类,文化艺术大类,舞台艺术设计与制作,表演艺术类,文化艺术大类,exact
和君职业学院,历史,和君职业学院01,819201,02,体育运营与管理,教育体育类,教育与体育大类,体育运营与管理,体育类,教育与体育大类,exact
和君职业学院,历史,和君职业学院01,819201,03,休闲体育,教育体育类,教育与体育大类,休闲体育,体育类,教育与体育大类,exact
和君职业学院,历史,和君职业学院01,819201,04,无人机应用技术,航空运输类,交通运输大类,无人机应用技术,航空装备类,装备制造大类,exact
赣西科技职业学院,物理,赣西科技职业学院01,820101,01,"软件技术(仙女湖校区)(本专业拟按8900元/年收费,实际收费以主管部门批复为准,报考须查阅院校招生章程)",计算机类,电子与信息大类,软件技术,计算机类,电子与信息大类,exact
曹妃甸职业技术学院,物理,曹妃甸职业技术学院02,835902,02,大数据技术,计算机类,电子与信息大类,大数据技术,计算机类,电子与信息大类,exact
曹妃甸职业技术学院,历史,曹妃甸职业技术学院01,835901,01,大数据技术,计算机类,电子与信息大类,大数据技术,计算机类,电子与信息大类,exact
石家庄科技信息职业学院,物理,石家庄科技信息职业学院02,835002,06,大数据与会计,财务会计类,财经商贸大类,大数据与会计,财务会计类,财经商贸大类,exact
石家庄科技信息职业学院,物理,石家庄科技信息职业学院02,835002,07,电子信息工程技术,电子信息类,电子与信息大类,电子信息工程技术,电子信息类,电子与信息大类,exact
石家庄科技信息职业学院,物理,石家庄科技信息职业学院02,835002,08,计算机网络技术,计算机类,电子与信息大类,计算机网络技术,计算机类,电子与信息大类,exact
石家庄科技信息职业学院,物理,石家庄科技信息职业学院02,835002,09,信息安全技术应用,计算机类,电子与信息大类,信息安全技术应用,计算机类,电子与信息大类,exact
石家庄科技信息职业学院,物理,石家庄科技信息职业学院02,835002,10,新能源汽车技术,汽车制造类,装备制造大类,新能源汽车技术,汽车制造类,装备制造大类,exact
三亚中瑞酒店管理职业学院,历史,三亚中瑞酒店管理职业学院01,875901,01,酒店管理与数字化运营,旅游餐饮类,旅游大类,酒店管理与数字化运营,旅游类,旅游大类,exact
三亚中瑞酒店管理职业学院,历史,三亚中瑞酒店管理职业学院01,875901,02,西式烹饪工艺,食品药品类,食品药品与粮食大类,西式烹饪工艺,餐饮类,旅游大类,exact
三亚中瑞酒店管理职业学院,历史,三亚中瑞酒店管理职业学院01,875901,03,旅游管理(旅游电商运营方向),旅游餐饮类,旅游大类,旅游管理,旅游类,旅游大类,exact
三亚中瑞酒店管理职业学院,历史,三亚中瑞酒店管理职业学院01,875901,04,旅游管理(数智文旅体验策划方向),旅游餐饮类,旅游大类,旅游管理,旅游类,旅游大类,exact
三亚中瑞酒店管理职业学院,历史,三亚中瑞酒店管理职业学院01,875901,05,工程造价,土木建筑类,土木建筑大类,工程造价,建设工程管理类,土木建筑大类,exact
三亚中瑞酒店管理职业学院,历史,三亚中瑞酒店管理职业学院01,875901,06,空中乘务,航空运输类,交通运输大类,空中乘务,航空运输类,交通运输大类,exact
三亚中瑞酒店管理职业学院,历史,三亚中瑞酒店管理职业学院01,875901,07,计算机应用技术,计算机类,电子与信息大类,计算机应用技术,计算机类,电子与信息大类,exact
三亚城市职业学院,物理,三亚城市职业学院02,875602,06,建筑工程技术,土木建筑类,土木建筑大类,建筑工程技术,土建施工类,土木建筑大类,exact
三亚城市职业学院,物理,三亚城市职业学院02,875602,07,智慧健康养老服务与管理,公共管理服务类,公共管理与服务大类,智慧健康养老服务与管理,公共服务类,公共管理与服务大类,exact
三亚城市职业学院,物理,三亚城市职业学院02,875602,08,人力资源管理,公共管理服务类,公共管理与服务大类,人力资源管理,公共管理类,公共管理与服务大类,exact
三亚城市职业学院,物理,三亚城市职业学院02,875602,09,空中乘务,航空运输类,交通运输大类,空中乘务,航空运输类,交通运输大类,exact
三亚城市职业学院,物理,三亚城市职业学院02,875602,10,计算机应用技术,计算机类,电子与信息大类,计算机应用技术,计算机类,电子与信息大类,exact
湖北城市建设职业技术学院,物理,湖北城市建设职业技术学院02,523402,06,计算机应用技术,计算机类,电子与信息大类,计算机应用技术,计算机类,电子与信息大类,exact
湖北城市建设职业技术学院,物理,湖北城市建设职业技术学院02,523402,07,大数据技术,计算机类,电子与信息大类,大数据技术,计算机类,电子与信息大类,exact
湖北城市建设职业技术学院,物理,湖北城市建设职业技术学院02,523402,08,人工智能技术应用,计算机类,电子与信息大类,人工智能技术应用,计算机类,电子与信息大类,exact
湖北城市建设职业技术学院,物理,湖北城市建设职业技术学院02,523402,09,物联网应用技术,计算机类,电子与信息大类,物联网应用技术,电子信息类,电子与信息大类,exact
湖北城市建设职业技术学院,物理,湖北城市建设职业技术学院02,523402,10,智能机器人技术,其他专业类,其他,智能机器人技术,自动化类,装备制造大类,exact
湖北城市建设职业技术学院,物理,湖北城市建设职业技术学院02,523402,11,现代物流管理,财经商贸类,财经商贸大类,现代物流管理,物流类,财经商贸大类,exact
湖南体育职业学院,物理,湖南体育职业学院03,537203,05,融媒体技术与运营,其他专业类,其他,融媒体技术与运营,广播影视类,新闻传播大类,exact
湖南体育职业学院,物理,湖南体育职业学院03,537203,06,电子竞技运动与管理,教育体育类,教育与体育大类,电子竞技运动与管理,体育类,教育与体育大类,exact
长沙科技职业学院,物理,长沙科技职业学院02,861502,02,智能机电技术,其他专业类,其他,智能机电技术,自动化类,装备制造大类,exact
泉州纺织服装职业学院,物理,泉州纺织服装职业学院02,814902,02,服装与服饰设计,文化艺术类,文化艺术大类,服装与服饰设计,艺术设计类,文化艺术大类,exact
重庆建筑科技职业学院,历史,重庆建筑科技职业学院01,882701,01,研学旅行管理与服务,其他专业类,其他,研学旅行管理与服务,旅游类,旅游大类,exact
重庆建筑科技职业学院,历史,重庆建筑科技职业学院01,882701,02,网络直播与运营,计算机类,电子与信息大类,网络直播与运营,广播影视类,新闻传播大类,exact
重庆建筑科技职业学院,历史,重庆建筑科技职业学院01,882701,03,数字媒体技术,计算机类,电子与信息大类,数字媒体技术,计算机类,电子与信息大类,exact
重庆数字产业职业技术学院,物理,重庆数字产业职业技术学院02,884202,05,数字化设计与制造技术,机械设计制造类,装备制造大类,数字化设计与制造技术,机械设计制造类,装备制造大类,exact
重庆数字产业职业技术学院,物理,重庆数字产业职业技术学院02,884202,06,智能网联汽车技术,汽车制造类,装备制造大类,智能网联汽车技术,汽车制造类,装备制造大类,exact
重庆数字产业职业技术学院,物理,重庆数字产业职业技术学院02,884202,07,通信软件技术,计算机类,电子与信息大类,通信软件技术,通信类,电子与信息大类,exact
重庆数字产业职业技术学院,物理,重庆数字产业职业技术学院02,884202,08,智能互联网络技术,计算机类,电子与信息大类,智能互联网络技术,通信类,电子与信息大类,exact
重庆艺术工程职业学院,物理,重庆艺术工程职业学院02,880702,04,空中乘务,航空运输类,交通运输大类,空中乘务,航空运输类,交通运输大类,exact
重庆艺术工程职业学院,物理,重庆艺术工程职业学院02,880702,05,民航安全技术管理,航空运输类,交通运输大类,民航安全技术管理,航空运输类,交通运输大类,exact
宝鸡中北职业学院,历史,宝鸡中北职业学院01,893701,01,跨境电子商务,财经商贸类,财经商贸大类,跨境电子商务,电子商务类,财经商贸大类,exact
西安高新科技职业学院,物理,西安高新科技职业学院02,893102,05,机电一体化技术,电气自动化类,装备制造大类,机电一体化技术,自动化类,装备制造大类,exact
西安高新科技职业学院,物理,西安高新科技职业学院02,893102,06,机械制造及自动化,电气自动化类,装备制造大类,机械制造及自动化,机械设计制造类,装备制造大类,exact
西安高新科技职业学院,物理,西安高新科技职业学院02,893102,07,工业机器人技术,电气自动化类,装备制造大类,工业机器人技术,自动化类,装备制造大类,exact
西安高新科技职业学院,物理,西安高新科技职业学院02,893102,08,计算机网络技术,计算机类,电子与信息大类,计算机网络技术,计算机类,电子与信息大类,exact
西安高新科技职业学院,物理,西安高新科技职业学院02,893102,09,电子商务,财经商贸类,财经商贸大类,电子商务,电子商务类,财经商贸大类,exact
上海工商外国语职业学院,物理,上海工商外国语职业学院02,802502,02,具身智能机器人技术,其他专业类,其他,具身智能机器人技术,自动化类,装备制造大类,exact
上海思博职业技术学院,历史,上海思博职业技术学院01,802201,01,无人机测绘技术,资源环境安全类,资源环境与安全大类,无人机测绘技术,测绘地理信息类,资源环境与安全大类,exact
上海民远职业技术学院,历史,上海民远职业技术学院01,802001,01,电子商务,财经商贸类,财经商贸大类,电子商务,电子商务类,财经商贸大类,exact
上海电影艺术职业学院,物理,上海电影艺术职业学院01,802801,01,数字孪生应用技术(金山校区),其他专业类,其他,数字孪生应用技术,计算机类,电子与信息大类,exact
上海闵行职业技术学院,历史,上海闵行职业技术学院01,217201,01,建筑室内设计,土木建筑类,土木建筑大类,建筑室内设计,建筑设计类,土木建筑大类,exact
上海闵行职业技术学院,历史,上海闵行职业技术学院01,217201,02,数字媒体技术,计算机类,电子与信息大类,数字媒体技术,计算机类,电子与信息大类,exact
丽江文化旅游学院,历史,丽江文化旅游学院02,887102,08,会展策划与管理,旅游餐饮类,旅游大类,会展策划与管理,旅游类,旅游大类,exact
云南理工职业学院,物理,云南理工职业学院02,888002,04,风力发电工程技术,能源动力与材料类,能源动力与材料大类,风力发电工程技术,新能源发电工程类,能源动力与材料大类,exact
云南理工职业学院,物理,云南理工职业学院02,888002,05,机电一体化技术,电气自动化类,装备制造大类,机电一体化技术,自动化类,装备制造大类,exact
云南理工职业学院,物理,云南理工职业学院02,888002,06,城市轨道交通机电技术,铁道运输类,交通运输大类,城市轨道交通机电技术,城市轨道交通类,交通运输大类,exact
云南理工职业学院,历史,云南理工职业学院01,888001,01,风力发电工程技术,能源动力与材料类,能源动力与材料大类,风力发电工程技术,新能源发电工程类,能源动力与材料大类,exact
云南理工职业学院,历史,云南理工职业学院01,888001,02,机电一体化技术,电气自动化类,装备制造大类,机电一体化技术,自动化类,装备制造大类,exact
云南理工职业学院,历史,云南理工职业学院01,888001,03,城市轨道交通机电技术,铁道运输类,交通运输大类,城市轨道交通机电技术,城市轨道交通类,交通运输大类,exact
昆明科技职业大学,物理,昆明科技职业大学01,889201,01,机电一体化技术,电气自动化类,装备制造大类,机电一体化技术,自动化类,装备制造大类,exact
昆明科技职业大学,物理,昆明科技职业大学01,889201,02,电气自动化技术,电气自动化类,装备制造大类,电气自动化技术,自动化类,装备制造大类,exact
满洲里俄语职业学院,物理,满洲里俄语职业学院03,351703,05,人工智能技术应用,计算机类,电子与信息大类,人工智能技术应用,计算机类,电子与信息大类,exact
北京工业职业技术学院,物理,北京工业职业技术学院02,316802,02,无人机应用技术,航空运输类,交通运输大类,无人机应用技术,航空装备类,装备制造大类,exact
北京艺术传媒职业学院,历史,北京艺术传媒职业学院01,828701,01,动漫制作技术,文化艺术类,文化艺术大类,动漫制作技术,计算机类,电子与信息大类,exact
民政职业大学,物理,民政职业大学05,317605,22,社区管理与服务,公共管理服务类,公共管理与服务大类,社区管理与服务,公共事业类,公共管理与服务大类,exact
民政职业大学,物理,民政职业大学05,317605,23,公益慈善事业管理,其他专业类,其他,公益慈善事业管理,公共事业类,公共管理与服务大类,exact
民政职业大学,物理,民政职业大学05,317605,24,婚庆服务与管理,公共管理服务类,公共管理与服务大类,婚庆服务与管理,公共服务类,公共管理与服务大类,exact
民政职业大学,物理,民政职业大学05,317605,25,现代殡葬技术与管理,公共管理服务类,公共管理与服务大类,现代殡葬技术与管理,公共服务类,公共管理与服务大类,exact
民政职业大学,物理,民政职业大学05,317605,26,殡葬设备维护技术,公共管理服务类,公共管理与服务大类,殡葬设备维护技术,公共服务类,公共管理与服务大类,exact
吉林交通职业技术学院,物理,吉林交通职业技术学院02,421702,03,智能控制技术(校本部),电气自动化类,装备制造大类,智能控制技术,自动化类,装备制造大类,exact
吉林交通职业技术学院,物理,吉林交通职业技术学院02,421702,04,新能源汽车技术(校本部),汽车制造类,装备制造大类,新能源汽车技术,汽车制造类,装备制造大类,exact
吉林交通职业技术学院,物理,吉林交通职业技术学院02,421702,05,智能交通技术(校本部),其他专业类,其他,智能交通技术,道路运输类,交通运输大类,exact
吉林交通职业技术学院,历史,吉林交通职业技术学院01,421701,01,工程造价(校本部),土木建筑类,土木建筑大类,工程造价,建设工程管理类,土木建筑大类,exact
吉林交通职业技术学院,历史,吉林交通职业技术学院01,421701,02,机械制造及自动化(校本部),电气自动化类,装备制造大类,机械制造及自动化,机械设计制造类,装备制造大类,exact
吉林电子信息职业技术学院,物理,吉林电子信息职业技术学院01,424501,01,高速铁路客运服务(汉阳校区),铁道运输类,交通运输大类,高速铁路客运服务,铁道运输类,交通运输大类,exact
长春医药职业学院,物理,长春医药职业学院01,845201,01,动物医学,农林牧渔类,农林牧渔大类,动物医学,畜牧业类,农林牧渔大类,exact
南充电影工业职业学院,物理,南充电影工业职业学院02,878902,03,虚拟现实技术应用,计算机类,电子与信息大类,虚拟现实技术应用,计算机类,电子与信息大类,exact
南充电影工业职业学院,物理,南充电影工业职业学院02,878902,04,智能机电技术,其他专业类,其他,智能机电技术,自动化类,装备制造大类,exact
南充电影工业职业学院,历史,南充电影工业职业学院01,878901,01,智能机电技术,其他专业类,其他,智能机电技术,自动化类,装备制造大类,exact
南充电影工业职业学院,历史,南充电影工业职业学院01,878901,02,新能源汽车技术,汽车制造类,装备制造大类,新能源汽车技术,汽车制造类,装备制造大类,exact
南充科技职业学院,历史,南充科技职业学院01,878801,01,宠物医疗技术,农林牧渔类,农林牧渔大类,宠物医疗技术,畜牧业类,农林牧渔大类,exact
四川交通职业技术大学,物理,四川交通职业技术大学02,612502,05,建筑工程技术,土木建筑类,土木建筑大类,建筑工程技术,土建施工类,土木建筑大类,exact
四川交通职业技术大学,物理,四川交通职业技术大学02,612502,06,城市轨道交通运营管理(邛崃校区),铁道运输类,交通运输大类,城市轨道交通运营管理,城市轨道交通类,交通运输大类,exact
四川交通职业技术大学,物理,四川交通职业技术大学02,612502,07,电子信息工程技术,电子信息类,电子与信息大类,电子信息工程技术,电子信息类,电子与信息大类,exact
四川交通职业技术大学,物理,四川交通职业技术大学02,612502,08,信息安全技术应用,计算机类,电子与信息大类,信息安全技术应用,计算机类,电子与信息大类,exact
四川交通职业技术大学,物理,四川交通职业技术大学02,612502,09,大数据与会计(邛崃校区),财务会计类,财经商贸大类,大数据与会计,财务会计类,财经商贸大类,exact
四川交通职业技术大学,物理,四川交通职业技术大学02,612502,10,电气自动化技术,电气自动化类,装备制造大类,电气自动化技术,自动化类,装备制造大类,exact
四川交通职业技术大学,历史,四川交通职业技术大学01,612501,01,建筑工程技术(温江校区),土木建筑类,土木建筑大类,建筑工程技术,土建施工类,土木建筑大类,exact
四川交通职业技术大学,历史,四川交通职业技术大学01,612501,02,城市轨道交通运营管理(邛崃校区),铁道运输类,交通运输大类,城市轨道交通运营管理,城市轨道交通类,交通运输大类,exact
四川交通职业技术大学,历史,四川交通职业技术大学01,612501,03,信息安全技术应用(温江校区),计算机类,电子与信息大类,信息安全技术应用,计算机类,电子与信息大类,exact
四川交通职业技术大学,历史,四川交通职业技术大学01,612501,04,大数据与会计(邛崃校区),财务会计类,财经商贸大类,大数据与会计,财务会计类,财经商贸大类,exact
四川华新现代职业学院,物理,四川华新现代职业学院02,619202,02,动漫制作技术,文化艺术类,文化艺术大类,动漫制作技术,计算机类,电子与信息大类,exact
四川华新现代职业学院,历史,四川华新现代职业学院01,619201,01,动漫制作技术,文化艺术类,文化艺术大类,动漫制作技术,计算机类,电子与信息大类,exact
四川国际标榜职业学院,物理,四川国际标榜职业学院01,878501,01,电子竞技运动与管理,教育体育类,教育与体育大类,电子竞技运动与管理,体育类,教育与体育大类,exact
四川国际标榜职业学院,物理,四川国际标榜职业学院01,878501,02,宠物医疗技术,农林牧渔类,农林牧渔大类,宠物医疗技术,畜牧业类,农林牧渔大类,exact
四川工商学院,物理,四川工商学院03,876603,05,氢能技术应用(眉山校区),其他专业类,其他,氢能技术应用,新能源发电工程类,能源动力与材料大类,exact
四川工商学院,物理,四川工商学院03,876603,06,无人机测绘技术(成都校区),资源环境安全类,资源环境与安全大类,无人机测绘技术,测绘地理信息类,资源环境与安全大类,exact
四川工商学院,历史,四川工商学院01,876601,01,氢能技术应用(眉山校区),其他专业类,其他,氢能技术应用,新能源发电工程类,能源动力与材料大类,exact
四川工商学院,历史,四川工商学院01,876601,02,无人机测绘技术(成都校区),资源环境安全类,资源环境与安全大类,无人机测绘技术,测绘地理信息类,资源环境与安全大类,exact
四川文化传媒职业学院,物理,四川文化传媒职业学院02,883402,02,人工智能技术应用,计算机类,电子与信息大类,人工智能技术应用,计算机类,电子与信息大类,exact
四川文化传媒职业学院,历史,四川文化传媒职业学院01,883401,01,人工智能技术应用,计算机类,电子与信息大类,人工智能技术应用,计算机类,电子与信息大类,exact
四川科技职业学院,物理,四川科技职业学院02,876802,02,新能源汽车技术(天府校区),汽车制造类,装备制造大类,新能源汽车技术,汽车制造类,装备制造大类,exact
四川科技职业学院,历史,四川科技职业学院01,876801,01,新能源汽车技术(天府校区),汽车制造类,装备制造大类,新能源汽车技术,汽车制造类,装备制造大类,exact
四川职业技术学院,物理,四川职业技术学院03,612703,03,智能网联汽车技术(安居校区),汽车制造类,装备制造大类,智能网联汽车技术,汽车制造类,装备制造大类,exact
四川职业技术学院,物理,四川职业技术学院04,612704,04,电子信息工程技术(校本部),电子信息类,电子与信息大类,电子信息工程技术,电子信息类,电子与信息大类,exact
天府新区信息职业学院,历史,天府新区信息职业学院01,879701,01,无人机应用技术,航空运输类,交通运输大类,无人机应用技术,航空装备类,装备制造大类,exact
天府新区信息职业学院,历史,天府新区信息职业学院01,879701,02,数字媒体技术,计算机类,电子与信息大类,数字媒体技术,计算机类,电子与信息大类,exact
天府新区航空旅游职业学院,物理,天府新区航空旅游职业学院02,877702,03,高速铁路客运服务(校本部),铁道运输类,交通运输大类,高速铁路客运服务,铁道运输类,交通运输大类,exact
天府新区航空旅游职业学院,物理,天府新区航空旅游职业学院02,877702,04,会展策划与管理(天府校区),旅游餐饮类,旅游大类,会展策划与管理,旅游类,旅游大类,exact
天府新区航空旅游职业学院,历史,天府新区航空旅游职业学院01,877701,01,高速铁路客运服务(校本部),铁道运输类,交通运输大类,高速铁路客运服务,铁道运输类,交通运输大类,exact
天府新区航空旅游职业学院,历史,天府新区航空旅游职业学院01,877701,02,会展策划与管理(天府校区),旅游餐饮类,旅游大类,会展策划与管理,旅游类,旅游大类,exact
德阳农业科技职业学院,物理,德阳农业科技职业学院02,877902,03,智能网联汽车技术,汽车制造类,装备制造大类,智能网联汽车技术,汽车制造类,装备制造大类,exact
德阳农业科技职业学院,物理,德阳农业科技职业学院02,877902,04,无人机测绘技术,资源环境安全类,资源环境与安全大类,无人机测绘技术,测绘地理信息类,资源环境与安全大类,exact
德阳农业科技职业学院,历史,德阳农业科技职业学院01,877901,01,供应链运营,其他专业类,其他,供应链运营,物流类,财经商贸大类,exact
德阳农业科技职业学院,历史,德阳农业科技职业学院01,877901,02,动物医学,农林牧渔类,农林牧渔大类,动物医学,畜牧业类,农林牧渔大类,exact
德阳城市轨道交通职业学院,历史,德阳城市轨道交通职业学院01,879201,01,城市轨道车辆应用技术,铁道运输类,交通运输大类,城市轨道车辆应用技术,城市轨道交通类,交通运输大类,exact
德阳城市轨道交通职业学院,历史,德阳城市轨道交通职业学院01,879201,02,城市轨道交通机电技术,铁道运输类,交通运输大类,城市轨道交通机电技术,城市轨道交通类,交通运输大类,exact
德阳城市轨道交通职业学院,历史,德阳城市轨道交通职业学院01,879201,03,城市轨道交通供配电技术,铁道运输类,交通运输大类,城市轨道交通供配电技术,城市轨道交通类,交通运输大类,exact
德阳城市轨道交通职业学院,历史,德阳城市轨道交通职业学院01,879201,04,电气自动化技术,电气自动化类,装备制造大类,电气自动化技术,自动化类,装备制造大类,exact
攀枝花攀西职业学院,物理,攀枝花攀西职业学院02,883202,02,汽车检测与维修技术,汽车制造类,装备制造大类,汽车检测与维修技术,道路运输类,交通运输大类,exact
攀枝花攀西职业学院,历史,攀枝花攀西职业学院01,883201,01,新能源汽车技术,汽车制造类,装备制造大类,新能源汽车技术,汽车制造类,装备制造大类,exact
泸州医疗器械职业学院,历史,泸州医疗器械职业学院01,879101,01,医疗器械维护与管理,其他专业类,其他,医疗器械维护与管理,药品与医疗器械类,食品药品与粮食大类,exact
泸州医疗器械职业学院,历史,泸州医疗器械职业学院01,879101,02,机电一体化技术,电气自动化类,装备制造大类,机电一体化技术,自动化类,装备制造大类,exact
绵阳飞行职业学院,物理,绵阳飞行职业学院02,879002,06,新能源汽车技术,汽车制造类,装备制造大类,新能源汽车技术,汽车制造类,装备制造大类,exact
绵阳飞行职业学院,物理,绵阳飞行职业学院02,879002,07,计算机应用技术,计算机类,电子与信息大类,计算机应用技术,计算机类,电子与信息大类,exact
绵阳飞行职业学院,物理,绵阳飞行职业学院02,879002,08,人工智能技术应用,计算机类,电子与信息大类,人工智能技术应用,计算机类,电子与信息大类,exact
绵阳飞行职业学院,物理,绵阳飞行职业学院02,879002,09,大数据与会计,财务会计类,财经商贸大类,大数据与会计,财务会计类,财经商贸大类,exact
绵阳飞行职业学院,物理,绵阳飞行职业学院02,879002,10,社区康复,公共管理服务类,公共管理与服务大类,社区康复,公共服务类,公共管理与服务大类,exact
绵阳飞行职业学院,历史,绵阳飞行职业学院01,879001,01,新能源汽车技术,汽车制造类,装备制造大类,新能源汽车技术,汽车制造类,装备制造大类,exact
绵阳飞行职业学院,历史,绵阳飞行职业学院01,879001,02,计算机应用技术,计算机类,电子与信息大类,计算机应用技术,计算机类,电子与信息大类,exact
绵阳飞行职业学院,历史,绵阳飞行职业学院01,879001,03,人工智能技术应用,计算机类,电子与信息大类,人工智能技术应用,计算机类,电子与信息大类,exact
绵阳飞行职业学院,历史,绵阳飞行职业学院01,879001,04,大数据与会计,财务会计类,财经商贸大类,大数据与会计,财务会计类,财经商贸大类,exact
绵阳飞行职业学院,历史,绵阳飞行职业学院01,879001,05,社区康复,公共管理服务类,公共管理与服务大类,社区康复,公共服务类,公共管理与服务大类,exact
天津城市建设管理职业技术学院,历史,天津城市建设管理职业技术学院01,324401,01,数字媒体技术(主校区),计算机类,电子与信息大类,数字媒体技术,计算机类,电子与信息大类,exact
天津城市建设管理职业技术学院,历史,天津城市建设管理职业技术学院01,324401,02,电气自动化技术(主校区),电气自动化类,装备制造大类,电气自动化技术,自动化类,装备制造大类,exact
天津电子信息职业技术学院,物理,天津电子信息职业技术学院01,323501,01,物联网应用技术,计算机类,电子与信息大类,物联网应用技术,电子信息类,电子与信息大类,exact
天津石油职业技术学院,物理,天津石油职业技术学院02,323202,02,应用化工技术(滨海校区),生物化工类,生物与化工大类,应用化工技术,化工技术类,生物与化工大类,exact
天津石油职业技术学院,历史,天津石油职业技术学院01,323201,01,应用化工技术(滨海校区),生物化工类,生物与化工大类,应用化工技术,化工技术类,生物与化工大类,exact
天津轻工职业技术学院,物理,天津轻工职业技术学院01,322701,01,数字媒体技术,计算机类,电子与信息大类,数字媒体技术,计算机类,电子与信息大类,exact
宿州航空职业学院,物理,宿州航空职业学院02,811502,02,人工智能技术应用,计算机类,电子与信息大类,人工智能技术应用,计算机类,电子与信息大类,exact
宿州航空职业学院,历史,宿州航空职业学院01,811501,01,人工智能技术应用,计算机类,电子与信息大类,人工智能技术应用,计算机类,电子与信息大类,exact
滁州城市职业学院,物理,滁州城市职业学院02,238502,02,人工智能技术应用,计算机类,电子与信息大类,人工智能技术应用,计算机类,电子与信息大类,exact
滁州城市职业学院,历史,滁州城市职业学院01,238501,01,人工智能技术应用,计算机类,电子与信息大类,人工智能技术应用,计算机类,电子与信息大类,exact
蚌埠经济技术职业学院,物理,蚌埠经济技术职业学院02,811402,03,动物医学,农林牧渔类,农林牧渔大类,动物医学,畜牧业类,农林牧渔大类,exact
蚌埠经济技术职业学院,物理,蚌埠经济技术职业学院02,811402,04,人工智能技术应用,计算机类,电子与信息大类,人工智能技术应用,计算机类,电子与信息大类,exact
蚌埠经济技术职业学院,历史,蚌埠经济技术职业学院01,811401,01,动物医学,农林牧渔类,农林牧渔大类,动物医学,畜牧业类,农林牧渔大类,exact
蚌埠经济技术职业学院,历史,蚌埠经济技术职业学院01,811401,02,人工智能技术应用,计算机类,电子与信息大类,人工智能技术应用,计算机类,电子与信息大类,exact
东营职业学院,物理,东营职业学院02,263902,02,现代农业技术,农林牧渔类,农林牧渔大类,现代农业技术,农业类,农林牧渔大类,exact
东营职业学院,历史,东营职业学院01,263901,01,旅游管理,旅游餐饮类,旅游大类,旅游管理,旅游类,旅游大类,exact
山东圣翰财贸职业学院,物理,山东圣翰财贸职业学院02,824702,02,电气自动化技术,电气自动化类,装备制造大类,电气自动化技术,自动化类,装备制造大类,exact
山东圣翰财贸职业学院,历史,山东圣翰财贸职业学院01,824701,01,电气自动化技术,电气自动化类,装备制造大类,电气自动化技术,自动化类,装备制造大类,exact
山东畜牧兽医职业学院,物理,山东畜牧兽医职业学院01,263601,01,宠物养护与驯导,农林牧渔类,农林牧渔大类,宠物养护与驯导,畜牧业类,农林牧渔大类,exact
山东艺术设计职业学院,历史,山东艺术设计职业学院01,825401,01,无人机应用技术,航空运输类,交通运输大类,无人机应用技术,航空装备类,装备制造大类,exact
山东艺术设计职业学院,历史,山东艺术设计职业学院01,825401,02,电气自动化技术,电气自动化类,装备制造大类,电气自动化技术,自动化类,装备制造大类,exact
山东艺术设计职业学院,历史,山东艺术设计职业学院01,825401,03,康复工程技术,其他专业类,其他,康复工程技术,药品与医疗器械类,食品药品与粮食大类,exact
山东艺术设计职业学院,历史,山东艺术设计职业学院01,825401,04,文物修复与保护,其他专业类,其他,文物修复与保护,文化服务类,文化艺术大类,exact
山东艺术设计职业学院,历史,山东艺术设计职业学院01,825401,05,智慧健康养老服务与管理,公共管理服务类,公共管理与服务大类,智慧健康养老服务与管理,公共服务类,公共管理与服务大类,exact
山东艺术设计职业学院,历史,山东艺术设计职业学院01,825401,06,民航安全技术管理,航空运输类,交通运输大类,民航安全技术管理,航空运输类,交通运输大类,exact
日照康养职业学院,物理,日照康养职业学院01,824801,01,智慧健康养老服务与管理,公共管理服务类,公共管理与服务大类,智慧健康养老服务与管理,公共服务类,公共管理与服务大类,exact
日照康养职业学院,物理,日照康养职业学院01,824801,02,酒店管理与数字化运营,旅游餐饮类,旅游大类,酒店管理与数字化运营,旅游类,旅游大类,exact
日照康养职业学院,物理,日照康养职业学院01,824801,03,人工智能技术应用,计算机类,电子与信息大类,人工智能技术应用,计算机类,电子与信息大类,exact
日照航海工程职业学院,物理,日照航海工程职业学院02,825902,06,电梯工程技术,电气自动化类,装备制造大类,电梯工程技术,机电设备类,装备制造大类,exact
日照航海工程职业学院,历史,日照航海工程职业学院01,825901,03,电梯工程技术,电气自动化类,装备制造大类,电梯工程技术,机电设备类,装备制造大类,exact
曲阜远东职业技术学院,物理,曲阜远东职业技术学院02,824402,02,动物医学,农林牧渔类,农林牧渔大类,动物医学,畜牧业类,农林牧渔大类,exact
曲阜远东职业技术学院,历史,曲阜远东职业技术学院01,824401,01,动物医学,农林牧渔类,农林牧渔大类,动物医学,畜牧业类,农林牧渔大类,exact
枣庄职业学院,物理,枣庄职业学院02,267902,02,新能源汽车技术,汽车制造类,装备制造大类,新能源汽车技术,汽车制造类,装备制造大类,exact
枣庄职业学院,历史,枣庄职业学院01,267901,01,分析检验技术,生物化工类,生物与化工大类,分析检验技术,化工技术类,生物与化工大类,exact
青岛求实职业技术学院,物理,青岛求实职业技术学院02,825002,05,动物医学,农林牧渔类,农林牧渔大类,动物医学,畜牧业类,农林牧渔大类,exact
青岛求实职业技术学院,物理,青岛求实职业技术学院02,825002,06,动物药学,药学类,医药卫生大类,动物药学,畜牧业类,农林牧渔大类,exact
青岛求实职业技术学院,物理,青岛求实职业技术学院02,825002,07,畜牧兽医,农林牧渔类,农林牧渔大类,畜牧兽医,畜牧业类,农林牧渔大类,exact
青岛求实职业技术学院,物理,青岛求实职业技术学院02,825002,08,宠物医疗技术,农林牧渔类,农林牧渔大类,宠物医疗技术,畜牧业类,农林牧渔大类,exact
青岛求实职业技术学院,历史,青岛求实职业技术学院01,825001,01,动物医学,农林牧渔类,农林牧渔大类,动物医学,畜牧业类,农林牧渔大类,exact
青岛求实职业技术学院,历史,青岛求实职业技术学院01,825001,02,动物药学,药学类,医药卫生大类,动物药学,畜牧业类,农林牧渔大类,exact
青岛求实职业技术学院,历史,青岛求实职业技术学院01,825001,03,畜牧兽医,农林牧渔类,农林牧渔大类,畜牧兽医,畜牧业类,农林牧渔大类,exact
青岛求实职业技术学院,历史,青岛求实职业技术学院01,825001,04,宠物医疗技术,农林牧渔类,农林牧渔大类,宠物医疗技术,畜牧业类,农林牧渔大类,exact
青岛航空科技职业学院,物理,青岛航空科技职业学院02,818902,02,无人机应用技术,航空运输类,交通运输大类,无人机应用技术,航空装备类,装备制造大类,exact
青岛航空科技职业学院,历史,青岛航空科技职业学院01,818901,01,无人机应用技术,航空运输类,交通运输大类,无人机应用技术,航空装备类,装备制造大类,exact
青岛黄海学院,历史,青岛黄海学院02,821602,03,工程造价,土木建筑类,土木建筑大类,工程造价,建设工程管理类,土木建筑大类,exact
青岛黄海学院,历史,青岛黄海学院02,821602,04,机电一体化技术,电气自动化类,装备制造大类,机电一体化技术,自动化类,装备制造大类,exact
青岛黄海学院,历史,青岛黄海学院02,821602,05,空中乘务,航空运输类,交通运输大类,空中乘务,航空运输类,交通运输大类,exact
青岛黄海学院,历史,青岛黄海学院02,821602,06,大数据技术,计算机类,电子与信息大类,大数据技术,计算机类,电子与信息大类,exact
青岛黄海学院,历史,青岛黄海学院02,821602,07,大数据与会计,财务会计类,财经商贸大类,大数据与会计,财务会计类,财经商贸大类,exact
青岛黄海学院,历史,青岛黄海学院02,821602,08,电子商务,财经商贸类,财经商贸大类,电子商务,电子商务类,财经商贸大类,exact
广东亚视演艺职业学院,物理,广东亚视演艺职业学院02,866302,08,大数据与会计,财务会计类,财经商贸大类,大数据与会计,财务会计类,财经商贸大类,exact
广东亚视演艺职业学院,物理,广东亚视演艺职业学院02,866302,09,计算机应用技术,计算机类,电子与信息大类,计算机应用技术,计算机类,电子与信息大类,exact
广东亚视演艺职业学院,物理,广东亚视演艺职业学院02,866302,10,移动应用开发,其他专业类,其他,移动应用开发,计算机类,电子与信息大类,exact
广东亚视演艺职业学院,物理,广东亚视演艺职业学院02,866302,11,智能体技术应用,其他专业类,其他,智能体技术应用,计算机类,电子与信息大类,exact
广东亚视演艺职业学院,物理,广东亚视演艺职业学院02,866302,12,人工智能技术应用,计算机类,电子与信息大类,人工智能技术应用,计算机类,电子与信息大类,exact
广东亚视演艺职业学院,物理,广东亚视演艺职业学院02,866302,13,无人机应用技术,航空运输类,交通运输大类,无人机应用技术,航空装备类,装备制造大类,exact
广东亚视演艺职业学院,物理,广东亚视演艺职业学院02,866302,14,中文,其他专业类,其他,中文,语言类,教育与体育大类,exact
广东亚视演艺职业学院,历史,广东亚视演艺职业学院01,866301,01,大数据与会计,财务会计类,财经商贸大类,大数据与会计,财务会计类,财经商贸大类,exact
广东亚视演艺职业学院,历史,广东亚视演艺职业学院01,866301,02,计算机应用技术,计算机类,电子与信息大类,计算机应用技术,计算机类,电子与信息大类,exact
广东亚视演艺职业学院,历史,广东亚视演艺职业学院01,866301,03,移动应用开发,其他专业类,其他,移动应用开发,计算机类,电子与信息大类,exact
广东亚视演艺职业学院,历史,广东亚视演艺职业学院01,866301,04,智能体技术应用,其他专业类,其他,智能体技术应用,计算机类,电子与信息大类,exact
广东亚视演艺职业学院,历史,广东亚视演艺职业学院01,866301,05,人工智能技术应用,计算机类,电子与信息大类,人工智能技术应用,计算机类,电子与信息大类,exact
广东亚视演艺职业学院,历史,广东亚视演艺职业学院01,866301,06,无人机应用技术,航空运输类,交通运输大类,无人机应用技术,航空装备类,装备制造大类,exact
广东亚视演艺职业学院,历史,广东亚视演艺职业学院01,866301,07,中文,其他专业类,其他,中文,语言类,教育与体育大类,exact
广东艺术职业学院,历史,广东艺术职业学院01,548701,01,人物形象设计(西校区),文化艺术类,文化艺术大类,人物形象设计,艺术设计类,文化艺术大类,exact
广东酒店管理职业技术学院,物理,广东酒店管理职业技术学院02,870902,04,智能控制技术,电气自动化类,装备制造大类,智能控制技术,自动化类,装备制造大类,exact
广东酒店管理职业技术学院,物理,广东酒店管理职业技术学院02,870902,05,电子商务,财经商贸类,财经商贸大类,电子商务,电子商务类,财经商贸大类,exact
广东酒店管理职业技术学院,物理,广东酒店管理职业技术学院02,870902,06,中西面点工艺,其他专业类,其他,中西面点工艺,餐饮类,旅游大类,exact
广东酒店管理职业技术学院,历史,广东酒店管理职业技术学院01,870901,01,智能控制技术,电气自动化类,装备制造大类,智能控制技术,自动化类,装备制造大类,exact
广东酒店管理职业技术学院,历史,广东酒店管理职业技术学院01,870901,02,电子商务,财经商贸类,财经商贸大类,电子商务,电子商务类,财经商贸大类,exact
广东酒店管理职业技术学院,历史,广东酒店管理职业技术学院01,870901,03,中西面点工艺,其他专业类,其他,中西面点工艺,餐饮类,旅游大类,exact
广州华立科技职业学院,物理,广州华立科技职业学院02,866602,05,机电一体化技术,电气自动化类,装备制造大类,机电一体化技术,自动化类,装备制造大类,exact
广州华立科技职业学院,物理,广州华立科技职业学院02,866602,06,智能机器人技术,其他专业类,其他,智能机器人技术,自动化类,装备制造大类,exact
广州华立科技职业学院,物理,广州华立科技职业学院02,866602,07,宠物医疗技术,农林牧渔类,农林牧渔大类,宠物医疗技术,畜牧业类,农林牧渔大类,exact
广州华立科技职业学院,物理,广州华立科技职业学院02,866602,08,中西面点工艺,其他专业类,其他,中西面点工艺,餐饮类,旅游大类,exact
广州华立科技职业学院,历史,广州华立科技职业学院01,866601,01,机电一体化技术,电气自动化类,装备制造大类,机电一体化技术,自动化类,装备制造大类,exact
广州华立科技职业学院,历史,广州华立科技职业学院01,866601,02,智能机器人技术,其他专业类,其他,智能机器人技术,自动化类,装备制造大类,exact
广州华立科技职业学院,历史,广州华立科技职业学院01,866601,03,宠物医疗技术,农林牧渔类,农林牧渔大类,宠物医疗技术,畜牧业类,农林牧渔大类,exact
广州华立科技职业学院,历史,广州华立科技职业学院01,866601,04,中西面点工艺,其他专业类,其他,中西面点工艺,餐饮类,旅游大类,exact
江门职业技术学院,历史,江门职业技术学院01,547501,01,智能物流技术(潮连校区),财经商贸类,财经商贸大类,智能物流技术,物流类,财经商贸大类,exact
江门职业技术学院,历史,江门职业技术学院01,547501,02,网络直播与运营(潮连校区),计算机类,电子与信息大类,网络直播与运营,广播影视类,新闻传播大类,exact
广西国际商务职业技术学院,物理,广西国际商务职业技术学院03,553903,04,国际经济与贸易(中外合作办学)(东盟校区),财经商贸类,财经商贸大类,国际经济与贸易,经济贸易类,财经商贸大类,exact
广西国际商务职业技术学院,物理,广西国际商务职业技术学院04,553904,05,大数据与会计(东盟校区),财务会计类,财经商贸大类,大数据与会计,财务会计类,财经商贸大类,exact
广西国际商务职业技术学院,物理,广西国际商务职业技术学院04,553904,06,大数据与审计(东盟校区),财务会计类,财经商贸大类,大数据与审计,财务会计类,财经商贸大类,exact
广西国际商务职业技术学院,历史,广西国际商务职业技术学院01,553901,01,国际经济与贸易(中外合作办学)(东盟校区),财经商贸类,财经商贸大类,国际经济与贸易,经济贸易类,财经商贸大类,exact
广西国际商务职业技术学院,历史,广西国际商务职业技术学院02,553902,02,大数据与会计(东盟校区),财务会计类,财经商贸大类,大数据与会计,财务会计类,财经商贸大类,exact
广西国际商务职业技术学院,历史,广西国际商务职业技术学院02,553902,03,大数据与审计(东盟校区),财务会计类,财经商贸大类,大数据与审计,财务会计类,财经商贸大类,exact
广西建设职业技术学院,物理,广西建设职业技术学院02,554102,02,"电气自动化技术(相思湖校区)(报考该专业有色觉要求,具体请查阅院校招生章程)",电气自动化类,装备制造大类,电气自动化技术,自动化类,装备制造大类,exact
广西建设职业技术学院,历史,广西建设职业技术学院01,554101,01,"电气自动化技术(相思湖校区)(报考该专业有色觉要求,具体请查阅院校招生章程)",电气自动化类,装备制造大类,电气自动化技术,自动化类,装备制造大类,exact
广西机电职业技术学院,历史,广西机电职业技术学院01,552601,01,理化测试与质检技术(相思湖校区),机械设计制造类,装备制造大类,理化测试与质检技术,机械设计制造类,装备制造大类,exact
广西机电职业技术学院,历史,广西机电职业技术学院01,552601,02,汽车检测与维修技术(动力电池技术与管理方向)(江南校区),汽车制造类,装备制造大类,汽车检测与维修技术,道路运输类,交通运输大类,exact
广西经济职业学院,物理,广西经济职业学院02,873402,02,工业机器人技术,电气自动化类,装备制造大类,工业机器人技术,自动化类,装备制造大类,exact
广西经济职业学院,历史,广西经济职业学院01,873401,01,工业机器人技术,电气自动化类,装备制造大类,工业机器人技术,自动化类,装备制造大类,exact
伊犁职业技术学院,物理,伊犁职业技术学院02,754102,11,机电设备技术(报考该专业须查阅院校招生章程并详询院校),机械设计制造类,装备制造大类,机电设备技术,机电设备类,装备制造大类,exact
伊犁职业技术学院,物理,伊犁职业技术学院02,754102,12,电气自动化技术(报考该专业须查阅院校招生章程并详询院校),电气自动化类,装备制造大类,电气自动化技术,自动化类,装备制造大类,exact
伊犁职业技术学院,物理,伊犁职业技术学院02,754102,13,低空飞行器装备技术,其他专业类,其他,低空飞行器装备技术,机电设备类,装备制造大类,exact
伊犁职业技术学院,物理,伊犁职业技术学院02,754102,14,动物医学,农林牧渔类,农林牧渔大类,动物医学,畜牧业类,农林牧渔大类,exact
伊犁职业技术学院,物理,伊犁职业技术学院02,754102,15,现代物流管理(霍尔果斯现代产业学院校区),财经商贸类,财经商贸大类,现代物流管理,物流类,财经商贸大类,exact
伊犁职业技术学院,物理,伊犁职业技术学院02,754102,16,会计信息管理(霍尔果斯现代产业学院校区),财务会计类,财经商贸大类,会计信息管理,财务会计类,财经商贸大类,exact
伊犁职业技术学院,物理,伊犁职业技术学院02,754102,17,电子商务(霍尔果斯现代产业学院校区),财经商贸类,财经商贸大类,电子商务,电子商务类,财经商贸大类,exact
伊犁职业技术学院,物理,伊犁职业技术学院02,754102,18,大数据与财务管理(霍尔果斯现代产业学院校区),财务会计类,财经商贸大类,大数据与财务管理,财务会计类,财经商贸大类,exact
伊犁职业技术学院,物理,伊犁职业技术学院02,754102,19,移动应用开发(报考该专业须查阅院校招生章程并详询院校),其他专业类,其他,移动应用开发,计算机类,电子与信息大类,exact
伊犁职业技术学院,物理,伊犁职业技术学院02,754102,20,物联网应用技术(报考该专业须查阅院校招生章程并详询院校),计算机类,电子与信息大类,物联网应用技术,电子信息类,电子与信息大类,exact
伊犁职业技术学院,历史,伊犁职业技术学院01,754101,01,机电设备技术(报考该专业须查阅院校招生章程并详询院校),机械设计制造类,装备制造大类,机电设备技术,机电设备类,装备制造大类,exact
伊犁职业技术学院,历史,伊犁职业技术学院01,754101,02,电气自动化技术(报考该专业须查阅院校招生章程并详询院校),电气自动化类,装备制造大类,电气自动化技术,自动化类,装备制造大类,exact
伊犁职业技术学院,历史,伊犁职业技术学院01,754101,03,低空飞行器装备技术,其他专业类,其他,低空飞行器装备技术,机电设备类,装备制造大类,exact
伊犁职业技术学院,历史,伊犁职业技术学院01,754101,04,动物医学,农林牧渔类,农林牧渔大类,动物医学,畜牧业类,农林牧渔大类,exact
伊犁职业技术学院,历史,伊犁职业技术学院01,754101,05,现代物流管理(霍尔果斯现代产业学院校区),财经商贸类,财经商贸大类,现代物流管理,物流类,财经商贸大类,exact
伊犁职业技术学院,历史,伊犁职业技术学院01,754101,06,会计信息管理(霍尔果斯现代产业学院校区),财务会计类,财经商贸大类,会计信息管理,财务会计类,财经商贸大类,exact
伊犁职业技术学院,历史,伊犁职业技术学院01,754101,07,电子商务(霍尔果斯现代产业学院校区),财经商贸类,财经商贸大类,电子商务,电子商务类,财经商贸大类,exact
伊犁职业技术学院,历史,伊犁职业技术学院01,754101,08,大数据与财务管理(霍尔果斯现代产业学院校区),财务会计类,财经商贸大类,大数据与财务管理,财务会计类,财经商贸大类,exact
伊犁职业技术学院,历史,伊犁职业技术学院01,754101,09,移动应用开发(报考该专业须查阅院校招生章程并详询院校),其他专业类,其他,移动应用开发,计算机类,电子与信息大类,exact
伊犁职业技术学院,历史,伊犁职业技术学院01,754101,10,物联网应用技术(报考该专业须查阅院校招生章程并详询院校),计算机类,电子与信息大类,物联网应用技术,电子信息类,电子与信息大类,exact
和田职业技术学院,物理,和田职业技术学院02,754602,03,网络营销与直播电商,计算机类,电子与信息大类,网络营销与直播电商,电子商务类,财经商贸大类,exact
和田职业技术学院,历史,和田职业技术学院01,754601,01,服装设计与工艺,文化艺术类,文化艺术大类,服装设计与工艺,纺织服装类,轻工纺织大类,exact
和田职业技术学院,历史,和田职业技术学院01,754601,02,艺术设计,文化艺术类,文化艺术大类,艺术设计,艺术设计类,文化艺术大类,exact
巴音郭楞职业技术学院,历史,巴音郭楞职业技术学院01,752001,01,电子商务,财经商贸类,财经商贸大类,电子商务,电子商务类,财经商贸大类,exact
巴音郭楞职业技术学院,历史,巴音郭楞职业技术学院01,752001,02,网络直播与运营,计算机类,电子与信息大类,网络直播与运营,广播影视类,新闻传播大类,exact
新疆交通职业技术大学,物理,新疆交通职业技术大学03,754403,06,市政工程技术,土木建筑类,土木建筑大类,市政工程技术,市政工程类,土木建筑大类,exact
新疆交通职业技术大学,物理,新疆交通职业技术大学03,754403,07,电梯工程技术,电气自动化类,装备制造大类,电梯工程技术,机电设备类,装备制造大类,exact
新疆交通职业技术大学,物理,新疆交通职业技术大学03,754403,08,电气自动化技术,电气自动化类,装备制造大类,电气自动化技术,自动化类,装备制造大类,exact
新疆交通职业技术大学,物理,新疆交通职业技术大学03,754403,09,道路工程检测技术,其他专业类,其他,道路工程检测技术,道路运输类,交通运输大类,exact
新疆交通职业技术大学,物理,新疆交通职业技术大学03,754403,10,智能交通技术,其他专业类,其他,智能交通技术,道路运输类,交通运输大类,exact
新疆交通职业技术大学,物理,新疆交通职业技术大学03,754403,11,新能源汽车检测与维修技术,汽车制造类,装备制造大类,新能源汽车检测与维修技术,道路运输类,交通运输大类,exact
新疆交通职业技术大学,物理,新疆交通职业技术大学03,754403,12,大数据与会计,财务会计类,财经商贸大类,大数据与会计,财务会计类,财经商贸大类,exact
新疆交通职业技术大学,历史,新疆交通职业技术大学01,754401,01,电梯工程技术,电气自动化类,装备制造大类,电梯工程技术,机电设备类,装备制造大类,exact
新疆交通职业技术大学,历史,新疆交通职业技术大学01,754401,02,道路工程检测技术,其他专业类,其他,道路工程检测技术,道路运输类,交通运输大类,exact
新疆工业职业技术大学,物理,新疆工业职业技术大学07,750607,09,机电一体化技术,电气自动化类,装备制造大类,机电一体化技术,自动化类,装备制造大类,exact
新疆工业职业技术大学,物理,新疆工业职业技术大学07,750607,10,工业过程自动化技术,电气自动化类,装备制造大类,工业过程自动化技术,自动化类,装备制造大类,exact
新疆工业职业技术大学,物理,新疆工业职业技术大学07,750607,11,服装设计与工艺,文化艺术类,文化艺术大类,服装设计与工艺,纺织服装类,轻工纺织大类,exact
新疆工业职业技术大学,物理,新疆工业职业技术大学07,750607,12,食品智能加工技术,食品药品类,食品药品与粮食大类,食品智能加工技术,食品类,食品药品与粮食大类,exact
新疆工业职业技术大学,物理,新疆工业职业技术大学07,750607,13,计算机网络技术,计算机类,电子与信息大类,计算机网络技术,计算机类,电子与信息大类,exact
新疆工业职业技术大学,物理,新疆工业职业技术大学08,750608,14,应用化工技术,生物化工类,生物与化工大类,应用化工技术,化工技术类,生物与化工大类,exact
新疆工业职业技术大学,历史,新疆工业职业技术大学02,750602,02,服装设计与工艺,文化艺术类,文化艺术大类,服装设计与工艺,纺织服装类,轻工纺织大类,exact
新疆工业职业技术大学,历史,新疆工业职业技术大学02,750602,03,食品智能加工技术,食品药品类,食品药品与粮食大类,食品智能加工技术,食品类,食品药品与粮食大类,exact
新疆工业职业技术大学,历史,新疆工业职业技术大学02,750602,04,计算机网络技术,计算机类,电子与信息大类,计算机网络技术,计算机类,电子与信息大类,exact
新疆应用职业技术学院,物理,新疆应用职业技术学院02,754502,04,现代农业技术,农林牧渔类,农林牧渔大类,现代农业技术,农业类,农林牧渔大类,exact
新疆应用职业技术学院,物理,新疆应用职业技术学院02,754502,05,工程造价,土木建筑类,土木建筑大类,工程造价,建设工程管理类,土木建筑大类,exact
新疆应用职业技术学院,物理,新疆应用职业技术学院02,754502,06,智慧水利技术,其他专业类,其他,智慧水利技术,水利工程与管理类,水利大类,exact
新疆应用职业技术学院,物理,新疆应用职业技术学院02,754502,07,新能源装备技术(东校区),能源动力与材料类,能源动力与材料大类,新能源装备技术,机电设备类,装备制造大类,exact
新疆应用职业技术学院,物理,新疆应用职业技术学院02,754502,08,人工智能技术应用,计算机类,电子与信息大类,人工智能技术应用,计算机类,电子与信息大类,exact
新疆应用职业技术学院,物理,新疆应用职业技术学院02,754502,09,大数据与财务管理,财务会计类,财经商贸大类,大数据与财务管理,财务会计类,财经商贸大类,exact
新疆应用职业技术学院,物理,新疆应用职业技术学院03,754503,10,电气自动化技术(东校区),电气自动化类,装备制造大类,电气自动化技术,自动化类,装备制造大类,exact
新疆应用职业技术学院,物理,新疆应用职业技术学院03,754503,11,数字媒体技术(主校区),计算机类,电子与信息大类,数字媒体技术,计算机类,电子与信息大类,exact
新疆应用职业技术学院,历史,新疆应用职业技术学院01,754501,01,纺织品检验与贸易(主校区),财经商贸类,财经商贸大类,纺织品检验与贸易,纺织服装类,轻工纺织大类,exact
新疆应用职业技术学院,历史,新疆应用职业技术学院01,754501,02,酒店管理与数字化运营(主校区),旅游餐饮类,旅游大类,酒店管理与数字化运营,旅游类,旅游大类,exact
新疆应用职业技术学院,历史,新疆应用职业技术学院01,754501,03,智慧健康养老服务与管理(南校区),公共管理服务类,公共管理与服务大类,智慧健康养老服务与管理,公共服务类,公共管理与服务大类,exact
新疆能源铁道职业技术大学,历史,新疆能源铁道职业技术大学01,753901,01,高速铁路施工与维护,铁道运输类,交通运输大类,高速铁路施工与维护,铁道运输类,交通运输大类,exact
新疆能源铁道职业技术大学,历史,新疆能源铁道职业技术大学01,753901,02,城市轨道交通工程技术,铁道运输类,交通运输大类,城市轨道交通工程技术,城市轨道交通类,交通运输大类,exact
新疆能源铁道职业技术大学,历史,新疆能源铁道职业技术大学01,753901,03,动车组检修技术,铁道运输类,交通运输大类,动车组检修技术,铁道运输类,交通运输大类,exact
新疆能源铁道职业技术大学,历史,新疆能源铁道职业技术大学01,753901,04,铁道机车运用与维护,铁道运输类,交通运输大类,铁道机车运用与维护,铁道运输类,交通运输大类,exact
新疆能源铁道职业技术大学,历史,新疆能源铁道职业技术大学02,753902,05,大数据技术,计算机类,电子与信息大类,大数据技术,计算机类,电子与信息大类,exact
新疆能源铁道职业技术大学,历史,新疆能源铁道职业技术大学02,753902,06,现代通信技术,电子信息类,电子与信息大类,现代通信技术,通信类,电子与信息大类,exact
石河子职业技术大学,物理,石河子职业技术大学02,754702,05,安全技术与管理,资源环境安全类,资源环境与安全大类,安全技术与管理,安全类,资源环境与安全大类,exact
石河子职业技术大学,物理,石河子职业技术大学02,754702,06,化工安全技术,生物化工类,生物与化工大类,化工安全技术,安全类,资源环境与安全大类,exact
石河子职业技术大学,物理,石河子职业技术大学02,754702,07,应急救援技术,资源环境安全类,资源环境与安全大类,应急救援技术,安全类,资源环境与安全大类,exact
石河子职业技术大学,物理,石河子职业技术大学02,754702,08,航空物流管理,航空运输类,交通运输大类,航空物流管理,物流类,财经商贸大类,exact
石河子职业技术大学,历史,石河子职业技术大学01,754701,01,安全技术与管理,资源环境安全类,资源环境与安全大类,安全技术与管理,安全类,资源环境与安全大类,exact
石河子职业技术大学,历史,石河子职业技术大学01,754701,02,化工安全技术,生物化工类,生物与化工大类,化工安全技术,安全类,资源环境与安全大类,exact
石河子职业技术大学,历史,石河子职业技术大学01,754701,03,应急救援技术,资源环境安全类,资源环境与安全大类,应急救援技术,安全类,资源环境与安全大类,exact
石河子职业技术大学,历史,石河子职业技术大学01,754701,04,航空物流管理,航空运输类,交通运输大类,航空物流管理,物流类,财经商贸大类,exact
胡杨河职业技术学院,物理,胡杨河职业技术学院02,755002,05,"应用化工技术(报考该专业有色觉要求,详询院校)",生物化工类,生物与化工大类,应用化工技术,化工技术类,生物与化工大类,exact
胡杨河职业技术学院,物理,胡杨河职业技术学院02,755002,06,"化工智能制造技术(报考该专业有色觉要求,详询院校)",电气自动化类,装备制造大类,化工智能制造技术,化工技术类,生物与化工大类,exact
胡杨河职业技术学院,物理,胡杨河职业技术学院02,755002,07,机电一体化技术,电气自动化类,装备制造大类,机电一体化技术,自动化类,装备制造大类,exact
胡杨河职业技术学院,物理,胡杨河职业技术学院02,755002,08,电气自动化技术,电气自动化类,装备制造大类,电气自动化技术,自动化类,装备制造大类,exact
胡杨河职业技术学院,物理,胡杨河职业技术学院02,755002,09,烹饪工艺与营养,食品药品类,食品药品与粮食大类,烹饪工艺与营养,餐饮类,旅游大类,exact
胡杨河职业技术学院,历史,胡杨河职业技术学院01,755001,01,"应用化工技术(报考该专业有色觉要求,详询院校)",生物化工类,生物与化工大类,应用化工技术,化工技术类,生物与化工大类,exact
胡杨河职业技术学院,历史,胡杨河职业技术学院01,755001,02,机电一体化技术,电气自动化类,装备制造大类,机电一体化技术,自动化类,装备制造大类,exact
胡杨河职业技术学院,历史,胡杨河职业技术学院01,755001,03,电气自动化技术,电气自动化类,装备制造大类,电气自动化技术,自动化类,装备制造大类,exact
胡杨河职业技术学院,历史,胡杨河职业技术学院01,755001,04,烹饪工艺与营养,食品药品类,食品药品与粮食大类,烹饪工艺与营养,餐饮类,旅游大类,exact
阿克苏职业技术学院,物理,阿克苏职业技术学院01,754201,01,"飞机机电设备维修(报考该专业有色觉等要求,具体请查阅院校招生章程)",航空运输类,交通运输大类,飞机机电设备维修,航空运输类,交通运输大类,exact
阿克苏职业技术学院,物理,阿克苏职业技术学院01,754201,02,"飞行器数字化制造技术(报考该专业有色觉等要求,具体请查阅院校招生章程)",机械设计制造类,装备制造大类,飞行器数字化制造技术,航空装备类,装备制造大类,exact
阿克苏职业技术学院,物理,阿克苏职业技术学院01,754201,03,人工智能技术应用,计算机类,电子与信息大类,人工智能技术应用,计算机类,电子与信息大类,exact
阿克苏职业技术学院,物理,阿克苏职业技术学院01,754201,04,无人机应用技术,航空运输类,交通运输大类,无人机应用技术,航空装备类,装备制造大类,exact
南昌应用技术师范学院,历史,南昌应用技术师范学院01,818701,01,大数据与会计,财务会计类,财经商贸大类,大数据与会计,财务会计类,财经商贸大类,exact
吉安幼儿师范高等专科学校,物理,吉安幼儿师范高等专科学校02,259902,03,软件技术,计算机类,电子与信息大类,软件技术,计算机类,电子与信息大类,exact
吉安幼儿师范高等专科学校,历史,吉安幼儿师范高等专科学校01,259901,01,定制旅行管理与服务,其他专业类,其他,定制旅行管理与服务,旅游类,旅游大类,exact
吉安幼儿师范高等专科学校,历史,吉安幼儿师范高等专科学校01,259901,02,研学旅行管理与服务,其他专业类,其他,研学旅行管理与服务,旅游类,旅游大类,exact
和君职业学院,物理,和君职业学院02,819202,05,飞机机电设备维修(校本部),航空运输类,交通运输大类,飞机机电设备维修,航空运输类,交通运输大类,exact
江西应用技术职业学院,历史,江西应用技术职业学院01,253301,01,智能网联汽车技术,汽车制造类,装备制造大类,智能网联汽车技术,汽车制造类,装备制造大类,exact
江西水利职业学院,物理,江西水利职业学院02,254602,02,智慧水利技术(湖东校区),其他专业类,其他,智慧水利技术,水利工程与管理类,水利大类,exact
江西水利职业学院,历史,江西水利职业学院01,254601,01,智慧水利技术(湖东校区),其他专业类,其他,智慧水利技术,水利工程与管理类,水利大类,exact
江西洪州职业学院,历史,江西洪州职业学院01,820801,01,集成电路技术,电子信息类,电子与信息大类,集成电路技术,集成电路类,电子与信息大类,exact
江西洪州职业学院,历史,江西洪州职业学院01,820801,02,"材料循环应用技术(本专业拟按10130元/年收费,实际收费以主管部门批复为准)",能源动力与材料类,能源动力与材料大类,材料循环应用技术,有色金属材料类,能源动力与材料大类,exact
江西现代职业技术学院,物理,江西现代职业技术学院02,252502,05,物联网应用技术,计算机类,电子与信息大类,物联网应用技术,电子信息类,电子与信息大类,exact
江西现代职业技术学院,物理,江西现代职业技术学院02,252502,06,电气自动化技术,电气自动化类,装备制造大类,电气自动化技术,自动化类,装备制造大类,exact
江西现代职业技术学院,物理,江西现代职业技术学院02,252502,07,数控技术,机械设计制造类,装备制造大类,数控技术,机械设计制造类,装备制造大类,exact
江西现代职业技术学院,物理,江西现代职业技术学院02,252502,08,机电一体化技术,电气自动化类,装备制造大类,机电一体化技术,自动化类,装备制造大类,exact
江西科技职业学院,历史,江西科技职业学院01,819701,01,城市轨道交通运营管理,铁道运输类,交通运输大类,城市轨道交通运营管理,城市轨道交通类,交通运输大类,exact
赣州职业技术学院,历史,赣州职业技术学院01,258001,01,工业设计,文化艺术类,文化艺术大类,工业设计,机械设计制造类,装备制造大类,exact
唐山海运职业学院,物理,唐山海运职业学院02,833202,02,船舶工程技术,航海运输类,交通运输大类,船舶工程技术,船舶与海洋工程装备类,装备制造大类,exact
唐山海运职业学院,历史,唐山海运职业学院01,833201,01,船舶工程技术,航海运输类,交通运输大类,船舶工程技术,船舶与海洋工程装备类,装备制造大类,exact
渤海理工职业学院,物理,渤海理工职业学院02,835802,03,人工智能技术应用,计算机类,电子与信息大类,人工智能技术应用,计算机类,电子与信息大类,exact
渤海理工职业学院,物理,渤海理工职业学院02,835802,04,信息安全技术应用,计算机类,电子与信息大类,信息安全技术应用,计算机类,电子与信息大类,exact
渤海理工职业学院,历史,渤海理工职业学院01,835801,01,人工智能技术应用,计算机类,电子与信息大类,人工智能技术应用,计算机类,电子与信息大类,exact
渤海理工职业学院,历史,渤海理工职业学院01,835801,02,信息安全技术应用,计算机类,电子与信息大类,信息安全技术应用,计算机类,电子与信息大类,exact
石家庄城市经济职业学院,物理,石家庄城市经济职业学院01,834801,01,电气自动化技术(岗上校区),电气自动化类,装备制造大类,电气自动化技术,自动化类,装备制造大类,exact
石家庄理工职业学院,物理,石家庄理工职业学院02,834902,03,电气自动化技术,电气自动化类,装备制造大类,电气自动化技术,自动化类,装备制造大类,exact
石家庄理工职业学院,物理,石家庄理工职业学院02,834902,04,药品经营与管理,药学类,医药卫生大类,药品经营与管理,药品与医疗器械类,食品药品与粮食大类,exact
石家庄理工职业学院,历史,石家庄理工职业学院01,834901,01,电气自动化技术,电气自动化类,装备制造大类,电气自动化技术,自动化类,装备制造大类,exact
石家庄理工职业学院,历史,石家庄理工职业学院01,834901,02,药品经营与管理,药学类,医药卫生大类,药品经营与管理,药品与医疗器械类,食品药品与粮食大类,exact
石家庄铁路职业技术学院,物理,石家庄铁路职业技术学院02,336002,04,城市轨道交通工程技术,铁道运输类,交通运输大类,城市轨道交通工程技术,城市轨道交通类,交通运输大类,exact
石家庄铁路职业技术学院,物理,石家庄铁路职业技术学院02,336002,05,城市轨道交通通信信号技术,铁道运输类,交通运输大类,城市轨道交通通信信号技术,城市轨道交通类,交通运输大类,exact
石家庄铁路职业技术学院,物理,石家庄铁路职业技术学院02,336002,06,铁道养路机械应用技术,铁道运输类,交通运输大类,铁道养路机械应用技术,铁道运输类,交通运输大类,exact
石家庄铁路职业技术学院,历史,石家庄铁路职业技术学院01,336001,01,城市轨道交通工程技术,铁道运输类,交通运输大类,城市轨道交通工程技术,城市轨道交通类,交通运输大类,exact
石家庄铁路职业技术学院,历史,石家庄铁路职业技术学院01,336001,02,城市轨道交通通信信号技术,铁道运输类,交通运输大类,城市轨道交通通信信号技术,城市轨道交通类,交通运输大类,exact
石家庄铁路职业技术学院,历史,石家庄铁路职业技术学院01,336001,03,铁道养路机械应用技术,铁道运输类,交通运输大类,铁道养路机械应用技术,铁道运输类,交通运输大类,exact
邢台新能源职业学院,物理,邢台新能源职业学院02,835402,02,"机电一体化技术(报考该专业有色觉要求,具体请查阅院校招生章程)",电气自动化类,装备制造大类,机电一体化技术,自动化类,装备制造大类,exact
郑州铁路职业技术大学,历史,郑州铁路职业技术大学01,511601,01,"铁道交通运营管理(第一学年在兰考校区学习,第二学年起在主校区学习)",铁道运输类,交通运输大类,铁道交通运营管理,铁道运输类,交通运输大类,exact
黄河水利职业技术大学,物理,黄河水利职业技术大学01,518601,01,水文与工程地质,资源环境安全类,资源环境与安全大类,水文与工程地质,地质类,资源环境与安全大类,exact
黄河水利职业技术大学,物理,黄河水利职业技术大学01,518601,02,建筑工程技术,土木建筑类,土木建筑大类,建筑工程技术,土建施工类,土木建筑大类,exact
黄河水利职业技术大学,物理,黄河水利职业技术大学01,518601,03,机电一体化技术,电气自动化类,装备制造大类,机电一体化技术,自动化类,装备制造大类,exact
黄河水利职业技术大学,物理,黄河水利职业技术大学01,518601,04,集成电路技术,电子信息类,电子与信息大类,集成电路技术,集成电路类,电子与信息大类,exact
浙江机电职业技术大学,物理,浙江机电职业技术大学02,225502,04,工业设计(滨江校区),文化艺术类,文化艺术大类,工业设计,机械设计制造类,装备制造大类,exact
浙江机电职业技术大学,物理,浙江机电职业技术大学02,225502,05,模具设计与制造(滨江校区),机械设计制造类,装备制造大类,模具设计与制造,机械设计制造类,装备制造大类,exact
浙江机电职业技术大学,物理,浙江机电职业技术大学02,225502,06,计算机应用技术(海宁校区),计算机类,电子与信息大类,计算机应用技术,计算机类,电子与信息大类,exact
浙江邮电职业技术学院,历史,浙江邮电职业技术学院01,222601,01,电信服务与管理,其他专业类,其他,电信服务与管理,通信类,电子与信息大类,exact
海南东方新丝路职业学院,物理,海南东方新丝路职业学院02,874202,02,中草药栽培与加工技术,其他专业类,其他,中草药栽培与加工技术,农业类,农林牧渔大类,exact
海南东方新丝路职业学院,物理,海南东方新丝路职业学院02,874202,03,服装与服饰设计,文化艺术类,文化艺术大类,服装与服饰设计,艺术设计类,文化艺术大类,exact
海南东方新丝路职业学院,历史,海南东方新丝路职业学院01,874201,01,服装与服饰设计,文化艺术类,文化艺术大类,服装与服饰设计,艺术设计类,文化艺术大类,exact
海南科技职业大学,历史,海南科技职业大学02,875702,02,智能机器人技术(美兰校区),其他专业类,其他,智能机器人技术,自动化类,装备制造大类,exact
海南软件职业技术学院,物理,海南软件职业技术学院02,561302,02,软件技术,计算机类,电子与信息大类,软件技术,计算机类,电子与信息大类,exact
海南软件职业技术学院,物理,海南软件职业技术学院02,561302,03,新能源汽车检测与维修技术,汽车制造类,装备制造大类,新能源汽车检测与维修技术,道路运输类,交通运输大类,exact
海南软件职业技术学院,历史,海南软件职业技术学院01,561301,01,酒店管理与数字化运营,旅游餐饮类,旅游大类,酒店管理与数字化运营,旅游类,旅游大类,exact
咸宁职业技术学院,物理,咸宁职业技术学院02,528602,04,新能源汽车技术,汽车制造类,装备制造大类,新能源汽车技术,汽车制造类,装备制造大类,exact
咸宁职业技术学院,物理,咸宁职业技术学院02,528602,05,信息安全技术应用,计算机类,电子与信息大类,信息安全技术应用,计算机类,电子与信息大类,exact
武昌职业学院,物理,武昌职业学院05,859205,09,低空安全与技术(校本部),资源环境安全类,资源环境与安全大类,低空安全与技术,电子信息类,电子与信息大类,exact
武昌职业学院,物理,武昌职业学院05,859205,10,人工智能数据工程技术(校本部),计算机类,电子与信息大类,人工智能数据工程技术,计算机类,电子与信息大类,exact
武昌职业学院,历史,武昌职业学院01,859201,01,智能制造装备技术,电气自动化类,装备制造大类,智能制造装备技术,机电设备类,装备制造大类,exact
武汉商贸职业学院,物理,武汉商贸职业学院02,859302,05,"数字媒体技术(第一学年在红安教学改革基地学习,第二学年起在武汉校区学习)",计算机类,电子与信息大类,数字媒体技术,计算机类,电子与信息大类,exact
武汉商贸职业学院,物理,武汉商贸职业学院02,859302,06,"低空智联网技术(第一学年在红安教学改革基地学习,第二学年起在武汉校区学习)",其他专业类,其他,低空智联网技术,通信类,电子与信息大类,exact
武汉商贸职业学院,物理,武汉商贸职业学院02,859302,07,无人机测绘技术(武汉校区),资源环境安全类,资源环境与安全大类,无人机测绘技术,测绘地理信息类,资源环境与安全大类,exact
武汉商贸职业学院,物理,武汉商贸职业学院02,859302,08,跨境电子商务(武汉校区),财经商贸类,财经商贸大类,跨境电子商务,电子商务类,财经商贸大类,exact
武汉商贸职业学院,历史,武汉商贸职业学院01,859301,01,"数字媒体技术(第一学年在红安教学改革基地学习,第二学年起在武汉校区学习)",计算机类,电子与信息大类,数字媒体技术,计算机类,电子与信息大类,exact
武汉商贸职业学院,历史,武汉商贸职业学院01,859301,02,"低空智联网技术(第一学年在红安教学改革基地学习,第二学年起在武汉校区学习)",其他专业类,其他,低空智联网技术,通信类,电子与信息大类,exact
武汉商贸职业学院,历史,武汉商贸职业学院01,859301,03,无人机测绘技术(武汉校区),资源环境安全类,资源环境与安全大类,无人机测绘技术,测绘地理信息类,资源环境与安全大类,exact
武汉商贸职业学院,历史,武汉商贸职业学院01,859301,04,跨境电子商务(武汉校区),财经商贸类,财经商贸大类,跨境电子商务,电子商务类,财经商贸大类,exact
武汉科技职业学院,物理,武汉科技职业学院02,859602,03,机电一体化技术,电气自动化类,装备制造大类,机电一体化技术,自动化类,装备制造大类,exact
武汉科技职业学院,物理,武汉科技职业学院02,859602,04,铁道机车运用与维护,铁道运输类,交通运输大类,铁道机车运用与维护,铁道运输类,交通运输大类,exact
武汉科技职业学院,历史,武汉科技职业学院01,859601,01,机电一体化技术,电气自动化类,装备制造大类,机电一体化技术,自动化类,装备制造大类,exact
武汉科技职业学院,历史,武汉科技职业学院01,859601,02,铁道机车运用与维护,铁道运输类,交通运输大类,铁道机车运用与维护,铁道运输类,交通运输大类,exact
武汉职业技术大学,物理,武汉职业技术大学02,522602,05,电子信息工程技术,电子信息类,电子与信息大类,电子信息工程技术,电子信息类,电子与信息大类,exact
武汉职业技术大学,物理,武汉职业技术大学02,522602,06,"智能网联汽车技术(第一学年在光谷东校区学习,第二学年起在光谷校区学习)",汽车制造类,装备制造大类,智能网联汽车技术,汽车制造类,装备制造大类,exact
武汉职业技术大学,物理,武汉职业技术大学02,522602,07,药品经营与管理,药学类,医药卫生大类,药品经营与管理,药品与医疗器械类,食品药品与粮食大类,exact
湖北生态工程职业技术学院,历史,湖北生态工程职业技术学院01,523201,01,机电一体化技术,电气自动化类,装备制造大类,机电一体化技术,自动化类,装备制造大类,exact
湖北生态工程职业技术学院,历史,湖北生态工程职业技术学院01,523201,02,计算机应用技术,计算机类,电子与信息大类,计算机应用技术,计算机类,电子与信息大类,exact
湖北生态工程职业技术学院,历史,湖北生态工程职业技术学院01,523201,03,人工智能技术应用,计算机类,电子与信息大类,人工智能技术应用,计算机类,电子与信息大类,exact
湖北生态工程职业技术学院,历史,湖北生态工程职业技术学院01,523201,04,工业机器人技术,电气自动化类,装备制造大类,工业机器人技术,自动化类,装备制造大类,exact
湖北生态工程职业技术学院,历史,湖北生态工程职业技术学院01,523201,05,数字媒体艺术设计,文化艺术类,文化艺术大类,数字媒体艺术设计,艺术设计类,文化艺术大类,exact
长江艺术工程职业学院,物理,长江艺术工程职业学院02,859802,04,机械制造及自动化,电气自动化类,装备制造大类,机械制造及自动化,机械设计制造类,装备制造大类,exact
长江艺术工程职业学院,物理,长江艺术工程职业学院02,859802,05,工业机器人技术,电气自动化类,装备制造大类,工业机器人技术,自动化类,装备制造大类,exact
长江艺术工程职业学院,物理,长江艺术工程职业学院02,859802,06,新能源汽车技术,汽车制造类,装备制造大类,新能源汽车技术,汽车制造类,装备制造大类,exact
长江艺术工程职业学院,物理,长江艺术工程职业学院02,859802,07,人工智能技术应用,计算机类,电子与信息大类,人工智能技术应用,计算机类,电子与信息大类,exact
长江艺术工程职业学院,历史,长江艺术工程职业学院01,859801,01,机械制造及自动化,电气自动化类,装备制造大类,机械制造及自动化,机械设计制造类,装备制造大类,exact
长江艺术工程职业学院,历史,长江艺术工程职业学院01,859801,02,工业机器人技术,电气自动化类,装备制造大类,工业机器人技术,自动化类,装备制造大类,exact
长江艺术工程职业学院,历史,长江艺术工程职业学院01,859801,03,人工智能技术应用,计算机类,电子与信息大类,人工智能技术应用,计算机类,电子与信息大类,exact
湖南城建职业技术学院,物理,湖南城建职业技术学院03,531703,03,城市轨道交通工程技术(高新校区),铁道运输类,交通运输大类,城市轨道交通工程技术,城市轨道交通类,交通运输大类,exact
湖南外国语职业学院,物理,湖南外国语职业学院02,862802,02,应用西班牙语,其他专业类,其他,应用西班牙语,语言类,教育与体育大类,exact
湖南外国语职业学院,历史,湖南外国语职业学院01,862801,01,应用西班牙语,其他专业类,其他,应用西班牙语,语言类,教育与体育大类,exact
湖南安全技术职业学院,物理,湖南安全技术职业学院01,536001,01,计算机网络技术,计算机类,电子与信息大类,计算机网络技术,计算机类,电子与信息大类,exact
益阳职业技术学院,历史,益阳职业技术学院01,535801,01,电子信息工程技术,电子信息类,电子与信息大类,电子信息工程技术,电子信息类,电子与信息大类,exact
益阳职业技术学院,历史,益阳职业技术学院01,535801,02,计算机网络技术,计算机类,电子与信息大类,计算机网络技术,计算机类,电子与信息大类,exact
长沙科技职业学院,历史,长沙科技职业学院01,861501,01,网络直播与运营,计算机类,电子与信息大类,网络直播与运营,广播影视类,新闻传播大类,exact
兰州石化职业技术大学,历史,兰州石化职业技术大学02,722202,02,电子商务(兰州新区校区),财经商贸类,财经商贸大类,电子商务,电子商务类,财经商贸大类,exact
甘肃工业职业技术大学,物理,甘肃工业职业技术大学02,721302,02,工业互联网技术(秦州校区),电气自动化类,装备制造大类,工业互联网技术,计算机类,电子与信息大类,exact
甘肃工业职业技术大学,历史,甘肃工业职业技术大学01,721301,01,工业互联网技术(秦州校区),电气自动化类,装备制造大类,工业互联网技术,计算机类,电子与信息大类,exact
厦门华天涉外职业技术学院,历史,厦门华天涉外职业技术学院01,815201,01,计算机应用技术,计算机类,电子与信息大类,计算机应用技术,计算机类,电子与信息大类,exact
厦门软件职业技术学院,物理,厦门软件职业技术学院01,815301,01,数字媒体技术,计算机类,电子与信息大类,数字媒体技术,计算机类,电子与信息大类,exact
武夷山职业学院,物理,武夷山职业学院01,815701,01,无人机应用技术,航空运输类,交通运输大类,无人机应用技术,航空装备类,装备制造大类,exact
武夷山职业学院,物理,武夷山职业学院01,815701,02,新能源汽车技术,汽车制造类,装备制造大类,新能源汽车技术,汽车制造类,装备制造大类,exact
泉州经贸职业技术学院,物理,泉州经贸职业技术学院02,243602,05,大数据与审计,财务会计类,财经商贸大类,大数据与审计,财务会计类,财经商贸大类,exact
泉州经贸职业技术学院,物理,泉州经贸职业技术学院02,243602,06,人工智能技术应用,计算机类,电子与信息大类,人工智能技术应用,计算机类,电子与信息大类,exact
泉州轻工职业学院,物理,泉州轻工职业学院02,816802,03,食品质量与安全,食品药品类,食品药品与粮食大类,食品质量与安全,食品类,食品药品与粮食大类,exact
福建船政交通职业学院,历史,福建船政交通职业学院01,241601,01,关务与外贸服务(首山校区),财经商贸类,财经商贸大类,关务与外贸服务,经济贸易类,财经商贸大类,exact
贵州城市职业学院,物理,贵州城市职业学院02,884702,04,机电一体化技术,电气自动化类,装备制造大类,机电一体化技术,自动化类,装备制造大类,exact
贵州城市职业学院,物理,贵州城市职业学院02,884702,05,新能源汽车技术,汽车制造类,装备制造大类,新能源汽车技术,汽车制造类,装备制造大类,exact
贵州城市职业学院,物理,贵州城市职业学院02,884702,06,无人机测绘技术,资源环境安全类,资源环境与安全大类,无人机测绘技术,测绘地理信息类,资源环境与安全大类,exact
贵州城市职业学院,历史,贵州城市职业学院01,884701,01,机电一体化技术,电气自动化类,装备制造大类,机电一体化技术,自动化类,装备制造大类,exact
贵州城市职业学院,历史,贵州城市职业学院01,884701,02,新能源汽车技术,汽车制造类,装备制造大类,新能源汽车技术,汽车制造类,装备制造大类,exact
贵州城市职业学院,历史,贵州城市职业学院01,884701,03,无人机测绘技术,资源环境安全类,资源环境与安全大类,无人机测绘技术,测绘地理信息类,资源环境与安全大类,exact
贵州工商职业大学,物理,贵州工商职业大学02,884602,02,大数据与会计,财务会计类,财经商贸大类,大数据与会计,财务会计类,财经商贸大类,exact
贵州工商职业大学,历史,贵州工商职业大学01,884601,01,电子商务,财经商贸类,财经商贸大类,电子商务,电子商务类,财经商贸大类,exact
商洛职业技术学院,物理,商洛职业技术学院01,717401,01,无人机应用技术,航空运输类,交通运输大类,无人机应用技术,航空装备类,装备制造大类,exact
宝鸡中北职业学院,物理,宝鸡中北职业学院02,893702,02,人工智能技术应用,计算机类,电子与信息大类,人工智能技术应用,计算机类,电子与信息大类,exact
西安交通工程学院,物理,西安交通工程学院01,890901,01,城市轨道交通运营管理,铁道运输类,交通运输大类,城市轨道交通运营管理,城市轨道交通类,交通运输大类,exact
西安职业技术学院,物理,西安职业技术学院01,715301,01,新能源汽车技术(辛家庙校区),汽车制造类,装备制造大类,新能源汽车技术,汽车制造类,装备制造大类,exact
佳木斯职业学院,历史,佳木斯职业学院01,438401,01,现代物流管理(校本部),财经商贸类,财经商贸大类,现代物流管理,物流类,财经商贸大类,exact
哈尔滨建筑科技职业大学,物理,哈尔滨建筑科技职业大学02,432002,03,数控技术,机械设计制造类,装备制造大类,数控技术,机械设计制造类,装备制造大类,exact
哈尔滨建筑科技职业大学,物理,哈尔滨建筑科技职业大学02,432002,04,建设工程管理,土木建筑类,土木建筑大类,建设工程管理,建设工程管理类,土木建筑大类,exact
哈尔滨建筑科技职业大学,历史,哈尔滨建筑科技职业大学01,432001,01,视觉传达设计,文化艺术类,文化艺术大类,视觉传达设计,艺术设计类,文化艺术大类,exact
哈尔滨建筑科技职业大学,历史,哈尔滨建筑科技职业大学01,432001,02,数字媒体艺术设计,文化艺术类,文化艺术大类,数字媒体艺术设计,艺术设计类,文化艺术大类,exact
黑龙江农业工程职业技术大学,物理,黑龙江农业工程职业技术大学02,433802,03,药品质量与安全(松北校区),药学类,医药卫生大类,药品质量与安全,药品与医疗器械类,食品药品与粮食大类,exact
黑龙江农业工程职业技术大学,物理,黑龙江农业工程职业技术大学02,433802,04,数字媒体技术(南岗校区),计算机类,电子与信息大类,数字媒体技术,计算机类,电子与信息大类,exact
黑龙江农业工程职业技术大学,历史,黑龙江农业工程职业技术大学01,433801,01,药品质量与安全(松北校区),药学类,医药卫生大类,药品质量与安全,药品与医疗器械类,食品药品与粮食大类,exact
黑龙江农业工程职业技术大学,历史,黑龙江农业工程职业技术大学01,433801,02,数字媒体技术(南岗校区),计算机类,电子与信息大类,数字媒体技术,计算机类,电子与信息大类,exact
黑龙江生态工程职业学院,物理,黑龙江生态工程职业学院02,438302,03,无人机应用技术,航空运输类,交通运输大类,无人机应用技术,航空装备类,装备制造大类,exact
黑龙江生态工程职业学院,物理,黑龙江生态工程职业学院02,438302,04,软件技术,计算机类,电子与信息大类,软件技术,计算机类,电子与信息大类,exact
黑龙江生态工程职业学院,历史,黑龙江生态工程职业学院01,438301,01,金融服务与管理,财经商贸类,财经商贸大类,金融服务与管理,金融类,财经商贸大类,exact
黑龙江生态工程职业学院,历史,黑龙江生态工程职业学院01,438301,02,网络营销与直播电商,计算机类,电子与信息大类,网络营销与直播电商,电子商务类,财经商贸大类,exact
