院校,科类,批次,院校专业组代码,专业组,风险等级,专业代码,专业名称,专业类,大类,风险说明
江苏司法警官职业学院,历史,提前专科批,116101,江苏司法警官职业学院01,未标风险,01,刑事执行(只招男生),公安司法类,公安司法大类,专业名称或备注含体检、性别、色觉、军士/司法/航海等限制，需核对章程
江苏司法警官职业学院,历史,提前专科批,116101,江苏司法警官职业学院01,未标风险,02,刑事侦查技术(只招男生),公安司法类,公安司法大类,专业名称或备注含体检、性别、色觉、军士/司法/航海等限制，需核对章程
江苏司法警官职业学院,历史,提前专科批,116101,江苏司法警官职业学院01,未标风险,03,罪犯心理测量与矫正技术(只招男生),公安司法类,公安司法大类,专业名称或备注含体检、性别、色觉、军士/司法/航海等限制，需核对章程
江苏司法警官职业学院,历史,提前专科批,116102,江苏司法警官职业学院02,未标风险,04,刑事执行(只招女生),公安司法类,公安司法大类,专业名称或备注含体检、性别、色觉、军士/司法/航海等限制，需核对章程
江苏司法警官职业学院,历史,提前专科批,116102,江苏司法警官职业学院02,未标风险,05,刑事侦查技术(只招女生),公安司法类,公安司法大类,专业名称或备注含体检、性别、色觉、军士/司法/航海等限制，需核对章程
江苏司法警官职业学院,历史,提前专科批,116102,江苏司法警官职业学院02,未标风险,06,罪犯心理测量与矫正技术(只招女生),公安司法类,公安司法大类,专业名称或备注含体检、性别、色觉、军士/司法/航海等限制，需核对章程
江苏司法警官职业学院,物理,提前专科批,116104,江苏司法警官职业学院04,未标风险,12,刑事执行(只招男生),公安司法类,公安司法大类,专业名称或备注含体检、性别、色觉、军士/司法/航海等限制，需核对章程
江苏司法警官职业学院,物理,提前专科批,116104,江苏司法警官职业学院04,未标风险,13,刑事侦查技术(只招男生),公安司法类,公安司法大类,专业名称或备注含体检、性别、色觉、军士/司法/航海等限制，需核对章程
江苏司法警官职业学院,物理,提前专科批,116104,江苏司法警官职业学院04,未标风险,14,司法信息安全(只招男生),公安司法类,公安司法大类,专业名称或备注含体检、性别、色觉、军士/司法/航海等限制，需核对章程
江苏司法警官职业学院,物理,提前专科批,116104,江苏司法警官职业学院04,未标风险,15,罪犯心理测量与矫正技术(只招男生),公安司法类,公安司法大类,专业名称或备注含体检、性别、色觉、军士/司法/航海等限制，需核对章程
江苏司法警官职业学院,物理,提前专科批,116105,江苏司法警官职业学院05,未标风险,16,刑事执行(只招女生),公安司法类,公安司法大类,专业名称或备注含体检、性别、色觉、军士/司法/航海等限制，需核对章程
江苏司法警官职业学院,物理,提前专科批,116105,江苏司法警官职业学院05,未标风险,17,刑事侦查技术(只招女生),公安司法类,公安司法大类,专业名称或备注含体检、性别、色觉、军士/司法/航海等限制，需核对章程
江苏司法警官职业学院,物理,提前专科批,116105,江苏司法警官职业学院05,未标风险,18,司法信息安全(只招女生),公安司法类,公安司法大类,专业名称或备注含体检、性别、色觉、军士/司法/航海等限制，需核对章程
江苏司法警官职业学院,物理,提前专科批,116105,江苏司法警官职业学院05,未标风险,19,罪犯心理测量与矫正技术(只招女生),公安司法类,公安司法大类,专业名称或备注含体检、性别、色觉、军士/司法/航海等限制，需核对章程
长沙民政职业技术学院,历史,专科批,531201,长沙民政职业技术学院01,中危混合组,09,人力资源管理,公共管理服务类,公共管理与服务大类,热门/强就业专科专业组中混入谨慎方向，志愿表需按该专业兜底
长沙民政职业技术学院,历史,专科批,531201,长沙民政职业技术学院01,中危混合组,10,婚庆服务与管理,公共管理服务类,公共管理与服务大类,热门/强就业专科专业组中混入谨慎方向，志愿表需按该专业兜底
长沙民政职业技术学院,历史,专科批,531201,长沙民政职业技术学院01,中危混合组,11,现代殡葬技术与管理,公共管理服务类,公共管理与服务大类,热门/强就业专科专业组中混入谨慎方向，志愿表需按该专业兜底
南京铁道职业技术学院,历史,专科批,115504,南京铁道职业技术学院04,未标风险,09,"铁道交通运营管理(中外合作办学)(报考该专业有色觉要求,具体请查阅院校招生章程)(适合男生)",铁道运输类,交通运输大类,专业名称或备注含体检、性别、色觉、军士/司法/航海等限制，需核对章程
中国民用航空飞行学院,物理,专科批,030605,中国民用航空飞行学院05,未标风险,39,"飞机机电设备维修(成都天府校区)(报考该专业有色觉要求,具体请查阅院校招生章程)",航空运输类,交通运输大类,专业名称或备注含体检、性别、色觉、军士/司法/航海等限制，需核对章程
民政职业大学,历史,专科批,317602,民政职业大学02,未标风险,11,人力资源管理,公共管理服务类,公共管理与服务大类,专科就业或接受度需谨慎核对
民政职业大学,历史,专科批,317602,民政职业大学02,未标风险,12,智慧健康养老服务与管理,公共管理服务类,公共管理与服务大类,专科就业或接受度需谨慎核对
民政职业大学,历史,专科批,317602,民政职业大学02,未标风险,13,现代殡葬技术与管理,公共管理服务类,公共管理与服务大类,专科就业或接受度需谨慎核对
南京铁道职业技术学院,物理,专科批,115508,南京铁道职业技术学院08,中危混合组,42,建筑工程技术,土木建筑类,土木建筑大类,热门/强就业专科专业组中混入谨慎方向，志愿表需按该专业兜底
南京铁道职业技术学院,物理,专科批,115509,南京铁道职业技术学院09,未标风险,44,"铁道信号自动控制(中外合作办学)(报考该专业有色觉要求,具体请查阅院校招生章程)(适合男生)",铁道运输类,交通运输大类,专业名称或备注含体检、性别、色觉、军士/司法/航海等限制，需核对章程
南京铁道职业技术学院,物理,专科批,115509,南京铁道职业技术学院09,未标风险,45,"铁道交通运营管理(中外合作办学)(报考该专业有色觉要求,具体请查阅院校招生章程)(适合男生)",铁道运输类,交通运输大类,专业名称或备注含体检、性别、色觉、军士/司法/航海等限制，需核对章程
武汉铁路职业技术学院,历史,专科批,525201,武汉铁路职业技术学院01,中危混合组,08,测绘工程技术,资源环境安全类,资源环境与安全大类,热门/强就业专科专业组中混入谨慎方向，志愿表需按该专业兜底
苏州职业技术大学,历史,专科批,127002,苏州职业技术大学02,中危混合组,04,服装设计与工艺,文化艺术类,文化艺术大类,热门/强就业专科专业组中混入谨慎方向，志愿表需按该专业兜底
苏州职业技术大学,历史,专科批,127002,苏州职业技术大学02,中危混合组,05,食品检验检测技术,食品药品类,食品药品与粮食大类,热门/强就业专科专业组中混入谨慎方向，志愿表需按该专业兜底
苏州职业技术大学,历史,专科批,127002,苏州职业技术大学02,中危混合组,11,动漫制作技术,文化艺术类,文化艺术大类,热门/强就业专科专业组中混入谨慎方向，志愿表需按该专业兜底
苏州职业技术大学,历史,专科批,127002,苏州职业技术大学02,中危混合组,18,会展策划与管理(干将路校区),旅游餐饮类,旅游大类,热门/强就业专科专业组中混入谨慎方向，志愿表需按该专业兜底
苏州职业技术大学,历史,专科批,127002,苏州职业技术大学02,中危混合组,22,人力资源管理,公共管理服务类,公共管理与服务大类,热门/强就业专科专业组中混入谨慎方向，志愿表需按该专业兜底
苏州职业技术大学,历史,专科批,127002,苏州职业技术大学02,中危混合组,23,现代文秘,公共管理服务类,公共管理与服务大类,热门/强就业专科专业组中混入谨慎方向，志愿表需按该专业兜底
江苏卫生健康职业学院,历史,专科批,115803,江苏卫生健康职业学院03,中危混合组,35,医学营养,食品药品类,食品药品与粮食大类,热门/强就业专科专业组中混入谨慎方向，志愿表需按该专业兜底
江苏卫生健康职业学院,历史,专科批,115804,江苏卫生健康职业学院04,中危混合组,43,智慧健康养老服务与管理,公共管理服务类,公共管理与服务大类,热门/强就业专科专业组中混入谨慎方向，志愿表需按该专业兜底
长沙航空职业技术学院,历史,提前专科批,531101,长沙航空职业技术学院01,未标风险,01,导弹维修技术(水面舰艇人员合格)(只招男生)(海军),其他专业类,其他,专业名称或备注含体检、性别、色觉、军士/司法/航海等限制，需核对章程
长沙航空职业技术学院,历史,提前专科批,531102,长沙航空职业技术学院02,未标风险,02,飞行器维修技术(只招男生)[空军(机务兵)],其他专业类,其他,专业名称或备注含体检、性别、色觉、军士/司法/航海等限制，需核对章程
长沙航空职业技术学院,历史,提前专科批,531102,长沙航空职业技术学院02,未标风险,03,导弹维修技术(只招男生)(空军),其他专业类,其他,专业名称或备注含体检、性别、色觉、军士/司法/航海等限制，需核对章程
长沙航空职业技术学院,历史,提前专科批,531102,长沙航空职业技术学院02,未标风险,04,无人机应用技术(只招男生)(陆军),航空运输类,交通运输大类,专业名称或备注含体检、性别、色觉、军士/司法/航海等限制，需核对章程
长沙航空职业技术学院,历史,提前专科批,531102,长沙航空职业技术学院02,未标风险,05,无人机应用技术(只招男生)(武警部队),航空运输类,交通运输大类,专业名称或备注含体检、性别、色觉、军士/司法/航海等限制，需核对章程
长沙民政职业技术学院,物理,专科批,531202,长沙民政职业技术学院02,中危混合组,15,人力资源管理,公共管理服务类,公共管理与服务大类,热门/强就业专科专业组中混入谨慎方向，志愿表需按该专业兜底
长沙民政职业技术学院,物理,专科批,531202,长沙民政职业技术学院02,中危混合组,16,婚庆服务与管理,公共管理服务类,公共管理与服务大类,热门/强就业专科专业组中混入谨慎方向，志愿表需按该专业兜底
长沙民政职业技术学院,物理,专科批,531202,长沙民政职业技术学院02,中危混合组,17,现代殡葬技术与管理,公共管理服务类,公共管理与服务大类,热门/强就业专科专业组中混入谨慎方向，志愿表需按该专业兜底
江苏信息职业技术学院,历史,提前专科批,121001,江苏信息职业技术学院01,未标风险,01,物联网应用技术(只招男生)(空军),计算机类,电子与信息大类,专业名称或备注含体检、性别、色觉、军士/司法/航海等限制，需核对章程
上海工艺美术职业学院,历史,专科批,214601,上海工艺美术职业学院01,中危混合组,04,风景园林设计,土木建筑类,土木建筑大类,热门/强就业专科专业组中混入谨慎方向，志愿表需按该专业兜底
南京信息职业技术学院,物理,提前专科批,115407,南京信息职业技术学院07,未标风险,76,计算机网络技术(水面舰艇人员合格)(只招男生)(海军),计算机类,电子与信息大类,专业名称或备注含体检、性别、色觉、军士/司法/航海等限制，需核对章程
南京信息职业技术学院,物理,提前专科批,115407,南京信息职业技术学院07,未标风险,77,大数据技术(水面舰艇人员合格)(只招男生)(海军),计算机类,电子与信息大类,专业名称或备注含体检、性别、色觉、军士/司法/航海等限制，需核对章程
南京信息职业技术学院,物理,提前专科批,115408,南京信息职业技术学院08,未标风险,78,电子信息工程技术(只招男生)(火箭军),电子信息类,电子与信息大类,专业名称或备注含体检、性别、色觉、军士/司法/航海等限制，需核对章程
南京信息职业技术学院,物理,提前专科批,115408,南京信息职业技术学院08,未标风险,79,计算机网络技术(只招男生)(火箭军),计算机类,电子与信息大类,专业名称或备注含体检、性别、色觉、军士/司法/航海等限制，需核对章程
太湖创意职业技术学院,历史,专科批,195901,太湖创意职业技术学院01,未标风险,01,"护理(与无锡太湖学院分段培养项目)(报考该专业有色觉要求,具体请查阅院校招生章程)",护理医学类,医药卫生大类,专业名称或备注含体检、性别、色觉、军士/司法/航海等限制，需核对章程
太湖创意职业技术学院,历史,专科批,195903,太湖创意职业技术学院03,中危混合组,05,"计算机应用技术(报考该专业有色觉要求,具体请查阅院校招生章程)",计算机类,电子与信息大类,专业名称或备注含体检、性别、色觉、军士/司法/航海等限制，需核对章程
太湖创意职业技术学院,历史,专科批,195903,太湖创意职业技术学院03,中危混合组,06,动漫制作技术,文化艺术类,文化艺术大类,热门/强就业专科专业组中混入谨慎方向，志愿表需按该专业兜底
太湖创意职业技术学院,历史,专科批,195903,太湖创意职业技术学院03,中危混合组,08,"护理(报考该专业有色觉要求,具体请查阅院校招生章程)",护理医学类,医药卫生大类,专业名称或备注含体检、性别、色觉、军士/司法/航海等限制，需核对章程
太湖创意职业技术学院,历史,专科批,195903,太湖创意职业技术学院03,中危混合组,09,"婴幼儿托育服务与管理(报考该专业有色觉要求,具体请查阅院校招生章程)",护理医学类,医药卫生大类,专业名称或备注含体检、性别、色觉、军士/司法/航海等限制，需核对章程
太湖创意职业技术学院,历史,专科批,195903,太湖创意职业技术学院03,中危混合组,15,智慧健康养老服务与管理,公共管理服务类,公共管理与服务大类,热门/强就业专科专业组中混入谨慎方向，志愿表需按该专业兜底
无锡职业技术大学,历史,专科批,121101,无锡职业技术大学01,中危混合组,25,旅游管理,旅游餐饮类,旅游大类,热门/强就业专科专业组中混入谨慎方向，志愿表需按该专业兜底
无锡职业技术大学,历史,专科批,121101,无锡职业技术大学01,中危混合组,26,酒店管理与数字化运营,旅游餐饮类,旅游大类,热门/强就业专科专业组中混入谨慎方向，志愿表需按该专业兜底
无锡职业技术大学,历史,专科批,121101,无锡职业技术大学01,中危混合组,27,智慧旅游技术应用,旅游餐饮类,旅游大类,热门/强就业专科专业组中混入谨慎方向，志愿表需按该专业兜底
无锡职业技术大学,历史,专科批,121101,无锡职业技术大学01,中危混合组,28,智慧健康养老服务与管理,公共管理服务类,公共管理与服务大类,热门/强就业专科专业组中混入谨慎方向，志愿表需按该专业兜底
南京信息职业技术学院,历史,提前专科批,115402,南京信息职业技术学院02,未标风险,35,计算机网络技术(水面舰艇人员合格)(只招男生)(海军),计算机类,电子与信息大类,专业名称或备注含体检、性别、色觉、军士/司法/航海等限制，需核对章程
南京信息职业技术学院,历史,提前专科批,115402,南京信息职业技术学院02,未标风险,36,大数据技术(水面舰艇人员合格)(只招男生)(海军),计算机类,电子与信息大类,专业名称或备注含体检、性别、色觉、军士/司法/航海等限制，需核对章程
南京信息职业技术学院,历史,提前专科批,115403,南京信息职业技术学院03,未标风险,37,电子信息工程技术(只招男生)(火箭军),电子信息类,电子与信息大类,专业名称或备注含体检、性别、色觉、军士/司法/航海等限制，需核对章程
南京信息职业技术学院,历史,提前专科批,115403,南京信息职业技术学院03,未标风险,38,计算机网络技术(只招男生)(火箭军),计算机类,电子与信息大类,专业名称或备注含体检、性别、色觉、军士/司法/航海等限制，需核对章程
苏州卫生职业技术学院,历史,专科批,127502,苏州卫生职业技术学院02,中危混合组,13,生物制药技术,生物化工类,生物与化工大类,热门/强就业专科专业组中混入谨慎方向，志愿表需按该专业兜底
苏州卫生职业技术学院,历史,专科批,127502,苏州卫生职业技术学院02,中危混合组,15,医学营养,食品药品类,食品药品与粮食大类,热门/强就业专科专业组中混入谨慎方向，志愿表需按该专业兜底
苏州卫生职业技术学院,历史,专科批,127502,苏州卫生职业技术学院02,中危混合组,20,智慧健康养老服务与管理,公共管理服务类,公共管理与服务大类,热门/强就业专科专业组中混入谨慎方向，志愿表需按该专业兜底
苏州卫生职业技术学院,历史,专科批,127502,苏州卫生职业技术学院02,中危混合组,23,视觉训练与康复,文化艺术类,文化艺术大类,热门/强就业专科专业组中混入谨慎方向，志愿表需按该专业兜底
苏州经贸职业技术学院,历史,专科批,127402,苏州经贸职业技术学院02,中危混合组,18,分析检验技术,生物化工类,生物与化工大类,热门/强就业专科专业组中混入谨慎方向，志愿表需按该专业兜底
苏州经贸职业技术学院,历史,专科批,127402,苏州经贸职业技术学院02,中危混合组,21,酒店管理与数字化运营,旅游餐饮类,旅游大类,热门/强就业专科专业组中混入谨慎方向，志愿表需按该专业兜底
苏州经贸职业技术学院,历史,专科批,127402,苏州经贸职业技术学院02,中危混合组,24,会展策划与管理,旅游餐饮类,旅游大类,热门/强就业专科专业组中混入谨慎方向，志愿表需按该专业兜底
苏州经贸职业技术学院,历史,专科批,127402,苏州经贸职业技术学院02,中危混合组,27,现代文秘,公共管理服务类,公共管理与服务大类,热门/强就业专科专业组中混入谨慎方向，志愿表需按该专业兜底
江苏经贸职业技术学院,历史,专科批,115602,江苏经贸职业技术学院02,中危混合组,08,食品检验检测技术,食品药品类,食品药品与粮食大类,热门/强就业专科专业组中混入谨慎方向，志愿表需按该专业兜底
江苏经贸职业技术学院,历史,专科批,115602,江苏经贸职业技术学院02,中危混合组,09,食品药品监督管理,食品药品类,食品药品与粮食大类,热门/强就业专科专业组中混入谨慎方向，志愿表需按该专业兜底
江苏经贸职业技术学院,历史,专科批,115602,江苏经贸职业技术学院02,中危混合组,10,智慧健康养老服务与管理,公共管理服务类,公共管理与服务大类,热门/强就业专科专业组中混入谨慎方向，志愿表需按该专业兜底
江苏经贸职业技术学院,历史,专科批,115602,江苏经贸职业技术学院02,中危混合组,21,旅游管理,旅游餐饮类,旅游大类,热门/强就业专科专业组中混入谨慎方向，志愿表需按该专业兜底
江苏经贸职业技术学院,历史,专科批,115602,江苏经贸职业技术学院02,中危混合组,22,酒店管理与数字化运营,旅游餐饮类,旅游大类,热门/强就业专科专业组中混入谨慎方向，志愿表需按该专业兜底
江苏经贸职业技术学院,历史,专科批,115602,江苏经贸职业技术学院02,中危混合组,31,人力资源管理,公共管理服务类,公共管理与服务大类,热门/强就业专科专业组中混入谨慎方向，志愿表需按该专业兜底
南京城市职业学院,历史,专科批,117204,南京城市职业学院04,中危混合组,10,智慧健康养老服务与管理,公共管理服务类,公共管理与服务大类,热门/强就业专科专业组中混入谨慎方向，志愿表需按该专业兜底
常州信息职业技术大学,历史,专科批,125002,常州信息职业技术大学02,中危混合组,20,动漫制作技术,文化艺术类,文化艺术大类,热门/强就业专科专业组中混入谨慎方向，志愿表需按该专业兜底
常州信息职业技术大学,历史,专科批,125002,常州信息职业技术大学02,中危混合组,29,视觉传达设计,文化艺术类,文化艺术大类,热门/强就业专科专业组中混入谨慎方向，志愿表需按该专业兜底
常州信息职业技术大学,历史,专科批,125002,常州信息职业技术大学02,中危混合组,30,数字媒体艺术设计,文化艺术类,文化艺术大类,热门/强就业专科专业组中混入谨慎方向，志愿表需按该专业兜底
常州信息职业技术大学,历史,专科批,125002,常州信息职业技术大学02,中危混合组,31,环境艺术设计,文化艺术类,文化艺术大类,热门/强就业专科专业组中混入谨慎方向，志愿表需按该专业兜底
长沙航空职业技术学院,物理,提前专科批,531104,长沙航空职业技术学院04,未标风险,22,飞行器维修技术(只招男生)[空军(机务兵)],其他专业类,其他,专业名称或备注含体检、性别、色觉、军士/司法/航海等限制，需核对章程
长沙航空职业技术学院,物理,提前专科批,531104,长沙航空职业技术学院04,未标风险,23,导弹维修技术(只招男生)(空军),其他专业类,其他,专业名称或备注含体检、性别、色觉、军士/司法/航海等限制，需核对章程
长沙航空职业技术学院,物理,提前专科批,531104,长沙航空职业技术学院04,未标风险,24,无人机应用技术(只招男生)(陆军),航空运输类,交通运输大类,专业名称或备注含体检、性别、色觉、军士/司法/航海等限制，需核对章程
长沙航空职业技术学院,物理,提前专科批,531104,长沙航空职业技术学院04,未标风险,25,无人机应用技术(只招男生)(武警部队),航空运输类,交通运输大类,专业名称或备注含体检、性别、色觉、军士/司法/航海等限制，需核对章程
长沙航空职业技术学院,物理,提前专科批,531105,长沙航空职业技术学院05,未标风险,26,导弹维修技术(水面舰艇人员合格)(只招男生)(海军),其他专业类,其他,专业名称或备注含体检、性别、色觉、军士/司法/航海等限制，需核对章程
山东职业学院,历史,专科批,264601,山东职业学院01,中危混合组,08,低空安全与技术,资源环境安全类,资源环境与安全大类,热门/强就业专科专业组中混入谨慎方向，志愿表需按该专业兜底
武汉民政职业学院,历史,专科批,523501,武汉民政职业学院01,未标风险,01,社会工作,公共管理服务类,公共管理与服务大类,专科就业或接受度需谨慎核对
武汉民政职业学院,历史,专科批,523501,武汉民政职业学院01,未标风险,03,智慧健康养老服务与管理,公共管理服务类,公共管理与服务大类,专科就业或接受度需谨慎核对
武汉民政职业学院,历史,专科批,523501,武汉民政职业学院01,未标风险,04,现代殡葬技术与管理,公共管理服务类,公共管理与服务大类,专科就业或接受度需谨慎核对
苏州农业职业技术学院,历史,专科批,127202,苏州农业职业技术学院02,整体偏冷组,02,风景园林设计(与徐州工程学院分段培养项目)(校本部),土木建筑类,土木建筑大类,专科就业或接受度需谨慎核对
苏州农业职业技术学院,历史,专科批,127203,苏州农业职业技术学院03,中危混合组,03,园艺技术(东山校区),农林牧渔类,农林牧渔大类,热门/强就业专科专业组中混入谨慎方向，志愿表需按该专业兜底
苏州农业职业技术学院,历史,专科批,127203,苏州农业职业技术学院03,中危混合组,04,现代农业技术(东山校区),农林牧渔类,农林牧渔大类,热门/强就业专科专业组中混入谨慎方向，志愿表需按该专业兜底
苏州农业职业技术学院,历史,专科批,127203,苏州农业职业技术学院03,中危混合组,05,茶叶生产与加工技术(东山校区),农林牧渔类,农林牧渔大类,热门/强就业专科专业组中混入谨慎方向，志愿表需按该专业兜底
苏州农业职业技术学院,历史,专科批,127203,苏州农业职业技术学院03,中危混合组,07,园林技术,农林牧渔类,农林牧渔大类,热门/强就业专科专业组中混入谨慎方向，志愿表需按该专业兜底
苏州农业职业技术学院,历史,专科批,127203,苏州农业职业技术学院03,中危混合组,08,园林工程技术,土木建筑类,土木建筑大类,热门/强就业专科专业组中混入谨慎方向，志愿表需按该专业兜底
苏州农业职业技术学院,历史,专科批,127203,苏州农业职业技术学院03,中危混合组,09,风景园林设计,土木建筑类,土木建筑大类,热门/强就业专科专业组中混入谨慎方向，志愿表需按该专业兜底
苏州农业职业技术学院,历史,专科批,127203,苏州农业职业技术学院03,中危混合组,11,古建筑工程技术,土木建筑类,土木建筑大类,热门/强就业专科专业组中混入谨慎方向，志愿表需按该专业兜底
苏州农业职业技术学院,历史,专科批,127203,苏州农业职业技术学院03,中危混合组,12,森林生态旅游与康养,旅游餐饮类,旅游大类,热门/强就业专科专业组中混入谨慎方向，志愿表需按该专业兜底
苏州农业职业技术学院,历史,专科批,127203,苏州农业职业技术学院03,中危混合组,14,旅游管理,旅游餐饮类,旅游大类,热门/强就业专科专业组中混入谨慎方向，志愿表需按该专业兜底
苏州农业职业技术学院,历史,专科批,127203,苏州农业职业技术学院03,中危混合组,19,智慧农业技术与装备,农林牧渔类,农林牧渔大类,热门/强就业专科专业组中混入谨慎方向，志愿表需按该专业兜底
苏州农业职业技术学院,历史,专科批,127203,苏州农业职业技术学院03,中危混合组,20,食品检验检测技术,食品药品类,食品药品与粮食大类,热门/强就业专科专业组中混入谨慎方向，志愿表需按该专业兜底
苏州农业职业技术学院,历史,专科批,127203,苏州农业职业技术学院03,中危混合组,21,食品药品监督管理,食品药品类,食品药品与粮食大类,热门/强就业专科专业组中混入谨慎方向，志愿表需按该专业兜底
苏州农业职业技术学院,历史,专科批,127203,苏州农业职业技术学院03,中危混合组,22,食品智能加工技术,食品药品类,食品药品与粮食大类,热门/强就业专科专业组中混入谨慎方向，志愿表需按该专业兜底
苏州农业职业技术学院,历史,专科批,127203,苏州农业职业技术学院03,中危混合组,24,农产品加工与质量检测,农林牧渔类,农林牧渔大类,热门/强就业专科专业组中混入谨慎方向，志愿表需按该专业兜底
苏州农业职业技术学院,历史,专科批,127203,苏州农业职业技术学院03,中危混合组,25,环境工程技术,资源环境安全类,资源环境与安全大类,热门/强就业专科专业组中混入谨慎方向，志愿表需按该专业兜底
苏州农业职业技术学院,历史,专科批,127203,苏州农业职业技术学院03,中危混合组,26,环境监测技术,资源环境安全类,资源环境与安全大类,热门/强就业专科专业组中混入谨慎方向，志愿表需按该专业兜底
苏州农业职业技术学院,历史,专科批,127203,苏州农业职业技术学院03,中危混合组,27,生态环境修复技术,资源环境安全类,资源环境与安全大类,热门/强就业专科专业组中混入谨慎方向，志愿表需按该专业兜底
苏州农业职业技术学院,历史,专科批,127203,苏州农业职业技术学院03,中危混合组,28,水产养殖技术,农林牧渔类,农林牧渔大类,热门/强就业专科专业组中混入谨慎方向，志愿表需按该专业兜底
苏州农业职业技术学院,历史,专科批,127203,苏州农业职业技术学院03,中危混合组,31,会展策划与管理,旅游餐饮类,旅游大类,热门/强就业专科专业组中混入谨慎方向，志愿表需按该专业兜底
苏州农业职业技术学院,历史,专科批,127204,苏州农业职业技术学院04,整体偏冷组,32,环境工程技术(中外合作办学)(校本部),资源环境安全类,资源环境与安全大类,专科就业或接受度需谨慎核对
北京科技职业大学,物理,提前专科批,317801,北京科技职业大学01,未标风险,01,电气自动化技术(只招男生)(火箭军),电气自动化类,装备制造大类,专业名称或备注含体检、性别、色觉、军士/司法/航海等限制，需核对章程
北京科技职业大学,物理,提前专科批,317801,北京科技职业大学01,未标风险,02,电子信息工程技术(只招男生)(火箭军),电子信息类,电子与信息大类,专业名称或备注含体检、性别、色觉、军士/司法/航海等限制，需核对章程
北京科技职业大学,物理,提前专科批,317801,北京科技职业大学01,未标风险,03,电子信息工程技术(只招男生)(网络空间部队),计算机类,电子与信息大类,专业名称或备注含体检、性别、色觉、军士/司法/航海等限制，需核对章程
南京交通职业技术学院,历史,专科批,115202,南京交通职业技术学院02,中危混合组,06,道路与桥梁工程技术,土木建筑类,土木建筑大类,热门/强就业专科专业组中混入谨慎方向，志愿表需按该专业兜底
南京交通职业技术学院,历史,专科批,115202,南京交通职业技术学院02,中危混合组,09,安全技术与管理,资源环境安全类,资源环境与安全大类,热门/强就业专科专业组中混入谨慎方向，志愿表需按该专业兜底
南京交通职业技术学院,历史,专科批,115202,南京交通职业技术学院02,中危混合组,25,工程造价,土木建筑类,土木建筑大类,热门/强就业专科专业组中混入谨慎方向，志愿表需按该专业兜底
江苏司法警官职业学院,历史,专科批,116103,江苏司法警官职业学院03,中危混合组,09,社区矫正,公共管理服务类,公共管理与服务大类,热门/强就业专科专业组中混入谨慎方向，志愿表需按该专业兜底
江苏司法警官职业学院,历史,专科批,116103,江苏司法警官职业学院03,中危混合组,10,消防救援技术,资源环境安全类,资源环境与安全大类,热门/强就业专科专业组中混入谨慎方向，志愿表需按该专业兜底
浙江邮电职业技术学院,物理,专科批,222602,浙江邮电职业技术学院02,中危混合组,04,数字媒体艺术设计,文化艺术类,文化艺术大类,热门/强就业专科专业组中混入谨慎方向，志愿表需按该专业兜底
武汉民政职业学院,物理,专科批,523502,武汉民政职业学院02,未标风险,06,视觉传达设计,文化艺术类,文化艺术大类,专科就业或接受度需谨慎核对
武汉民政职业学院,物理,专科批,523502,武汉民政职业学院02,未标风险,08,智慧健康养老服务与管理,公共管理服务类,公共管理与服务大类,专科就业或接受度需谨慎核对
武汉民政职业学院,物理,专科批,523502,武汉民政职业学院02,未标风险,09,现代殡葬技术与管理,公共管理服务类,公共管理与服务大类,专科就业或接受度需谨慎核对
厦门海洋职业技术学院,物理,提前专科批,241701,厦门海洋职业技术学院01,未标风险,03,航海技术,航海运输类,交通运输大类,专业名称或备注含体检、性别、色觉、军士/司法/航海等限制，需核对章程
厦门海洋职业技术学院,物理,提前专科批,241701,厦门海洋职业技术学院01,未标风险,04,轮机工程技术,航海运输类,交通运输大类,专业名称或备注含体检、性别、色觉、军士/司法/航海等限制，需核对章程
南京科技职业学院,历史,专科批,115301,南京科技职业学院01,中危混合组,03,应用化工技术,生物化工类,生物与化工大类,热门/强就业专科专业组中混入谨慎方向，志愿表需按该专业兜底
南京科技职业学院,历史,专科批,115301,南京科技职业学院01,中危混合组,04,精细化工技术,生物化工类,生物与化工大类,热门/强就业专科专业组中混入谨慎方向，志愿表需按该专业兜底
南京科技职业学院,历史,专科批,115301,南京科技职业学院01,中危混合组,05,环境监测技术,资源环境安全类,资源环境与安全大类,热门/强就业专科专业组中混入谨慎方向，志愿表需按该专业兜底
南京科技职业学院,历史,专科批,115301,南京科技职业学院01,中危混合组,06,环境工程技术,资源环境安全类,资源环境与安全大类,热门/强就业专科专业组中混入谨慎方向，志愿表需按该专业兜底
南京科技职业学院,历史,专科批,115301,南京科技职业学院01,中危混合组,07,应急救援技术,资源环境安全类,资源环境与安全大类,热门/强就业专科专业组中混入谨慎方向，志愿表需按该专业兜底
南京科技职业学院,历史,专科批,115301,南京科技职业学院01,中危混合组,08,分析检验技术,生物化工类,生物与化工大类,热门/强就业专科专业组中混入谨慎方向，志愿表需按该专业兜底
南京科技职业学院,历史,专科批,115301,南京科技职业学院01,中危混合组,16,化工装备技术,生物化工类,生物与化工大类,热门/强就业专科专业组中混入谨慎方向，志愿表需按该专业兜底
南京科技职业学院,历史,专科批,115301,南京科技职业学院01,中危混合组,30,工程造价,土木建筑类,土木建筑大类,热门/强就业专科专业组中混入谨慎方向，志愿表需按该专业兜底
无锡职业技术大学,物理,专科批,121104,无锡职业技术大学04,中危混合组,69,旅游管理,旅游餐饮类,旅游大类,热门/强就业专科专业组中混入谨慎方向，志愿表需按该专业兜底
无锡职业技术大学,物理,专科批,121104,无锡职业技术大学04,中危混合组,70,酒店管理与数字化运营,旅游餐饮类,旅游大类,热门/强就业专科专业组中混入谨慎方向，志愿表需按该专业兜底
无锡职业技术大学,物理,专科批,121104,无锡职业技术大学04,中危混合组,71,智慧旅游技术应用,旅游餐饮类,旅游大类,热门/强就业专科专业组中混入谨慎方向，志愿表需按该专业兜底
无锡职业技术大学,物理,专科批,121104,无锡职业技术大学04,中危混合组,72,智慧健康养老服务与管理,公共管理服务类,公共管理与服务大类,热门/强就业专科专业组中混入谨慎方向，志愿表需按该专业兜底
苏州职业技术大学,物理,专科批,127004,苏州职业技术大学04,中危混合组,38,服装设计与工艺,文化艺术类,文化艺术大类,热门/强就业专科专业组中混入谨慎方向，志愿表需按该专业兜底
苏州职业技术大学,物理,专科批,127004,苏州职业技术大学04,中危混合组,39,食品检验检测技术,食品药品类,食品药品与粮食大类,热门/强就业专科专业组中混入谨慎方向，志愿表需按该专业兜底
苏州职业技术大学,物理,专科批,127004,苏州职业技术大学04,中危混合组,48,动漫制作技术,文化艺术类,文化艺术大类,热门/强就业专科专业组中混入谨慎方向，志愿表需按该专业兜底
苏州职业技术大学,物理,专科批,127005,苏州职业技术大学05,整体偏冷组,57,生物制药技术(校本部),生物化工类,生物与化工大类,专科就业或接受度需谨慎核对
江苏信息职业技术学院,物理,提前专科批,121004,江苏信息职业技术学院04,未标风险,22,物联网应用技术(只招男生)(空军),计算机类,电子与信息大类,专业名称或备注含体检、性别、色觉、军士/司法/航海等限制，需核对章程
江苏信息职业技术学院,物理,提前专科批,121004,江苏信息职业技术学院04,未标风险,23,现代移动通信技术(只招男生)(空军),电子信息类,电子与信息大类,专业名称或备注含体检、性别、色觉、军士/司法/航海等限制，需核对章程
武汉铁路职业技术学院,物理,专科批,525202,武汉铁路职业技术学院02,中危混合组,20,测绘工程技术,资源环境安全类,资源环境与安全大类,热门/强就业专科专业组中混入谨慎方向，志愿表需按该专业兜底
上海工艺美术职业学院,物理,专科批,214602,上海工艺美术职业学院02,中危混合组,09,风景园林设计,土木建筑类,土木建筑大类,热门/强就业专科专业组中混入谨慎方向，志愿表需按该专业兜底
重庆电力高等专科学校,历史,专科批,623901,重庆电力高等专科学校01,未标风险,01,"热能动力工程技术(第一、二学年在潼南校区学习,第三学年在九龙坡校区学习)(报考该专业有色觉要求,具体请查阅院校招生章程)",能源动力与材料类,能源动力与材料大类,专业名称或备注含体检、性别、色觉、军士/司法/航海等限制，需核对章程
无锡城市职业技术学院,历史,专科批,121402,无锡城市职业技术学院02,中危混合组,11,酒店管理与数字化运营,旅游餐饮类,旅游大类,热门/强就业专科专业组中混入谨慎方向，志愿表需按该专业兜底
无锡城市职业技术学院,历史,专科批,121402,无锡城市职业技术学院02,中危混合组,12,会展策划与管理,旅游餐饮类,旅游大类,热门/强就业专科专业组中混入谨慎方向，志愿表需按该专业兜底
无锡城市职业技术学院,历史,专科批,121402,无锡城市职业技术学院02,中危混合组,23,建筑工程技术,土木建筑类,土木建筑大类,热门/强就业专科专业组中混入谨慎方向，志愿表需按该专业兜底
无锡城市职业技术学院,历史,专科批,121402,无锡城市职业技术学院02,中危混合组,24,工程造价,土木建筑类,土木建筑大类,热门/强就业专科专业组中混入谨慎方向，志愿表需按该专业兜底
无锡城市职业技术学院,历史,专科批,121402,无锡城市职业技术学院02,中危混合组,25,建筑装饰工程技术,土木建筑类,土木建筑大类,热门/强就业专科专业组中混入谨慎方向，志愿表需按该专业兜底
无锡城市职业技术学院,历史,专科批,121402,无锡城市职业技术学院02,中危混合组,26,风景园林设计,土木建筑类,土木建筑大类,热门/强就业专科专业组中混入谨慎方向，志愿表需按该专业兜底
无锡城市职业技术学院,历史,专科批,121402,无锡城市职业技术学院02,中危混合组,27,建筑室内设计,土木建筑类,土木建筑大类,热门/强就业专科专业组中混入谨慎方向，志愿表需按该专业兜底
无锡城市职业技术学院,历史,专科批,121402,无锡城市职业技术学院02,中危混合组,28,影视编导,文化艺术类,文化艺术大类,热门/强就业专科专业组中混入谨慎方向，志愿表需按该专业兜底
浙江经贸职业技术学院,物理,专科批,221702,浙江经贸职业技术学院02,中危混合组,06,食品检验检测技术,食品药品类,食品药品与粮食大类,热门/强就业专科专业组中混入谨慎方向，志愿表需按该专业兜底
浙江经贸职业技术学院,物理,专科批,221702,浙江经贸职业技术学院02,中危混合组,07,食品营养与健康,食品药品类,食品药品与粮食大类,热门/强就业专科专业组中混入谨慎方向，志愿表需按该专业兜底
南京机电职业技术学院,物理,专科批,115902,南京机电职业技术学院02,中危混合组,28,工业设计,文化艺术类,文化艺术大类,热门/强就业专科专业组中混入谨慎方向，志愿表需按该专业兜底
苏州信息职业技术学院,历史,专科批,127701,苏州信息职业技术学院01,中危混合组,05,旅游管理,旅游餐饮类,旅游大类,热门/强就业专科专业组中混入谨慎方向，志愿表需按该专业兜底
苏州信息职业技术学院,历史,专科批,127701,苏州信息职业技术学院01,中危混合组,09,动漫制作技术,文化艺术类,文化艺术大类,热门/强就业专科专业组中混入谨慎方向，志愿表需按该专业兜底
安徽粮食工程职业学院,历史,专科批,237901,安徽粮食工程职业学院01,整体偏冷组,01,粮食储运与质量安全,食品药品类,食品药品与粮食大类,专科就业或接受度需谨慎核对
上海城建职业学院,历史,专科批,215501,上海城建职业学院01,中危混合组,02,园林技术(杨浦校区),农林牧渔类,农林牧渔大类,热门/强就业专科专业组中混入谨慎方向，志愿表需按该专业兜底
上海城建职业学院,历史,专科批,215501,上海城建职业学院01,中危混合组,05,社会工作,公共管理服务类,公共管理与服务大类,热门/强就业专科专业组中混入谨慎方向，志愿表需按该专业兜底
上海城建职业学院,物理,专科批,215502,上海城建职业学院02,中危混合组,08,建筑工程技术,土木建筑类,土木建筑大类,热门/强就业专科专业组中混入谨慎方向，志愿表需按该专业兜底
上海城建职业学院,物理,专科批,215502,上海城建职业学院02,中危混合组,11,环境工程技术,资源环境安全类,资源环境与安全大类,热门/强就业专科专业组中混入谨慎方向，志愿表需按该专业兜底
山东职业学院,物理,专科批,264603,山东职业学院03,中危混合组,24,低空安全与技术,资源环境安全类,资源环境与安全大类,热门/强就业专科专业组中混入谨慎方向，志愿表需按该专业兜底
苏州工业园区服务外包职业学院,历史,专科批,127602,苏州工业园区服务外包职业学院02,中危混合组,09,生物制药技术,生物化工类,生物与化工大类,热门/强就业专科专业组中混入谨慎方向，志愿表需按该专业兜底
苏州工业园区服务外包职业学院,历史,专科批,127602,苏州工业园区服务外包职业学院02,中危混合组,12,动漫制作技术,文化艺术类,文化艺术大类,热门/强就业专科专业组中混入谨慎方向，志愿表需按该专业兜底
山东信息职业技术学院,历史,提前专科批,275901,山东信息职业技术学院01,未标风险,01,无人机应用技术(只招男生)(陆军),航空运输类,交通运输大类,专业名称或备注含体检、性别、色觉、军士/司法/航海等限制，需核对章程
山东信息职业技术学院,历史,提前专科批,275901,山东信息职业技术学院01,未标风险,02,应用电子技术(只招男生)(空军),电子信息类,电子与信息大类,专业名称或备注含体检、性别、色觉、军士/司法/航海等限制，需核对章程
上海交通职业技术学院,历史,专科批,215401,上海交通职业技术学院01,未标风险,01,"城市轨道交通运营管理(报考该专业有色觉要求,具体请查阅院校招生章程)",铁道运输类,交通运输大类,专业名称或备注含体检、性别、色觉、军士/司法/航海等限制，需核对章程
上海民航职业技术学院,物理,专科批,216706,上海民航职业技术学院06,未标风险,09,"飞机机电设备维修(中外合作办学)(浦东校区)(报考该专业有色觉要求,具体请查阅院校招生章程)",航空运输类,交通运输大类,专业名称或备注含体检、性别、色觉、军士/司法/航海等限制，需核对章程
上海民航职业技术学院,物理,专科批,216707,上海民航职业技术学院07,中危混合组,22,无人机测绘技术,资源环境安全类,资源环境与安全大类,热门/强就业专科专业组中混入谨慎方向，志愿表需按该专业兜底
上海农林职业技术学院,历史,专科批,215001,上海农林职业技术学院01,中危混合组,01,"宠物养护与驯导(报考该专业有色觉要求,具体请查阅院校招生章程)",农林牧渔类,农林牧渔大类,热门/强就业专科专业组中混入谨慎方向，志愿表需按该专业兜底
上海行健职业学院,物理,专科批,216602,上海行健职业学院02,中危混合组,07,影视多媒体技术,文化艺术类,文化艺术大类,热门/强就业专科专业组中混入谨慎方向，志愿表需按该专业兜底
苏州卫生职业技术学院,物理,专科批,127504,苏州卫生职业技术学院04,中危混合组,36,生物制药技术,生物化工类,生物与化工大类,热门/强就业专科专业组中混入谨慎方向，志愿表需按该专业兜底
苏州卫生职业技术学院,物理,专科批,127504,苏州卫生职业技术学院04,中危混合组,38,医学营养,食品药品类,食品药品与粮食大类,热门/强就业专科专业组中混入谨慎方向，志愿表需按该专业兜底
苏州卫生职业技术学院,物理,专科批,127504,苏州卫生职业技术学院04,中危混合组,43,智慧健康养老服务与管理,公共管理服务类,公共管理与服务大类,热门/强就业专科专业组中混入谨慎方向，志愿表需按该专业兜底
苏州卫生职业技术学院,物理,专科批,127504,苏州卫生职业技术学院04,中危混合组,46,视觉训练与康复,文化艺术类,文化艺术大类,热门/强就业专科专业组中混入谨慎方向，志愿表需按该专业兜底
成都航空职业技术大学,物理,提前专科批,613802,成都航空职业技术大学02,未标风险,03,飞行器数字化制造技术(只招男生)(新都校区)[海军(机务兵)],机械设计制造类,装备制造大类,专业名称或备注含体检、性别、色觉、军士/司法/航海等限制，需核对章程
成都航空职业技术大学,物理,提前专科批,613802,成都航空职业技术大学02,未标风险,04,无人机应用技术(只招男生)(龙泉校区)[海军(机务兵)],航空运输类,交通运输大类,专业名称或备注含体检、性别、色觉、军士/司法/航海等限制，需核对章程
成都航空职业技术大学,物理,提前专科批,613802,成都航空职业技术大学02,未标风险,05,飞机机电设备维修(只招男生)(龙泉校区)[空军(机务兵)],航空运输类,交通运输大类,专业名称或备注含体检、性别、色觉、军士/司法/航海等限制，需核对章程
浙江机电职业技术大学,历史,专科批,225501,浙江机电职业技术大学01,未标风险,03,产品艺术设计(滨江校区),文化艺术类,文化艺术大类,专科就业或接受度需谨慎核对
江苏医药职业学院,历史,专科批,137101,江苏医药职业学院01,中危混合组,06,智慧健康养老服务与管理,公共管理服务类,公共管理与服务大类,热门/强就业专科专业组中混入谨慎方向，志愿表需按该专业兜底
江苏医药职业学院,历史,专科批,137101,江苏医药职业学院01,中危混合组,07,社会工作,公共管理服务类,公共管理与服务大类,热门/强就业专科专业组中混入谨慎方向，志愿表需按该专业兜底
江苏医药职业学院,历史,专科批,137101,江苏医药职业学院01,中危混合组,08,现代家政服务与管理,公共管理服务类,公共管理与服务大类,热门/强就业专科专业组中混入谨慎方向，志愿表需按该专业兜底
江苏医药职业学院,历史,专科批,137101,江苏医药职业学院01,中危混合组,10,生物制药技术,生物化工类,生物与化工大类,热门/强就业专科专业组中混入谨慎方向，志愿表需按该专业兜底
江苏医药职业学院,历史,专科批,137101,江苏医药职业学院01,中危混合组,21,社区康复,公共管理服务类,公共管理与服务大类,热门/强就业专科专业组中混入谨慎方向，志愿表需按该专业兜底
常州信息职业技术大学,物理,专科批,125006,常州信息职业技术大学06,中危混合组,59,动漫制作技术,文化艺术类,文化艺术大类,热门/强就业专科专业组中混入谨慎方向，志愿表需按该专业兜底
太湖创意职业技术学院,物理,专科批,195904,太湖创意职业技术学院04,未标风险,16,"护理(与无锡太湖学院分段培养项目)(报考该专业有色觉要求,具体请查阅院校招生章程)",护理医学类,医药卫生大类,专业名称或备注含体检、性别、色觉、军士/司法/航海等限制，需核对章程
太湖创意职业技术学院,物理,专科批,195906,太湖创意职业技术学院06,中危混合组,20,"计算机应用技术(报考该专业有色觉要求,具体请查阅院校招生章程)",计算机类,电子与信息大类,专业名称或备注含体检、性别、色觉、军士/司法/航海等限制，需核对章程
太湖创意职业技术学院,物理,专科批,195906,太湖创意职业技术学院06,中危混合组,21,动漫制作技术,文化艺术类,文化艺术大类,热门/强就业专科专业组中混入谨慎方向，志愿表需按该专业兜底
太湖创意职业技术学院,物理,专科批,195906,太湖创意职业技术学院06,中危混合组,23,"护理(报考该专业有色觉要求,具体请查阅院校招生章程)",护理医学类,医药卫生大类,专业名称或备注含体检、性别、色觉、军士/司法/航海等限制，需核对章程
太湖创意职业技术学院,物理,专科批,195906,太湖创意职业技术学院06,中危混合组,24,"婴幼儿托育服务与管理(报考该专业有色觉要求,具体请查阅院校招生章程)",护理医学类,医药卫生大类,专业名称或备注含体检、性别、色觉、军士/司法/航海等限制，需核对章程
太湖创意职业技术学院,物理,专科批,195906,太湖创意职业技术学院06,中危混合组,30,智慧健康养老服务与管理,公共管理服务类,公共管理与服务大类,热门/强就业专科专业组中混入谨慎方向，志愿表需按该专业兜底
山东信息职业技术学院,物理,提前专科批,275902,山东信息职业技术学院02,未标风险,03,无人机应用技术(只招男生)(陆军),航空运输类,交通运输大类,专业名称或备注含体检、性别、色觉、军士/司法/航海等限制，需核对章程
山东信息职业技术学院,物理,提前专科批,275902,山东信息职业技术学院02,未标风险,04,应用电子技术(只招男生)(空军),电子信息类,电子与信息大类,专业名称或备注含体检、性别、色觉、军士/司法/航海等限制，需核对章程
苏州经贸职业技术学院,物理,专科批,127404,苏州经贸职业技术学院04,中危混合组,48,分析检验技术,生物化工类,生物与化工大类,热门/强就业专科专业组中混入谨慎方向，志愿表需按该专业兜底
苏州经贸职业技术学院,物理,专科批,127404,苏州经贸职业技术学院04,中危混合组,51,酒店管理与数字化运营,旅游餐饮类,旅游大类,热门/强就业专科专业组中混入谨慎方向，志愿表需按该专业兜底
苏州经贸职业技术学院,物理,专科批,127404,苏州经贸职业技术学院04,中危混合组,54,会展策划与管理,旅游餐饮类,旅游大类,热门/强就业专科专业组中混入谨慎方向，志愿表需按该专业兜底
苏州经贸职业技术学院,物理,专科批,127404,苏州经贸职业技术学院04,中危混合组,57,现代文秘,公共管理服务类,公共管理与服务大类,热门/强就业专科专业组中混入谨慎方向，志愿表需按该专业兜底
桂林理工大学,物理,专科批,551207,桂林理工大学07,中危混合组,34,无人机测绘技术,资源环境安全类,资源环境与安全大类,热门/强就业专科专业组中混入谨慎方向，志愿表需按该专业兜底
江苏经贸职业技术学院,物理,专科批,115604,江苏经贸职业技术学院04,中危混合组,39,食品检验检测技术,食品药品类,食品药品与粮食大类,热门/强就业专科专业组中混入谨慎方向，志愿表需按该专业兜底
江苏经贸职业技术学院,物理,专科批,115604,江苏经贸职业技术学院04,中危混合组,40,食品药品监督管理,食品药品类,食品药品与粮食大类,热门/强就业专科专业组中混入谨慎方向，志愿表需按该专业兜底
江苏经贸职业技术学院,物理,专科批,115604,江苏经贸职业技术学院04,中危混合组,41,智慧健康养老服务与管理,公共管理服务类,公共管理与服务大类,热门/强就业专科专业组中混入谨慎方向，志愿表需按该专业兜底
江苏经贸职业技术学院,物理,专科批,115604,江苏经贸职业技术学院04,中危混合组,52,旅游管理,旅游餐饮类,旅游大类,热门/强就业专科专业组中混入谨慎方向，志愿表需按该专业兜底
江苏经贸职业技术学院,物理,专科批,115604,江苏经贸职业技术学院04,中危混合组,53,酒店管理与数字化运营,旅游餐饮类,旅游大类,热门/强就业专科专业组中混入谨慎方向，志愿表需按该专业兜底
江苏经贸职业技术学院,物理,专科批,115604,江苏经贸职业技术学院04,中危混合组,62,人力资源管理,公共管理服务类,公共管理与服务大类,热门/强就业专科专业组中混入谨慎方向，志愿表需按该专业兜底
南京科技职业学院,物理,专科批,115304,南京科技职业学院04,中危混合组,35,应用化工技术,生物化工类,生物与化工大类,热门/强就业专科专业组中混入谨慎方向，志愿表需按该专业兜底
南京科技职业学院,物理,专科批,115304,南京科技职业学院04,中危混合组,36,精细化工技术,生物化工类,生物与化工大类,热门/强就业专科专业组中混入谨慎方向，志愿表需按该专业兜底
南京科技职业学院,物理,专科批,115304,南京科技职业学院04,中危混合组,37,环境监测技术,资源环境安全类,资源环境与安全大类,热门/强就业专科专业组中混入谨慎方向，志愿表需按该专业兜底
南京科技职业学院,物理,专科批,115304,南京科技职业学院04,中危混合组,38,环境工程技术,资源环境安全类,资源环境与安全大类,热门/强就业专科专业组中混入谨慎方向，志愿表需按该专业兜底
南京科技职业学院,物理,专科批,115304,南京科技职业学院04,中危混合组,39,应急救援技术,资源环境安全类,资源环境与安全大类,热门/强就业专科专业组中混入谨慎方向，志愿表需按该专业兜底
南京科技职业学院,物理,专科批,115304,南京科技职业学院04,中危混合组,40,分析检验技术,生物化工类,生物与化工大类,热门/强就业专科专业组中混入谨慎方向，志愿表需按该专业兜底
南京科技职业学院,物理,专科批,115304,南京科技职业学院04,中危混合组,48,化工装备技术,生物化工类,生物与化工大类,热门/强就业专科专业组中混入谨慎方向，志愿表需按该专业兜底
南京科技职业学院,物理,专科批,115304,南京科技职业学院04,中危混合组,62,工程造价,土木建筑类,土木建筑大类,热门/强就业专科专业组中混入谨慎方向，志愿表需按该专业兜底
阜阳职业技术学院,物理,提前专科批,238601,阜阳职业技术学院01,未标风险,01,机电一体化技术(只招男生)(七渔河校区)(火箭军),电气自动化类,装备制造大类,专业名称或备注含体检、性别、色觉、军士/司法/航海等限制，需核对章程
阜阳职业技术学院,物理,提前专科批,238601,阜阳职业技术学院01,未标风险,02,计算机应用技术(只招男生)(七渔河校区)(信息支援部队),计算机类,电子与信息大类,专业名称或备注含体检、性别、色觉、军士/司法/航海等限制，需核对章程
扬州职业技术大学,历史,专科批,139002,扬州职业技术大学02,中危混合组,11,旅游管理,旅游餐饮类,旅游大类,热门/强就业专科专业组中混入谨慎方向，志愿表需按该专业兜底
扬州职业技术大学,历史,专科批,139002,扬州职业技术大学02,中危混合组,12,酒店管理与数字化运营,旅游餐饮类,旅游大类,热门/强就业专科专业组中混入谨慎方向，志愿表需按该专业兜底
扬州职业技术大学,历史,专科批,139002,扬州职业技术大学02,中危混合组,15,现代文秘,公共管理服务类,公共管理与服务大类,热门/强就业专科专业组中混入谨慎方向，志愿表需按该专业兜底
扬州职业技术大学,历史,专科批,139002,扬州职业技术大学02,中危混合组,16,人力资源管理,公共管理服务类,公共管理与服务大类,热门/强就业专科专业组中混入谨慎方向，志愿表需按该专业兜底
扬州职业技术大学,历史,专科批,139003,扬州职业技术大学03,中危混合组,18,工程造价(瘦西湖校区),土木建筑类,土木建筑大类,热门/强就业专科专业组中混入谨慎方向，志愿表需按该专业兜底
扬州职业技术大学,历史,专科批,139003,扬州职业技术大学03,中危混合组,19,道路与桥梁工程技术(瘦西湖校区),土木建筑类,土木建筑大类,热门/强就业专科专业组中混入谨慎方向，志愿表需按该专业兜底
扬州职业技术大学,历史,专科批,139003,扬州职业技术大学03,中危混合组,20,无人机测绘技术,资源环境安全类,资源环境与安全大类,热门/强就业专科专业组中混入谨慎方向，志愿表需按该专业兜底
扬州职业技术大学,历史,专科批,139003,扬州职业技术大学03,中危混合组,21,风景园林设计,土木建筑类,土木建筑大类,热门/强就业专科专业组中混入谨慎方向，志愿表需按该专业兜底
扬州职业技术大学,历史,专科批,139003,扬州职业技术大学03,中危混合组,22,"护理(报考该专业有色觉要求,具体请查阅院校招生章程)",护理医学类,医药卫生大类,专业名称或备注含体检、性别、色觉、军士/司法/航海等限制，需核对章程
扬州职业技术大学,历史,专科批,139003,扬州职业技术大学03,中危混合组,23,"医学检验技术(报考该专业有色觉要求,具体请查阅院校招生章程)",护理医学类,医药卫生大类,专业名称或备注含体检、性别、色觉、军士/司法/航海等限制，需核对章程
上海出版印刷高等专科学校,物理,专科批,213202,上海出版印刷高等专科学校02,中危混合组,07,工业设计,文化艺术类,文化艺术大类,热门/强就业专科专业组中混入谨慎方向，志愿表需按该专业兜底
上海出版印刷高等专科学校,物理,专科批,213202,上海出版印刷高等专科学校02,中危混合组,12,动漫制作技术,文化艺术类,文化艺术大类,热门/强就业专科专业组中混入谨慎方向，志愿表需按该专业兜底
上海交通职业技术学院,物理,提前专科批,215402,上海交通职业技术学院02,未标风险,12,轮机工程技术,航海运输类,交通运输大类,专业名称或备注含体检、性别、色觉、军士/司法/航海等限制，需核对章程
天津海运职业学院,物理,提前专科批,323702,天津海运职业学院02,未标风险,02,航海技术(报考该专业须查阅院校招生章程、招生简章并详询院校),航海运输类,交通运输大类,专业名称或备注含体检、性别、色觉、军士/司法/航海等限制，需核对章程
南京旅游职业学院,历史,专科批,116001,南京旅游职业学院01,中危混合组,01,酒店管理与数字化运营,旅游餐饮类,旅游大类,热门/强就业专科专业组中混入谨慎方向，志愿表需按该专业兜底
南京旅游职业学院,历史,专科批,116001,南京旅游职业学院01,中危混合组,05,旅游管理,旅游餐饮类,旅游大类,热门/强就业专科专业组中混入谨慎方向，志愿表需按该专业兜底
南京旅游职业学院,历史,专科批,116001,南京旅游职业学院01,中危混合组,08,智慧旅游技术应用,旅游餐饮类,旅游大类,热门/强就业专科专业组中混入谨慎方向，志愿表需按该专业兜底
南京旅游职业学院,历史,专科批,116001,南京旅游职业学院01,中危混合组,09,烹饪工艺与营养,食品药品类,食品药品与粮食大类,热门/强就业专科专业组中混入谨慎方向，志愿表需按该专业兜底
南京旅游职业学院,历史,专科批,116001,南京旅游职业学院01,中危混合组,11,西式烹饪工艺,食品药品类,食品药品与粮食大类,热门/强就业专科专业组中混入谨慎方向，志愿表需按该专业兜底
南京旅游职业学院,历史,专科批,116001,南京旅游职业学院01,中危混合组,12,餐饮智能管理,旅游餐饮类,旅游大类,热门/强就业专科专业组中混入谨慎方向，志愿表需按该专业兜底
南京旅游职业学院,历史,专科批,116001,南京旅游职业学院01,中危混合组,15,旅游日语,旅游餐饮类,旅游大类,热门/强就业专科专业组中混入谨慎方向，志愿表需按该专业兜底
南京旅游职业学院,历史,专科批,116002,南京旅游职业学院02,整体偏冷组,18,旅游管理(与南京工业职业技术大学分段培养项目),旅游餐饮类,旅游大类,专科就业或接受度需谨慎核对
南京旅游职业学院,历史,专科批,116003,南京旅游职业学院03,整体偏冷组,19,会展策划与管理(与南京传媒学院分段培养项目),旅游餐饮类,旅游大类,专科就业或接受度需谨慎核对
无锡商业职业技术学院,历史,专科批,121202,无锡商业职业技术学院02,中危混合组,15,旅游管理,旅游餐饮类,旅游大类,热门/强就业专科专业组中混入谨慎方向，志愿表需按该专业兜底
无锡商业职业技术学院,历史,专科批,121202,无锡商业职业技术学院02,中危混合组,16,酒店管理与数字化运营,旅游餐饮类,旅游大类,热门/强就业专科专业组中混入谨慎方向，志愿表需按该专业兜底
无锡商业职业技术学院,历史,专科批,121202,无锡商业职业技术学院02,中危混合组,17,烹饪工艺与营养,食品药品类,食品药品与粮食大类,热门/强就业专科专业组中混入谨慎方向，志愿表需按该专业兜底
无锡商业职业技术学院,历史,专科批,121202,无锡商业职业技术学院02,中危混合组,19,建筑室内设计,土木建筑类,土木建筑大类,热门/强就业专科专业组中混入谨慎方向，志愿表需按该专业兜底
无锡商业职业技术学院,历史,专科批,121202,无锡商业职业技术学院02,中危混合组,20,工程造价,土木建筑类,土木建筑大类,热门/强就业专科专业组中混入谨慎方向，志愿表需按该专业兜底
张家界航空工业职业技术学院,物理,提前专科批,535604,张家界航空工业职业技术学院04,未标风险,09,无人机应用技术(只招男生)(陆军),航空运输类,交通运输大类,专业名称或备注含体检、性别、色觉、军士/司法/航海等限制，需核对章程
张家界航空工业职业技术学院,物理,提前专科批,535604,张家界航空工业职业技术学院04,未标风险,10,航空发动机装配调试技术(只招男生)[空军(机务兵)],航空运输类,交通运输大类,专业名称或备注含体检、性别、色觉、军士/司法/航海等限制，需核对章程
张家界航空工业职业技术学院,物理,提前专科批,535604,张家界航空工业职业技术学院04,未标风险,11,电气自动化技术(只招男生)[空军(机务兵)],电气自动化类,装备制造大类,专业名称或备注含体检、性别、色觉、军士/司法/航海等限制，需核对章程
上海科学技术职业学院,历史,专科批,214901,上海科学技术职业学院01,中危混合组,20,社会工作,公共管理服务类,公共管理与服务大类,热门/强就业专科专业组中混入谨慎方向，志愿表需按该专业兜底
天津职业大学,历史,专科批,322401,天津职业大学01,未标风险,02,人力资源管理(海河园校区),公共管理服务类,公共管理与服务大类,专科就业或接受度需谨慎核对
南京交通职业技术学院,物理,专科批,115204,南京交通职业技术学院04,中危混合组,32,道路与桥梁工程技术,土木建筑类,土木建筑大类,热门/强就业专科专业组中混入谨慎方向，志愿表需按该专业兜底
南京交通职业技术学院,物理,专科批,115204,南京交通职业技术学院04,中危混合组,35,安全技术与管理,资源环境安全类,资源环境与安全大类,热门/强就业专科专业组中混入谨慎方向，志愿表需按该专业兜底
南京交通职业技术学院,物理,专科批,115204,南京交通职业技术学院04,中危混合组,52,工程造价,土木建筑类,土木建筑大类,热门/强就业专科专业组中混入谨慎方向，志愿表需按该专业兜底
江苏海事职业技术学院,物理,提前专科批,115003,江苏海事职业技术学院03,未标风险,18,航海技术(水面舰艇人员合格)(只招男生)(陆军),航海运输类,交通运输大类,专业名称或备注含体检、性别、色觉、军士/司法/航海等限制，需核对章程
江苏海事职业技术学院,物理,提前专科批,115003,江苏海事职业技术学院03,未标风险,19,船舶电子电气技术(水面舰艇人员合格)(只招男生)(陆军),航海运输类,交通运输大类,专业名称或备注含体检、性别、色觉、军士/司法/航海等限制，需核对章程
江苏海事职业技术学院,物理,提前专科批,115003,江苏海事职业技术学院03,未标风险,20,轮机工程技术(水面舰艇人员合格)(只招男生)(陆军),航海运输类,交通运输大类,专业名称或备注含体检、性别、色觉、军士/司法/航海等限制，需核对章程
江苏海事职业技术学院,物理,提前专科批,115003,江苏海事职业技术学院03,未标风险,21,轮机工程技术(水面舰艇人员合格)(只招男生)(海军),航海运输类,交通运输大类,专业名称或备注含体检、性别、色觉、军士/司法/航海等限制，需核对章程
江苏海事职业技术学院,物理,提前专科批,115003,江苏海事职业技术学院03,未标风险,22,港口机械与智能控制(水面舰艇人员合格)(只招男生)(海军),航海运输类,交通运输大类,专业名称或备注含体检、性别、色觉、军士/司法/航海等限制，需核对章程
江苏海事职业技术学院,物理,提前专科批,115003,江苏海事职业技术学院03,未标风险,23,航海技术(水面舰艇人员合格)(只招男生)(武警部队),航海运输类,交通运输大类,专业名称或备注含体检、性别、色觉、军士/司法/航海等限制，需核对章程
江苏海事职业技术学院,物理,提前专科批,115003,江苏海事职业技术学院03,未标风险,24,轮机工程技术(水面舰艇人员合格)(只招男生)(武警部队),航海运输类,交通运输大类,专业名称或备注含体检、性别、色觉、军士/司法/航海等限制，需核对章程
江苏海事职业技术学院,物理,提前专科批,115003,江苏海事职业技术学院03,未标风险,25,船舶电子电气技术(水面舰艇人员合格)(只招男生)(武警部队),航海运输类,交通运输大类,专业名称或备注含体检、性别、色觉、军士/司法/航海等限制，需核对章程
江苏海事职业技术学院,物理,提前专科批,115005,江苏海事职业技术学院05,未标风险,27,航海技术,航海运输类,交通运输大类,专业名称或备注含体检、性别、色觉、军士/司法/航海等限制，需核对章程
江苏海事职业技术学院,物理,提前专科批,115005,江苏海事职业技术学院05,未标风险,28,轮机工程技术,航海运输类,交通运输大类,专业名称或备注含体检、性别、色觉、军士/司法/航海等限制，需核对章程
常州机电职业技术学院,历史,专科批,125401,常州机电职业技术学院01,整体偏冷组,01,工业设计(与南京工业职业技术大学分段培养项目),文化艺术类,文化艺术大类,专科就业或接受度需谨慎核对
苏州农业职业技术学院,物理,专科批,127206,苏州农业职业技术学院06,整体偏冷组,34,风景园林设计(与徐州工程学院分段培养项目)(校本部),土木建筑类,土木建筑大类,专科就业或接受度需谨慎核对
苏州农业职业技术学院,物理,专科批,127208,苏州农业职业技术学院08,中危混合组,36,园艺技术(东山校区),农林牧渔类,农林牧渔大类,热门/强就业专科专业组中混入谨慎方向，志愿表需按该专业兜底
苏州农业职业技术学院,物理,专科批,127208,苏州农业职业技术学院08,中危混合组,37,现代农业技术(东山校区),农林牧渔类,农林牧渔大类,热门/强就业专科专业组中混入谨慎方向，志愿表需按该专业兜底
苏州农业职业技术学院,物理,专科批,127208,苏州农业职业技术学院08,中危混合组,38,茶叶生产与加工技术(东山校区),农林牧渔类,农林牧渔大类,热门/强就业专科专业组中混入谨慎方向，志愿表需按该专业兜底
苏州农业职业技术学院,物理,专科批,127208,苏州农业职业技术学院08,中危混合组,41,园林技术,农林牧渔类,农林牧渔大类,热门/强就业专科专业组中混入谨慎方向，志愿表需按该专业兜底
苏州农业职业技术学院,物理,专科批,127208,苏州农业职业技术学院08,中危混合组,42,园林工程技术,土木建筑类,土木建筑大类,热门/强就业专科专业组中混入谨慎方向，志愿表需按该专业兜底
苏州农业职业技术学院,物理,专科批,127208,苏州农业职业技术学院08,中危混合组,43,风景园林设计,土木建筑类,土木建筑大类,热门/强就业专科专业组中混入谨慎方向，志愿表需按该专业兜底
苏州农业职业技术学院,物理,专科批,127208,苏州农业职业技术学院08,中危混合组,45,古建筑工程技术,土木建筑类,土木建筑大类,热门/强就业专科专业组中混入谨慎方向，志愿表需按该专业兜底
苏州农业职业技术学院,物理,专科批,127208,苏州农业职业技术学院08,中危混合组,46,森林生态旅游与康养,旅游餐饮类,旅游大类,热门/强就业专科专业组中混入谨慎方向，志愿表需按该专业兜底
苏州农业职业技术学院,物理,专科批,127208,苏州农业职业技术学院08,中危混合组,55,智慧农业技术与装备,农林牧渔类,农林牧渔大类,热门/强就业专科专业组中混入谨慎方向，志愿表需按该专业兜底
苏州农业职业技术学院,物理,专科批,127208,苏州农业职业技术学院08,中危混合组,56,食品检验检测技术,食品药品类,食品药品与粮食大类,热门/强就业专科专业组中混入谨慎方向，志愿表需按该专业兜底
苏州农业职业技术学院,物理,专科批,127208,苏州农业职业技术学院08,中危混合组,57,食品智能加工技术,食品药品类,食品药品与粮食大类,热门/强就业专科专业组中混入谨慎方向，志愿表需按该专业兜底
苏州农业职业技术学院,物理,专科批,127208,苏州农业职业技术学院08,中危混合组,59,农产品加工与质量检测,农林牧渔类,农林牧渔大类,热门/强就业专科专业组中混入谨慎方向，志愿表需按该专业兜底
苏州农业职业技术学院,物理,专科批,127208,苏州农业职业技术学院08,中危混合组,60,环境工程技术,资源环境安全类,资源环境与安全大类,热门/强就业专科专业组中混入谨慎方向，志愿表需按该专业兜底
苏州农业职业技术学院,物理,专科批,127208,苏州农业职业技术学院08,中危混合组,61,环境监测技术,资源环境安全类,资源环境与安全大类,热门/强就业专科专业组中混入谨慎方向，志愿表需按该专业兜底
苏州农业职业技术学院,物理,专科批,127208,苏州农业职业技术学院08,中危混合组,62,生态环境修复技术,资源环境安全类,资源环境与安全大类,热门/强就业专科专业组中混入谨慎方向，志愿表需按该专业兜底
苏州农业职业技术学院,物理,专科批,127208,苏州农业职业技术学院08,中危混合组,63,水产养殖技术,农林牧渔类,农林牧渔大类,热门/强就业专科专业组中混入谨慎方向，志愿表需按该专业兜底
苏州农业职业技术学院,物理,专科批,127208,苏州农业职业技术学院08,中危混合组,66,会展策划与管理,旅游餐饮类,旅游大类,热门/强就业专科专业组中混入谨慎方向，志愿表需按该专业兜底
苏州农业职业技术学院,物理,专科批,127209,苏州农业职业技术学院09,整体偏冷组,67,环境工程技术(中外合作办学)(校本部),资源环境安全类,资源环境与安全大类,专科就业或接受度需谨慎核对
苏州工业园区服务外包职业学院,物理,专科批,127604,苏州工业园区服务外包职业学院04,中危混合组,26,生物制药技术,生物化工类,生物与化工大类,热门/强就业专科专业组中混入谨慎方向，志愿表需按该专业兜底
苏州工业园区服务外包职业学院,物理,专科批,127604,苏州工业园区服务外包职业学院04,中危混合组,29,动漫制作技术,文化艺术类,文化艺术大类,热门/强就业专科专业组中混入谨慎方向，志愿表需按该专业兜底
浙江国际海运职业技术学院,物理,提前专科批,223801,浙江国际海运职业技术学院01,未标风险,01,航海技术,航海运输类,交通运输大类,专业名称或备注含体检、性别、色觉、军士/司法/航海等限制，需核对章程
浙江国际海运职业技术学院,物理,提前专科批,223801,浙江国际海运职业技术学院01,未标风险,02,轮机工程技术,航海运输类,交通运输大类,专业名称或备注含体检、性别、色觉、军士/司法/航海等限制，需核对章程
上海科创职业技术学院,物理,专科批,217101,上海科创职业技术学院01,中危混合组,06,建筑装饰工程技术,土木建筑类,土木建筑大类,热门/强就业专科专业组中混入谨慎方向，志愿表需按该专业兜底
武汉交通职业学院,物理,提前专科批,523603,武汉交通职业学院03,未标风险,05,"航海技术(报考该专业有色觉等要求,具体请查阅院校招生章程)",航海运输类,交通运输大类,专业名称或备注含体检、性别、色觉、军士/司法/航海等限制，需核对章程
武汉交通职业学院,物理,提前专科批,523604,武汉交通职业学院04,未标风险,06,航海技术(水面舰艇人员合格)(只招男生)(武警部队),航海运输类,交通运输大类,专业名称或备注含体检、性别、色觉、军士/司法/航海等限制，需核对章程
武汉交通职业学院,物理,提前专科批,523605,武汉交通职业学院05,未标风险,07,机电一体化技术(只招男生)(陆军),电气自动化类,装备制造大类,专业名称或备注含体检、性别、色觉、军士/司法/航海等限制，需核对章程
武汉交通职业学院,物理,提前专科批,523605,武汉交通职业学院05,未标风险,08,现代物流管理(只招男生)(联勤保障部队),财经商贸类,财经商贸大类,专业名称或备注含体检、性别、色觉、军士/司法/航海等限制，需核对章程
上海农林职业技术学院,物理,专科批,215002,上海农林职业技术学院02,中危混合组,03,"宠物养护与驯导(报考该专业有色觉要求,具体请查阅院校招生章程)",农林牧渔类,农林牧渔大类,热门/强就业专科专业组中混入谨慎方向，志愿表需按该专业兜底
常州工程职业技术学院,历史,专科批,125201,常州工程职业技术学院01,中危混合组,01,分析检验技术,生物化工类,生物与化工大类,热门/强就业专科专业组中混入谨慎方向，志愿表需按该专业兜底
常州工程职业技术学院,历史,专科批,125201,常州工程职业技术学院01,中危混合组,02,食品质量与安全,食品药品类,食品药品与粮食大类,热门/强就业专科专业组中混入谨慎方向，志愿表需按该专业兜底
常州工程职业技术学院,历史,专科批,125201,常州工程职业技术学院01,中危混合组,07,酒店管理与数字化运营,旅游餐饮类,旅游大类,热门/强就业专科专业组中混入谨慎方向，志愿表需按该专业兜底
常州工程职业技术学院,历史,专科批,125201,常州工程职业技术学院01,中危混合组,10,建筑装饰工程技术,土木建筑类,土木建筑大类,热门/强就业专科专业组中混入谨慎方向，志愿表需按该专业兜底
常州工程职业技术学院,历史,专科批,125201,常州工程职业技术学院01,中危混合组,23,道路与桥梁工程技术,土木建筑类,土木建筑大类,热门/强就业专科专业组中混入谨慎方向，志愿表需按该专业兜底
扬州职业技术大学,物理,专科批,139007,扬州职业技术大学07,中危混合组,53,旅游管理,旅游餐饮类,旅游大类,热门/强就业专科专业组中混入谨慎方向，志愿表需按该专业兜底
扬州职业技术大学,物理,专科批,139007,扬州职业技术大学07,中危混合组,54,酒店管理与数字化运营,旅游餐饮类,旅游大类,热门/强就业专科专业组中混入谨慎方向，志愿表需按该专业兜底
扬州职业技术大学,物理,专科批,139007,扬州职业技术大学07,中危混合组,57,现代文秘,公共管理服务类,公共管理与服务大类,热门/强就业专科专业组中混入谨慎方向，志愿表需按该专业兜底
扬州职业技术大学,物理,专科批,139008,扬州职业技术大学08,中危混合组,62,工程造价(瘦西湖校区),土木建筑类,土木建筑大类,热门/强就业专科专业组中混入谨慎方向，志愿表需按该专业兜底
扬州职业技术大学,物理,专科批,139008,扬州职业技术大学08,中危混合组,63,道路与桥梁工程技术(瘦西湖校区),土木建筑类,土木建筑大类,热门/强就业专科专业组中混入谨慎方向，志愿表需按该专业兜底
扬州职业技术大学,物理,专科批,139008,扬州职业技术大学08,中危混合组,64,无人机测绘技术,资源环境安全类,资源环境与安全大类,热门/强就业专科专业组中混入谨慎方向，志愿表需按该专业兜底
扬州职业技术大学,物理,专科批,139008,扬州职业技术大学08,中危混合组,65,风景园林设计,土木建筑类,土木建筑大类,热门/强就业专科专业组中混入谨慎方向，志愿表需按该专业兜底
扬州职业技术大学,物理,专科批,139008,扬州职业技术大学08,中危混合组,66,宠物医疗技术,农林牧渔类,农林牧渔大类,热门/强就业专科专业组中混入谨慎方向，志愿表需按该专业兜底
扬州职业技术大学,物理,专科批,139008,扬州职业技术大学08,中危混合组,67,"护理(报考该专业有色觉要求,具体请查阅院校招生章程)",护理医学类,医药卫生大类,专业名称或备注含体检、性别、色觉、军士/司法/航海等限制，需核对章程
扬州职业技术大学,物理,专科批,139008,扬州职业技术大学08,中危混合组,68,"药学(报考该专业有色觉要求,具体请查阅院校招生章程)",药学类,医药卫生大类,专业名称或备注含体检、性别、色觉、军士/司法/航海等限制，需核对章程
扬州职业技术大学,物理,专科批,139008,扬州职业技术大学08,中危混合组,69,"中药学(报考该专业有色觉要求,具体请查阅院校招生章程)",药学类,医药卫生大类,专业名称或备注含体检、性别、色觉、军士/司法/航海等限制，需核对章程
扬州职业技术大学,物理,专科批,139008,扬州职业技术大学08,中危混合组,70,"医学检验技术(报考该专业有色觉要求,具体请查阅院校招生章程)",护理医学类,医药卫生大类,专业名称或备注含体检、性别、色觉、军士/司法/航海等限制，需核对章程
西安航空职业技术学院,物理,提前专科批,713201,西安航空职业技术学院01,未标风险,01,电子信息工程技术(水面舰艇人员合格)(只招男生)(海军),电子信息类,电子与信息大类,专业名称或备注含体检、性别、色觉、军士/司法/航海等限制，需核对章程
西安航空职业技术学院,物理,提前专科批,713202,西安航空职业技术学院02,未标风险,02,飞行器数字化制造技术(只招男生)[空军(机务兵)],机械设计制造类,装备制造大类,专业名称或备注含体检、性别、色觉、军士/司法/航海等限制，需核对章程
陕西交通职业技术学院,历史,专科批,712901,陕西交通职业技术学院01,整体偏冷组,01,动漫制作技术(中外合作办学)(文景校区),文化艺术类,文化艺术大类,专科就业或接受度需谨慎核对
陕西交通职业技术学院,历史,专科批,712902,陕西交通职业技术学院02,中危混合组,04,道路与桥梁工程技术,土木建筑类,土木建筑大类,热门/强就业专科专业组中混入谨慎方向，志愿表需按该专业兜底
陕西交通职业技术学院,历史,专科批,712902,陕西交通职业技术学院02,中危混合组,08,数字媒体艺术设计,文化艺术类,文化艺术大类,热门/强就业专科专业组中混入谨慎方向，志愿表需按该专业兜底
无锡科技职业学院,历史,专科批,121301,无锡科技职业学院01,整体偏冷组,01,会展策划与管理(与南京工业职业技术大学分段培养项目),旅游餐饮类,旅游大类,专科就业或接受度需谨慎核对
无锡科技职业学院,历史,专科批,121302,无锡科技职业学院02,中危混合组,08,安全技术与管理,资源环境安全类,资源环境与安全大类,热门/强就业专科专业组中混入谨慎方向，志愿表需按该专业兜底
无锡科技职业学院,历史,专科批,121302,无锡科技职业学院02,中危混合组,15,酒店管理与数字化运营,旅游餐饮类,旅游大类,热门/强就业专科专业组中混入谨慎方向，志愿表需按该专业兜底
无锡科技职业学院,历史,专科批,121302,无锡科技职业学院02,中危混合组,16,会展策划与管理,旅游餐饮类,旅游大类,热门/强就业专科专业组中混入谨慎方向，志愿表需按该专业兜底
无锡科技职业学院,历史,专科批,121302,无锡科技职业学院02,中危混合组,18,社区管理与服务,公共管理服务类,公共管理与服务大类,热门/强就业专科专业组中混入谨慎方向，志愿表需按该专业兜底
天津现代职业技术学院,历史,专科批,323401,天津现代职业技术学院01,中危混合组,01,食品生物技术,食品药品类,食品药品与粮食大类,热门/强就业专科专业组中混入谨慎方向，志愿表需按该专业兜底
天津现代职业技术学院,历史,专科批,323401,天津现代职业技术学院01,中危混合组,02,食品营养与健康,食品药品类,食品药品与粮食大类,热门/强就业专科专业组中混入谨慎方向，志愿表需按该专业兜底
天津现代职业技术学院,历史,专科批,323401,天津现代职业技术学院01,中危混合组,03,环境工程技术,资源环境安全类,资源环境与安全大类,热门/强就业专科专业组中混入谨慎方向，志愿表需按该专业兜底
潍坊工程职业学院,物理,提前专科批,275801,潍坊工程职业学院01,未标风险,01,机电一体化技术(只招男生)(火箭军),电气自动化类,装备制造大类,专业名称或备注含体检、性别、色觉、军士/司法/航海等限制，需核对章程
潍坊工程职业学院,物理,提前专科批,275801,潍坊工程职业学院01,未标风险,02,大数据技术(只招男生)(火箭军),计算机类,电子与信息大类,专业名称或备注含体检、性别、色觉、军士/司法/航海等限制，需核对章程
潍坊工程职业学院,物理,提前专科批,275801,潍坊工程职业学院01,未标风险,03,汽车检测与维修技术(只招男生)(陆军),汽车制造类,装备制造大类,专业名称或备注含体检、性别、色觉、军士/司法/航海等限制，需核对章程
青岛港湾职业技术学院,物理,提前专科批,264002,青岛港湾职业技术学院02,未标风险,07,轮机工程技术(报考该专业须查阅院校招生章程),航海运输类,交通运输大类,专业名称或备注含体检、性别、色觉、军士/司法/航海等限制，需核对章程
重庆航天职业技术学院,物理,提前专科批,623801,重庆航天职业技术学院01,未标风险,01,现代通信技术(只招男生)(两江校区)[海军(机务兵)],电子信息类,电子与信息大类,专业名称或备注含体检、性别、色觉、军士/司法/航海等限制，需核对章程
重庆航天职业技术学院,物理,提前专科批,623801,重庆航天职业技术学院01,未标风险,02,电子信息工程技术(只招男生)(两江校区)(火箭军),电子信息类,电子与信息大类,专业名称或备注含体检、性别、色觉、军士/司法/航海等限制，需核对章程
张家界航空工业职业技术学院,历史,提前专科批,535602,张家界航空工业职业技术学院02,未标风险,03,无人机应用技术(只招男生)(陆军),航空运输类,交通运输大类,专业名称或备注含体检、性别、色觉、军士/司法/航海等限制，需核对章程
张家界航空工业职业技术学院,历史,提前专科批,535602,张家界航空工业职业技术学院02,未标风险,04,航空发动机装配调试技术(只招男生)[空军(机务兵)],航空运输类,交通运输大类,专业名称或备注含体检、性别、色觉、军士/司法/航海等限制，需核对章程
张家界航空工业职业技术学院,历史,提前专科批,535602,张家界航空工业职业技术学院02,未标风险,05,电气自动化技术(只招男生)[空军(机务兵)],电气自动化类,装备制造大类,专业名称或备注含体检、性别、色觉、军士/司法/航海等限制，需核对章程
上海行健职业学院,历史,专科批,216601,上海行健职业学院01,整体偏冷组,01,酒店管理与数字化运营,旅游餐饮类,旅游大类,专科就业或接受度需谨慎核对
上海行健职业学院,历史,专科批,216601,上海行健职业学院01,整体偏冷组,02,现代家政服务与管理,公共管理服务类,公共管理与服务大类,专科就业或接受度需谨慎核对
上海行健职业学院,历史,专科批,216601,上海行健职业学院01,整体偏冷组,03,会展策划与管理,旅游餐饮类,旅游大类,专科就业或接受度需谨慎核对
泰山职业技术学院,历史,提前专科批,271701,泰山职业技术学院01,未标风险,01,机电一体化技术(水面舰艇人员合格)(只招男生)(海军),电气自动化类,装备制造大类,专业名称或备注含体检、性别、色觉、军士/司法/航海等限制，需核对章程
泰山职业技术学院,历史,提前专科批,271702,泰山职业技术学院02,未标风险,02,计算机应用技术(只招男生)(军事航天部队),计算机类,电子与信息大类,专业名称或备注含体检、性别、色觉、军士/司法/航海等限制，需核对章程
湖北三峡职业技术大学,物理,专科批,525401,湖北三峡职业技术大学01,未标风险,01,"储能材料技术(江南校区)(报考该专业有色觉要求,具体请查阅院校招生章程)",能源动力与材料类,能源动力与材料大类,专业名称或备注含体检、性别、色觉、军士/司法/航海等限制，需核对章程
上海科学技术职业学院,物理,专科批,214902,上海科学技术职业学院02,中危混合组,41,社会工作,公共管理服务类,公共管理与服务大类,热门/强就业专科专业组中混入谨慎方向，志愿表需按该专业兜底
南京旅游职业学院,物理,专科批,116006,南京旅游职业学院06,中危混合组,22,酒店管理与数字化运营,旅游餐饮类,旅游大类,热门/强就业专科专业组中混入谨慎方向，志愿表需按该专业兜底
南京旅游职业学院,物理,专科批,116006,南京旅游职业学院06,中危混合组,26,旅游管理,旅游餐饮类,旅游大类,热门/强就业专科专业组中混入谨慎方向，志愿表需按该专业兜底
南京旅游职业学院,物理,专科批,116006,南京旅游职业学院06,中危混合组,29,智慧旅游技术应用,旅游餐饮类,旅游大类,热门/强就业专科专业组中混入谨慎方向，志愿表需按该专业兜底
南京旅游职业学院,物理,专科批,116006,南京旅游职业学院06,中危混合组,30,烹饪工艺与营养,食品药品类,食品药品与粮食大类,热门/强就业专科专业组中混入谨慎方向，志愿表需按该专业兜底
南京旅游职业学院,物理,专科批,116006,南京旅游职业学院06,中危混合组,32,西式烹饪工艺,食品药品类,食品药品与粮食大类,热门/强就业专科专业组中混入谨慎方向，志愿表需按该专业兜底
南京旅游职业学院,物理,专科批,116006,南京旅游职业学院06,中危混合组,33,餐饮智能管理,旅游餐饮类,旅游大类,热门/强就业专科专业组中混入谨慎方向，志愿表需按该专业兜底
南京旅游职业学院,物理,专科批,116006,南京旅游职业学院06,中危混合组,36,旅游日语,旅游餐饮类,旅游大类,热门/强就业专科专业组中混入谨慎方向，志愿表需按该专业兜底
南京旅游职业学院,物理,专科批,116008,南京旅游职业学院08,整体偏冷组,39,旅游管理(与南京工业职业技术大学分段培养项目),旅游餐饮类,旅游大类,专科就业或接受度需谨慎核对
南京旅游职业学院,物理,专科批,116009,南京旅游职业学院09,整体偏冷组,40,烹饪工艺与营养(与盐城工学院分段培养项目),食品药品类,食品药品与粮食大类,专科就业或接受度需谨慎核对
南京旅游职业学院,物理,专科批,116010,南京旅游职业学院10,整体偏冷组,41,会展策划与管理(与南京传媒学院分段培养项目),旅游餐饮类,旅游大类,专科就业或接受度需谨慎核对
常州机电职业技术学院,物理,专科批,125404,常州机电职业技术学院04,整体偏冷组,12,工业设计(与南京工业职业技术大学分段培养项目),文化艺术类,文化艺术大类,专科就业或接受度需谨慎核对
常州机电职业技术学院,物理,专科批,125405,常州机电职业技术学院05,中危混合组,24,工业设计,文化艺术类,文化艺术大类,热门/强就业专科专业组中混入谨慎方向，志愿表需按该专业兜底
日照职业技术大学,物理,专科批,264702,日照职业技术大学02,中危混合组,05,生物制药技术(卧龙山校区),生物化工类,生物与化工大类,热门/强就业专科专业组中混入谨慎方向，志愿表需按该专业兜底
日照职业技术大学,物理,专科批,264702,日照职业技术大学02,中危混合组,09,"飞行器数字化制造技术(报考该专业有色觉等要求,具体请查阅院校招生章程)",机械设计制造类,装备制造大类,专业名称或备注含体检、性别、色觉、军士/司法/航海等限制，需核对章程
日照职业技术大学,物理,专科批,264702,日照职业技术大学02,中危混合组,10,"工业互联网技术(报考该专业有色觉要求,具体请查阅院校招生章程)",电气自动化类,装备制造大类,专业名称或备注含体检、性别、色觉、军士/司法/航海等限制，需核对章程
江西航空职业技术学院,物理,提前专科批,819602,江西航空职业技术学院02,未标风险,06,飞行器数字化制造技术(只招男生)[海军(机务兵)],机械设计制造类,装备制造大类,专业名称或备注含体检、性别、色觉、军士/司法/航海等限制，需核对章程
江西航空职业技术学院,物理,提前专科批,819602,江西航空职业技术学院02,未标风险,07,飞机电子设备维修(只招男生)[空军(机务兵)],航空运输类,交通运输大类,专业名称或备注含体检、性别、色觉、军士/司法/航海等限制，需核对章程
江西航空职业技术学院,物理,提前专科批,819602,江西航空职业技术学院02,未标风险,08,无人机应用技术(只招男生)(火箭军),航空运输类,交通运输大类,专业名称或备注含体检、性别、色觉、军士/司法/航海等限制，需核对章程
江西航空职业技术学院,物理,提前专科批,819602,江西航空职业技术学院02,未标风险,09,导弹维修技术(只招男生)(陆军),其他专业类,其他,专业名称或备注含体检、性别、色觉、军士/司法/航海等限制，需核对章程
江西航空职业技术学院,物理,提前专科批,819602,江西航空职业技术学院02,未标风险,10,核与辐射检测防护技术(只招男生)(火箭军),其他专业类,其他,专业名称或备注含体检、性别、色觉、军士/司法/航海等限制，需核对章程
安徽粮食工程职业学院,物理,专科批,237902,安徽粮食工程职业学院02,整体偏冷组,02,粮食储运与质量安全,食品药品类,食品药品与粮食大类,专科就业或接受度需谨慎核对
苏州工艺美术职业技术学院,历史,专科批,127101,苏州工艺美术职业技术学院01,未标风险,03,影视多媒体技术,文化艺术类,文化艺术大类,专科就业或接受度需谨慎核对
江苏农林职业技术学院,历史,专科批,141101,江苏农林职业技术学院01,整体偏冷组,01,畜牧兽医(与金陵科技学院分段培养项目),农林牧渔类,农林牧渔大类,专科就业或接受度需谨慎核对
江苏农林职业技术学院,历史,专科批,141103,江苏农林职业技术学院03,中危混合组,03,园林技术,农林牧渔类,农林牧渔大类,热门/强就业专科专业组中混入谨慎方向，志愿表需按该专业兜底
江苏农林职业技术学院,历史,专科批,141103,江苏农林职业技术学院03,中危混合组,05,园林工程技术,土木建筑类,土木建筑大类,热门/强就业专科专业组中混入谨慎方向，志愿表需按该专业兜底
江苏农林职业技术学院,历史,专科批,141103,江苏农林职业技术学院03,中危混合组,08,现代农业技术,农林牧渔类,农林牧渔大类,热门/强就业专科专业组中混入谨慎方向，志愿表需按该专业兜底
江苏农林职业技术学院,历史,专科批,141103,江苏农林职业技术学院03,中危混合组,09,园艺技术,农林牧渔类,农林牧渔大类,热门/强就业专科专业组中混入谨慎方向，志愿表需按该专业兜底
江苏农林职业技术学院,历史,专科批,141103,江苏农林职业技术学院03,中危混合组,10,环境监测技术,资源环境安全类,资源环境与安全大类,热门/强就业专科专业组中混入谨慎方向，志愿表需按该专业兜底
江苏农林职业技术学院,历史,专科批,141103,江苏农林职业技术学院03,中危混合组,11,动物医学,农林牧渔类,农林牧渔大类,热门/强就业专科专业组中混入谨慎方向，志愿表需按该专业兜底
江苏农林职业技术学院,历史,专科批,141103,江苏农林职业技术学院03,中危混合组,12,宠物医疗技术,农林牧渔类,农林牧渔大类,热门/强就业专科专业组中混入谨慎方向，志愿表需按该专业兜底
江苏农林职业技术学院,历史,专科批,141103,江苏农林职业技术学院03,中危混合组,13,宠物养护与驯导,农林牧渔类,农林牧渔大类,热门/强就业专科专业组中混入谨慎方向，志愿表需按该专业兜底
江苏农林职业技术学院,历史,专科批,141103,江苏农林职业技术学院03,中危混合组,14,畜牧兽医,农林牧渔类,农林牧渔大类,热门/强就业专科专业组中混入谨慎方向，志愿表需按该专业兜底
江苏农林职业技术学院,历史,专科批,141103,江苏农林职业技术学院03,中危混合组,15,食品检验检测技术,食品药品类,食品药品与粮食大类,热门/强就业专科专业组中混入谨慎方向，志愿表需按该专业兜底
江苏农林职业技术学院,历史,专科批,141103,江苏农林职业技术学院03,中危混合组,16,食品智能加工技术,食品药品类,食品药品与粮食大类,热门/强就业专科专业组中混入谨慎方向，志愿表需按该专业兜底
江苏农林职业技术学院,历史,专科批,141103,江苏农林职业技术学院03,中危混合组,17,农产品加工与质量检测,农林牧渔类,农林牧渔大类,热门/强就业专科专业组中混入谨慎方向，志愿表需按该专业兜底
江苏农林职业技术学院,历史,专科批,141103,江苏农林职业技术学院03,中危混合组,18,农业生物技术,农林牧渔类,农林牧渔大类,热门/强就业专科专业组中混入谨慎方向，志愿表需按该专业兜底
江苏农林职业技术学院,历史,专科批,141103,江苏农林职业技术学院03,中危混合组,19,茶叶生产与加工技术,农林牧渔类,农林牧渔大类,热门/强就业专科专业组中混入谨慎方向，志愿表需按该专业兜底
江苏农林职业技术学院,历史,专科批,141103,江苏农林职业技术学院03,中危混合组,25,旅游管理,旅游餐饮类,旅游大类,热门/强就业专科专业组中混入谨慎方向，志愿表需按该专业兜底
江苏农林职业技术学院,历史,专科批,141103,江苏农林职业技术学院03,中危混合组,26,酒店管理与数字化运营,旅游餐饮类,旅游大类,热门/强就业专科专业组中混入谨慎方向，志愿表需按该专业兜底
江苏农林职业技术学院,历史,专科批,141103,江苏农林职业技术学院03,中危混合组,32,现代农业装备应用技术,农林牧渔类,农林牧渔大类,热门/强就业专科专业组中混入谨慎方向，志愿表需按该专业兜底
江苏农林职业技术学院,历史,专科批,141103,江苏农林职业技术学院03,中危混合组,34,设施农业与装备,农林牧渔类,农林牧渔大类,热门/强就业专科专业组中混入谨慎方向，志愿表需按该专业兜底
江苏农林职业技术学院,历史,专科批,141103,江苏农林职业技术学院03,中危混合组,35,智慧农业技术与装备,农林牧渔类,农林牧渔大类,热门/强就业专科专业组中混入谨慎方向，志愿表需按该专业兜底
江苏农林职业技术学院,历史,专科批,141104,江苏农林职业技术学院04,整体偏冷组,42,园林工程技术(中外合作办学),土木建筑类,土木建筑大类,专科就业或接受度需谨慎核对
兰州石化职业技术大学,物理,专科批,722204,兰州石化职业技术大学04,中危混合组,05,石油化工技术(西固西校区),生物化工类,生物与化工大类,热门/强就业专科专业组中混入谨慎方向，志愿表需按该专业兜底
兰州石化职业技术大学,物理,专科批,722204,兰州石化职业技术大学04,中危混合组,07,精细化工技术(西固西校区),生物化工类,生物与化工大类,热门/强就业专科专业组中混入谨慎方向，志愿表需按该专业兜底
兰州石化职业技术大学,物理,专科批,722204,兰州石化职业技术大学04,中危混合组,08,化工装备技术(西固东校区),生物化工类,生物与化工大类,热门/强就业专科专业组中混入谨慎方向，志愿表需按该专业兜底
四川水利职业技术学院,物理,专科批,619002,四川水利职业技术学院02,中危混合组,03,水产养殖技术,农林牧渔类,农林牧渔大类,热门/强就业专科专业组中混入谨慎方向，志愿表需按该专业兜底
湖南国防工业职业技术学院,历史,提前专科批,536701,湖南国防工业职业技术学院01,未标风险,01,应用电子技术(只招男生)(火箭军),电子信息类,电子与信息大类,专业名称或备注含体检、性别、色觉、军士/司法/航海等限制，需核对章程
湖南国防工业职业技术学院,历史,提前专科批,536701,湖南国防工业职业技术学院01,未标风险,02,机械设计与制造(只招男生)(陆军),机械设计制造类,装备制造大类,专业名称或备注含体检、性别、色觉、军士/司法/航海等限制，需核对章程
湖南国防工业职业技术学院,历史,提前专科批,536701,湖南国防工业职业技术学院01,未标风险,03,汽车制造与试验技术(只招男生)(陆军),机械设计制造类,装备制造大类,专业名称或备注含体检、性别、色觉、军士/司法/航海等限制，需核对章程
湖南国防工业职业技术学院,历史,提前专科批,536701,湖南国防工业职业技术学院01,未标风险,04,无人机应用技术(只招男生)(陆军),航空运输类,交通运输大类,专业名称或备注含体检、性别、色觉、军士/司法/航海等限制，需核对章程
江苏护理职业学院,历史,专科批,135301,江苏护理职业学院01,中危混合组,19,医学营养,食品药品类,食品药品与粮食大类,热门/强就业专科专业组中混入谨慎方向，志愿表需按该专业兜底
江苏城市职业学院,历史,专科批,117101,江苏城市职业学院01,中危混合组,10,工程造价,土木建筑类,土木建筑大类,热门/强就业专科专业组中混入谨慎方向，志愿表需按该专业兜底
江苏城市职业学院,历史,专科批,117101,江苏城市职业学院01,中危混合组,11,建筑室内设计,土木建筑类,土木建筑大类,热门/强就业专科专业组中混入谨慎方向，志愿表需按该专业兜底
江苏城市职业学院,历史,专科批,117101,江苏城市职业学院01,中危混合组,12,建筑智能化工程技术,土木建筑类,土木建筑大类,热门/强就业专科专业组中混入谨慎方向，志愿表需按该专业兜底
江苏城市职业学院,历史,专科批,117101,江苏城市职业学院01,中危混合组,21,环境监测技术,资源环境安全类,资源环境与安全大类,热门/强就业专科专业组中混入谨慎方向，志愿表需按该专业兜底
江苏城市职业学院,历史,专科批,117101,江苏城市职业学院01,中危混合组,22,环境工程技术,资源环境安全类,资源环境与安全大类,热门/强就业专科专业组中混入谨慎方向，志愿表需按该专业兜底
江苏城市职业学院,历史,专科批,117101,江苏城市职业学院01,中危混合组,26,化妆品经营与管理,生物化工类,生物与化工大类,热门/强就业专科专业组中混入谨慎方向，志愿表需按该专业兜底
苏州信息职业技术学院,物理,专科批,127702,苏州信息职业技术学院02,中危混合组,18,旅游管理,旅游餐饮类,旅游大类,热门/强就业专科专业组中混入谨慎方向，志愿表需按该专业兜底
苏州信息职业技术学院,物理,专科批,127702,苏州信息职业技术学院02,中危混合组,29,动漫制作技术,文化艺术类,文化艺术大类,热门/强就业专科专业组中混入谨慎方向，志愿表需按该专业兜底
重庆三峡医药高等专科学校,物理,专科批,621602,重庆三峡医药高等专科学校02,未标风险,03,食品检验检测技术(百安校区),食品药品类,食品药品与粮食大类,专科就业或接受度需谨慎核对
常州工业职业技术学院,物理,专科批,125304,常州工业职业技术学院04,中危混合组,49,环境工程技术,资源环境安全类,资源环境与安全大类,热门/强就业专科专业组中混入谨慎方向，志愿表需按该专业兜底
广西电力职业技术学院,物理,专科批,553702,广西电力职业技术学院02,未标风险,03,"电力系统自动化技术(报考该专业有色觉要求,具体请查阅院校招生章程)",电气自动化类,装备制造大类,专业名称或备注含体检、性别、色觉、军士/司法/航海等限制，需核对章程
湖南国防工业职业技术学院,物理,提前专科批,536704,湖南国防工业职业技术学院04,未标风险,08,应用电子技术(只招男生)(火箭军),电子信息类,电子与信息大类,专业名称或备注含体检、性别、色觉、军士/司法/航海等限制，需核对章程
湖南国防工业职业技术学院,物理,提前专科批,536704,湖南国防工业职业技术学院04,未标风险,09,机械设计与制造(只招男生)(陆军),机械设计制造类,装备制造大类,专业名称或备注含体检、性别、色觉、军士/司法/航海等限制，需核对章程
湖南国防工业职业技术学院,物理,提前专科批,536704,湖南国防工业职业技术学院04,未标风险,10,汽车制造与试验技术(只招男生)(陆军),机械设计制造类,装备制造大类,专业名称或备注含体检、性别、色觉、军士/司法/航海等限制，需核对章程
湖南国防工业职业技术学院,物理,提前专科批,536704,湖南国防工业职业技术学院04,未标风险,11,无人机应用技术(只招男生)(陆军),航空运输类,交通运输大类,专业名称或备注含体检、性别、色觉、军士/司法/航海等限制，需核对章程
江苏海事职业技术学院,历史,提前专科批,115001,江苏海事职业技术学院01,未标风险,01,航海技术(水面舰艇人员合格)(只招男生)(陆军),航海运输类,交通运输大类,专业名称或备注含体检、性别、色觉、军士/司法/航海等限制，需核对章程
江苏海事职业技术学院,历史,提前专科批,115001,江苏海事职业技术学院01,未标风险,02,船舶电子电气技术(水面舰艇人员合格)(只招男生)(陆军),航海运输类,交通运输大类,专业名称或备注含体检、性别、色觉、军士/司法/航海等限制，需核对章程
江苏海事职业技术学院,历史,提前专科批,115001,江苏海事职业技术学院01,未标风险,03,轮机工程技术(水面舰艇人员合格)(只招男生)(陆军),航海运输类,交通运输大类,专业名称或备注含体检、性别、色觉、军士/司法/航海等限制，需核对章程
江苏海事职业技术学院,历史,提前专科批,115001,江苏海事职业技术学院01,未标风险,04,轮机工程技术(水面舰艇人员合格)(只招男生)(海军),航海运输类,交通运输大类,专业名称或备注含体检、性别、色觉、军士/司法/航海等限制，需核对章程
江苏海事职业技术学院,历史,提前专科批,115001,江苏海事职业技术学院01,未标风险,05,港口机械与智能控制(水面舰艇人员合格)(只招男生)(海军),航海运输类,交通运输大类,专业名称或备注含体检、性别、色觉、军士/司法/航海等限制，需核对章程
江苏海事职业技术学院,历史,提前专科批,115001,江苏海事职业技术学院01,未标风险,06,航海技术(水面舰艇人员合格)(只招男生)(武警部队),航海运输类,交通运输大类,专业名称或备注含体检、性别、色觉、军士/司法/航海等限制，需核对章程
江苏海事职业技术学院,历史,提前专科批,115001,江苏海事职业技术学院01,未标风险,07,轮机工程技术(水面舰艇人员合格)(只招男生)(武警部队),航海运输类,交通运输大类,专业名称或备注含体检、性别、色觉、军士/司法/航海等限制，需核对章程
江苏海事职业技术学院,历史,提前专科批,115001,江苏海事职业技术学院01,未标风险,08,船舶电子电气技术(水面舰艇人员合格)(只招男生)(武警部队),航海运输类,交通运输大类,专业名称或备注含体检、性别、色觉、军士/司法/航海等限制，需核对章程
潍坊科技学院,物理,提前专科批,821305,潍坊科技学院05,未标风险,12,电气自动化技术(只招男生)(火箭军),电气自动化类,装备制造大类,专业名称或备注含体检、性别、色觉、军士/司法/航海等限制，需核对章程
潍坊科技学院,物理,提前专科批,821305,潍坊科技学院05,未标风险,13,计算机网络技术(只招男生)(63650部队),计算机类,电子与信息大类,专业名称或备注含体检、性别、色觉、军士/司法/航海等限制，需核对章程
湖南高速铁路职业技术学院,物理,专科批,533302,湖南高速铁路职业技术学院02,中危混合组,06,建筑工程技术,土木建筑类,土木建筑大类,热门/强就业专科专业组中混入谨慎方向，志愿表需按该专业兜底
上海旅游高等专科学校,物理,专科批,213406,上海旅游高等专科学校06,中危混合组,19,酒店管理与数字化运营,旅游餐饮类,旅游大类,热门/强就业专科专业组中混入谨慎方向，志愿表需按该专业兜底
上海旅游高等专科学校,物理,专科批,213406,上海旅游高等专科学校06,中危混合组,20,智慧旅游技术应用,旅游餐饮类,旅游大类,热门/强就业专科专业组中混入谨慎方向，志愿表需按该专业兜底
上海旅游高等专科学校,物理,专科批,213406,上海旅游高等专科学校06,中危混合组,21,会展策划与管理,旅游餐饮类,旅游大类,热门/强就业专科专业组中混入谨慎方向，志愿表需按该专业兜底
上海旅游高等专科学校,物理,专科批,213406,上海旅游高等专科学校06,中危混合组,24,全媒体广告策划与营销,文化艺术类,文化艺术大类,热门/强就业专科专业组中混入谨慎方向，志愿表需按该专业兜底
上海旅游高等专科学校,物理,专科批,213408,上海旅游高等专科学校08,未标风险,27,"空中乘务(报考该专业有色觉等要求,具体请查阅院校招生章程)",航空运输类,交通运输大类,专业名称或备注含体检、性别、色觉、军士/司法/航海等限制，需核对章程
上海旅游高等专科学校,物理,专科批,213409,上海旅游高等专科学校09,整体偏冷组,28,旅游日语(只招英语或日语考生),旅游餐饮类,旅游大类,专科就业或接受度需谨慎核对
浙江建设职业技术学院,物理,提前专科批,226001,浙江建设职业技术学院01,未标风险,01,建筑工程技术(只招男生)(绍兴上虞校区)(火箭军),土木建筑类,土木建筑大类,专科就业或接受度需谨慎核对
浙江建设职业技术学院,物理,提前专科批,226001,浙江建设职业技术学院01,未标风险,02,给排水工程技术(只招男生)(绍兴上虞校区)(火箭军),其他专业类,其他,专业名称或备注含体检、性别、色觉、军士/司法/航海等限制，需核对章程
山东交通职业学院,物理,提前专科批,261601,山东交通职业学院01,未标风险,01,航海技术(水面舰艇人员合格)(只招男生)(海军),航海运输类,交通运输大类,专业名称或备注含体检、性别、色觉、军士/司法/航海等限制，需核对章程
山东交通职业学院,物理,提前专科批,261601,山东交通职业学院01,未标风险,02,轮机工程技术(水面舰艇人员合格)(只招男生)(海军),航海运输类,交通运输大类,专业名称或备注含体检、性别、色觉、军士/司法/航海等限制，需核对章程
山东交通职业学院,物理,提前专科批,261601,山东交通职业学院01,未标风险,03,船舶电子电气技术(水面舰艇人员合格)(只招男生)(海军),航海运输类,交通运输大类,专业名称或备注含体检、性别、色觉、军士/司法/航海等限制，需核对章程
上海现代化工职业学院,物理,专科批,217002,上海现代化工职业学院02,中危混合组,04,应用化工技术,生物化工类,生物与化工大类,热门/强就业专科专业组中混入谨慎方向，志愿表需按该专业兜底
上海现代化工职业学院,物理,专科批,217002,上海现代化工职业学院02,中危混合组,05,分析检验技术,生物化工类,生物与化工大类,热门/强就业专科专业组中混入谨慎方向，志愿表需按该专业兜底
常州工程职业技术学院,物理,专科批,125202,常州工程职业技术学院02,中危混合组,24,分析检验技术,生物化工类,生物与化工大类,热门/强就业专科专业组中混入谨慎方向，志愿表需按该专业兜底
常州工程职业技术学院,物理,专科批,125202,常州工程职业技术学院02,中危混合组,25,食品质量与安全,食品药品类,食品药品与粮食大类,热门/强就业专科专业组中混入谨慎方向，志愿表需按该专业兜底
常州工程职业技术学院,物理,专科批,125202,常州工程职业技术学院02,中危混合组,28,生物制药技术,生物化工类,生物与化工大类,热门/强就业专科专业组中混入谨慎方向，志愿表需按该专业兜底
常州工程职业技术学院,物理,专科批,125202,常州工程职业技术学院02,中危混合组,31,酒店管理与数字化运营,旅游餐饮类,旅游大类,热门/强就业专科专业组中混入谨慎方向，志愿表需按该专业兜底
常州工程职业技术学院,物理,专科批,125202,常州工程职业技术学院02,中危混合组,34,建筑装饰工程技术,土木建筑类,土木建筑大类,热门/强就业专科专业组中混入谨慎方向，志愿表需按该专业兜底
常州工程职业技术学院,物理,专科批,125202,常州工程职业技术学院02,中危混合组,45,应用化工技术,生物化工类,生物与化工大类,热门/强就业专科专业组中混入谨慎方向，志愿表需按该专业兜底
常州工程职业技术学院,物理,专科批,125202,常州工程职业技术学院02,中危混合组,49,安全技术与管理,资源环境安全类,资源环境与安全大类,热门/强就业专科专业组中混入谨慎方向，志愿表需按该专业兜底
常州工程职业技术学院,物理,专科批,125202,常州工程职业技术学院02,中危混合组,52,道路与桥梁工程技术,土木建筑类,土木建筑大类,热门/强就业专科专业组中混入谨慎方向，志愿表需按该专业兜底
无锡科技职业学院,物理,专科批,121304,无锡科技职业学院04,中危混合组,32,安全技术与管理,资源环境安全类,资源环境与安全大类,热门/强就业专科专业组中混入谨慎方向，志愿表需按该专业兜底
无锡科技职业学院,物理,专科批,121304,无锡科技职业学院04,中危混合组,43,社区管理与服务,公共管理服务类,公共管理与服务大类,热门/强就业专科专业组中混入谨慎方向，志愿表需按该专业兜底
重庆水利电力职业技术学院,物理,专科批,623702,重庆水利电力职业技术学院02,未标风险,03,水利水电建筑工程,土木建筑类,土木建筑大类,专科就业或接受度需谨慎核对
苏州幼儿师范高等专科学校,物理,专科批,129003,苏州幼儿师范高等专科学校03,整体偏冷组,11,音乐教育(与苏州科技大学分段培养项目)(师范),文化艺术类,文化艺术大类,专科就业或接受度需谨慎核对
苏州幼儿师范高等专科学校,物理,专科批,129004,苏州幼儿师范高等专科学校04,中危混合组,13,社区康复,公共管理服务类,公共管理与服务大类,热门/强就业专科专业组中混入谨慎方向，志愿表需按该专业兜底
苏州幼儿师范高等专科学校,物理,专科批,129004,苏州幼儿师范高等专科学校04,中危混合组,14,智慧健康养老服务与管理,公共管理服务类,公共管理与服务大类,热门/强就业专科专业组中混入谨慎方向，志愿表需按该专业兜底
苏州幼儿师范高等专科学校,物理,专科批,129004,苏州幼儿师范高等专科学校04,中危混合组,18,"学前教育(师范)(报考该专业有色觉要求,具体请查阅院校招生章程)",教育体育类,教育与体育大类,专业名称或备注含体检、性别、色觉、军士/司法/航海等限制，需核对章程
苏州幼儿师范高等专科学校,物理,专科批,129004,苏州幼儿师范高等专科学校04,中危混合组,19,"特殊教育(师范)(报考该专业有色觉要求,具体请查阅院校招生章程)",其他专业类,其他,专业名称或备注含体检、性别、色觉、军士/司法/航海等限制，需核对章程
苏州幼儿师范高等专科学校,物理,专科批,129004,苏州幼儿师范高等专科学校04,中危混合组,20,音乐教育(师范),文化艺术类,文化艺术大类,热门/强就业专科专业组中混入谨慎方向，志愿表需按该专业兜底
常州工业职业技术学院,历史,专科批,125301,常州工业职业技术学院01,中危混合组,19,环境工程技术,资源环境安全类,资源环境与安全大类,热门/强就业专科专业组中混入谨慎方向，志愿表需按该专业兜底
上海旅游高等专科学校,历史,专科批,213401,上海旅游高等专科学校01,大杂组,01,旅游管理,旅游餐饮类,旅游大类,专科就业或接受度需谨慎核对
上海旅游高等专科学校,历史,专科批,213401,上海旅游高等专科学校01,大杂组,03,酒店管理与数字化运营,旅游餐饮类,旅游大类,专科就业或接受度需谨慎核对
上海旅游高等专科学校,历史,专科批,213401,上海旅游高等专科学校01,大杂组,05,会展策划与管理,旅游餐饮类,旅游大类,专科就业或接受度需谨慎核对
上海旅游高等专科学校,历史,专科批,213401,上海旅游高等专科学校01,大杂组,06,烹饪工艺与营养,食品药品类,食品药品与粮食大类,专科就业或接受度需谨慎核对
上海旅游高等专科学校,历史,专科批,213401,上海旅游高等专科学校01,大杂组,08,西式烹饪工艺,食品药品类,食品药品与粮食大类,专科就业或接受度需谨慎核对
上海旅游高等专科学校,历史,专科批,213401,上海旅游高等专科学校01,大杂组,10,全媒体广告策划与营销,文化艺术类,文化艺术大类,专科就业或接受度需谨慎核对
上海旅游高等专科学校,历史,专科批,213402,上海旅游高等专科学校02,整体偏冷组,11,旅游日语(只招英语或日语考生),旅游餐饮类,旅游大类,专科就业或接受度需谨慎核对
上海旅游高等专科学校,历史,专科批,213405,上海旅游高等专科学校05,未标风险,15,"空中乘务(报考该专业有色觉等要求,具体请查阅院校招生章程)",航空运输类,交通运输大类,专业名称或备注含体检、性别、色觉、军士/司法/航海等限制，需核对章程
南通职业大学,历史,专科批,131001,南通职业大学01,中危混合组,12,环境工程技术,资源环境安全类,资源环境与安全大类,热门/强就业专科专业组中混入谨慎方向，志愿表需按该专业兜底
南通职业大学,历史,专科批,131001,南通职业大学01,中危混合组,23,建筑室内设计,土木建筑类,土木建筑大类,热门/强就业专科专业组中混入谨慎方向，志愿表需按该专业兜底
南通职业大学,历史,专科批,131001,南通职业大学01,中危混合组,24,服装设计与工艺,文化艺术类,文化艺术大类,热门/强就业专科专业组中混入谨慎方向，志愿表需按该专业兜底
南通职业大学,历史,专科批,131001,南通职业大学01,中危混合组,26,动漫制作技术,文化艺术类,文化艺术大类,热门/强就业专科专业组中混入谨慎方向，志愿表需按该专业兜底
南通职业大学,历史,专科批,131002,南通职业大学02,中危混合组,27,"安全技术与管理(在南通职业大学学习三年,考核合格者可转入南通理工学院学习两年,毕业后颁发南通理工学院本科文凭)",资源环境安全类,资源环境与安全大类,热门/强就业专科专业组中混入谨慎方向，志愿表需按该专业兜底
徐州生物工程职业技术学院,历史,专科批,123301,徐州生物工程职业技术学院01,中危混合组,01,"护理(报考该专业有色觉要求,具体请查阅院校招生章程)",护理医学类,医药卫生大类,专业名称或备注含体检、性别、色觉、军士/司法/航海等限制，需核对章程
徐州生物工程职业技术学院,历史,专科批,123301,徐州生物工程职业技术学院01,中危混合组,02,"口腔卫生保健(报考该专业有色觉要求,具体请查阅院校招生章程)",护理医学类,医药卫生大类,专业名称或备注含体检、性别、色觉、军士/司法/航海等限制，需核对章程
徐州生物工程职业技术学院,历史,专科批,123301,徐州生物工程职业技术学院01,中危混合组,03,"中医康复技术(报考该专业有色觉要求,具体请查阅院校招生章程)",护理医学类,医药卫生大类,专业名称或备注含体检、性别、色觉、军士/司法/航海等限制，需核对章程
徐州生物工程职业技术学院,历史,专科批,123301,徐州生物工程职业技术学院01,中危混合组,04,"康复治疗技术(报考该专业有色觉要求,具体请查阅院校招生章程)",护理医学类,医药卫生大类,专业名称或备注含体检、性别、色觉、军士/司法/航海等限制，需核对章程
徐州生物工程职业技术学院,历史,专科批,123301,徐州生物工程职业技术学院01,中危混合组,05,"中医养生保健(报考该专业有色觉要求,具体请查阅院校招生章程)",护理医学类,医药卫生大类,专业名称或备注含体检、性别、色觉、军士/司法/航海等限制，需核对章程
徐州生物工程职业技术学院,历史,专科批,123301,徐州生物工程职业技术学院01,中危混合组,06,"药学(报考该专业有色觉要求,具体请查阅院校招生章程)",药学类,医药卫生大类,专业名称或备注含体检、性别、色觉、军士/司法/航海等限制，需核对章程
徐州生物工程职业技术学院,历史,专科批,123301,徐州生物工程职业技术学院01,中危混合组,07,"中药学(报考该专业有色觉要求,具体请查阅院校招生章程)",药学类,医药卫生大类,专业名称或备注含体检、性别、色觉、军士/司法/航海等限制，需核对章程
徐州生物工程职业技术学院,历史,专科批,123301,徐州生物工程职业技术学院01,中危混合组,10,生物制药技术,生物化工类,生物与化工大类,热门/强就业专科专业组中混入谨慎方向，志愿表需按该专业兜底
徐州生物工程职业技术学院,历史,专科批,123301,徐州生物工程职业技术学院01,中危混合组,12,现代农业技术,农林牧渔类,农林牧渔大类,热门/强就业专科专业组中混入谨慎方向，志愿表需按该专业兜底
徐州生物工程职业技术学院,历史,专科批,123301,徐州生物工程职业技术学院01,中危混合组,16,环境监测技术,资源环境安全类,资源环境与安全大类,热门/强就业专科专业组中混入谨慎方向，志愿表需按该专业兜底
徐州生物工程职业技术学院,历史,专科批,123301,徐州生物工程职业技术学院01,中危混合组,17,环境工程技术,资源环境安全类,资源环境与安全大类,热门/强就业专科专业组中混入谨慎方向，志愿表需按该专业兜底
徐州生物工程职业技术学院,历史,专科批,123301,徐州生物工程职业技术学院01,中危混合组,18,生态环境修复技术,资源环境安全类,资源环境与安全大类,热门/强就业专科专业组中混入谨慎方向，志愿表需按该专业兜底
徐州生物工程职业技术学院,历史,专科批,123302,徐州生物工程职业技术学院02,中危混合组,24,环境工程技术(与徐州工程学院分段培养项目)(泉山校区),资源环境安全类,资源环境与安全大类,热门/强就业专科专业组中混入谨慎方向，志愿表需按该专业兜底
厦门海洋职业技术学院,物理,专科批,241701,厦门海洋职业技术学院01,未标风险,01,水产养殖技术(翔安校区),农林牧渔类,农林牧渔大类,热门/强就业专科专业组中混入谨慎方向，志愿表需按该专业兜底
江苏航运职业技术学院,历史,专科批,131101,江苏航运职业技术学院01,大杂组,03,"船舶电子电气技术(报考该专业有色觉要求,具体请查阅院校招生章程)",航海运输类,交通运输大类,专业名称或备注含体检、性别、色觉、军士/司法/航海等限制，需核对章程
扬州工业职业技术学院,物理,专科批,139203,扬州工业职业技术学院03,整体偏冷组,28,分析检验技术(与常州大学分段培养项目),生物化工类,生物与化工大类,专科就业或接受度需谨慎核对
扬州工业职业技术学院,物理,专科批,139204,扬州工业职业技术学院04,中危混合组,30,石油化工技术(与徐州工程学院分段培养项目),生物化工类,生物与化工大类,热门/强就业专科专业组中混入谨慎方向，志愿表需按该专业兜底
扬州工业职业技术学院,物理,专科批,139205,扬州工业职业技术学院05,中危混合组,32,分析检验技术,生物化工类,生物与化工大类,热门/强就业专科专业组中混入谨慎方向，志愿表需按该专业兜底
扬州工业职业技术学院,物理,专科批,139205,扬州工业职业技术学院05,中危混合组,33,环境监测技术,资源环境安全类,资源环境与安全大类,热门/强就业专科专业组中混入谨慎方向，志愿表需按该专业兜底
扬州工业职业技术学院,物理,专科批,139205,扬州工业职业技术学院05,中危混合组,34,石油化工技术,生物化工类,生物与化工大类,热门/强就业专科专业组中混入谨慎方向，志愿表需按该专业兜底
扬州工业职业技术学院,物理,专科批,139205,扬州工业职业技术学院05,中危混合组,35,应用化工技术,生物化工类,生物与化工大类,热门/强就业专科专业组中混入谨慎方向，志愿表需按该专业兜底
扬州工业职业技术学院,物理,专科批,139205,扬州工业职业技术学院05,中危混合组,37,建筑消防技术,土木建筑类,土木建筑大类,热门/强就业专科专业组中混入谨慎方向，志愿表需按该专业兜底
武汉航海职业技术学院,物理,提前专科批,523303,武汉航海职业技术学院03,未标风险,07,"航海技术(报考该专业有色觉等要求,具体请查阅院校招生章程)",航海运输类,交通运输大类,专业名称或备注含体检、性别、色觉、军士/司法/航海等限制，需核对章程
武汉航海职业技术学院,物理,提前专科批,523303,武汉航海职业技术学院03,未标风险,08,"轮机工程技术(报考该专业有色觉等要求,具体请查阅院校招生章程)",航海运输类,交通运输大类,专业名称或备注含体检、性别、色觉、军士/司法/航海等限制，需核对章程
河南交通职业技术学院,物理,提前专科批,516601,河南交通职业技术学院01,未标风险,01,电子信息工程技术(只招男生)(郑东校区)(陆军),电子信息类,电子与信息大类,专业名称或备注含体检、性别、色觉、军士/司法/航海等限制，需核对章程
河南交通职业技术学院,物理,提前专科批,516601,河南交通职业技术学院01,未标风险,02,汽车检测与维修技术(只招男生)(航海校区)(陆军),汽车制造类,装备制造大类,专业名称或备注含体检、性别、色觉、军士/司法/航海等限制，需核对章程
河南交通职业技术学院,物理,提前专科批,516601,河南交通职业技术学院01,未标风险,03,汽车检测与维修技术(只招男生)(航海校区)(空军),汽车制造类,装备制造大类,专业名称或备注含体检、性别、色觉、军士/司法/航海等限制，需核对章程
武汉交通职业学院,历史,提前专科批,523601,武汉交通职业学院01,未标风险,01,机电一体化技术(只招男生)(陆军),电气自动化类,装备制造大类,专业名称或备注含体检、性别、色觉、军士/司法/航海等限制，需核对章程
武汉交通职业学院,历史,提前专科批,523601,武汉交通职业学院01,未标风险,02,现代物流管理(只招男生)(联勤保障部队),财经商贸类,财经商贸大类,专业名称或备注含体检、性别、色觉、军士/司法/航海等限制，需核对章程
武汉交通职业学院,历史,提前专科批,523602,武汉交通职业学院02,未标风险,03,航海技术(水面舰艇人员合格)(只招男生)(武警部队),航海运输类,交通运输大类,专业名称或备注含体检、性别、色觉、军士/司法/航海等限制，需核对章程
浙江交通职业技术学院,物理,提前专科批,224701,浙江交通职业技术学院01,未标风险,01,轮机工程技术(水面舰艇人员合格)(只招男生)(海军),航海运输类,交通运输大类,专业名称或备注含体检、性别、色觉、军士/司法/航海等限制，需核对章程
浙江交通职业技术学院,物理,提前专科批,224701,浙江交通职业技术学院01,未标风险,02,智能控制技术(水面舰艇人员合格)(只招男生)(海军),电气自动化类,装备制造大类,专业名称或备注含体检、性别、色觉、军士/司法/航海等限制，需核对章程
浙江交通职业技术学院,物理,提前专科批,224701,浙江交通职业技术学院01,未标风险,03,航海技术(水面舰艇人员合格)(只招男生)(武警部队),航海运输类,交通运输大类,专业名称或备注含体检、性别、色觉、军士/司法/航海等限制，需核对章程
浙江交通职业技术学院,物理,提前专科批,224701,浙江交通职业技术学院01,未标风险,04,轮机工程技术(水面舰艇人员合格)(只招男生)(陆军),航海运输类,交通运输大类,专业名称或备注含体检、性别、色觉、军士/司法/航海等限制，需核对章程
上海中侨职业技术大学,物理,专科批,802905,上海中侨职业技术大学05,中危混合组,27,生物制药技术,生物化工类,生物与化工大类,热门/强就业专科专业组中混入谨慎方向，志愿表需按该专业兜底
新疆能源铁道职业技术大学,物理,专科批,753903,新疆能源铁道职业技术大学03,中危混合组,13,应用化工技术,生物化工类,生物与化工大类,热门/强就业专科专业组中混入谨慎方向，志愿表需按该专业兜底
徐州工业职业技术学院,历史,专科批,123101,徐州工业职业技术学院01,中危混合组,11,应用化工技术,生物化工类,生物与化工大类,热门/强就业专科专业组中混入谨慎方向，志愿表需按该专业兜底
徐州工业职业技术学院,历史,专科批,123101,徐州工业职业技术学院01,中危混合组,13,生物制药技术,生物化工类,生物与化工大类,热门/强就业专科专业组中混入谨慎方向，志愿表需按该专业兜底
徐州工业职业技术学院,历史,专科批,123101,徐州工业职业技术学院01,中危混合组,21,建筑装饰工程技术,土木建筑类,土木建筑大类,热门/强就业专科专业组中混入谨慎方向，志愿表需按该专业兜底
徐州工业职业技术学院,历史,专科批,123101,徐州工业职业技术学院01,中危混合组,23,无人机测绘技术,资源环境安全类,资源环境与安全大类,热门/强就业专科专业组中混入谨慎方向，志愿表需按该专业兜底
徐州工业职业技术学院,历史,专科批,123101,徐州工业职业技术学院01,中危混合组,24,智慧建筑运维管理,土木建筑类,土木建筑大类,热门/强就业专科专业组中混入谨慎方向，志愿表需按该专业兜底
江苏航运职业技术学院,历史,提前专科批,131101,江苏航运职业技术学院01,大杂组,01,"航海技术(报考该专业有色觉要求,具体请查阅院校招生章程)",航海运输类,交通运输大类,专业名称或备注含体检、性别、色觉、军士/司法/航海等限制，需核对章程
江苏航运职业技术学院,历史,提前专科批,131101,江苏航运职业技术学院01,大杂组,02,"轮机工程技术(报考该专业有色觉要求,具体请查阅院校招生章程)",航海运输类,交通运输大类,专业名称或备注含体检、性别、色觉、军士/司法/航海等限制，需核对章程
泰山职业技术学院,物理,提前专科批,271703,泰山职业技术学院03,未标风险,03,机电一体化技术(水面舰艇人员合格)(只招男生)(海军),电气自动化类,装备制造大类,专业名称或备注含体检、性别、色觉、军士/司法/航海等限制，需核对章程
泰山职业技术学院,物理,提前专科批,271704,泰山职业技术学院04,未标风险,04,计算机应用技术(只招男生)(军事航天部队),计算机类,电子与信息大类,专业名称或备注含体检、性别、色觉、军士/司法/航海等限制，需核对章程
南通卫生健康职业学院,历史,专科批,131601,南通卫生健康职业学院01,中危混合组,13,智慧健康养老服务与管理,公共管理服务类,公共管理与服务大类,热门/强就业专科专业组中混入谨慎方向，志愿表需按该专业兜底
江苏工程职业技术学院,历史,专科批,131201,江苏工程职业技术学院01,中危混合组,01,化妆品技术(崇川校区),生物化工类,生物与化工大类,热门/强就业专科专业组中混入谨慎方向，志愿表需按该专业兜底
江苏工程职业技术学院,历史,专科批,131201,江苏工程职业技术学院01,中危混合组,03,服装设计与工艺(崇川校区),文化艺术类,文化艺术大类,热门/强就业专科专业组中混入谨慎方向，志愿表需按该专业兜底
江苏工程职业技术学院,历史,专科批,131201,江苏工程职业技术学院01,中危混合组,17,智慧健康养老服务与管理(崇川校区),公共管理服务类,公共管理与服务大类,热门/强就业专科专业组中混入谨慎方向，志愿表需按该专业兜底
江苏工程职业技术学院,历史,专科批,131201,江苏工程职业技术学院01,中危混合组,18,"建筑室内设计(第一学年在海门校区学习,第二、三学年在崇川校区学习)",土木建筑类,土木建筑大类,热门/强就业专科专业组中混入谨慎方向，志愿表需按该专业兜底
江苏工程职业技术学院,历史,专科批,131201,江苏工程职业技术学院01,中危混合组,19,"现代家用纺织品设计(第一学年在海门校区学习,第二、三学年在崇川校区学习)",文化艺术类,文化艺术大类,热门/强就业专科专业组中混入谨慎方向，志愿表需按该专业兜底
江苏工程职业技术学院,历史,专科批,131201,江苏工程职业技术学院01,中危混合组,21,无人机测绘技术,资源环境安全类,资源环境与安全大类,热门/强就业专科专业组中混入谨慎方向，志愿表需按该专业兜底
江苏工程职业技术学院,历史,专科批,131201,江苏工程职业技术学院01,中危混合组,22,建筑工程技术,土木建筑类,土木建筑大类,热门/强就业专科专业组中混入谨慎方向，志愿表需按该专业兜底
江苏工程职业技术学院,历史,专科批,131201,江苏工程职业技术学院01,中危混合组,23,工程造价,土木建筑类,土木建筑大类,热门/强就业专科专业组中混入谨慎方向，志愿表需按该专业兜底
江苏工程职业技术学院,历史,专科批,131201,江苏工程职业技术学院01,中危混合组,24,道路与桥梁工程技术,土木建筑类,土木建筑大类,热门/强就业专科专业组中混入谨慎方向，志愿表需按该专业兜底
威海职业学院,物理,提前专科批,268603,威海职业学院03,未标风险,06,轮机工程技术(水面舰艇人员合格)(只招男生)(武警部队),航海运输类,交通运输大类,专业名称或备注含体检、性别、色觉、军士/司法/航海等限制，需核对章程
威海职业学院,物理,提前专科批,268604,威海职业学院04,未标风险,07,计算机应用技术(只招男生)(武警部队),计算机类,电子与信息大类,专业名称或备注含体检、性别、色觉、军士/司法/航海等限制，需核对章程
湖北交通职业技术学院,物理,提前专科批,524605,湖北交通职业技术学院05,未标风险,08,汽车检测与维修技术(只招男生)(空军),汽车制造类,装备制造大类,专业名称或备注含体检、性别、色觉、军士/司法/航海等限制，需核对章程
湖北交通职业技术学院,物理,提前专科批,524605,湖北交通职业技术学院05,未标风险,09,智能工程机械运用技术(只招男生)(空军),机械设计制造类,装备制造大类,专业名称或备注含体检、性别、色觉、军士/司法/航海等限制，需核对章程
湖北交通职业技术学院,物理,提前专科批,524606,湖北交通职业技术学院06,未标风险,10,船舶电子电气技术(水面舰艇人员合格)(只招男生)(海军),航海运输类,交通运输大类,专业名称或备注含体检、性别、色觉、军士/司法/航海等限制，需核对章程
武汉航海职业技术学院,物理,专科批,523302,武汉航海职业技术学院02,未标风险,05,"民航运输服务(报考该专业有色觉等要求,具体请查阅院校招生章程)",航空运输类,交通运输大类,专业名称或备注含体检、性别、色觉、军士/司法/航海等限制，需核对章程
重庆水利电力职业技术学院,历史,专科批,623701,重庆水利电力职业技术学院01,未标风险,01,水利水电建筑工程,土木建筑类,土木建筑大类,专科就业或接受度需谨慎核对
湖南汽车工程职业大学,物理,提前专科批,536202,湖南汽车工程职业大学02,未标风险,03,汽车检测与维修技术[陆战队员(特种作战部队条件兵)合格](只招男生)(海军),汽车制造类,装备制造大类,专业名称或备注含体检、性别、色觉、军士/司法/航海等限制，需核对章程
湖南汽车工程职业大学,物理,提前专科批,536202,湖南汽车工程职业大学02,未标风险,04,计算机网络技术(只招男生)(火箭军),计算机类,电子与信息大类,专业名称或备注含体检、性别、色觉、军士/司法/航海等限制，需核对章程
苏州健雄职业技术学院,物理,专科批,127905,苏州健雄职业技术学院05,中危混合组,34,分析检验技术,生物化工类,生物与化工大类,热门/强就业专科专业组中混入谨慎方向，志愿表需按该专业兜底
苏州健雄职业技术学院,物理,专科批,127905,苏州健雄职业技术学院05,中危混合组,44,旅游管理,旅游餐饮类,旅游大类,热门/强就业专科专业组中混入谨慎方向，志愿表需按该专业兜底
苏州健雄职业技术学院,物理,专科批,127905,苏州健雄职业技术学院05,中危混合组,47,人力资源管理,公共管理服务类,公共管理与服务大类,热门/强就业专科专业组中混入谨慎方向，志愿表需按该专业兜底
武汉船舶职业技术学院,物理,提前专科批,522703,武汉船舶职业技术学院03,未标风险,13,轮机工程技术(水面舰艇人员合格)(只招男生)(海军),航海运输类,交通运输大类,专业名称或备注含体检、性别、色觉、军士/司法/航海等限制，需核对章程
武汉船舶职业技术学院,物理,提前专科批,522703,武汉船舶职业技术学院03,未标风险,14,船舶电子电气技术(水面舰艇人员合格)(只招男生)(武警部队),航海运输类,交通运输大类,专业名称或备注含体检、性别、色觉、军士/司法/航海等限制，需核对章程
南通职业大学,物理,专科批,131003,南通职业大学03,中危混合组,42,环境工程技术,资源环境安全类,资源环境与安全大类,热门/强就业专科专业组中混入谨慎方向，志愿表需按该专业兜底
南通职业大学,物理,专科批,131003,南通职业大学03,中危混合组,46,应用化工技术,生物化工类,生物与化工大类,热门/强就业专科专业组中混入谨慎方向，志愿表需按该专业兜底
南通职业大学,物理,专科批,131003,南通职业大学03,中危混合组,57,建筑室内设计,土木建筑类,土木建筑大类,热门/强就业专科专业组中混入谨慎方向，志愿表需按该专业兜底
南通职业大学,物理,专科批,131003,南通职业大学03,中危混合组,58,服装设计与工艺,文化艺术类,文化艺术大类,热门/强就业专科专业组中混入谨慎方向，志愿表需按该专业兜底
南通职业大学,物理,专科批,131003,南通职业大学03,中危混合组,60,动漫制作技术,文化艺术类,文化艺术大类,热门/强就业专科专业组中混入谨慎方向，志愿表需按该专业兜底
南通职业大学,物理,专科批,131004,南通职业大学04,中危混合组,61,"安全技术与管理(在南通职业大学学习三年,考核合格者可转入南通理工学院学习两年,毕业后颁发南通理工学院本科文凭)",资源环境安全类,资源环境与安全大类,热门/强就业专科专业组中混入谨慎方向，志愿表需按该专业兜底
无锡工艺职业技术学院,历史,专科批,121501,无锡工艺职业技术学院01,中危混合组,03,服装设计与工艺,文化艺术类,文化艺术大类,热门/强就业专科专业组中混入谨慎方向，志愿表需按该专业兜底
无锡工艺职业技术学院,历史,专科批,121501,无锡工艺职业技术学院01,中危混合组,12,低空安全与技术,资源环境安全类,资源环境与安全大类,热门/强就业专科专业组中混入谨慎方向，志愿表需按该专业兜底
无锡工艺职业技术学院,历史,专科批,121501,无锡工艺职业技术学院01,中危混合组,14,旅游管理,旅游餐饮类,旅游大类,热门/强就业专科专业组中混入谨慎方向，志愿表需按该专业兜底
无锡工艺职业技术学院,历史,专科批,121501,无锡工艺职业技术学院01,中危混合组,15,酒店管理与数字化运营,旅游餐饮类,旅游大类,热门/强就业专科专业组中混入谨慎方向，志愿表需按该专业兜底
滨州职业技术大学,物理,提前专科批,268503,滨州职业技术大学03,未标风险,04,医学检验技术(水面舰艇人员合格)(只招男生)(海军),护理医学类,医药卫生大类,专业名称或备注含体检、性别、色觉、军士/司法/航海等限制，需核对章程
滨州职业技术大学,物理,提前专科批,268503,滨州职业技术大学03,未标风险,05,轮机工程技术(水面舰艇人员合格)(只招男生)(海军),航海运输类,交通运输大类,专业名称或备注含体检、性别、色觉、军士/司法/航海等限制，需核对章程
滨州职业技术大学,物理,提前专科批,268504,滨州职业技术大学04,整体偏冷组,06,石油化工技术(只招男生)(空军),生物化工类,生物与化工大类,专科就业或接受度需谨慎核对
江西航空职业技术学院,历史,提前专科批,819601,江西航空职业技术学院01,未标风险,01,飞行器数字化制造技术(只招男生)[海军(机务兵)],机械设计制造类,装备制造大类,专业名称或备注含体检、性别、色觉、军士/司法/航海等限制，需核对章程
江西航空职业技术学院,历史,提前专科批,819601,江西航空职业技术学院01,未标风险,02,飞机电子设备维修(只招男生)[空军(机务兵)],航空运输类,交通运输大类,专业名称或备注含体检、性别、色觉、军士/司法/航海等限制，需核对章程
江西航空职业技术学院,历史,提前专科批,819601,江西航空职业技术学院01,未标风险,03,无人机应用技术(只招男生)(火箭军),航空运输类,交通运输大类,专业名称或备注含体检、性别、色觉、军士/司法/航海等限制，需核对章程
江西航空职业技术学院,历史,提前专科批,819601,江西航空职业技术学院01,未标风险,04,导弹维修技术(只招男生)(陆军),其他专业类,其他,专业名称或备注含体检、性别、色觉、军士/司法/航海等限制，需核对章程
江西航空职业技术学院,历史,提前专科批,819601,江西航空职业技术学院01,未标风险,05,核与辐射检测防护技术(只招男生)(火箭军),其他专业类,其他,专业名称或备注含体检、性别、色觉、军士/司法/航海等限制，需核对章程
江苏城市职业学院,物理,专科批,117102,江苏城市职业学院02,中危混合组,37,工程造价,土木建筑类,土木建筑大类,热门/强就业专科专业组中混入谨慎方向，志愿表需按该专业兜底
江苏城市职业学院,物理,专科批,117102,江苏城市职业学院02,中危混合组,38,建筑室内设计,土木建筑类,土木建筑大类,热门/强就业专科专业组中混入谨慎方向，志愿表需按该专业兜底
江苏城市职业学院,物理,专科批,117102,江苏城市职业学院02,中危混合组,39,建筑智能化工程技术,土木建筑类,土木建筑大类,热门/强就业专科专业组中混入谨慎方向，志愿表需按该专业兜底
江苏城市职业学院,物理,专科批,117102,江苏城市职业学院02,中危混合组,48,环境监测技术,资源环境安全类,资源环境与安全大类,热门/强就业专科专业组中混入谨慎方向，志愿表需按该专业兜底
江苏城市职业学院,物理,专科批,117102,江苏城市职业学院02,中危混合组,49,环境工程技术,资源环境安全类,资源环境与安全大类,热门/强就业专科专业组中混入谨慎方向，志愿表需按该专业兜底
江苏城市职业学院,物理,专科批,117102,江苏城市职业学院02,中危混合组,53,化妆品经营与管理,生物化工类,生物与化工大类,热门/强就业专科专业组中混入谨慎方向，志愿表需按该专业兜底
江苏电子信息职业学院,物理,专科批,135002,江苏电子信息职业学院02,中危混合组,42,动漫制作技术,文化艺术类,文化艺术大类,热门/强就业专科专业组中混入谨慎方向，志愿表需按该专业兜底
江苏电子信息职业学院,物理,专科批,135002,江苏电子信息职业学院02,中危混合组,43,包装策划与设计,文化艺术类,文化艺术大类,热门/强就业专科专业组中混入谨慎方向，志愿表需按该专业兜底
上海现代化工职业学院,历史,专科批,217001,上海现代化工职业学院01,未标风险,01,"现代物流管理(报考该专业有色觉要求,具体请查阅院校招生章程)",财经商贸类,财经商贸大类,专业名称或备注含体检、性别、色觉、军士/司法/航海等限制，需核对章程
上海现代化工职业学院,历史,专科批,217001,上海现代化工职业学院01,未标风险,02,智慧旅游技术应用,旅游餐饮类,旅游大类,专科就业或接受度需谨慎核对
上海现代化工职业学院,历史,专科批,217001,上海现代化工职业学院01,未标风险,03,智慧健康养老服务与管理,公共管理服务类,公共管理与服务大类,专科就业或接受度需谨慎核对
辽宁省交通高等专科学校,历史,提前专科批,416301,辽宁省交通高等专科学校01,未标风险,01,智能工程机械运用技术(只招男生)(武警部队),机械设计制造类,装备制造大类,专业名称或备注含体检、性别、色觉、军士/司法/航海等限制，需核对章程
辽宁省交通高等专科学校,历史,提前专科批,416301,辽宁省交通高等专科学校01,未标风险,02,数字媒体技术(只招男生)(武警部队),计算机类,电子与信息大类,专业名称或备注含体检、性别、色觉、军士/司法/航海等限制，需核对章程
上海建设管理职业技术学院,物理,专科批,217301,上海建设管理职业技术学院01,中危混合组,05,市政工程技术,土木建筑类,土木建筑大类,热门/强就业专科专业组中混入谨慎方向，志愿表需按该专业兜底
上海建设管理职业技术学院,物理,专科批,217301,上海建设管理职业技术学院01,中危混合组,06,市政管网智能检测与维护,土木建筑类,土木建筑大类,热门/强就业专科专业组中混入谨慎方向，志愿表需按该专业兜底
上海建设管理职业技术学院,物理,专科批,217301,上海建设管理职业技术学院01,中危混合组,07,测绘地理信息技术,资源环境安全类,资源环境与安全大类,热门/强就业专科专业组中混入谨慎方向，志愿表需按该专业兜底
上海建设管理职业技术学院,物理,专科批,217301,上海建设管理职业技术学院01,中危混合组,08,风景园林设计,土木建筑类,土木建筑大类,热门/强就业专科专业组中混入谨慎方向，志愿表需按该专业兜底
上海建设管理职业技术学院,物理,专科批,217301,上海建设管理职业技术学院01,中危混合组,10,园林技术,农林牧渔类,农林牧渔大类,热门/强就业专科专业组中混入谨慎方向，志愿表需按该专业兜底
上海建设管理职业技术学院,物理,专科批,217301,上海建设管理职业技术学院01,中危混合组,12,建筑加固与修复技术,土木建筑类,土木建筑大类,热门/强就业专科专业组中混入谨慎方向，志愿表需按该专业兜底
无锡商业职业技术学院,物理,专科批,121205,无锡商业职业技术学院05,中危混合组,49,旅游管理,旅游餐饮类,旅游大类,热门/强就业专科专业组中混入谨慎方向，志愿表需按该专业兜底
无锡商业职业技术学院,物理,专科批,121205,无锡商业职业技术学院05,中危混合组,50,酒店管理与数字化运营,旅游餐饮类,旅游大类,热门/强就业专科专业组中混入谨慎方向，志愿表需按该专业兜底
无锡商业职业技术学院,物理,专科批,121205,无锡商业职业技术学院05,中危混合组,51,烹饪工艺与营养,食品药品类,食品药品与粮食大类,热门/强就业专科专业组中混入谨慎方向，志愿表需按该专业兜底
无锡商业职业技术学院,物理,专科批,121205,无锡商业职业技术学院05,中危混合组,53,建筑室内设计,土木建筑类,土木建筑大类,热门/强就业专科专业组中混入谨慎方向，志愿表需按该专业兜底
无锡商业职业技术学院,物理,专科批,121205,无锡商业职业技术学院05,中危混合组,54,工程造价,土木建筑类,土木建筑大类,热门/强就业专科专业组中混入谨慎方向，志愿表需按该专业兜底
上海中侨职业技术大学,历史,专科批,802902,上海中侨职业技术大学02,未标风险,09,建筑工程技术,土木建筑类,土木建筑大类,专科就业或接受度需谨慎核对
四川工程职业技术大学,物理,专科批,613503,四川工程职业技术大学03,未标风险,06,建筑装饰工程技术,土木建筑类,土木建筑大类,专科就业或接受度需谨慎核对
江苏农牧科技职业学院,历史,专科批,143201,江苏农牧科技职业学院01,中危混合组,01,动物营养与饲料,食品药品类,食品药品与粮食大类,热门/强就业专科专业组中混入谨慎方向，志愿表需按该专业兜底
江苏农牧科技职业学院,历史,专科批,143201,江苏农牧科技职业学院01,中危混合组,02,畜牧兽医,农林牧渔类,农林牧渔大类,热门/强就业专科专业组中混入谨慎方向，志愿表需按该专业兜底
江苏农牧科技职业学院,历史,专科批,143201,江苏农牧科技职业学院01,中危混合组,05,动物医学,农林牧渔类,农林牧渔大类,热门/强就业专科专业组中混入谨慎方向，志愿表需按该专业兜底
江苏农牧科技职业学院,历史,专科批,143201,江苏农牧科技职业学院01,中危混合组,07,生物制药技术,生物化工类,生物与化工大类,热门/强就业专科专业组中混入谨慎方向，志愿表需按该专业兜底
江苏农牧科技职业学院,历史,专科批,143201,江苏农牧科技职业学院01,中危混合组,10,食品检验检测技术,食品药品类,食品药品与粮食大类,热门/强就业专科专业组中混入谨慎方向，志愿表需按该专业兜底
江苏农牧科技职业学院,历史,专科批,143201,江苏农牧科技职业学院01,中危混合组,11,食品药品监督管理,食品药品类,食品药品与粮食大类,热门/强就业专科专业组中混入谨慎方向，志愿表需按该专业兜底
江苏农牧科技职业学院,历史,专科批,143201,江苏农牧科技职业学院01,中危混合组,12,食品智能加工技术,食品药品类,食品药品与粮食大类,热门/强就业专科专业组中混入谨慎方向，志愿表需按该专业兜底
江苏农牧科技职业学院,历史,专科批,143201,江苏农牧科技职业学院01,中危混合组,13,宠物养护与驯导,农林牧渔类,农林牧渔大类,热门/强就业专科专业组中混入谨慎方向，志愿表需按该专业兜底
江苏农牧科技职业学院,历史,专科批,143201,江苏农牧科技职业学院01,中危混合组,14,宠物医疗技术,农林牧渔类,农林牧渔大类,热门/强就业专科专业组中混入谨慎方向，志愿表需按该专业兜底
江苏农牧科技职业学院,历史,专科批,143201,江苏农牧科技职业学院01,中危混合组,15,水产养殖技术,农林牧渔类,农林牧渔大类,热门/强就业专科专业组中混入谨慎方向，志愿表需按该专业兜底
江苏农牧科技职业学院,历史,专科批,143201,江苏农牧科技职业学院01,中危混合组,16,水生动物医学,农林牧渔类,农林牧渔大类,热门/强就业专科专业组中混入谨慎方向，志愿表需按该专业兜底
江苏农牧科技职业学院,历史,专科批,143201,江苏农牧科技职业学院01,中危混合组,18,现代农业技术,农林牧渔类,农林牧渔大类,热门/强就业专科专业组中混入谨慎方向，志愿表需按该专业兜底
江苏农牧科技职业学院,历史,专科批,143201,江苏农牧科技职业学院01,中危混合组,19,园林技术,农林牧渔类,农林牧渔大类,热门/强就业专科专业组中混入谨慎方向，志愿表需按该专业兜底
江苏农牧科技职业学院,历史,专科批,143201,江苏农牧科技职业学院01,中危混合组,20,园艺技术,农林牧渔类,农林牧渔大类,热门/强就业专科专业组中混入谨慎方向，志愿表需按该专业兜底
江苏农牧科技职业学院,历史,专科批,143201,江苏农牧科技职业学院01,中危混合组,24,休闲农业经营与管理,农林牧渔类,农林牧渔大类,热门/强就业专科专业组中混入谨慎方向，志愿表需按该专业兜底
江苏农牧科技职业学院,历史,专科批,143201,江苏农牧科技职业学院01,中危混合组,33,现代农业装备应用技术,农林牧渔类,农林牧渔大类,热门/强就业专科专业组中混入谨慎方向，志愿表需按该专业兜底
兰州资源环境职业技术大学,物理,提前专科批,722303,兰州资源环境职业技术大学03,未标风险,03,大气探测技术(只招男生)(陆军),其他专业类,其他,专业名称或备注含体检、性别、色觉、军士/司法/航海等限制，需核对章程
兰州资源环境职业技术大学,物理,提前专科批,722303,兰州资源环境职业技术大学03,未标风险,04,应用气象技术(只招男生)(火箭军),其他专业类,其他,专业名称或备注含体检、性别、色觉、军士/司法/航海等限制，需核对章程
天津生物工程职业技术学院,物理,专科批,321901,天津生物工程职业技术学院01,整体偏冷组,01,生物制药技术,生物化工类,生物与化工大类,专科就业或接受度需谨慎核对
广西电力职业技术学院,历史,专科批,553701,广西电力职业技术学院01,未标风险,01,"电力系统自动化技术(报考该专业有色觉要求,具体请查阅院校招生章程)",电气自动化类,装备制造大类,专业名称或备注含体检、性别、色觉、军士/司法/航海等限制，需核对章程
徐州生物工程职业技术学院,物理,专科批,123303,徐州生物工程职业技术学院03,中危混合组,25,"护理(报考该专业有色觉要求,具体请查阅院校招生章程)",护理医学类,医药卫生大类,专业名称或备注含体检、性别、色觉、军士/司法/航海等限制，需核对章程
徐州生物工程职业技术学院,物理,专科批,123303,徐州生物工程职业技术学院03,中危混合组,26,"口腔卫生保健(报考该专业有色觉要求,具体请查阅院校招生章程)",护理医学类,医药卫生大类,专业名称或备注含体检、性别、色觉、军士/司法/航海等限制，需核对章程
徐州生物工程职业技术学院,物理,专科批,123303,徐州生物工程职业技术学院03,中危混合组,27,"中医康复技术(报考该专业有色觉要求,具体请查阅院校招生章程)",护理医学类,医药卫生大类,专业名称或备注含体检、性别、色觉、军士/司法/航海等限制，需核对章程
徐州生物工程职业技术学院,物理,专科批,123303,徐州生物工程职业技术学院03,中危混合组,28,"康复治疗技术(报考该专业有色觉要求,具体请查阅院校招生章程)",护理医学类,医药卫生大类,专业名称或备注含体检、性别、色觉、军士/司法/航海等限制，需核对章程
徐州生物工程职业技术学院,物理,专科批,123303,徐州生物工程职业技术学院03,中危混合组,29,"中医养生保健(报考该专业有色觉要求,具体请查阅院校招生章程)",护理医学类,医药卫生大类,专业名称或备注含体检、性别、色觉、军士/司法/航海等限制，需核对章程
徐州生物工程职业技术学院,物理,专科批,123303,徐州生物工程职业技术学院03,中危混合组,30,"药学(报考该专业有色觉要求,具体请查阅院校招生章程)",药学类,医药卫生大类,专业名称或备注含体检、性别、色觉、军士/司法/航海等限制，需核对章程
徐州生物工程职业技术学院,物理,专科批,123303,徐州生物工程职业技术学院03,中危混合组,31,"中药学(报考该专业有色觉要求,具体请查阅院校招生章程)",药学类,医药卫生大类,专业名称或备注含体检、性别、色觉、军士/司法/航海等限制，需核对章程
徐州生物工程职业技术学院,物理,专科批,123303,徐州生物工程职业技术学院03,中危混合组,34,生物制药技术,生物化工类,生物与化工大类,热门/强就业专科专业组中混入谨慎方向，志愿表需按该专业兜底
徐州生物工程职业技术学院,物理,专科批,123303,徐州生物工程职业技术学院03,中危混合组,36,现代农业技术,农林牧渔类,农林牧渔大类,热门/强就业专科专业组中混入谨慎方向，志愿表需按该专业兜底
徐州生物工程职业技术学院,物理,专科批,123303,徐州生物工程职业技术学院03,中危混合组,38,园林技术,农林牧渔类,农林牧渔大类,热门/强就业专科专业组中混入谨慎方向，志愿表需按该专业兜底
徐州生物工程职业技术学院,物理,专科批,123303,徐州生物工程职业技术学院03,中危混合组,39,畜牧兽医,农林牧渔类,农林牧渔大类,热门/强就业专科专业组中混入谨慎方向，志愿表需按该专业兜底
徐州生物工程职业技术学院,物理,专科批,123303,徐州生物工程职业技术学院03,中危混合组,40,动物医学,农林牧渔类,农林牧渔大类,热门/强就业专科专业组中混入谨慎方向，志愿表需按该专业兜底
徐州生物工程职业技术学院,物理,专科批,123303,徐州生物工程职业技术学院03,中危混合组,41,宠物医疗技术,农林牧渔类,农林牧渔大类,热门/强就业专科专业组中混入谨慎方向，志愿表需按该专业兜底
徐州生物工程职业技术学院,物理,专科批,123303,徐州生物工程职业技术学院03,中危混合组,45,环境监测技术,资源环境安全类,资源环境与安全大类,热门/强就业专科专业组中混入谨慎方向，志愿表需按该专业兜底
徐州生物工程职业技术学院,物理,专科批,123303,徐州生物工程职业技术学院03,中危混合组,46,环境工程技术,资源环境安全类,资源环境与安全大类,热门/强就业专科专业组中混入谨慎方向，志愿表需按该专业兜底
徐州生物工程职业技术学院,物理,专科批,123303,徐州生物工程职业技术学院03,中危混合组,47,生态环境修复技术,资源环境安全类,资源环境与安全大类,热门/强就业专科专业组中混入谨慎方向，志愿表需按该专业兜底
徐州生物工程职业技术学院,物理,专科批,123304,徐州生物工程职业技术学院04,中危混合组,53,环境工程技术(与徐州工程学院分段培养项目)(泉山校区),资源环境安全类,资源环境与安全大类,热门/强就业专科专业组中混入谨慎方向，志愿表需按该专业兜底
江苏司法警官职业学院,物理,专科批,116106,江苏司法警官职业学院06,中危混合组,22,社区矫正,公共管理服务类,公共管理与服务大类,热门/强就业专科专业组中混入谨慎方向，志愿表需按该专业兜底
江苏司法警官职业学院,物理,专科批,116106,江苏司法警官职业学院06,中危混合组,26,消防救援技术,资源环境安全类,资源环境与安全大类,热门/强就业专科专业组中混入谨慎方向，志愿表需按该专业兜底
武昌职业学院,物理,提前专科批,859206,武昌职业学院06,未标风险,11,人工智能技术应用(只招男生)(陆军),计算机类,电子与信息大类,专业名称或备注含体检、性别、色觉、军士/司法/航海等限制，需核对章程
武昌职业学院,物理,提前专科批,859206,武昌职业学院06,未标风险,12,电子信息工程技术(只招男生)(空军),电子信息类,电子与信息大类,专业名称或备注含体检、性别、色觉、军士/司法/航海等限制，需核对章程
武昌职业学院,物理,提前专科批,859206,武昌职业学院06,未标风险,13,电子信息工程技术(只招男生)(信息支援部队),电子信息类,电子与信息大类,专业名称或备注含体检、性别、色觉、军士/司法/航海等限制，需核对章程
武昌职业学院,物理,提前专科批,859206,武昌职业学院06,未标风险,14,现代通信技术(只招男生)(联勤保障部队),电子信息类,电子与信息大类,专业名称或备注含体检、性别、色觉、军士/司法/航海等限制，需核对章程
武昌职业学院,物理,提前专科批,859206,武昌职业学院06,未标风险,15,人工智能技术应用(只招男生)(武警部队),计算机类,电子与信息大类,专业名称或备注含体检、性别、色觉、军士/司法/航海等限制，需核对章程
武昌职业学院,物理,提前专科批,859207,武昌职业学院07,未标风险,16,电子信息工程技术(水面舰艇人员合格)(只招男生)(海军),电子信息类,电子与信息大类,专业名称或备注含体检、性别、色觉、军士/司法/航海等限制，需核对章程
武昌职业学院,物理,提前专科批,859208,武昌职业学院08,未标风险,17,现代通信技术[陆战队员(特种作战部队条件兵)合格](只招男生)(陆军),电子信息类,电子与信息大类,专业名称或备注含体检、性别、色觉、军士/司法/航海等限制，需核对章程
武昌职业学院,物理,提前专科批,859209,武昌职业学院09,未标风险,18,现代通信技术[陆战队员(特种作战部队条件兵)合格](只招女生)(陆军),电子信息类,电子与信息大类,专业名称或备注含体检、性别、色觉、军士/司法/航海等限制，需核对章程
辽宁省交通高等专科学校,物理,提前专科批,416302,辽宁省交通高等专科学校02,未标风险,03,智能工程机械运用技术(只招男生)(武警部队),机械设计制造类,装备制造大类,专业名称或备注含体检、性别、色觉、军士/司法/航海等限制，需核对章程
辽宁省交通高等专科学校,物理,提前专科批,416302,辽宁省交通高等专科学校02,未标风险,04,数字媒体技术(只招男生)(武警部队),计算机类,电子与信息大类,专业名称或备注含体检、性别、色觉、军士/司法/航海等限制，需核对章程
无锡城市职业技术学院,物理,专科批,121404,无锡城市职业技术学院04,中危混合组,39,酒店管理与数字化运营,旅游餐饮类,旅游大类,热门/强就业专科专业组中混入谨慎方向，志愿表需按该专业兜底
无锡城市职业技术学院,物理,专科批,121404,无锡城市职业技术学院04,中危混合组,40,会展策划与管理,旅游餐饮类,旅游大类,热门/强就业专科专业组中混入谨慎方向，志愿表需按该专业兜底
无锡城市职业技术学院,物理,专科批,121404,无锡城市职业技术学院04,中危混合组,51,建筑工程技术,土木建筑类,土木建筑大类,热门/强就业专科专业组中混入谨慎方向，志愿表需按该专业兜底
无锡城市职业技术学院,物理,专科批,121404,无锡城市职业技术学院04,中危混合组,52,工程造价,土木建筑类,土木建筑大类,热门/强就业专科专业组中混入谨慎方向，志愿表需按该专业兜底
无锡城市职业技术学院,物理,专科批,121404,无锡城市职业技术学院04,中危混合组,53,建筑装饰工程技术,土木建筑类,土木建筑大类,热门/强就业专科专业组中混入谨慎方向，志愿表需按该专业兜底
无锡城市职业技术学院,物理,专科批,121404,无锡城市职业技术学院04,中危混合组,54,风景园林设计,土木建筑类,土木建筑大类,热门/强就业专科专业组中混入谨慎方向，志愿表需按该专业兜底
无锡城市职业技术学院,物理,专科批,121404,无锡城市职业技术学院04,中危混合组,55,建筑室内设计,土木建筑类,土木建筑大类,热门/强就业专科专业组中混入谨慎方向，志愿表需按该专业兜底
无锡城市职业技术学院,物理,专科批,121404,无锡城市职业技术学院04,中危混合组,56,影视编导,文化艺术类,文化艺术大类,热门/强就业专科专业组中混入谨慎方向，志愿表需按该专业兜底
沙洲职业工学院,历史,专科批,127801,沙洲职业工学院01,中危混合组,02,建筑室内设计,土木建筑类,土木建筑大类,热门/强就业专科专业组中混入谨慎方向，志愿表需按该专业兜底
沙洲职业工学院,历史,专科批,127801,沙洲职业工学院01,中危混合组,03,建筑工程技术,土木建筑类,土木建筑大类,热门/强就业专科专业组中混入谨慎方向，志愿表需按该专业兜底
沙洲职业工学院,历史,专科批,127801,沙洲职业工学院01,中危混合组,04,工程造价,土木建筑类,土木建筑大类,热门/强就业专科专业组中混入谨慎方向，志愿表需按该专业兜底
沙洲职业工学院,历史,专科批,127801,沙洲职业工学院01,中危混合组,06,服装设计与工艺,文化艺术类,文化艺术大类,热门/强就业专科专业组中混入谨慎方向，志愿表需按该专业兜底
沙洲职业工学院,历史,专科批,127801,沙洲职业工学院01,中危混合组,07,"环境监测技术(报考该专业有色觉要求,具体请查阅院校招生章程)",资源环境安全类,资源环境与安全大类,热门/强就业专科专业组中混入谨慎方向，志愿表需按该专业兜底
沙洲职业工学院,历史,专科批,127801,沙洲职业工学院01,中危混合组,08,"应用化工技术(报考该专业有色觉要求,具体请查阅院校招生章程)",生物化工类,生物与化工大类,热门/强就业专科专业组中混入谨慎方向，志愿表需按该专业兜底
沙洲职业工学院,历史,专科批,127801,沙洲职业工学院01,中危混合组,25,酒店管理与数字化运营,旅游餐饮类,旅游大类,热门/强就业专科专业组中混入谨慎方向，志愿表需按该专业兜底
四川水利职业技术学院,历史,专科批,619001,四川水利职业技术学院01,中危混合组,01,水产养殖技术,农林牧渔类,农林牧渔大类,热门/强就业专科专业组中混入谨慎方向，志愿表需按该专业兜底
汉江师范学院,历史,专科批,522502,汉江师范学院02,中危混合组,03,旅游管理,旅游餐饮类,旅游大类,热门/强就业专科专业组中混入谨慎方向，志愿表需按该专业兜底
湖南汽车工程职业大学,历史,提前专科批,536201,湖南汽车工程职业大学01,未标风险,01,汽车检测与维修技术[陆战队员(特种作战部队条件兵)合格](只招男生)(海军),汽车制造类,装备制造大类,专业名称或备注含体检、性别、色觉、军士/司法/航海等限制，需核对章程
湖南汽车工程职业大学,历史,提前专科批,536201,湖南汽车工程职业大学01,未标风险,02,计算机网络技术(只招男生)(火箭军),计算机类,电子与信息大类,专业名称或备注含体检、性别、色觉、军士/司法/航海等限制，需核对章程
天津现代职业技术学院,物理,专科批,323402,天津现代职业技术学院02,中危混合组,10,食品生物技术,食品药品类,食品药品与粮食大类,热门/强就业专科专业组中混入谨慎方向，志愿表需按该专业兜底
天津现代职业技术学院,物理,专科批,323402,天津现代职业技术学院02,中危混合组,11,食品营养与健康,食品药品类,食品药品与粮食大类,热门/强就业专科专业组中混入谨慎方向，志愿表需按该专业兜底
天津现代职业技术学院,物理,专科批,323402,天津现代职业技术学院02,中危混合组,12,环境工程技术,资源环境安全类,资源环境与安全大类,热门/强就业专科专业组中混入谨慎方向，志愿表需按该专业兜底
天津海运职业学院,历史,提前专科批,323701,天津海运职业学院01,未标风险,01,航海技术(报考该专业须查阅院校招生章程、招生简章并详询院校),航海运输类,交通运输大类,专业名称或备注含体检、性别、色觉、军士/司法/航海等限制，需核对章程
长春医学高等专科学校,物理,专科批,428602,长春医学高等专科学校02,未标风险,02,"药物制剂技术(东方广场校区)(报考该专业有色觉要求,具体请查阅院校招生章程)",其他专业类,其他,专业名称或备注含体检、性别、色觉、军士/司法/航海等限制，需核对章程
潍坊科技学院,历史,提前专科批,821302,潍坊科技学院02,未标风险,04,电气自动化技术(只招男生)(火箭军),电气自动化类,装备制造大类,专业名称或备注含体检、性别、色觉、军士/司法/航海等限制，需核对章程
潍坊科技学院,历史,提前专科批,821302,潍坊科技学院02,未标风险,05,计算机网络技术(只招男生)(63650部队),计算机类,电子与信息大类,专业名称或备注含体检、性别、色觉、军士/司法/航海等限制，需核对章程
延安职业技术学院,物理,提前专科批,717503,延安职业技术学院03,未标风险,03,汽车制造与试验技术(只招男生)(空军),机械设计制造类,装备制造大类,专业名称或备注含体检、性别、色觉、军士/司法/航海等限制，需核对章程
延安职业技术学院,物理,提前专科批,717504,延安职业技术学院04,未标风险,04,轮机工程技术(水面舰艇人员合格)(只招男生)(海军),航海运输类,交通运输大类,专业名称或备注含体检、性别、色觉、军士/司法/航海等限制，需核对章程
南通卫生健康职业学院,物理,专科批,131602,南通卫生健康职业学院02,中危混合组,28,智慧健康养老服务与管理,公共管理服务类,公共管理与服务大类,热门/强就业专科专业组中混入谨慎方向，志愿表需按该专业兜底
连云港师范学院,历史,专科批,133002,连云港师范学院02,中危混合组,14,人力资源管理,公共管理服务类,公共管理与服务大类,热门/强就业专科专业组中混入谨慎方向，志愿表需按该专业兜底
连云港师范学院,历史,专科批,133002,连云港师范学院02,中危混合组,15,智慧健康养老服务与管理,公共管理服务类,公共管理与服务大类,热门/强就业专科专业组中混入谨慎方向，志愿表需按该专业兜底
江苏财经职业技术学院,历史,专科批,135201,江苏财经职业技术学院01,中危混合组,11,工程造价,土木建筑类,土木建筑大类,热门/强就业专科专业组中混入谨慎方向，志愿表需按该专业兜底
江苏财经职业技术学院,历史,专科批,135201,江苏财经职业技术学院01,中危混合组,14,旅游管理,旅游餐饮类,旅游大类,热门/强就业专科专业组中混入谨慎方向，志愿表需按该专业兜底
江苏财经职业技术学院,历史,专科批,135201,江苏财经职业技术学院01,中危混合组,29,粮食工程技术与管理,食品药品类,食品药品与粮食大类,热门/强就业专科专业组中混入谨慎方向，志愿表需按该专业兜底
江苏财经职业技术学院,历史,专科批,135201,江苏财经职业技术学院01,中危混合组,30,食品药品监督管理,食品药品类,食品药品与粮食大类,热门/强就业专科专业组中混入谨慎方向，志愿表需按该专业兜底
江苏财经职业技术学院,历史,专科批,135201,江苏财经职业技术学院01,中危混合组,32,粮食储运与质量安全,食品药品类,食品药品与粮食大类,热门/强就业专科专业组中混入谨慎方向，志愿表需按该专业兜底
江阴职业技术学院,历史,专科批,121601,江阴职业技术学院01,中危混合组,01,"环境工程技术(与江苏理工学院分段培养项目)(报考该专业有色觉要求,具体请查阅院校招生章程)",资源环境安全类,资源环境与安全大类,热门/强就业专科专业组中混入谨慎方向，志愿表需按该专业兜底
江阴职业技术学院,历史,专科批,121602,江阴职业技术学院02,中危混合组,05,"环境工程技术(报考该专业有色觉要求,具体请查阅院校招生章程)",资源环境安全类,资源环境与安全大类,热门/强就业专科专业组中混入谨慎方向，志愿表需按该专业兜底
江阴职业技术学院,历史,专科批,121602,江阴职业技术学院02,中危混合组,06,"高分子材料智能制造技术(报考该专业有色觉要求,具体请查阅院校招生章程)",电气自动化类,装备制造大类,专业名称或备注含体检、性别、色觉、军士/司法/航海等限制，需核对章程
江阴职业技术学院,历史,专科批,121602,江阴职业技术学院02,中危混合组,17,建筑室内设计,土木建筑类,土木建筑大类,热门/强就业专科专业组中混入谨慎方向，志愿表需按该专业兜底
苏州健雄职业技术学院,历史,专科批,127902,苏州健雄职业技术学院02,中危混合组,08,分析检验技术,生物化工类,生物与化工大类,热门/强就业专科专业组中混入谨慎方向，志愿表需按该专业兜底
苏州健雄职业技术学院,历史,专科批,127902,苏州健雄职业技术学院02,中危混合组,18,旅游管理,旅游餐饮类,旅游大类,热门/强就业专科专业组中混入谨慎方向，志愿表需按该专业兜底
苏州健雄职业技术学院,历史,专科批,127902,苏州健雄职业技术学院02,中危混合组,21,人力资源管理,公共管理服务类,公共管理与服务大类,热门/强就业专科专业组中混入谨慎方向，志愿表需按该专业兜底
济南工程职业技术学院,物理,专科批,265801,济南工程职业技术学院01,中危混合组,01,建筑装饰工程技术(双山校区),土木建筑类,土木建筑大类,热门/强就业专科专业组中混入谨慎方向，志愿表需按该专业兜底
湖南体育职业学院,物理,提前专科批,537204,湖南体育职业学院04,未标风险,07,民族传统体育(只招男生)(武警部队),教育体育类,教育与体育大类,专业名称或备注含体检、性别、色觉、军士/司法/航海等限制，需核对章程
湖南体育职业学院,物理,提前专科批,537204,湖南体育职业学院04,未标风险,08,运动训练(只招男生)(武警部队),教育体育类,教育与体育大类,专业名称或备注含体检、性别、色觉、军士/司法/航海等限制，需核对章程
江阴职业技术学院,物理,专科批,121603,江阴职业技术学院03,中危混合组,21,"环境工程技术(与江苏理工学院分段培养项目)(报考该专业有色觉要求,具体请查阅院校招生章程)",资源环境安全类,资源环境与安全大类,热门/强就业专科专业组中混入谨慎方向，志愿表需按该专业兜底
江阴职业技术学院,物理,专科批,121604,江阴职业技术学院04,中危混合组,26,"环境工程技术(报考该专业有色觉要求,具体请查阅院校招生章程)",资源环境安全类,资源环境与安全大类,热门/强就业专科专业组中混入谨慎方向，志愿表需按该专业兜底
江阴职业技术学院,物理,专科批,121604,江阴职业技术学院04,中危混合组,27,"高分子材料智能制造技术(报考该专业有色觉要求,具体请查阅院校招生章程)",电气自动化类,装备制造大类,专业名称或备注含体检、性别、色觉、军士/司法/航海等限制，需核对章程
江阴职业技术学院,物理,专科批,121604,江阴职业技术学院04,中危混合组,40,建筑室内设计,土木建筑类,土木建筑大类,热门/强就业专科专业组中混入谨慎方向，志愿表需按该专业兜底
江阴职业技术学院,物理,专科批,121604,江阴职业技术学院04,中危混合组,41,服装设计与工艺,文化艺术类,文化艺术大类,热门/强就业专科专业组中混入谨慎方向，志愿表需按该专业兜底
滨州职业技术大学,历史,提前专科批,268501,滨州职业技术大学01,未标风险,01,医学检验技术(水面舰艇人员合格)(只招男生)(海军),护理医学类,医药卫生大类,专业名称或备注含体检、性别、色觉、军士/司法/航海等限制，需核对章程
滨州职业技术大学,历史,提前专科批,268501,滨州职业技术大学01,未标风险,02,轮机工程技术(水面舰艇人员合格)(只招男生)(海军),航海运输类,交通运输大类,专业名称或备注含体检、性别、色觉、军士/司法/航海等限制，需核对章程
滨州职业技术大学,历史,提前专科批,268502,滨州职业技术大学02,整体偏冷组,03,石油化工技术(只招男生)(空军),生物化工类,生物与化工大类,专科就业或接受度需谨慎核对
泰州职业技术学院,历史,专科批,143101,泰州职业技术学院01,中危混合组,01,"护理(报考该专业有色觉要求,具体请查阅院校招生章程)",护理医学类,医药卫生大类,专业名称或备注含体检、性别、色觉、军士/司法/航海等限制，需核对章程
泰州职业技术学院,历史,专科批,143101,泰州职业技术学院01,中危混合组,02,"助产(报考该专业有色觉要求,具体请查阅院校招生章程)",护理医学类,医药卫生大类,专业名称或备注含体检、性别、色觉、军士/司法/航海等限制，需核对章程
泰州职业技术学院,历史,专科批,143101,泰州职业技术学院01,中危混合组,03,"口腔医学技术(报考该专业有色觉要求,具体请查阅院校招生章程)",护理医学类,医药卫生大类,专业名称或备注含体检、性别、色觉、军士/司法/航海等限制，需核对章程
泰州职业技术学院,历史,专科批,143101,泰州职业技术学院01,中危混合组,04,"康复治疗技术(报考该专业有色觉要求,具体请查阅院校招生章程)",护理医学类,医药卫生大类,专业名称或备注含体检、性别、色觉、军士/司法/航海等限制，需核对章程
泰州职业技术学院,历史,专科批,143101,泰州职业技术学院01,中危混合组,05,"药学(报考该专业有色觉要求,具体请查阅院校招生章程)",药学类,医药卫生大类,专业名称或备注含体检、性别、色觉、军士/司法/航海等限制，需核对章程
泰州职业技术学院,历史,专科批,143101,泰州职业技术学院01,中危混合组,21,生物制药技术,生物化工类,生物与化工大类,热门/强就业专科专业组中混入谨慎方向，志愿表需按该专业兜底
长春职业技术大学,物理,提前专科批,424901,长春职业技术大学01,未标风险,01,应用韩语(只招男生)(龙嘉校区)(武警部队),其他专业类,其他,专业名称或备注含体检、性别、色觉、军士/司法/航海等限制，需核对章程
长春职业技术大学,物理,提前专科批,424901,长春职业技术大学01,未标风险,02,应用韩语(只招男生)(龙嘉校区)(陆军),其他专业类,其他,专业名称或备注含体检、性别、色觉、军士/司法/航海等限制，需核对章程
江苏商贸职业学院,历史,专科批,131406,江苏商贸职业学院06,整体偏冷组,06,旅游管理(与南京传媒学院分段培养项目),旅游餐饮类,旅游大类,专科就业或接受度需谨慎核对
江苏商贸职业学院,历史,专科批,131407,江苏商贸职业学院07,中危混合组,12,旅游管理,旅游餐饮类,旅游大类,热门/强就业专科专业组中混入谨慎方向，志愿表需按该专业兜底
江苏商贸职业学院,历史,专科批,131407,江苏商贸职业学院07,中危混合组,17,智慧健康养老服务与管理,公共管理服务类,公共管理与服务大类,热门/强就业专科专业组中混入谨慎方向，志愿表需按该专业兜底
江苏商贸职业学院,历史,专科批,131407,江苏商贸职业学院07,中危混合组,24,农产品流通与管理,农林牧渔类,农林牧渔大类,热门/强就业专科专业组中混入谨慎方向，志愿表需按该专业兜底
江苏商贸职业学院,历史,专科批,131407,江苏商贸职业学院07,中危混合组,39,工程造价,土木建筑类,土木建筑大类,热门/强就业专科专业组中混入谨慎方向，志愿表需按该专业兜底
江苏商贸职业学院,历史,专科批,131407,江苏商贸职业学院07,中危混合组,40,动漫制作技术,文化艺术类,文化艺术大类,热门/强就业专科专业组中混入谨慎方向，志愿表需按该专业兜底
湖北交通职业技术学院,历史,提前专科批,524602,湖北交通职业技术学院02,未标风险,03,汽车检测与维修技术(只招男生)(空军),汽车制造类,装备制造大类,专业名称或备注含体检、性别、色觉、军士/司法/航海等限制，需核对章程
湖北交通职业技术学院,历史,提前专科批,524602,湖北交通职业技术学院02,未标风险,04,智能工程机械运用技术(只招男生)(空军),机械设计制造类,装备制造大类,专业名称或备注含体检、性别、色觉、军士/司法/航海等限制，需核对章程
湖北交通职业技术学院,历史,提前专科批,524603,湖北交通职业技术学院03,未标风险,05,船舶电子电气技术(水面舰艇人员合格)(只招男生)(海军),航海运输类,交通运输大类,专业名称或备注含体检、性别、色觉、军士/司法/航海等限制，需核对章程
渤海船舶职业学院,物理,提前专科批,415502,渤海船舶职业学院02,未标风险,02,船舶电气工程技术(水面舰艇人员合格)(只招男生)(海军),航海运输类,交通运输大类,专业名称或备注含体检、性别、色觉、军士/司法/航海等限制，需核对章程
渤海船舶职业学院,物理,提前专科批,415502,渤海船舶职业学院02,未标风险,03,轮机工程技术(水面舰艇人员合格)(只招男生)(武警部队),航海运输类,交通运输大类,专业名称或备注含体检、性别、色觉、军士/司法/航海等限制，需核对章程
南通科技职业学院,历史,专科批,131301,南通科技职业学院01,中危混合组,01,园林技术,农林牧渔类,农林牧渔大类,热门/强就业专科专业组中混入谨慎方向，志愿表需按该专业兜底
南通科技职业学院,历史,专科批,131301,南通科技职业学院01,中危混合组,02,园艺技术,农林牧渔类,农林牧渔大类,热门/强就业专科专业组中混入谨慎方向，志愿表需按该专业兜底
南通科技职业学院,历史,专科批,131301,南通科技职业学院01,中危混合组,03,园林工程技术,土木建筑类,土木建筑大类,热门/强就业专科专业组中混入谨慎方向，志愿表需按该专业兜底
南通科技职业学院,历史,专科批,131301,南通科技职业学院01,中危混合组,04,风景园林设计,土木建筑类,土木建筑大类,热门/强就业专科专业组中混入谨慎方向，志愿表需按该专业兜底
南通科技职业学院,历史,专科批,131301,南通科技职业学院01,中危混合组,05,现代农业技术,农林牧渔类,农林牧渔大类,热门/强就业专科专业组中混入谨慎方向，志愿表需按该专业兜底
南通科技职业学院,历史,专科批,131301,南通科技职业学院01,中危混合组,06,环境工程技术,资源环境安全类,资源环境与安全大类,热门/强就业专科专业组中混入谨慎方向，志愿表需按该专业兜底
南通科技职业学院,历史,专科批,131301,南通科技职业学院01,中危混合组,07,环境监测技术,资源环境安全类,资源环境与安全大类,热门/强就业专科专业组中混入谨慎方向，志愿表需按该专业兜底
南通科技职业学院,历史,专科批,131301,南通科技职业学院01,中危混合组,09,食品智能加工技术,食品药品类,食品药品与粮食大类,热门/强就业专科专业组中混入谨慎方向，志愿表需按该专业兜底
南通科技职业学院,历史,专科批,131301,南通科技职业学院01,中危混合组,10,食品检验检测技术,食品药品类,食品药品与粮食大类,热门/强就业专科专业组中混入谨慎方向，志愿表需按该专业兜底
南通科技职业学院,历史,专科批,131301,南通科技职业学院01,中危混合组,12,农产品加工与质量检测,农林牧渔类,农林牧渔大类,热门/强就业专科专业组中混入谨慎方向，志愿表需按该专业兜底
南通科技职业学院,历史,专科批,131301,南通科技职业学院01,中危混合组,23,旅游管理,旅游餐饮类,旅游大类,热门/强就业专科专业组中混入谨慎方向，志愿表需按该专业兜底
南通科技职业学院,历史,专科批,131301,南通科技职业学院01,中危混合组,24,酒店管理与数字化运营,旅游餐饮类,旅游大类,热门/强就业专科专业组中混入谨慎方向，志愿表需按该专业兜底
南通科技职业学院,历史,专科批,131302,南通科技职业学院02,中危混合组,27,环境工程技术[与扬州职业技术大学(原扬州市职业大学)分段培养项目],资源环境安全类,资源环境与安全大类,热门/强就业专科专业组中混入谨慎方向，志愿表需按该专业兜底
沙洲职业工学院,物理,专科批,127802,沙洲职业工学院02,中危混合组,27,建筑室内设计,土木建筑类,土木建筑大类,热门/强就业专科专业组中混入谨慎方向，志愿表需按该专业兜底
沙洲职业工学院,物理,专科批,127802,沙洲职业工学院02,中危混合组,28,建筑工程技术,土木建筑类,土木建筑大类,热门/强就业专科专业组中混入谨慎方向，志愿表需按该专业兜底
沙洲职业工学院,物理,专科批,127802,沙洲职业工学院02,中危混合组,29,工程造价,土木建筑类,土木建筑大类,热门/强就业专科专业组中混入谨慎方向，志愿表需按该专业兜底
沙洲职业工学院,物理,专科批,127802,沙洲职业工学院02,中危混合组,31,服装设计与工艺,文化艺术类,文化艺术大类,热门/强就业专科专业组中混入谨慎方向，志愿表需按该专业兜底
沙洲职业工学院,物理,专科批,127802,沙洲职业工学院02,中危混合组,32,"环境监测技术(报考该专业有色觉要求,具体请查阅院校招生章程)",资源环境安全类,资源环境与安全大类,热门/强就业专科专业组中混入谨慎方向，志愿表需按该专业兜底
沙洲职业工学院,物理,专科批,127802,沙洲职业工学院02,中危混合组,33,"应用化工技术(报考该专业有色觉要求,具体请查阅院校招生章程)",生物化工类,生物与化工大类,热门/强就业专科专业组中混入谨慎方向，志愿表需按该专业兜底
沙洲职业工学院,物理,专科批,127802,沙洲职业工学院02,中危混合组,51,酒店管理与数字化运营,旅游餐饮类,旅游大类,热门/强就业专科专业组中混入谨慎方向，志愿表需按该专业兜底
襄阳职业技术大学,历史,专科批,529101,襄阳职业技术大学01,整体偏冷组,01,宠物医疗技术(高铁南路校区),农林牧渔类,农林牧渔大类,专科就业或接受度需谨慎核对
襄阳职业技术大学,历史,专科批,529101,襄阳职业技术大学01,整体偏冷组,02,建筑室内设计(隆中路校区),土木建筑类,土木建筑大类,专科就业或接受度需谨慎核对
湖南体育职业学院,历史,提前专科批,537202,湖南体育职业学院02,未标风险,03,民族传统体育(只招男生)(武警部队),教育体育类,教育与体育大类,专业名称或备注含体检、性别、色觉、军士/司法/航海等限制，需核对章程
湖南体育职业学院,历史,提前专科批,537202,湖南体育职业学院02,未标风险,04,运动训练(只招男生)(武警部队),教育体育类,教育与体育大类,专业名称或备注含体检、性别、色觉、军士/司法/航海等限制，需核对章程
四川建筑职业技术大学,物理,专科批,612602,四川建筑职业技术大学02,整体偏冷组,02,建筑工程技术,土木建筑类,土木建筑大类,专科就业或接受度需谨慎核对
江苏安全技术职业学院,历史,专科批,123401,江苏安全技术职业学院01,中危混合组,01,工程安全评价与监理(云龙校区),资源环境安全类,资源环境与安全大类,热门/强就业专科专业组中混入谨慎方向，志愿表需按该专业兜底
江苏安全技术职业学院,历史,专科批,123401,江苏安全技术职业学院01,中危混合组,02,建筑消防技术(云龙校区),土木建筑类,土木建筑大类,热门/强就业专科专业组中混入谨慎方向，志愿表需按该专业兜底
江苏安全技术职业学院,历史,专科批,123401,江苏安全技术职业学院01,中危混合组,14,安全智能监测技术,资源环境安全类,资源环境与安全大类,热门/强就业专科专业组中混入谨慎方向，志愿表需按该专业兜底
江苏安全技术职业学院,历史,专科批,123402,江苏安全技术职业学院02,整体偏冷组,26,"应急救援技术(与盐城工学院分段培养项目)(云龙校区)(报考该专业有色觉要求,具体请查阅院校招生章程)",资源环境安全类,资源环境与安全大类,专科就业或接受度需谨慎核对
江苏食品药品职业技术学院,历史,专科批,135101,江苏食品药品职业技术学院01,中危混合组,01,食品药品监督管理,食品药品类,食品药品与粮食大类,热门/强就业专科专业组中混入谨慎方向，志愿表需按该专业兜底
江苏食品药品职业技术学院,历史,专科批,135101,江苏食品药品职业技术学院01,中危混合组,02,食品营养与健康,食品药品类,食品药品与粮食大类,热门/强就业专科专业组中混入谨慎方向，志愿表需按该专业兜底
江苏食品药品职业技术学院,历史,专科批,135101,江苏食品药品职业技术学院01,中危混合组,03,食品智能加工技术,食品药品类,食品药品与粮食大类,热门/强就业专科专业组中混入谨慎方向，志愿表需按该专业兜底
江苏食品药品职业技术学院,历史,专科批,135101,江苏食品药品职业技术学院01,中危混合组,04,食品检验检测技术,食品药品类,食品药品与粮食大类,热门/强就业专科专业组中混入谨慎方向，志愿表需按该专业兜底
江苏食品药品职业技术学院,历史,专科批,135101,江苏食品药品职业技术学院01,中危混合组,05,食品质量与安全,食品药品类,食品药品与粮食大类,热门/强就业专科专业组中混入谨慎方向，志愿表需按该专业兜底
江苏食品药品职业技术学院,历史,专科批,135101,江苏食品药品职业技术学院01,中危混合组,08,生物制药技术,生物化工类,生物与化工大类,热门/强就业专科专业组中混入谨慎方向，志愿表需按该专业兜底
江苏食品药品职业技术学院,历史,专科批,135101,江苏食品药品职业技术学院01,中危混合组,12,西式烹饪工艺,食品药品类,食品药品与粮食大类,热门/强就业专科专业组中混入谨慎方向，志愿表需按该专业兜底
江苏食品药品职业技术学院,历史,专科批,135101,江苏食品药品职业技术学院01,中危混合组,13,餐饮智能管理,旅游餐饮类,旅游大类,热门/强就业专科专业组中混入谨慎方向，志愿表需按该专业兜底
江苏食品药品职业技术学院,历史,专科批,135101,江苏食品药品职业技术学院01,中危混合组,16,智慧健康养老服务与管理,公共管理服务类,公共管理与服务大类,热门/强就业专科专业组中混入谨慎方向，志愿表需按该专业兜底
江苏食品药品职业技术学院,历史,专科批,135101,江苏食品药品职业技术学院01,中危混合组,18,职业健康安全技术,资源环境安全类,资源环境与安全大类,热门/强就业专科专业组中混入谨慎方向，志愿表需按该专业兜底
江苏食品药品职业技术学院,历史,专科批,135102,江苏食品药品职业技术学院02,整体偏冷组,28,"食品质量与安全(与徐州工程学院分段培养项目)(报考该专业有色觉要求,具体请查阅院校招生章程)",食品药品类,食品药品与粮食大类,专科就业或接受度需谨慎核对
江苏食品药品职业技术学院,历史,专科批,135104,江苏食品药品职业技术学院04,未标风险,30,"中医康复技术(与无锡太湖学院分段培养项目)(报考该专业有色觉要求,具体请查阅院校招生章程)",护理医学类,医药卫生大类,专业名称或备注含体检、性别、色觉、军士/司法/航海等限制，需核对章程
延安职业技术学院,历史,提前专科批,717501,延安职业技术学院01,未标风险,01,汽车制造与试验技术(只招男生)(空军),机械设计制造类,装备制造大类,专业名称或备注含体检、性别、色觉、军士/司法/航海等限制，需核对章程
延安职业技术学院,历史,提前专科批,717502,延安职业技术学院02,未标风险,02,轮机工程技术(水面舰艇人员合格)(只招男生)(海军),航海运输类,交通运输大类,专业名称或备注含体检、性别、色觉、军士/司法/航海等限制，需核对章程
泉州海洋职业学院,物理,提前专科批,815802,泉州海洋职业学院02,未标风险,02,航海技术,航海运输类,交通运输大类,专业名称或备注含体检、性别、色觉、军士/司法/航海等限制，需核对章程
武昌职业学院,历史,提前专科批,859202,武昌职业学院02,未标风险,02,人工智能技术应用(只招男生)(陆军),计算机类,电子与信息大类,专业名称或备注含体检、性别、色觉、军士/司法/航海等限制，需核对章程
武昌职业学院,历史,提前专科批,859202,武昌职业学院02,未标风险,03,电子信息工程技术(只招男生)(空军),电子信息类,电子与信息大类,专业名称或备注含体检、性别、色觉、军士/司法/航海等限制，需核对章程
武昌职业学院,历史,提前专科批,859202,武昌职业学院02,未标风险,04,电子信息工程技术(只招男生)(信息支援部队),电子信息类,电子与信息大类,专业名称或备注含体检、性别、色觉、军士/司法/航海等限制，需核对章程
武昌职业学院,历史,提前专科批,859202,武昌职业学院02,未标风险,05,现代通信技术(只招男生)(联勤保障部队),电子信息类,电子与信息大类,专业名称或备注含体检、性别、色觉、军士/司法/航海等限制，需核对章程
武昌职业学院,历史,提前专科批,859202,武昌职业学院02,未标风险,06,人工智能技术应用(只招男生)(武警部队),计算机类,电子与信息大类,专业名称或备注含体检、性别、色觉、军士/司法/航海等限制，需核对章程
武昌职业学院,历史,提前专科批,859203,武昌职业学院03,未标风险,07,电子信息工程技术(水面舰艇人员合格)(只招男生)(海军),电子信息类,电子与信息大类,专业名称或备注含体检、性别、色觉、军士/司法/航海等限制，需核对章程
武昌职业学院,历史,提前专科批,859204,武昌职业学院04,未标风险,08,现代通信技术[陆战队员(特种作战部队条件兵)合格](只招男生)(陆军),电子信息类,电子与信息大类,专业名称或备注含体检、性别、色觉、军士/司法/航海等限制，需核对章程
苏州幼儿师范高等专科学校,历史,专科批,129001,苏州幼儿师范高等专科学校01,整体偏冷组,01,音乐教育(与苏州科技大学分段培养项目)(师范),文化艺术类,文化艺术大类,专科就业或接受度需谨慎核对
苏州幼儿师范高等专科学校,历史,专科批,129002,苏州幼儿师范高等专科学校02,中危混合组,03,社区康复,公共管理服务类,公共管理与服务大类,热门/强就业专科专业组中混入谨慎方向，志愿表需按该专业兜底
苏州幼儿师范高等专科学校,历史,专科批,129002,苏州幼儿师范高等专科学校02,中危混合组,04,智慧健康养老服务与管理,公共管理服务类,公共管理与服务大类,热门/强就业专科专业组中混入谨慎方向，志愿表需按该专业兜底
苏州幼儿师范高等专科学校,历史,专科批,129002,苏州幼儿师范高等专科学校02,中危混合组,08,"学前教育(师范)(报考该专业有色觉要求,具体请查阅院校招生章程)",教育体育类,教育与体育大类,专业名称或备注含体检、性别、色觉、军士/司法/航海等限制，需核对章程
苏州幼儿师范高等专科学校,历史,专科批,129002,苏州幼儿师范高等专科学校02,中危混合组,09,"特殊教育(师范)(报考该专业有色觉要求,具体请查阅院校招生章程)",其他专业类,其他,专业名称或备注含体检、性别、色觉、军士/司法/航海等限制，需核对章程
苏州幼儿师范高等专科学校,历史,专科批,129002,苏州幼儿师范高等专科学校02,中危混合组,10,音乐教育(师范),文化艺术类,文化艺术大类,热门/强就业专科专业组中混入谨慎方向，志愿表需按该专业兜底
陕西交通职业技术学院,物理,专科批,712903,陕西交通职业技术学院03,中危混合组,09,无人机测绘技术,资源环境安全类,资源环境与安全大类,热门/强就业专科专业组中混入谨慎方向，志愿表需按该专业兜底
陕西交通职业技术学院,物理,专科批,712903,陕西交通职业技术学院03,中危混合组,11,建筑工程技术,土木建筑类,土木建筑大类,热门/强就业专科专业组中混入谨慎方向，志愿表需按该专业兜底
陕西交通职业技术学院,物理,专科批,712903,陕西交通职业技术学院03,中危混合组,19,数字媒体艺术设计,文化艺术类,文化艺术大类,热门/强就业专科专业组中混入谨慎方向，志愿表需按该专业兜底
陕西交通职业技术学院,物理,专科批,712904,陕西交通职业技术学院04,中危混合组,20,动漫制作技术(中外合作办学),文化艺术类,文化艺术大类,热门/强就业专科专业组中混入谨慎方向，志愿表需按该专业兜底
湖南国防工业职业技术学院,物理,专科批,536703,湖南国防工业职业技术学院03,中危混合组,07,建设工程管理,土木建筑类,土木建筑大类,热门/强就业专科专业组中混入谨慎方向，志愿表需按该专业兜底
武汉船舶职业技术学院,历史,提前专科批,522701,武汉船舶职业技术学院01,未标风险,01,轮机工程技术(水面舰艇人员合格)(只招男生)(海军),航海运输类,交通运输大类,专业名称或备注含体检、性别、色觉、军士/司法/航海等限制，需核对章程
武汉船舶职业技术学院,历史,提前专科批,522701,武汉船舶职业技术学院01,未标风险,02,船舶电子电气技术(水面舰艇人员合格)(只招男生)(武警部队),航海运输类,交通运输大类,专业名称或备注含体检、性别、色觉、军士/司法/航海等限制，需核对章程
常州纺织服装职业技术学院,历史,专科批,125101,常州纺织服装职业技术学院01,中危混合组,13,环境工程技术,资源环境安全类,资源环境与安全大类,热门/强就业专科专业组中混入谨慎方向，志愿表需按该专业兜底
常州纺织服装职业技术学院,历史,专科批,125101,常州纺织服装职业技术学院01,中危混合组,21,智慧健康养老服务与管理,公共管理服务类,公共管理与服务大类,热门/强就业专科专业组中混入谨慎方向，志愿表需按该专业兜底
常州纺织服装职业技术学院,历史,专科批,125101,常州纺织服装职业技术学院01,中危混合组,25,酒店管理与数字化运营,旅游餐饮类,旅游大类,热门/强就业专科专业组中混入谨慎方向，志愿表需按该专业兜底
常州纺织服装职业技术学院,历史,专科批,125102,常州纺织服装职业技术学院02,中危混合组,28,服装设计与工艺[与扬州职业技术大学(原扬州市职业大学)分段培养项目],文化艺术类,文化艺术大类,热门/强就业专科专业组中混入谨慎方向，志愿表需按该专业兜底
南通科技职业学院,物理,专科批,131304,南通科技职业学院04,中危混合组,30,园林技术,农林牧渔类,农林牧渔大类,热门/强就业专科专业组中混入谨慎方向，志愿表需按该专业兜底
南通科技职业学院,物理,专科批,131304,南通科技职业学院04,中危混合组,31,园艺技术,农林牧渔类,农林牧渔大类,热门/强就业专科专业组中混入谨慎方向，志愿表需按该专业兜底
南通科技职业学院,物理,专科批,131304,南通科技职业学院04,中危混合组,32,园林工程技术,土木建筑类,土木建筑大类,热门/强就业专科专业组中混入谨慎方向，志愿表需按该专业兜底
南通科技职业学院,物理,专科批,131304,南通科技职业学院04,中危混合组,33,风景园林设计,土木建筑类,土木建筑大类,热门/强就业专科专业组中混入谨慎方向，志愿表需按该专业兜底
南通科技职业学院,物理,专科批,131304,南通科技职业学院04,中危混合组,34,现代农业技术,农林牧渔类,农林牧渔大类,热门/强就业专科专业组中混入谨慎方向，志愿表需按该专业兜底
南通科技职业学院,物理,专科批,131304,南通科技职业学院04,中危混合组,35,环境工程技术,资源环境安全类,资源环境与安全大类,热门/强就业专科专业组中混入谨慎方向，志愿表需按该专业兜底
南通科技职业学院,物理,专科批,131304,南通科技职业学院04,中危混合组,36,环境监测技术,资源环境安全类,资源环境与安全大类,热门/强就业专科专业组中混入谨慎方向，志愿表需按该专业兜底
南通科技职业学院,物理,专科批,131304,南通科技职业学院04,中危混合组,38,食品智能加工技术,食品药品类,食品药品与粮食大类,热门/强就业专科专业组中混入谨慎方向，志愿表需按该专业兜底
南通科技职业学院,物理,专科批,131304,南通科技职业学院04,中危混合组,39,食品检验检测技术,食品药品类,食品药品与粮食大类,热门/强就业专科专业组中混入谨慎方向，志愿表需按该专业兜底
南通科技职业学院,物理,专科批,131304,南通科技职业学院04,中危混合组,41,农产品加工与质量检测,农林牧渔类,农林牧渔大类,热门/强就业专科专业组中混入谨慎方向，志愿表需按该专业兜底
南通科技职业学院,物理,专科批,131304,南通科技职业学院04,中危混合组,56,旅游管理,旅游餐饮类,旅游大类,热门/强就业专科专业组中混入谨慎方向，志愿表需按该专业兜底
南通科技职业学院,物理,专科批,131305,南通科技职业学院05,中危混合组,60,环境工程技术[与扬州职业技术大学(原扬州市职业大学)分段培养项目],资源环境安全类,资源环境与安全大类,热门/强就业专科专业组中混入谨慎方向，志愿表需按该专业兜底
江苏医药职业学院,物理,专科批,137104,江苏医药职业学院04,中危混合组,35,智慧健康养老服务与管理,公共管理服务类,公共管理与服务大类,热门/强就业专科专业组中混入谨慎方向，志愿表需按该专业兜底
江苏医药职业学院,物理,专科批,137104,江苏医药职业学院04,中危混合组,36,社会工作,公共管理服务类,公共管理与服务大类,热门/强就业专科专业组中混入谨慎方向，志愿表需按该专业兜底
江苏医药职业学院,物理,专科批,137104,江苏医药职业学院04,中危混合组,37,现代家政服务与管理,公共管理服务类,公共管理与服务大类,热门/强就业专科专业组中混入谨慎方向，志愿表需按该专业兜底
江苏医药职业学院,物理,专科批,137104,江苏医药职业学院04,中危混合组,39,生物制药技术,生物化工类,生物与化工大类,热门/强就业专科专业组中混入谨慎方向，志愿表需按该专业兜底
江苏医药职业学院,物理,专科批,137104,江苏医药职业学院04,中危混合组,50,社区康复,公共管理服务类,公共管理与服务大类,热门/强就业专科专业组中混入谨慎方向，志愿表需按该专业兜底
江苏卫生健康职业学院,物理,专科批,115807,江苏卫生健康职业学院07,中危混合组,75,医学营养,食品药品类,食品药品与粮食大类,热门/强就业专科专业组中混入谨慎方向，志愿表需按该专业兜底
江苏卫生健康职业学院,物理,专科批,115808,江苏卫生健康职业学院08,中危混合组,84,智慧健康养老服务与管理,公共管理服务类,公共管理与服务大类,热门/强就业专科专业组中混入谨慎方向，志愿表需按该专业兜底
扬州工业职业技术学院,历史,专科批,139202,扬州工业职业技术学院02,中危混合组,02,分析检验技术,生物化工类,生物与化工大类,热门/强就业专科专业组中混入谨慎方向，志愿表需按该专业兜底
扬州工业职业技术学院,历史,专科批,139202,扬州工业职业技术学院02,中危混合组,03,环境监测技术,资源环境安全类,资源环境与安全大类,热门/强就业专科专业组中混入谨慎方向，志愿表需按该专业兜底
扬州工业职业技术学院,历史,专科批,139202,扬州工业职业技术学院02,中危混合组,04,石油化工技术,生物化工类,生物与化工大类,热门/强就业专科专业组中混入谨慎方向，志愿表需按该专业兜底
扬州工业职业技术学院,历史,专科批,139202,扬州工业职业技术学院02,中危混合组,05,应用化工技术,生物化工类,生物与化工大类,热门/强就业专科专业组中混入谨慎方向，志愿表需按该专业兜底
扬州工业职业技术学院,历史,专科批,139202,扬州工业职业技术学院02,中危混合组,07,建筑消防技术,土木建筑类,土木建筑大类,热门/强就业专科专业组中混入谨慎方向，志愿表需按该专业兜底
吉林司法警官职业学院,物理,提前专科批,424402,吉林司法警官职业学院02,未标风险,03,建筑消防技术(非公安类招生),土木建筑类,土木建筑大类,专科就业或接受度需谨慎核对
湖南石油化工职业技术学院,物理,专科批,535302,湖南石油化工职业技术学院02,整体偏冷组,02,石油化工技术,生物化工类,生物与化工大类,专科就业或接受度需谨慎核对
上海震旦职业学院,物理,专科批,801902,上海震旦职业学院02,中危混合组,05,无人机测绘技术,资源环境安全类,资源环境与安全大类,热门/强就业专科专业组中混入谨慎方向，志愿表需按该专业兜底
上海震旦职业学院,物理,专科批,801902,上海震旦职业学院02,中危混合组,06,"宠物医疗技术(报考该专业有色觉要求,具体请查阅院校招生章程)",农林牧渔类,农林牧渔大类,热门/强就业专科专业组中混入谨慎方向，志愿表需按该专业兜底
四川建筑职业技术大学,历史,专科批,612601,四川建筑职业技术大学01,整体偏冷组,01,工程造价,土木建筑类,土木建筑大类,专科就业或接受度需谨慎核对
四川文化产业职业学院,历史,专科批,618801,四川文化产业职业学院01,整体偏冷组,01,会展策划与管理,旅游餐饮类,旅游大类,专科就业或接受度需谨慎核对
天津国土资源和房屋职业学院,物理,专科批,324102,天津国土资源和房屋职业学院02,整体偏冷组,05,建筑设备工程技术,土木建筑类,土木建筑大类,专科就业或接受度需谨慎核对
山东海事职业学院,物理,提前专科批,825602,山东海事职业学院02,中危混合组,07,轮机工程技术,航海运输类,交通运输大类,专业名称或备注含体检、性别、色觉、军士/司法/航海等限制，需核对章程
聊城职业技术学院,历史,专科批,264401,聊城职业技术学院01,整体偏冷组,01,无人机测绘技术,资源环境安全类,资源环境与安全大类,专科就业或接受度需谨慎核对
盐城工业职业技术学院,历史,专科批,137004,盐城工业职业技术学院04,中危混合组,13,建筑室内设计,土木建筑类,土木建筑大类,热门/强就业专科专业组中混入谨慎方向，志愿表需按该专业兜底
盐城工业职业技术学院,历史,专科批,137004,盐城工业职业技术学院04,中危混合组,20,工程造价,土木建筑类,土木建筑大类,热门/强就业专科专业组中混入谨慎方向，志愿表需按该专业兜底
湖北生态工程职业技术学院,物理,专科批,523202,湖北生态工程职业技术学院02,中危混合组,10,数字媒体艺术设计,文化艺术类,文化艺术大类,热门/强就业专科专业组中混入谨慎方向，志愿表需按该专业兜底
安徽新闻出版职业技术学院,物理,专科批,232301,安徽新闻出版职业技术学院01,中危混合组,01,建筑室内设计,土木建筑类,土木建筑大类,热门/强就业专科专业组中混入谨慎方向，志愿表需按该专业兜底
安徽新闻出版职业技术学院,物理,专科批,232301,安徽新闻出版职业技术学院01,中危混合组,06,包装策划与设计,文化艺术类,文化艺术大类,热门/强就业专科专业组中混入谨慎方向，志愿表需按该专业兜底
镇江市高等专科学校,历史,专科批,141002,镇江市高等专科学校02,中危混合组,11,分析检验技术,生物化工类,生物与化工大类,热门/强就业专科专业组中混入谨慎方向，志愿表需按该专业兜底
镇江市高等专科学校,历史,专科批,141002,镇江市高等专科学校02,中危混合组,22,视觉训练与康复,文化艺术类,文化艺术大类,热门/强就业专科专业组中混入谨慎方向，志愿表需按该专业兜底
镇江市高等专科学校,历史,专科批,141002,镇江市高等专科学校02,中危混合组,29,旅游管理,旅游餐饮类,旅游大类,热门/强就业专科专业组中混入谨慎方向，志愿表需按该专业兜底
镇江市高等专科学校,历史,专科批,141002,镇江市高等专科学校02,中危混合组,30,酒店管理与数字化运营,旅游餐饮类,旅游大类,热门/强就业专科专业组中混入谨慎方向，志愿表需按该专业兜底
湖北国土资源职业学院,物理,专科批,522402,湖北国土资源职业学院02,中危混合组,05,测绘地理信息技术,资源环境安全类,资源环境与安全大类,热门/强就业专科专业组中混入谨慎方向，志愿表需按该专业兜底
湖北国土资源职业学院,物理,专科批,522402,湖北国土资源职业学院02,中危混合组,08,水文与工程地质,资源环境安全类,资源环境与安全大类,热门/强就业专科专业组中混入谨慎方向，志愿表需按该专业兜底
江苏建筑职业技术大学,历史,专科批,123001,江苏建筑职业技术大学01,中危混合组,01,工程造价,土木建筑类,土木建筑大类,热门/强就业专科专业组中混入谨慎方向，志愿表需按该专业兜底
江苏建筑职业技术大学,历史,专科批,123001,江苏建筑职业技术大学01,中危混合组,02,建筑智能化工程技术,土木建筑类,土木建筑大类,热门/强就业专科专业组中混入谨慎方向，志愿表需按该专业兜底
江苏建筑职业技术大学,历史,专科批,123001,江苏建筑职业技术大学01,中危混合组,04,建筑设计,土木建筑类,土木建筑大类,热门/强就业专科专业组中混入谨慎方向，志愿表需按该专业兜底
江苏建筑职业技术大学,历史,专科批,123001,江苏建筑职业技术大学01,中危混合组,08,建筑消防技术,土木建筑类,土木建筑大类,热门/强就业专科专业组中混入谨慎方向，志愿表需按该专业兜底
江苏建筑职业技术大学,历史,专科批,123001,江苏建筑职业技术大学01,中危混合组,09,安全技术与管理,资源环境安全类,资源环境与安全大类,热门/强就业专科专业组中混入谨慎方向，志愿表需按该专业兜底
江苏建筑职业技术大学,历史,专科批,123001,江苏建筑职业技术大学01,中危混合组,17,"城市轨道交通运营管理(报考该专业有色觉要求,具体请查阅院校招生章程)",铁道运输类,交通运输大类,专业名称或备注含体检、性别、色觉、军士/司法/航海等限制，需核对章程
江苏建筑职业技术大学,历史,专科批,123001,江苏建筑职业技术大学01,中危混合组,21,建筑动画技术,土木建筑类,土木建筑大类,热门/强就业专科专业组中混入谨慎方向，志愿表需按该专业兜底
江苏建筑职业技术大学,历史,专科批,123003,江苏建筑职业技术大学03,整体偏冷组,29,建筑工程技术(中外合作办学),土木建筑类,土木建筑大类,专科就业或接受度需谨慎核对
徐州工业职业技术学院,物理,专科批,123103,徐州工业职业技术学院03,中危混合组,36,应用化工技术,生物化工类,生物与化工大类,热门/强就业专科专业组中混入谨慎方向，志愿表需按该专业兜底
徐州工业职业技术学院,物理,专科批,123103,徐州工业职业技术学院03,中危混合组,38,生物制药技术,生物化工类,生物与化工大类,热门/强就业专科专业组中混入谨慎方向，志愿表需按该专业兜底
徐州工业职业技术学院,物理,专科批,123103,徐州工业职业技术学院03,中危混合组,46,建筑装饰工程技术,土木建筑类,土木建筑大类,热门/强就业专科专业组中混入谨慎方向，志愿表需按该专业兜底
徐州工业职业技术学院,物理,专科批,123103,徐州工业职业技术学院03,中危混合组,48,无人机测绘技术,资源环境安全类,资源环境与安全大类,热门/强就业专科专业组中混入谨慎方向，志愿表需按该专业兜底
徐州工业职业技术学院,物理,专科批,123103,徐州工业职业技术学院03,中危混合组,49,智慧建筑运维管理,土木建筑类,土木建筑大类,热门/强就业专科专业组中混入谨慎方向，志愿表需按该专业兜底
徐州工业职业技术学院,物理,专科批,123105,徐州工业职业技术学院05,整体偏冷组,51,工程造价(与徐州工程学院分段培养项目),土木建筑类,土木建筑大类,专科就业或接受度需谨慎核对
湖南石油化工职业技术学院,历史,专科批,535301,湖南石油化工职业技术学院01,整体偏冷组,01,石油化工技术,生物化工类,生物与化工大类,专科就业或接受度需谨慎核对
江苏旅游职业学院,历史,专科批,139402,江苏旅游职业学院02,整体偏冷组,02,旅游管理(与盐城工学院分段培养项目),旅游餐饮类,旅游大类,专科就业或接受度需谨慎核对
江苏旅游职业学院,历史,专科批,139403,江苏旅游职业学院03,中危混合组,09,旅游管理,旅游餐饮类,旅游大类,热门/强就业专科专业组中混入谨慎方向，志愿表需按该专业兜底
江苏旅游职业学院,历史,专科批,139403,江苏旅游职业学院03,中危混合组,10,导游,旅游餐饮类,旅游大类,热门/强就业专科专业组中混入谨慎方向，志愿表需按该专业兜底
江苏旅游职业学院,历史,专科批,139403,江苏旅游职业学院03,中危混合组,11,酒店管理与数字化运营,旅游餐饮类,旅游大类,热门/强就业专科专业组中混入谨慎方向，志愿表需按该专业兜底
江苏旅游职业学院,历史,专科批,139403,江苏旅游职业学院03,中危混合组,12,智慧旅游技术应用,旅游餐饮类,旅游大类,热门/强就业专科专业组中混入谨慎方向，志愿表需按该专业兜底
江苏旅游职业学院,历史,专科批,139403,江苏旅游职业学院03,中危混合组,13,餐饮智能管理,旅游餐饮类,旅游大类,热门/强就业专科专业组中混入谨慎方向，志愿表需按该专业兜底
江苏旅游职业学院,历史,专科批,139403,江苏旅游职业学院03,中危混合组,14,"烹饪工艺与营养(报考该专业有色觉要求,具体请查阅院校招生章程)",食品药品类,食品药品与粮食大类,热门/强就业专科专业组中混入谨慎方向，志愿表需按该专业兜底
江苏旅游职业学院,历史,专科批,139403,江苏旅游职业学院03,中危混合组,15,"中西面点工艺(报考该专业有色觉要求,具体请查阅院校招生章程)",其他专业类,其他,专业名称或备注含体检、性别、色觉、军士/司法/航海等限制，需核对章程
江苏旅游职业学院,历史,专科批,139403,江苏旅游职业学院03,中危混合组,16,"西式烹饪工艺(报考该专业有色觉要求,具体请查阅院校招生章程)",食品药品类,食品药品与粮食大类,热门/强就业专科专业组中混入谨慎方向，志愿表需按该专业兜底
九江职业大学,历史,专科批,256701,九江职业大学01,中危混合组,01,建筑室内设计,土木建筑类,土木建筑大类,热门/强就业专科专业组中混入谨慎方向，志愿表需按该专业兜底
江西农业工程职业学院,历史,专科批,259701,江西农业工程职业学院01,未标风险,02,畜牧兽医,农林牧渔类,农林牧渔大类,专科就业或接受度需谨慎核对
武汉船舶职业技术学院,历史,专科批,522702,武汉船舶职业技术学院02,中危混合组,10,酒店管理与数字化运营,旅游餐饮类,旅游大类,热门/强就业专科专业组中混入谨慎方向，志愿表需按该专业兜底
江苏航空职业技术学院,物理,专科批,141211,江苏航空职业技术学院11,中危混合组,40,无人机测绘技术,资源环境安全类,资源环境与安全大类,热门/强就业专科专业组中混入谨慎方向，志愿表需按该专业兜底
随州职业技术学院,物理,专科批,529902,随州职业技术学院02,中危混合组,08,工程造价,土木建筑类,土木建筑大类,热门/强就业专科专业组中混入谨慎方向，志愿表需按该专业兜底
江南影视艺术职业学院,历史,专科批,195803,江南影视艺术职业学院03,整体偏冷组,03,影视编导(与三江学院分段培养项目),文化艺术类,文化艺术大类,专科就业或接受度需谨慎核对
江南影视艺术职业学院,历史,专科批,195804,江南影视艺术职业学院04,中危混合组,11,酒店管理与数字化运营,旅游餐饮类,旅游大类,热门/强就业专科专业组中混入谨慎方向，志愿表需按该专业兜底
江南影视艺术职业学院,历史,专科批,195804,江南影视艺术职业学院04,中危混合组,14,影视编导,文化艺术类,文化艺术大类,热门/强就业专科专业组中混入谨慎方向，志愿表需按该专业兜底
江南影视艺术职业学院,历史,专科批,195804,江南影视艺术职业学院04,中危混合组,15,影视多媒体技术,文化艺术类,文化艺术大类,热门/强就业专科专业组中混入谨慎方向，志愿表需按该专业兜底
江南影视艺术职业学院,历史,专科批,195804,江南影视艺术职业学院04,中危混合组,16,摄影摄像技术,文化艺术类,文化艺术大类,热门/强就业专科专业组中混入谨慎方向，志愿表需按该专业兜底
江南影视艺术职业学院,历史,专科批,195804,江南影视艺术职业学院04,中危混合组,22,动漫制作技术,文化艺术类,文化艺术大类,热门/强就业专科专业组中混入谨慎方向，志愿表需按该专业兜底
江西应用技术职业学院,物理,专科批,253302,江西应用技术职业学院02,整体偏冷组,02,水文与工程地质,资源环境安全类,资源环境与安全大类,专科就业或接受度需谨慎核对
江苏城乡建设职业学院,历史,专科批,125502,江苏城乡建设职业学院02,中危混合组,02,"建筑室内设计(报考该专业有色觉要求,具体请查阅院校招生章程)",土木建筑类,土木建筑大类,热门/强就业专科专业组中混入谨慎方向，志愿表需按该专业兜底
江苏城乡建设职业学院,历史,专科批,125502,江苏城乡建设职业学院02,中危混合组,03,古建筑工程技术,土木建筑类,土木建筑大类,热门/强就业专科专业组中混入谨慎方向，志愿表需按该专业兜底
江苏城乡建设职业学院,历史,专科批,125502,江苏城乡建设职业学院02,中危混合组,04,建筑装饰工程技术,土木建筑类,土木建筑大类,热门/强就业专科专业组中混入谨慎方向，志愿表需按该专业兜底
江苏城乡建设职业学院,历史,专科批,125502,江苏城乡建设职业学院02,中危混合组,06,地下与隧道工程技术,土木建筑类,土木建筑大类,热门/强就业专科专业组中混入谨慎方向，志愿表需按该专业兜底
江苏城乡建设职业学院,历史,专科批,125502,江苏城乡建设职业学院02,中危混合组,08,建筑加固与修复技术,土木建筑类,土木建筑大类,热门/强就业专科专业组中混入谨慎方向，志愿表需按该专业兜底
江苏城乡建设职业学院,历史,专科批,125502,江苏城乡建设职业学院02,中危混合组,13,园林工程技术,土木建筑类,土木建筑大类,热门/强就业专科专业组中混入谨慎方向，志愿表需按该专业兜底
江苏城乡建设职业学院,历史,专科批,125502,江苏城乡建设职业学院02,中危混合组,19,建筑智能化工程技术,土木建筑类,土木建筑大类,热门/强就业专科专业组中混入谨慎方向，志愿表需按该专业兜底
江苏护理职业学院,物理,专科批,135305,江苏护理职业学院05,中危混合组,59,医学营养,食品药品类,食品药品与粮食大类,热门/强就业专科专业组中混入谨慎方向，志愿表需按该专业兜底
江苏电子信息职业学院,历史,专科批,135001,江苏电子信息职业学院01,中危混合组,18,动漫制作技术,文化艺术类,文化艺术大类,热门/强就业专科专业组中混入谨慎方向，志愿表需按该专业兜底
江苏电子信息职业学院,历史,专科批,135001,江苏电子信息职业学院01,中危混合组,19,包装策划与设计,文化艺术类,文化艺术大类,热门/强就业专科专业组中混入谨慎方向，志愿表需按该专业兜底
河南地矿职业学院,物理,专科批,513902,河南地矿职业学院02,中危混合组,06,水文与工程地质,资源环境安全类,资源环境与安全大类,热门/强就业专科专业组中混入谨慎方向，志愿表需按该专业兜底
河南地矿职业学院,物理,专科批,513902,河南地矿职业学院02,中危混合组,07,地质调查与矿产普查,资源环境安全类,资源环境与安全大类,热门/强就业专科专业组中混入谨慎方向，志愿表需按该专业兜底
湖南工程职业技术学院,历史,专科批,539501,湖南工程职业技术学院01,中危混合组,01,宝玉石鉴定与加工,资源环境安全类,资源环境与安全大类,热门/强就业专科专业组中混入谨慎方向，志愿表需按该专业兜底
湖南工程职业技术学院,历史,专科批,539501,湖南工程职业技术学院01,中危混合组,02,地质调查与矿产普查,资源环境安全类,资源环境与安全大类,热门/强就业专科专业组中混入谨慎方向，志愿表需按该专业兜底
湖南工程职业技术学院,历史,专科批,539501,湖南工程职业技术学院01,中危混合组,03,工程造价,土木建筑类,土木建筑大类,热门/强就业专科专业组中混入谨慎方向，志愿表需按该专业兜底
盐城工业职业技术学院,物理,专科批,137008,盐城工业职业技术学院08,中危混合组,46,工程造价,土木建筑类,土木建筑大类,热门/强就业专科专业组中混入谨慎方向，志愿表需按该专业兜底
上海民远职业技术学院,物理,专科批,802002,上海民远职业技术学院02,整体偏冷组,02,宠物医疗技术,农林牧渔类,农林牧渔大类,专科就业或接受度需谨慎核对
日照航海工程职业学院,物理,提前专科批,825902,日照航海工程职业学院02,未标风险,04,航海技术(视力等要求详见院校招生章程),航海运输类,交通运输大类,专业名称或备注含体检、性别、色觉、军士/司法/航海等限制，需核对章程
日照航海工程职业学院,物理,提前专科批,825902,日照航海工程职业学院02,未标风险,05,轮机工程技术(视力等要求详见院校招生章程),航海运输类,交通运输大类,专业名称或备注含体检、性别、色觉、军士/司法/航海等限制，需核对章程
上海济光职业技术学院,物理,专科批,802402,上海济光职业技术学院02,中危混合组,11,建筑智能化工程技术,土木建筑类,土木建筑大类,热门/强就业专科专业组中混入谨慎方向，志愿表需按该专业兜底
上海济光职业技术学院,物理,专科批,802402,上海济光职业技术学院02,中危混合组,12,工程造价,土木建筑类,土木建筑大类,热门/强就业专科专业组中混入谨慎方向，志愿表需按该专业兜底
上海济光职业技术学院,物理,专科批,802402,上海济光职业技术学院02,中危混合组,20,建筑室内设计(杨浦校区),土木建筑类,土木建筑大类,热门/强就业专科专业组中混入谨慎方向，志愿表需按该专业兜底
苏州旅游职业学院,物理,专科批,129102,苏州旅游职业学院02,中危混合组,16,旅游管理,旅游餐饮类,旅游大类,热门/强就业专科专业组中混入谨慎方向，志愿表需按该专业兜底
苏州旅游职业学院,物理,专科批,129102,苏州旅游职业学院02,中危混合组,17,酒店管理与数字化运营,旅游餐饮类,旅游大类,热门/强就业专科专业组中混入谨慎方向，志愿表需按该专业兜底
苏州旅游职业学院,物理,专科批,129102,苏州旅游职业学院02,中危混合组,20,园林技术,农林牧渔类,农林牧渔大类,热门/强就业专科专业组中混入谨慎方向，志愿表需按该专业兜底
苏州旅游职业学院,物理,专科批,129102,苏州旅游职业学院02,中危混合组,22,智慧健康养老服务与管理,公共管理服务类,公共管理与服务大类,热门/强就业专科专业组中混入谨慎方向，志愿表需按该专业兜底
苏州旅游职业学院,物理,专科批,129102,苏州旅游职业学院02,中危混合组,27,民宿管理与运营,旅游餐饮类,旅游大类,热门/强就业专科专业组中混入谨慎方向，志愿表需按该专业兜底
苏州旅游职业学院,物理,专科批,129102,苏州旅游职业学院02,中危混合组,28,"烹饪工艺与营养(报考该专业有色觉要求,具体请查阅院校招生章程)",食品药品类,食品药品与粮食大类,热门/强就业专科专业组中混入谨慎方向，志愿表需按该专业兜底
苏州旅游职业学院,物理,专科批,129102,苏州旅游职业学院02,中危混合组,29,"中西面点工艺(报考该专业有色觉要求,具体请查阅院校招生章程)",其他专业类,其他,专业名称或备注含体检、性别、色觉、军士/司法/航海等限制，需核对章程
苏州旅游职业学院,物理,专科批,129102,苏州旅游职业学院02,中危混合组,30,"数字非遗设计与制作(报考该专业有色觉要求,具体请查阅院校招生章程)",文化艺术类,文化艺术大类,热门/强就业专科专业组中混入谨慎方向，志愿表需按该专业兜底
吉林司法警官职业学院,历史,提前专科批,424401,吉林司法警官职业学院01,未标风险,01,建筑消防技术(非公安类招生),土木建筑类,土木建筑大类,专科就业或接受度需谨慎核对
苏州旅游职业学院,历史,专科批,129101,苏州旅游职业学院01,中危混合组,01,旅游管理,旅游餐饮类,旅游大类,热门/强就业专科专业组中混入谨慎方向，志愿表需按该专业兜底
苏州旅游职业学院,历史,专科批,129101,苏州旅游职业学院01,中危混合组,02,酒店管理与数字化运营,旅游餐饮类,旅游大类,热门/强就业专科专业组中混入谨慎方向，志愿表需按该专业兜底
苏州旅游职业学院,历史,专科批,129101,苏州旅游职业学院01,中危混合组,05,园林技术,农林牧渔类,农林牧渔大类,热门/强就业专科专业组中混入谨慎方向，志愿表需按该专业兜底
苏州旅游职业学院,历史,专科批,129101,苏州旅游职业学院01,中危混合组,07,智慧健康养老服务与管理,公共管理服务类,公共管理与服务大类,热门/强就业专科专业组中混入谨慎方向，志愿表需按该专业兜底
苏州旅游职业学院,历史,专科批,129101,苏州旅游职业学院01,中危混合组,12,民宿管理与运营,旅游餐饮类,旅游大类,热门/强就业专科专业组中混入谨慎方向，志愿表需按该专业兜底
苏州旅游职业学院,历史,专科批,129101,苏州旅游职业学院01,中危混合组,13,"烹饪工艺与营养(报考该专业有色觉要求,具体请查阅院校招生章程)",食品药品类,食品药品与粮食大类,热门/强就业专科专业组中混入谨慎方向，志愿表需按该专业兜底
苏州旅游职业学院,历史,专科批,129101,苏州旅游职业学院01,中危混合组,14,"中西面点工艺(报考该专业有色觉要求,具体请查阅院校招生章程)",其他专业类,其他,专业名称或备注含体检、性别、色觉、军士/司法/航海等限制，需核对章程
苏州旅游职业学院,历史,专科批,129101,苏州旅游职业学院01,中危混合组,15,"数字非遗设计与制作(报考该专业有色觉要求,具体请查阅院校招生章程)",文化艺术类,文化艺术大类,热门/强就业专科专业组中混入谨慎方向，志愿表需按该专业兜底
上海工商职业技术学院,物理,专科批,801803,上海工商职业技术学院03,中危混合组,17,"生物制药技术(报考该专业有色觉要求,具体请查阅院校招生章程)",生物化工类,生物与化工大类,热门/强就业专科专业组中混入谨慎方向，志愿表需按该专业兜底
上海工商职业技术学院,物理,专科批,801803,上海工商职业技术学院03,中危混合组,18,"宝玉石鉴定与加工(报考该专业有色觉要求,具体请查阅院校招生章程)",资源环境安全类,资源环境与安全大类,热门/强就业专科专业组中混入谨慎方向，志愿表需按该专业兜底
上海工商职业技术学院,物理,专科批,801803,上海工商职业技术学院03,中危混合组,20,会展策划与管理(青浦校区),旅游餐饮类,旅游大类,热门/强就业专科专业组中混入谨慎方向，志愿表需按该专业兜底
上海工商职业技术学院,物理,专科批,801804,上海工商职业技术学院04,整体偏冷组,21,酒店管理与数字化运营(中外合作办学)(青浦校区),旅游餐饮类,旅游大类,专科就业或接受度需谨慎核对
南通师范高等专科学校,历史,专科批,131501,南通师范高等专科学校01,中危混合组,02,现代家政服务与管理(如皋校区),公共管理服务类,公共管理与服务大类,热门/强就业专科专业组中混入谨慎方向，志愿表需按该专业兜底
南通师范高等专科学校,历史,专科批,131501,南通师范高等专科学校01,中危混合组,15,音乐教育(师范),文化艺术类,文化艺术大类,热门/强就业专科专业组中混入谨慎方向，志愿表需按该专业兜底
南通师范高等专科学校,历史,专科批,131501,南通师范高等专科学校01,中危混合组,16,"美术教育(师范)(报考该专业有色觉要求,具体请查阅院校招生章程)",文化艺术类,文化艺术大类,热门/强就业专科专业组中混入谨慎方向，志愿表需按该专业兜底
江苏工程职业技术学院,物理,专科批,131203,江苏工程职业技术学院03,中危混合组,35,化妆品技术(崇川校区),生物化工类,生物与化工大类,热门/强就业专科专业组中混入谨慎方向，志愿表需按该专业兜底
江苏工程职业技术学院,物理,专科批,131203,江苏工程职业技术学院03,中危混合组,37,服装设计与工艺(崇川校区),文化艺术类,文化艺术大类,热门/强就业专科专业组中混入谨慎方向，志愿表需按该专业兜底
江苏工程职业技术学院,物理,专科批,131203,江苏工程职业技术学院03,中危混合组,40,生物制药技术(崇川校区),生物化工类,生物与化工大类,热门/强就业专科专业组中混入谨慎方向，志愿表需按该专业兜底
江苏工程职业技术学院,物理,专科批,131203,江苏工程职业技术学院03,中危混合组,51,智慧健康养老服务与管理(崇川校区),公共管理服务类,公共管理与服务大类,热门/强就业专科专业组中混入谨慎方向，志愿表需按该专业兜底
江苏工程职业技术学院,物理,专科批,131203,江苏工程职业技术学院03,中危混合组,52,"建筑室内设计(第一学年在海门校区学习,第二、三学年在崇川校区学习)",土木建筑类,土木建筑大类,热门/强就业专科专业组中混入谨慎方向，志愿表需按该专业兜底
江苏工程职业技术学院,物理,专科批,131203,江苏工程职业技术学院03,中危混合组,53,"现代家用纺织品设计(第一学年在海门校区学习,第二、三学年在崇川校区学习)",文化艺术类,文化艺术大类,热门/强就业专科专业组中混入谨慎方向，志愿表需按该专业兜底
江苏工程职业技术学院,物理,专科批,131203,江苏工程职业技术学院03,中危混合组,55,无人机测绘技术,资源环境安全类,资源环境与安全大类,热门/强就业专科专业组中混入谨慎方向，志愿表需按该专业兜底
江苏工程职业技术学院,物理,专科批,131203,江苏工程职业技术学院03,中危混合组,56,建筑工程技术,土木建筑类,土木建筑大类,热门/强就业专科专业组中混入谨慎方向，志愿表需按该专业兜底
江苏工程职业技术学院,物理,专科批,131203,江苏工程职业技术学院03,中危混合组,57,工程造价,土木建筑类,土木建筑大类,热门/强就业专科专业组中混入谨慎方向，志愿表需按该专业兜底
江苏工程职业技术学院,物理,专科批,131203,江苏工程职业技术学院03,中危混合组,58,道路与桥梁工程技术,土木建筑类,土木建筑大类,热门/强就业专科专业组中混入谨慎方向，志愿表需按该专业兜底
武汉航海职业技术学院,历史,专科批,523301,武汉航海职业技术学院01,未标风险,02,"民航运输服务(报考该专业有色觉等要求,具体请查阅院校招生章程)",航空运输类,交通运输大类,专业名称或备注含体检、性别、色觉、军士/司法/航海等限制，需核对章程
江西交通职业技术学院,历史,专科批,256501,江西交通职业技术学院01,中危混合组,01,"城市轨道交通供配电技术(新建区校区)(报考该专业有色觉等要求,具体请查阅院校招生章程)",铁道运输类,交通运输大类,专业名称或备注含体检、性别、色觉、军士/司法/航海等限制，需核对章程
江西交通职业技术学院,历史,专科批,256501,江西交通职业技术学院01,中危混合组,02,道路与桥梁工程技术(新建区校区),土木建筑类,土木建筑大类,热门/强就业专科专业组中混入谨慎方向，志愿表需按该专业兜底
山东水利职业学院,历史,专科批,265901,山东水利职业学院01,中危混合组,01,水利水电建筑工程,土木建筑类,土木建筑大类,热门/强就业专科专业组中混入谨慎方向，志愿表需按该专业兜底
山东水利职业学院,历史,专科批,265901,山东水利职业学院01,中危混合组,03,工程造价,土木建筑类,土木建筑大类,热门/强就业专科专业组中混入谨慎方向，志愿表需按该专业兜底
山东水利职业学院,历史,专科批,265901,山东水利职业学院01,中危混合组,04,园林工程技术,土木建筑类,土木建筑大类,热门/强就业专科专业组中混入谨慎方向，志愿表需按该专业兜底
临汾职业技术学院,物理,专科批,343504,临汾职业技术学院04,整体偏冷组,04,"动漫设计(鼓楼校区)(报考该专业有色觉要求,具体请查阅院校招生章程)",文化艺术类,文化艺术大类,专科就业或接受度需谨慎核对
湖北国土资源职业学院,历史,专科批,522401,湖北国土资源职业学院01,中危混合组,01,测绘地理信息技术,资源环境安全类,资源环境与安全大类,热门/强就业专科专业组中混入谨慎方向，志愿表需按该专业兜底
湖北国土资源职业学院,历史,专科批,522401,湖北国土资源职业学院01,中危混合组,04,水文与工程地质,资源环境安全类,资源环境与安全大类,热门/强就业专科专业组中混入谨慎方向，志愿表需按该专业兜底
泉州海洋职业学院,历史,提前专科批,815801,泉州海洋职业学院01,未标风险,01,航海技术,航海运输类,交通运输大类,专业名称或备注含体检、性别、色觉、军士/司法/航海等限制，需核对章程
山东海事职业学院,物理,专科批,825602,山东海事职业学院02,中危混合组,08,应急救援技术,资源环境安全类,资源环境与安全大类,热门/强就业专科专业组中混入谨慎方向，志愿表需按该专业兜底
山东海事职业学院,物理,专科批,825602,山东海事职业学院02,中危混合组,09,旅游管理,旅游餐饮类,旅游大类,热门/强就业专科专业组中混入谨慎方向，志愿表需按该专业兜底
河南地矿职业学院,历史,专科批,513901,河南地矿职业学院01,中危混合组,01,水文与工程地质,资源环境安全类,资源环境与安全大类,热门/强就业专科专业组中混入谨慎方向，志愿表需按该专业兜底
河南地矿职业学院,历史,专科批,513901,河南地矿职业学院01,中危混合组,02,地质调查与矿产普查,资源环境安全类,资源环境与安全大类,热门/强就业专科专业组中混入谨慎方向，志愿表需按该专业兜底
威海海洋职业学院,历史,专科批,271901,威海海洋职业学院01,未标风险,01,水产养殖技术,农林牧渔类,农林牧渔大类,专科就业或接受度需谨慎核对
江苏财经职业技术学院,物理,专科批,135203,江苏财经职业技术学院03,中危混合组,46,工程造价,土木建筑类,土木建筑大类,热门/强就业专科专业组中混入谨慎方向，志愿表需按该专业兜底
江苏财经职业技术学院,物理,专科批,135203,江苏财经职业技术学院03,中危混合组,49,旅游管理,旅游餐饮类,旅游大类,热门/强就业专科专业组中混入谨慎方向，志愿表需按该专业兜底
江苏财经职业技术学院,物理,专科批,135203,江苏财经职业技术学院03,中危混合组,64,粮食工程技术与管理,食品药品类,食品药品与粮食大类,热门/强就业专科专业组中混入谨慎方向，志愿表需按该专业兜底
江苏财经职业技术学院,物理,专科批,135203,江苏财经职业技术学院03,中危混合组,65,食品药品监督管理,食品药品类,食品药品与粮食大类,热门/强就业专科专业组中混入谨慎方向，志愿表需按该专业兜底
江苏财经职业技术学院,物理,专科批,135203,江苏财经职业技术学院03,中危混合组,67,粮食储运与质量安全,食品药品类,食品药品与粮食大类,热门/强就业专科专业组中混入谨慎方向，志愿表需按该专业兜底
连云港师范学院,物理,专科批,133005,连云港师范学院05,中危混合组,28,食品营养与健康,食品药品类,食品药品与粮食大类,热门/强就业专科专业组中混入谨慎方向，志愿表需按该专业兜底
连云港师范学院,物理,专科批,133005,连云港师范学院05,中危混合组,38,人力资源管理,公共管理服务类,公共管理与服务大类,热门/强就业专科专业组中混入谨慎方向，志愿表需按该专业兜底
连云港师范学院,物理,专科批,133005,连云港师范学院05,中危混合组,39,智慧健康养老服务与管理,公共管理服务类,公共管理与服务大类,热门/强就业专科专业组中混入谨慎方向，志愿表需按该专业兜底
江苏农牧科技职业学院,物理,专科批,143202,江苏农牧科技职业学院02,中危混合组,35,动物营养与饲料,食品药品类,食品药品与粮食大类,热门/强就业专科专业组中混入谨慎方向，志愿表需按该专业兜底
江苏农牧科技职业学院,物理,专科批,143202,江苏农牧科技职业学院02,中危混合组,36,畜牧兽医,农林牧渔类,农林牧渔大类,热门/强就业专科专业组中混入谨慎方向，志愿表需按该专业兜底
江苏农牧科技职业学院,物理,专科批,143202,江苏农牧科技职业学院02,中危混合组,39,动物医学,农林牧渔类,农林牧渔大类,热门/强就业专科专业组中混入谨慎方向，志愿表需按该专业兜底
江苏农牧科技职业学院,物理,专科批,143202,江苏农牧科技职业学院02,中危混合组,41,生物制药技术,生物化工类,生物与化工大类,热门/强就业专科专业组中混入谨慎方向，志愿表需按该专业兜底
江苏农牧科技职业学院,物理,专科批,143202,江苏农牧科技职业学院02,中危混合组,44,食品检验检测技术,食品药品类,食品药品与粮食大类,热门/强就业专科专业组中混入谨慎方向，志愿表需按该专业兜底
江苏农牧科技职业学院,物理,专科批,143202,江苏农牧科技职业学院02,中危混合组,45,食品药品监督管理,食品药品类,食品药品与粮食大类,热门/强就业专科专业组中混入谨慎方向，志愿表需按该专业兜底
江苏农牧科技职业学院,物理,专科批,143202,江苏农牧科技职业学院02,中危混合组,46,食品智能加工技术,食品药品类,食品药品与粮食大类,热门/强就业专科专业组中混入谨慎方向，志愿表需按该专业兜底
江苏农牧科技职业学院,物理,专科批,143202,江苏农牧科技职业学院02,中危混合组,47,宠物养护与驯导,农林牧渔类,农林牧渔大类,热门/强就业专科专业组中混入谨慎方向，志愿表需按该专业兜底
江苏农牧科技职业学院,物理,专科批,143202,江苏农牧科技职业学院02,中危混合组,48,宠物医疗技术,农林牧渔类,农林牧渔大类,热门/强就业专科专业组中混入谨慎方向，志愿表需按该专业兜底
江苏农牧科技职业学院,物理,专科批,143202,江苏农牧科技职业学院02,中危混合组,49,水产养殖技术,农林牧渔类,农林牧渔大类,热门/强就业专科专业组中混入谨慎方向，志愿表需按该专业兜底
江苏农牧科技职业学院,物理,专科批,143202,江苏农牧科技职业学院02,中危混合组,50,水生动物医学,农林牧渔类,农林牧渔大类,热门/强就业专科专业组中混入谨慎方向，志愿表需按该专业兜底
江苏农牧科技职业学院,物理,专科批,143202,江苏农牧科技职业学院02,中危混合组,52,现代农业技术,农林牧渔类,农林牧渔大类,热门/强就业专科专业组中混入谨慎方向，志愿表需按该专业兜底
江苏农牧科技职业学院,物理,专科批,143202,江苏农牧科技职业学院02,中危混合组,53,园林技术,农林牧渔类,农林牧渔大类,热门/强就业专科专业组中混入谨慎方向，志愿表需按该专业兜底
江苏农牧科技职业学院,物理,专科批,143202,江苏农牧科技职业学院02,中危混合组,54,园艺技术,农林牧渔类,农林牧渔大类,热门/强就业专科专业组中混入谨慎方向，志愿表需按该专业兜底
江苏农牧科技职业学院,物理,专科批,143202,江苏农牧科技职业学院02,中危混合组,58,休闲农业经营与管理,农林牧渔类,农林牧渔大类,热门/强就业专科专业组中混入谨慎方向，志愿表需按该专业兜底
江苏农牧科技职业学院,物理,专科批,143202,江苏农牧科技职业学院02,中危混合组,67,现代农业装备应用技术,农林牧渔类,农林牧渔大类,热门/强就业专科专业组中混入谨慎方向，志愿表需按该专业兜底
江苏农牧科技职业学院,物理,专科批,143203,江苏农牧科技职业学院03,整体偏冷组,69,食品智能加工技术(与金陵科技学院分段培养项目),食品药品类,食品药品与粮食大类,专科就业或接受度需谨慎核对
抚州医药学院,历史,专科批,258301,抚州医药学院01,未标风险,02,智慧健康养老服务与管理(南校区),公共管理服务类,公共管理与服务大类,专科就业或接受度需谨慎核对
盐城幼儿师范高等专科学校,历史,专科批,137202,盐城幼儿师范高等专科学校02,整体偏冷组,02,旅游管理(与江苏理工学院分段培养项目),旅游餐饮类,旅游大类,专科就业或接受度需谨慎核对
盐城幼儿师范高等专科学校,历史,专科批,137203,盐城幼儿师范高等专科学校03,整体偏冷组,03,"美术教育(与盐城师范学院分段培养项目)(师范)(报考该专业有色觉要求,具体请查阅院校招生章程)",文化艺术类,文化艺术大类,专科就业或接受度需谨慎核对
盐城幼儿师范高等专科学校,历史,专科批,137204,盐城幼儿师范高等专科学校04,中危混合组,04,"学前教育(师范)(报考该专业有色觉要求,具体请查阅院校招生章程)",教育体育类,教育与体育大类,专业名称或备注含体检、性别、色觉、军士/司法/航海等限制，需核对章程
盐城幼儿师范高等专科学校,历史,专科批,137204,盐城幼儿师范高等专科学校04,中危混合组,05,"特殊教育(师范)(报考该专业有色觉要求,具体请查阅院校招生章程)",其他专业类,其他,专业名称或备注含体检、性别、色觉、军士/司法/航海等限制，需核对章程
盐城幼儿师范高等专科学校,历史,专科批,137204,盐城幼儿师范高等专科学校04,中危混合组,06,"美术教育(师范)(报考该专业有色觉要求,具体请查阅院校招生章程)",文化艺术类,文化艺术大类,热门/强就业专科专业组中混入谨慎方向，志愿表需按该专业兜底
盐城幼儿师范高等专科学校,历史,专科批,137204,盐城幼儿师范高等专科学校04,中危混合组,08,音乐教育(师范),文化艺术类,文化艺术大类,热门/强就业专科专业组中混入谨慎方向，志愿表需按该专业兜底
盐城幼儿师范高等专科学校,历史,专科批,137205,盐城幼儿师范高等专科学校05,中危混合组,09,智慧健康养老服务与管理,公共管理服务类,公共管理与服务大类,热门/强就业专科专业组中混入谨慎方向，志愿表需按该专业兜底
盐城幼儿师范高等专科学校,历史,专科批,137205,盐城幼儿师范高等专科学校05,中危混合组,11,现代家政服务与管理,公共管理服务类,公共管理与服务大类,热门/强就业专科专业组中混入谨慎方向，志愿表需按该专业兜底
盐城幼儿师范高等专科学校,历史,专科批,137205,盐城幼儿师范高等专科学校05,中危混合组,12,酒店管理与数字化运营,旅游餐饮类,旅游大类,热门/强就业专科专业组中混入谨慎方向，志愿表需按该专业兜底
盐城幼儿师范高等专科学校,历史,专科批,137205,盐城幼儿师范高等专科学校05,中危混合组,13,旅游管理,旅游餐饮类,旅游大类,热门/强就业专科专业组中混入谨慎方向，志愿表需按该专业兜底
盐城幼儿师范高等专科学校,历史,专科批,137205,盐城幼儿师范高等专科学校05,中危混合组,14,智慧旅游技术应用,旅游餐饮类,旅游大类,热门/强就业专科专业组中混入谨慎方向，志愿表需按该专业兜底
盐城幼儿师范高等专科学校,历史,专科批,137205,盐城幼儿师范高等专科学校05,中危混合组,18,现代文秘,公共管理服务类,公共管理与服务大类,热门/强就业专科专业组中混入谨慎方向，志愿表需按该专业兜底
盐城幼儿师范高等专科学校,历史,专科批,137206,盐城幼儿师范高等专科学校06,中危混合组,25,工程造价,土木建筑类,土木建筑大类,热门/强就业专科专业组中混入谨慎方向，志愿表需按该专业兜底
盐城幼儿师范高等专科学校,历史,专科批,137206,盐城幼儿师范高等专科学校06,中危混合组,26,建筑装饰工程技术,土木建筑类,土木建筑大类,热门/强就业专科专业组中混入谨慎方向，志愿表需按该专业兜底
盐城幼儿师范高等专科学校,历史,专科批,137206,盐城幼儿师范高等专科学校06,中危混合组,27,建筑工程技术,土木建筑类,土木建筑大类,热门/强就业专科专业组中混入谨慎方向，志愿表需按该专业兜底
盐城幼儿师范高等专科学校,历史,专科批,137206,盐城幼儿师范高等专科学校06,中危混合组,28,市政工程技术,土木建筑类,土木建筑大类,热门/强就业专科专业组中混入谨慎方向，志愿表需按该专业兜底
盐城幼儿师范高等专科学校,历史,专科批,137206,盐城幼儿师范高等专科学校06,中危混合组,29,建设工程监理,土木建筑类,土木建筑大类,热门/强就业专科专业组中混入谨慎方向，志愿表需按该专业兜底
长春医学高等专科学校,历史,专科批,428601,长春医学高等专科学校01,未标风险,01,"药物制剂技术(东方广场校区)(报考该专业有色觉要求,具体请查阅院校招生章程)",其他专业类,其他,专业名称或备注含体检、性别、色觉、军士/司法/航海等限制，需核对章程
河南职业技术学院,历史,专科批,511501,河南职业技术学院01,整体偏冷组,01,食品检验检测技术,食品药品类,食品药品与粮食大类,专科就业或接受度需谨慎核对
无锡师范高等专科学校,历史,专科批,121701,无锡师范高等专科学校01,中危混合组,03,智慧健康养老服务与管理,公共管理服务类,公共管理与服务大类,热门/强就业专科专业组中混入谨慎方向，志愿表需按该专业兜底
无锡师范高等专科学校,历史,专科批,121701,无锡师范高等专科学校01,中危混合组,04,音乐教育(师范),文化艺术类,文化艺术大类,热门/强就业专科专业组中混入谨慎方向，志愿表需按该专业兜底
无锡师范高等专科学校,历史,专科批,121701,无锡师范高等专科学校01,中危混合组,05,美术教育(师范),文化艺术类,文化艺术大类,热门/强就业专科专业组中混入谨慎方向，志愿表需按该专业兜底
无锡师范高等专科学校,历史,专科批,121702,无锡师范高等专科学校02,整体偏冷组,10,音乐教育(与南京特殊教育师范学院分段培养项目)(师范),文化艺术类,文化艺术大类,专科就业或接受度需谨慎核对
无锡师范高等专科学校,历史,专科批,121702,无锡师范高等专科学校02,整体偏冷组,11,"美术教育(与南京特殊教育师范学院分段培养项目)(师范)(报考该专业有色觉要求,具体请查阅院校招生章程)",文化艺术类,文化艺术大类,专科就业或接受度需谨慎核对
天津商务职业学院,物理,专科批,322004,天津商务职业学院04,整体偏冷组,14,旅游管理(中外合作办学)(海河教育园校区),旅游餐饮类,旅游大类,专科就业或接受度需谨慎核对
江苏旅游职业学院,物理,专科批,139405,江苏旅游职业学院05,整体偏冷组,20,旅游管理(与盐城工学院分段培养项目),旅游餐饮类,旅游大类,专科就业或接受度需谨慎核对
江苏旅游职业学院,物理,专科批,139407,江苏旅游职业学院07,中危混合组,31,旅游管理,旅游餐饮类,旅游大类,热门/强就业专科专业组中混入谨慎方向，志愿表需按该专业兜底
江苏旅游职业学院,物理,专科批,139407,江苏旅游职业学院07,中危混合组,32,导游,旅游餐饮类,旅游大类,热门/强就业专科专业组中混入谨慎方向，志愿表需按该专业兜底
江苏旅游职业学院,物理,专科批,139407,江苏旅游职业学院07,中危混合组,33,酒店管理与数字化运营,旅游餐饮类,旅游大类,热门/强就业专科专业组中混入谨慎方向，志愿表需按该专业兜底
江苏旅游职业学院,物理,专科批,139407,江苏旅游职业学院07,中危混合组,34,智慧旅游技术应用,旅游餐饮类,旅游大类,热门/强就业专科专业组中混入谨慎方向，志愿表需按该专业兜底
江苏旅游职业学院,物理,专科批,139407,江苏旅游职业学院07,中危混合组,35,餐饮智能管理,旅游餐饮类,旅游大类,热门/强就业专科专业组中混入谨慎方向，志愿表需按该专业兜底
江苏旅游职业学院,物理,专科批,139407,江苏旅游职业学院07,中危混合组,36,"烹饪工艺与营养(报考该专业有色觉要求,具体请查阅院校招生章程)",食品药品类,食品药品与粮食大类,热门/强就业专科专业组中混入谨慎方向，志愿表需按该专业兜底
江苏旅游职业学院,物理,专科批,139407,江苏旅游职业学院07,中危混合组,37,"中西面点工艺(报考该专业有色觉要求,具体请查阅院校招生章程)",其他专业类,其他,专业名称或备注含体检、性别、色觉、军士/司法/航海等限制，需核对章程
江苏旅游职业学院,物理,专科批,139407,江苏旅游职业学院07,中危混合组,38,"西式烹饪工艺(报考该专业有色觉要求,具体请查阅院校招生章程)",食品药品类,食品药品与粮食大类,热门/强就业专科专业组中混入谨慎方向，志愿表需按该专业兜底
江苏航运职业技术学院,物理,专科批,131108,江苏航运职业技术学院08,大杂组,35,"船舶电子电气技术(报考该专业有色觉要求,具体请查阅院校招生章程)",航海运输类,交通运输大类,专业名称或备注含体检、性别、色觉、军士/司法/航海等限制，需核对章程
江苏安全技术职业学院,物理,专科批,123404,江苏安全技术职业学院04,中危混合组,28,工程安全评价与监理(云龙校区),资源环境安全类,资源环境与安全大类,热门/强就业专科专业组中混入谨慎方向，志愿表需按该专业兜底
江苏安全技术职业学院,物理,专科批,123404,江苏安全技术职业学院04,中危混合组,29,建筑消防技术(云龙校区),土木建筑类,土木建筑大类,热门/强就业专科专业组中混入谨慎方向，志愿表需按该专业兜底
江苏安全技术职业学院,物理,专科批,123404,江苏安全技术职业学院04,中危混合组,41,安全智能监测技术,资源环境安全类,资源环境与安全大类,热门/强就业专科专业组中混入谨慎方向，志愿表需按该专业兜底
江苏安全技术职业学院,物理,专科批,123405,江苏安全技术职业学院05,整体偏冷组,53,"安全技术与管理(与南通理工学院分段培养项目)(云龙校区)(报考该专业有色觉要求,具体请查阅院校招生章程)",资源环境安全类,资源环境与安全大类,专科就业或接受度需谨慎核对
江苏安全技术职业学院,物理,专科批,123406,江苏安全技术职业学院06,整体偏冷组,54,"安全智能监测技术(与徐州工程学院分段培养项目)(贾汪校区)(报考该专业有色觉要求,具体请查阅院校招生章程)",资源环境安全类,资源环境与安全大类,专科就业或接受度需谨慎核对
江苏安全技术职业学院,物理,专科批,123407,江苏安全技术职业学院07,整体偏冷组,55,"应急救援技术(与盐城工学院分段培养项目)(云龙校区)(报考该专业有色觉要求,具体请查阅院校招生章程)",资源环境安全类,资源环境与安全大类,专科就业或接受度需谨慎核对
湖北水利水电职业技术学院,物理,专科批,523702,湖北水利水电职业技术学院02,中危混合组,05,水利水电建筑工程,土木建筑类,土木建筑大类,热门/强就业专科专业组中混入谨慎方向，志愿表需按该专业兜底
上海工商职业技术学院,历史,专科批,801801,上海工商职业技术学院01,中危混合组,06,"生物制药技术(报考该专业有色觉要求,具体请查阅院校招生章程)",生物化工类,生物与化工大类,热门/强就业专科专业组中混入谨慎方向，志愿表需按该专业兜底
上海工商职业技术学院,历史,专科批,801801,上海工商职业技术学院01,中危混合组,07,"宝玉石鉴定与加工(报考该专业有色觉要求,具体请查阅院校招生章程)",资源环境安全类,资源环境与安全大类,热门/强就业专科专业组中混入谨慎方向，志愿表需按该专业兜底
上海工商职业技术学院,历史,专科批,801801,上海工商职业技术学院01,中危混合组,09,会展策划与管理(青浦校区),旅游餐饮类,旅游大类,热门/强就业专科专业组中混入谨慎方向，志愿表需按该专业兜底
上海工商职业技术学院,历史,专科批,801802,上海工商职业技术学院02,整体偏冷组,10,酒店管理与数字化运营(中外合作办学)(青浦校区),旅游餐饮类,旅游大类,专科就业或接受度需谨慎核对
上海工商职业技术学院,历史,专科批,801802,上海工商职业技术学院02,整体偏冷组,11,餐饮智能管理(中外合作办学)(青浦校区),旅游餐饮类,旅游大类,专科就业或接受度需谨慎核对
连云港职业技术学院,历史,专科批,133101,连云港职业技术学院01,中危混合组,02,建筑工程技术(与南通理工学院分段培养项目),土木建筑类,土木建筑大类,热门/强就业专科专业组中混入谨慎方向，志愿表需按该专业兜底
连云港职业技术学院,历史,专科批,133101,连云港职业技术学院01,中危混合组,03,全媒体广告策划与营销(与南京传媒学院分段培养项目),文化艺术类,文化艺术大类,热门/强就业专科专业组中混入谨慎方向，志愿表需按该专业兜底
连云港职业技术学院,历史,专科批,133102,连云港职业技术学院02,中危混合组,12,环境监测技术,资源环境安全类,资源环境与安全大类,热门/强就业专科专业组中混入谨慎方向，志愿表需按该专业兜底
连云港职业技术学院,历史,专科批,133102,连云港职业技术学院02,中危混合组,13,建筑工程技术,土木建筑类,土木建筑大类,热门/强就业专科专业组中混入谨慎方向，志愿表需按该专业兜底
连云港职业技术学院,历史,专科批,133102,连云港职业技术学院02,中危混合组,14,市政工程技术,土木建筑类,土木建筑大类,热门/强就业专科专业组中混入谨慎方向，志愿表需按该专业兜底
连云港职业技术学院,历史,专科批,133102,连云港职业技术学院02,中危混合组,21,旅游管理,旅游餐饮类,旅游大类,热门/强就业专科专业组中混入谨慎方向，志愿表需按该专业兜底
连云港职业技术学院,历史,专科批,133102,连云港职业技术学院02,中危混合组,24,全媒体广告策划与营销,文化艺术类,文化艺术大类,热门/强就业专科专业组中混入谨慎方向，志愿表需按该专业兜底
扎兰屯职业学院,物理,专科批,352202,扎兰屯职业学院02,中危混合组,09,绿色食品生产技术,食品药品类,食品药品与粮食大类,热门/强就业专科专业组中混入谨慎方向，志愿表需按该专业兜底
扎兰屯职业学院,物理,专科批,352202,扎兰屯职业学院02,中危混合组,10,食品生物技术,食品药品类,食品药品与粮食大类,热门/强就业专科专业组中混入谨慎方向，志愿表需按该专业兜底
扎兰屯职业学院,物理,专科批,352202,扎兰屯职业学院02,中危混合组,11,园林技术,农林牧渔类,农林牧渔大类,热门/强就业专科专业组中混入谨慎方向，志愿表需按该专业兜底
扎兰屯职业学院,物理,专科批,352202,扎兰屯职业学院02,中危混合组,15,"飞机机电设备维修(报考该专业有色觉要求,具体请查阅院校招生章程)",航空运输类,交通运输大类,专业名称或备注含体检、性别、色觉、军士/司法/航海等限制，需核对章程
扎兰屯职业学院,物理,专科批,352202,扎兰屯职业学院02,中危混合组,16,农产品加工与质量检测,农林牧渔类,农林牧渔大类,热门/强就业专科专业组中混入谨慎方向，志愿表需按该专业兜底
徐州幼儿师范高等专科学校,历史,专科批,123201,徐州幼儿师范高等专科学校01,未标风险,01,"学前教育(与徐州工程学院分段培养项目)(师范)(报考该专业有色觉要求,具体请查阅院校招生章程)",教育体育类,教育与体育大类,专业名称或备注含体检、性别、色觉、军士/司法/航海等限制，需核对章程
徐州幼儿师范高等专科学校,历史,专科批,123202,徐州幼儿师范高等专科学校02,中危混合组,05,美术教育(师范),文化艺术类,文化艺术大类,热门/强就业专科专业组中混入谨慎方向，志愿表需按该专业兜底
徐州幼儿师范高等专科学校,历史,专科批,123204,徐州幼儿师范高等专科学校04,未标风险,13,包装策划与设计,文化艺术类,文化艺术大类,专科就业或接受度需谨慎核对
徐州幼儿师范高等专科学校,历史,专科批,123205,徐州幼儿师范高等专科学校05,未标风险,14,智慧健康养老服务与管理,公共管理服务类,公共管理与服务大类,专科就业或接受度需谨慎核对
徐州幼儿师范高等专科学校,历史,专科批,123205,徐州幼儿师范高等专科学校05,未标风险,15,社区康复,公共管理服务类,公共管理与服务大类,专科就业或接受度需谨慎核对
徐州幼儿师范高等专科学校,历史,专科批,123205,徐州幼儿师范高等专科学校05,未标风险,17,社会工作,公共管理服务类,公共管理与服务大类,专科就业或接受度需谨慎核对
徐州幼儿师范高等专科学校,历史,专科批,123206,徐州幼儿师范高等专科学校06,未标风险,18,"学前教育(中外合作办学)(师范)(报考该专业有色觉要求,具体请查阅院校招生章程)",教育体育类,教育与体育大类,专业名称或备注含体检、性别、色觉、军士/司法/航海等限制，需核对章程
九江职业大学,物理,专科批,256702,九江职业大学02,中危混合组,03,建筑室内设计,土木建筑类,土木建筑大类,热门/强就业专科专业组中混入谨慎方向，志愿表需按该专业兜底
天津商务职业学院,历史,专科批,322001,天津商务职业学院01,整体偏冷组,01,旅游管理(中外合作办学)(海河教育园校区),旅游餐饮类,旅游大类,专科就业或接受度需谨慎核对
江苏航空职业技术学院,历史,专科批,141206,江苏航空职业技术学院06,中危混合组,20,无人机测绘技术,资源环境安全类,资源环境与安全大类,热门/强就业专科专业组中混入谨慎方向，志愿表需按该专业兜底
重庆科技职业学院,物理,专科批,882602,重庆科技职业学院02,中危混合组,06,智慧健康养老服务与管理,公共管理服务类,公共管理与服务大类,热门/强就业专科专业组中混入谨慎方向，志愿表需按该专业兜底
新疆职业大学,物理,专科批,751802,新疆职业大学02,中危混合组,05,烹饪工艺与营养,食品药品类,食品药品与粮食大类,热门/强就业专科专业组中混入谨慎方向，志愿表需按该专业兜底
常州幼儿师范高等专科学校,物理,专科批,125602,常州幼儿师范高等专科学校02,中危混合组,12,旅游管理,旅游餐饮类,旅游大类,热门/强就业专科专业组中混入谨慎方向，志愿表需按该专业兜底
常州幼儿师范高等专科学校,物理,专科批,125602,常州幼儿师范高等专科学校02,中危混合组,13,酒店管理与数字化运营,旅游餐饮类,旅游大类,热门/强就业专科专业组中混入谨慎方向，志愿表需按该专业兜底
常州幼儿师范高等专科学校,物理,专科批,125602,常州幼儿师范高等专科学校02,中危混合组,15,智慧健康养老服务与管理,公共管理服务类,公共管理与服务大类,热门/强就业专科专业组中混入谨慎方向，志愿表需按该专业兜底
常州幼儿师范高等专科学校,物理,专科批,125602,常州幼儿师范高等专科学校02,中危混合组,16,"早期教育(师范)(报考该专业有色觉要求,具体请查阅院校招生章程)",教育体育类,教育与体育大类,专业名称或备注含体检、性别、色觉、军士/司法/航海等限制，需核对章程
常州幼儿师范高等专科学校,物理,专科批,125602,常州幼儿师范高等专科学校02,中危混合组,17,"学前教育(师范)(报考该专业有色觉要求,具体请查阅院校招生章程)",教育体育类,教育与体育大类,专业名称或备注含体检、性别、色觉、军士/司法/航海等限制，需核对章程
常州幼儿师范高等专科学校,物理,专科批,125602,常州幼儿师范高等专科学校02,中危混合组,18,"婴幼儿托育服务与管理(报考该专业有色觉要求,具体请查阅院校招生章程)",护理医学类,医药卫生大类,专业名称或备注含体检、性别、色觉、军士/司法/航海等限制，需核对章程
山东轻工职业学院,物理,专科批,272302,山东轻工职业学院02,中危混合组,13,动漫制作技术,文化艺术类,文化艺术大类,热门/强就业专科专业组中混入谨慎方向，志愿表需按该专业兜底
江西农业工程职业学院,物理,专科批,259702,江西农业工程职业学院02,未标风险,05,畜牧兽医,农林牧渔类,农林牧渔大类,专科就业或接受度需谨慎核对
镇江市高等专科学校,物理,专科批,141004,镇江市高等专科学校04,中危混合组,45,分析检验技术,生物化工类,生物与化工大类,热门/强就业专科专业组中混入谨慎方向，志愿表需按该专业兜底
镇江市高等专科学校,物理,专科批,141004,镇江市高等专科学校04,中危混合组,56,视觉训练与康复,文化艺术类,文化艺术大类,热门/强就业专科专业组中混入谨慎方向，志愿表需按该专业兜底
镇江市高等专科学校,物理,专科批,141004,镇江市高等专科学校04,中危混合组,63,旅游管理,旅游餐饮类,旅游大类,热门/强就业专科专业组中混入谨慎方向，志愿表需按该专业兜底
镇江市高等专科学校,物理,专科批,141004,镇江市高等专科学校04,中危混合组,64,酒店管理与数字化运营,旅游餐饮类,旅游大类,热门/强就业专科专业组中混入谨慎方向，志愿表需按该专业兜底
江苏农林职业技术学院,物理,专科批,141105,江苏农林职业技术学院05,整体偏冷组,43,畜牧兽医(与金陵科技学院分段培养项目),农林牧渔类,农林牧渔大类,专科就业或接受度需谨慎核对
江苏农林职业技术学院,物理,专科批,141107,江苏农林职业技术学院07,中危混合组,45,园林技术,农林牧渔类,农林牧渔大类,热门/强就业专科专业组中混入谨慎方向，志愿表需按该专业兜底
江苏农林职业技术学院,物理,专科批,141107,江苏农林职业技术学院07,中危混合组,47,园林工程技术,土木建筑类,土木建筑大类,热门/强就业专科专业组中混入谨慎方向，志愿表需按该专业兜底
江苏农林职业技术学院,物理,专科批,141107,江苏农林职业技术学院07,中危混合组,50,现代农业技术,农林牧渔类,农林牧渔大类,热门/强就业专科专业组中混入谨慎方向，志愿表需按该专业兜底
江苏农林职业技术学院,物理,专科批,141107,江苏农林职业技术学院07,中危混合组,51,园艺技术,农林牧渔类,农林牧渔大类,热门/强就业专科专业组中混入谨慎方向，志愿表需按该专业兜底
江苏农林职业技术学院,物理,专科批,141107,江苏农林职业技术学院07,中危混合组,52,环境监测技术,资源环境安全类,资源环境与安全大类,热门/强就业专科专业组中混入谨慎方向，志愿表需按该专业兜底
江苏农林职业技术学院,物理,专科批,141107,江苏农林职业技术学院07,中危混合组,53,动物医学,农林牧渔类,农林牧渔大类,热门/强就业专科专业组中混入谨慎方向，志愿表需按该专业兜底
江苏农林职业技术学院,物理,专科批,141107,江苏农林职业技术学院07,中危混合组,54,宠物医疗技术,农林牧渔类,农林牧渔大类,热门/强就业专科专业组中混入谨慎方向，志愿表需按该专业兜底
江苏农林职业技术学院,物理,专科批,141107,江苏农林职业技术学院07,中危混合组,55,宠物养护与驯导,农林牧渔类,农林牧渔大类,热门/强就业专科专业组中混入谨慎方向，志愿表需按该专业兜底
江苏农林职业技术学院,物理,专科批,141107,江苏农林职业技术学院07,中危混合组,56,畜牧兽医,农林牧渔类,农林牧渔大类,热门/强就业专科专业组中混入谨慎方向，志愿表需按该专业兜底
江苏农林职业技术学院,物理,专科批,141107,江苏农林职业技术学院07,中危混合组,57,食品检验检测技术,食品药品类,食品药品与粮食大类,热门/强就业专科专业组中混入谨慎方向，志愿表需按该专业兜底
江苏农林职业技术学院,物理,专科批,141107,江苏农林职业技术学院07,中危混合组,58,食品智能加工技术,食品药品类,食品药品与粮食大类,热门/强就业专科专业组中混入谨慎方向，志愿表需按该专业兜底
江苏农林职业技术学院,物理,专科批,141107,江苏农林职业技术学院07,中危混合组,59,农产品加工与质量检测,农林牧渔类,农林牧渔大类,热门/强就业专科专业组中混入谨慎方向，志愿表需按该专业兜底
江苏农林职业技术学院,物理,专科批,141107,江苏农林职业技术学院07,中危混合组,60,农业生物技术,农林牧渔类,农林牧渔大类,热门/强就业专科专业组中混入谨慎方向，志愿表需按该专业兜底
江苏农林职业技术学院,物理,专科批,141107,江苏农林职业技术学院07,中危混合组,61,茶叶生产与加工技术,农林牧渔类,农林牧渔大类,热门/强就业专科专业组中混入谨慎方向，志愿表需按该专业兜底
江苏农林职业技术学院,物理,专科批,141107,江苏农林职业技术学院07,中危混合组,67,旅游管理,旅游餐饮类,旅游大类,热门/强就业专科专业组中混入谨慎方向，志愿表需按该专业兜底
江苏农林职业技术学院,物理,专科批,141107,江苏农林职业技术学院07,中危混合组,68,酒店管理与数字化运营,旅游餐饮类,旅游大类,热门/强就业专科专业组中混入谨慎方向，志愿表需按该专业兜底
江苏农林职业技术学院,物理,专科批,141107,江苏农林职业技术学院07,中危混合组,74,现代农业装备应用技术,农林牧渔类,农林牧渔大类,热门/强就业专科专业组中混入谨慎方向，志愿表需按该专业兜底
江苏农林职业技术学院,物理,专科批,141107,江苏农林职业技术学院07,中危混合组,76,设施农业与装备,农林牧渔类,农林牧渔大类,热门/强就业专科专业组中混入谨慎方向，志愿表需按该专业兜底
江苏农林职业技术学院,物理,专科批,141107,江苏农林职业技术学院07,中危混合组,77,智慧农业技术与装备,农林牧渔类,农林牧渔大类,热门/强就业专科专业组中混入谨慎方向，志愿表需按该专业兜底
江苏农林职业技术学院,物理,专科批,141108,江苏农林职业技术学院08,整体偏冷组,86,园林工程技术(中外合作办学),土木建筑类,土木建筑大类,专科就业或接受度需谨慎核对
盐城农业科技职业学院,历史,专科批,137301,盐城农业科技职业学院01,中危混合组,01,现代农业技术,农林牧渔类,农林牧渔大类,热门/强就业专科专业组中混入谨慎方向，志愿表需按该专业兜底
盐城农业科技职业学院,历史,专科批,137301,盐城农业科技职业学院01,中危混合组,02,园艺技术,农林牧渔类,农林牧渔大类,热门/强就业专科专业组中混入谨慎方向，志愿表需按该专业兜底
盐城农业科技职业学院,历史,专科批,137301,盐城农业科技职业学院01,中危混合组,04,农产品加工与质量检测,农林牧渔类,农林牧渔大类,热门/强就业专科专业组中混入谨慎方向，志愿表需按该专业兜底
盐城农业科技职业学院,历史,专科批,137301,盐城农业科技职业学院01,中危混合组,05,动物医学,农林牧渔类,农林牧渔大类,热门/强就业专科专业组中混入谨慎方向，志愿表需按该专业兜底
盐城农业科技职业学院,历史,专科批,137301,盐城农业科技职业学院01,中危混合组,06,畜牧兽医,农林牧渔类,农林牧渔大类,热门/强就业专科专业组中混入谨慎方向，志愿表需按该专业兜底
盐城农业科技职业学院,历史,专科批,137301,盐城农业科技职业学院01,中危混合组,07,宠物医疗技术,农林牧渔类,农林牧渔大类,热门/强就业专科专业组中混入谨慎方向，志愿表需按该专业兜底
盐城农业科技职业学院,历史,专科批,137301,盐城农业科技职业学院01,中危混合组,08,水产养殖技术,农林牧渔类,农林牧渔大类,热门/强就业专科专业组中混入谨慎方向，志愿表需按该专业兜底
盐城农业科技职业学院,历史,专科批,137301,盐城农业科技职业学院01,中危混合组,09,现代农业装备应用技术,农林牧渔类,农林牧渔大类,热门/强就业专科专业组中混入谨慎方向，志愿表需按该专业兜底
盐城农业科技职业学院,历史,专科批,137301,盐城农业科技职业学院01,中危混合组,10,"农业电气化技术(报考该专业有色觉要求,具体请查阅院校招生章程)",电气自动化类,装备制造大类,专业名称或备注含体检、性别、色觉、军士/司法/航海等限制，需核对章程
盐城农业科技职业学院,历史,专科批,137301,盐城农业科技职业学院01,中危混合组,12,现代农业经济管理,农林牧渔类,农林牧渔大类,热门/强就业专科专业组中混入谨慎方向，志愿表需按该专业兜底
盐城农业科技职业学院,历史,专科批,137301,盐城农业科技职业学院01,中危混合组,19,"机电一体化技术(报考该专业有色觉要求,具体请查阅院校招生章程)",电气自动化类,装备制造大类,专业名称或备注含体检、性别、色觉、军士/司法/航海等限制，需核对章程
盐城农业科技职业学院,历史,专科批,137301,盐城农业科技职业学院01,中危混合组,20,食品智能加工技术,食品药品类,食品药品与粮食大类,热门/强就业专科专业组中混入谨慎方向，志愿表需按该专业兜底
盐城农业科技职业学院,历史,专科批,137301,盐城农业科技职业学院01,中危混合组,21,食品质量与安全,食品药品类,食品药品与粮食大类,热门/强就业专科专业组中混入谨慎方向，志愿表需按该专业兜底
盐城农业科技职业学院,历史,专科批,137301,盐城农业科技职业学院01,中危混合组,22,园林工程技术,土木建筑类,土木建筑大类,热门/强就业专科专业组中混入谨慎方向，志愿表需按该专业兜底
盐城农业科技职业学院,历史,专科批,137301,盐城农业科技职业学院01,中危混合组,24,园林技术,农林牧渔类,农林牧渔大类,热门/强就业专科专业组中混入谨慎方向，志愿表需按该专业兜底
湖南化工职业技术大学,物理,专科批,537802,湖南化工职业技术大学02,中危混合组,03,应用化工技术,生物化工类,生物与化工大类,热门/强就业专科专业组中混入谨慎方向，志愿表需按该专业兜底
湖南化工职业技术大学,物理,专科批,537802,湖南化工职业技术大学02,中危混合组,04,精细化工技术,生物化工类,生物与化工大类,热门/强就业专科专业组中混入谨慎方向，志愿表需按该专业兜底
湖南化工职业技术大学,物理,专科批,537802,湖南化工职业技术大学02,中危混合组,05,化妆品技术,生物化工类,生物与化工大类,热门/强就业专科专业组中混入谨慎方向，志愿表需按该专业兜底
湖南化工职业技术大学,物理,专科批,537802,湖南化工职业技术大学02,中危混合组,06,分析检验技术,生物化工类,生物与化工大类,热门/强就业专科专业组中混入谨慎方向，志愿表需按该专业兜底
江南影视艺术职业学院,物理,专科批,195807,江南影视艺术职业学院07,整体偏冷组,28,影视编导(与三江学院分段培养项目),文化艺术类,文化艺术大类,专科就业或接受度需谨慎核对
江南影视艺术职业学院,物理,专科批,195808,江南影视艺术职业学院08,中危混合组,36,酒店管理与数字化运营,旅游餐饮类,旅游大类,热门/强就业专科专业组中混入谨慎方向，志愿表需按该专业兜底
江南影视艺术职业学院,物理,专科批,195808,江南影视艺术职业学院08,中危混合组,39,影视编导,文化艺术类,文化艺术大类,热门/强就业专科专业组中混入谨慎方向，志愿表需按该专业兜底
江南影视艺术职业学院,物理,专科批,195808,江南影视艺术职业学院08,中危混合组,40,影视多媒体技术,文化艺术类,文化艺术大类,热门/强就业专科专业组中混入谨慎方向，志愿表需按该专业兜底
江南影视艺术职业学院,物理,专科批,195808,江南影视艺术职业学院08,中危混合组,41,摄影摄像技术,文化艺术类,文化艺术大类,热门/强就业专科专业组中混入谨慎方向，志愿表需按该专业兜底
江南影视艺术职业学院,物理,专科批,195808,江南影视艺术职业学院08,中危混合组,47,动漫制作技术,文化艺术类,文化艺术大类,热门/强就业专科专业组中混入谨慎方向，志愿表需按该专业兜底
威海海洋职业学院,物理,专科批,271902,威海海洋职业学院02,未标风险,04,水产养殖技术,农林牧渔类,农林牧渔大类,专科就业或接受度需谨慎核对
广西物流职业技术学院,物理,专科批,553401,广西物流职业技术学院01,未标风险,01,"智能网联汽车技术(报考该专业有色觉要求,具体请查阅院校招生章程)",汽车制造类,装备制造大类,专业名称或备注含体检、性别、色觉、军士/司法/航海等限制，需核对章程
广西物流职业技术学院,物理,专科批,553402,广西物流职业技术学院02,整体偏冷组,02,环境工程技术,资源环境安全类,资源环境与安全大类,专科就业或接受度需谨慎核对
广西物流职业技术学院,物理,专科批,553402,广西物流职业技术学院02,整体偏冷组,03,环境监测技术,资源环境安全类,资源环境与安全大类,专科就业或接受度需谨慎核对
泸州职业技术学院,物理,专科批,615201,泸州职业技术学院01,中危混合组,02,食品质量与安全,食品药品类,食品药品与粮食大类,热门/强就业专科专业组中混入谨慎方向，志愿表需按该专业兜底
泸州职业技术学院,物理,专科批,615202,泸州职业技术学院02,整体偏冷组,03,酿酒技术,食品药品类,食品药品与粮食大类,专科就业或接受度需谨慎核对
咸宁职业技术学院,历史,专科批,528601,咸宁职业技术学院01,中危混合组,03,智慧健康养老服务与管理,公共管理服务类,公共管理与服务大类,热门/强就业专科专业组中混入谨慎方向，志愿表需按该专业兜底
上海济光职业技术学院,历史,专科批,802401,上海济光职业技术学院01,中危混合组,01,建筑设计,土木建筑类,土木建筑大类,热门/强就业专科专业组中混入谨慎方向，志愿表需按该专业兜底
上海济光职业技术学院,历史,专科批,802401,上海济光职业技术学院01,中危混合组,03,工程造价,土木建筑类,土木建筑大类,热门/强就业专科专业组中混入谨慎方向，志愿表需按该专业兜底
上海济光职业技术学院,历史,专科批,802401,上海济光职业技术学院01,中危混合组,06,现代家政服务与管理,公共管理服务类,公共管理与服务大类,热门/强就业专科专业组中混入谨慎方向，志愿表需按该专业兜底
河南测绘职业学院,物理,专科批,516902,河南测绘职业学院02,未标风险,04,测绘地理信息技术,资源环境安全类,资源环境与安全大类,专科就业或接受度需谨慎核对
江苏商贸职业学院,物理,专科批,131413,江苏商贸职业学院13,整体偏冷组,46,旅游管理(与南京传媒学院分段培养项目),旅游餐饮类,旅游大类,专科就业或接受度需谨慎核对
江苏商贸职业学院,物理,专科批,131414,江苏商贸职业学院14,中危混合组,52,旅游管理,旅游餐饮类,旅游大类,热门/强就业专科专业组中混入谨慎方向，志愿表需按该专业兜底
江苏商贸职业学院,物理,专科批,131414,江苏商贸职业学院14,中危混合组,58,智慧健康养老服务与管理,公共管理服务类,公共管理与服务大类,热门/强就业专科专业组中混入谨慎方向，志愿表需按该专业兜底
江苏商贸职业学院,物理,专科批,131414,江苏商贸职业学院14,中危混合组,64,农产品流通与管理,农林牧渔类,农林牧渔大类,热门/强就业专科专业组中混入谨慎方向，志愿表需按该专业兜底
江苏商贸职业学院,物理,专科批,131414,江苏商贸职业学院14,中危混合组,79,工程造价,土木建筑类,土木建筑大类,热门/强就业专科专业组中混入谨慎方向，志愿表需按该专业兜底
江苏商贸职业学院,物理,专科批,131414,江苏商贸职业学院14,中危混合组,80,动漫制作技术,文化艺术类,文化艺术大类,热门/强就业专科专业组中混入谨慎方向，志愿表需按该专业兜底
山东化工职业学院,物理,专科批,275602,山东化工职业学院02,中危混合组,02,应用化工技术,生物化工类,生物与化工大类,热门/强就业专科专业组中混入谨慎方向，志愿表需按该专业兜底
泰州职业技术学院,物理,专科批,143102,泰州职业技术学院02,中危混合组,27,"护理(报考该专业有色觉要求,具体请查阅院校招生章程)",护理医学类,医药卫生大类,专业名称或备注含体检、性别、色觉、军士/司法/航海等限制，需核对章程
泰州职业技术学院,物理,专科批,143102,泰州职业技术学院02,中危混合组,28,"助产(报考该专业有色觉要求,具体请查阅院校招生章程)",护理医学类,医药卫生大类,专业名称或备注含体检、性别、色觉、军士/司法/航海等限制，需核对章程
泰州职业技术学院,物理,专科批,143102,泰州职业技术学院02,中危混合组,29,"口腔医学技术(报考该专业有色觉要求,具体请查阅院校招生章程)",护理医学类,医药卫生大类,专业名称或备注含体检、性别、色觉、军士/司法/航海等限制，需核对章程
泰州职业技术学院,物理,专科批,143102,泰州职业技术学院02,中危混合组,30,"康复治疗技术(报考该专业有色觉要求,具体请查阅院校招生章程)",护理医学类,医药卫生大类,专业名称或备注含体检、性别、色觉、军士/司法/航海等限制，需核对章程
泰州职业技术学院,物理,专科批,143102,泰州职业技术学院02,中危混合组,31,"药学(报考该专业有色觉要求,具体请查阅院校招生章程)",药学类,医药卫生大类,专业名称或备注含体检、性别、色觉、军士/司法/航海等限制，需核对章程
泰州职业技术学院,物理,专科批,143102,泰州职业技术学院02,中危混合组,47,生物制药技术,生物化工类,生物与化工大类,热门/强就业专科专业组中混入谨慎方向，志愿表需按该专业兜底
泰州职业技术学院,物理,专科批,143102,泰州职业技术学院02,中危混合组,52,建筑工程技术,土木建筑类,土木建筑大类,热门/强就业专科专业组中混入谨慎方向，志愿表需按该专业兜底
泰州职业技术学院,物理,专科批,143103,泰州职业技术学院03,中危混合组,56,工程造价(与徐州工程学院分段培养项目),土木建筑类,土木建筑大类,热门/强就业专科专业组中混入谨慎方向，志愿表需按该专业兜底
泰州职业技术学院,物理,专科批,143104,泰州职业技术学院04,未标风险,57,"口腔医学(报考该专业有色觉要求,具体请查阅院校招生章程)",护理医学类,医药卫生大类,专业名称或备注含体检、性别、色觉、军士/司法/航海等限制，需核对章程
山东胜利职业学院,物理,专科批,261802,山东胜利职业学院02,中危混合组,17,石油化工技术,生物化工类,生物与化工大类,热门/强就业专科专业组中混入谨慎方向，志愿表需按该专业兜底
山东胜利职业学院,物理,专科批,261802,山东胜利职业学院02,中危混合组,22,烹饪工艺与营养,食品药品类,食品药品与粮食大类,热门/强就业专科专业组中混入谨慎方向，志愿表需按该专业兜底
湖南化工职业技术大学,历史,专科批,537801,湖南化工职业技术大学01,未标风险,01,化妆品经营与管理,生物化工类,生物与化工大类,专科就业或接受度需谨慎核对
山东胜利职业学院,历史,专科批,261801,山东胜利职业学院01,中危混合组,04,石油化工技术,生物化工类,生物与化工大类,热门/强就业专科专业组中混入谨慎方向，志愿表需按该专业兜底
山东胜利职业学院,历史,专科批,261801,山东胜利职业学院01,中危混合组,09,烹饪工艺与营养,食品药品类,食品药品与粮食大类,热门/强就业专科专业组中混入谨慎方向，志愿表需按该专业兜底
江西机电职业技术学院,历史,专科批,256901,江西机电职业技术学院01,中危混合组,02,工业设计,文化艺术类,文化艺术大类,热门/强就业专科专业组中混入谨慎方向，志愿表需按该专业兜底
湖南城建职业技术学院,历史,专科批,531701,湖南城建职业技术学院01,整体偏冷组,01,工程造价(高新校区),土木建筑类,土木建筑大类,专科就业或接受度需谨慎核对
湖南城建职业技术学院,历史,专科批,531702,湖南城建职业技术学院02,整体偏冷组,02,水利水电建筑工程(高新校区),土木建筑类,土木建筑大类,专科就业或接受度需谨慎核对
江苏航运职业技术学院,物理,提前专科批,131108,江苏航运职业技术学院08,大杂组,33,"航海技术(报考该专业有色觉要求,具体请查阅院校招生章程)",航海运输类,交通运输大类,专业名称或备注含体检、性别、色觉、军士/司法/航海等限制，需核对章程
江苏航运职业技术学院,物理,提前专科批,131108,江苏航运职业技术学院08,大杂组,34,"轮机工程技术(报考该专业有色觉要求,具体请查阅院校招生章程)",航海运输类,交通运输大类,专业名称或备注含体检、性别、色觉、军士/司法/航海等限制，需核对章程
山东现代学院,物理,专科批,821705,山东现代学院05,中危混合组,25,工程造价,土木建筑类,土木建筑大类,热门/强就业专科专业组中混入谨慎方向，志愿表需按该专业兜底
山东现代学院,物理,专科批,821705,山东现代学院05,中危混合组,26,建筑工程技术,土木建筑类,土木建筑大类,热门/强就业专科专业组中混入谨慎方向，志愿表需按该专业兜底
天津国土资源和房屋职业学院,历史,专科批,324101,天津国土资源和房屋职业学院01,中危混合组,01,宝玉石鉴定与加工,资源环境安全类,资源环境与安全大类,热门/强就业专科专业组中混入谨慎方向，志愿表需按该专业兜底
天津国土资源和房屋职业学院,历史,专科批,324101,天津国土资源和房屋职业学院01,中危混合组,02,建筑设计,土木建筑类,土木建筑大类,热门/强就业专科专业组中混入谨慎方向，志愿表需按该专业兜底
天津国土资源和房屋职业学院,历史,专科批,324101,天津国土资源和房屋职业学院01,中危混合组,03,工程造价,土木建筑类,土木建筑大类,热门/强就业专科专业组中混入谨慎方向，志愿表需按该专业兜底
南通师范高等专科学校,物理,专科批,131505,南通师范高等专科学校05,中危混合组,21,现代家政服务与管理(如皋校区),公共管理服务类,公共管理与服务大类,热门/强就业专科专业组中混入谨慎方向，志愿表需按该专业兜底
南通师范高等专科学校,物理,专科批,131505,南通师范高等专科学校05,中危混合组,34,音乐教育(师范),文化艺术类,文化艺术大类,热门/强就业专科专业组中混入谨慎方向，志愿表需按该专业兜底
南通师范高等专科学校,物理,专科批,131505,南通师范高等专科学校05,中危混合组,35,"美术教育(师范)(报考该专业有色觉要求,具体请查阅院校招生章程)",文化艺术类,文化艺术大类,热门/强就业专科专业组中混入谨慎方向，志愿表需按该专业兜底
河北化工医药职业技术学院,物理,专科批,337602,河北化工医药职业技术学院02,中危混合组,04,分析检验技术,生物化工类,生物与化工大类,热门/强就业专科专业组中混入谨慎方向，志愿表需按该专业兜底
江西交通职业技术学院,物理,专科批,256502,江西交通职业技术学院02,中危混合组,04,"城市轨道交通供配电技术(新建区校区)(报考该专业有色觉等要求,具体请查阅院校招生章程)",铁道运输类,交通运输大类,专业名称或备注含体检、性别、色觉、军士/司法/航海等限制，需核对章程
江西交通职业技术学院,物理,专科批,256502,江西交通职业技术学院02,中危混合组,05,道路与桥梁工程技术(新建区校区),土木建筑类,土木建筑大类,热门/强就业专科专业组中混入谨慎方向，志愿表需按该专业兜底
江西建设职业技术学院,历史,专科批,256401,江西建设职业技术学院01,中危混合组,01,无人机测绘技术,资源环境安全类,资源环境与安全大类,热门/强就业专科专业组中混入谨慎方向，志愿表需按该专业兜底
江西建设职业技术学院,历史,专科批,256401,江西建设职业技术学院01,中危混合组,02,工程造价,土木建筑类,土木建筑大类,热门/强就业专科专业组中混入谨慎方向，志愿表需按该专业兜底
河南测绘职业学院,历史,专科批,516901,河南测绘职业学院01,未标风险,02,测绘地理信息技术,资源环境安全类,资源环境与安全大类,专科就业或接受度需谨慎核对
濮阳石油化工职业技术学院,物理,专科批,513801,濮阳石油化工职业技术学院01,中危混合组,04,石油化工技术,生物化工类,生物与化工大类,热门/强就业专科专业组中混入谨慎方向，志愿表需按该专业兜底
桂林旅游学院,物理,专科批,552206,桂林旅游学院06,整体偏冷组,06,西式烹饪工艺,食品药品类,食品药品与粮食大类,专科就业或接受度需谨慎核对
桂林旅游学院,物理,专科批,552206,桂林旅游学院06,整体偏冷组,07,烹饪工艺与营养,食品药品类,食品药品与粮食大类,专科就业或接受度需谨慎核对
重庆科创职业学院,历史,专科批,882902,重庆科创职业学院02,整体偏冷组,02,宠物医疗技术,农林牧渔类,农林牧渔大类,专科就业或接受度需谨慎核对
苏州工业园区职业技术学院,历史,专科批,196802,苏州工业园区职业技术学院02,中危混合组,22,旅游管理,旅游餐饮类,旅游大类,热门/强就业专科专业组中混入谨慎方向，志愿表需按该专业兜底
苏州工业园区职业技术学院,历史,专科批,196802,苏州工业园区职业技术学院02,中危混合组,27,建筑装饰工程技术,土木建筑类,土木建筑大类,热门/强就业专科专业组中混入谨慎方向，志愿表需按该专业兜底
苏州工业园区职业技术学院,历史,专科批,196802,苏州工业园区职业技术学院02,中危混合组,28,建筑工程技术,土木建筑类,土木建筑大类,热门/强就业专科专业组中混入谨慎方向，志愿表需按该专业兜底
苏州工业园区职业技术学院,历史,专科批,196802,苏州工业园区职业技术学院02,中危混合组,29,工程造价,土木建筑类,土木建筑大类,热门/强就业专科专业组中混入谨慎方向，志愿表需按该专业兜底
苏州工业园区职业技术学院,历史,专科批,196802,苏州工业园区职业技术学院02,中危混合组,30,风景园林设计,土木建筑类,土木建筑大类,热门/强就业专科专业组中混入谨慎方向，志愿表需按该专业兜底
随州职业技术学院,历史,专科批,529901,随州职业技术学院01,中危混合组,03,工程造价,土木建筑类,土木建筑大类,热门/强就业专科专业组中混入谨慎方向，志愿表需按该专业兜底
枣庄科技职业学院,历史,专科批,266501,枣庄科技职业学院01,中危混合组,02,装配式建筑工程技术,土木建筑类,土木建筑大类,热门/强就业专科专业组中混入谨慎方向，志愿表需按该专业兜底
西安工商学院,历史,专科批,891402,西安工商学院02,中危混合组,13,人力资源管理,公共管理服务类,公共管理与服务大类,热门/强就业专科专业组中混入谨慎方向，志愿表需按该专业兜底
山西职业技术学院,物理,专科批,342502,山西职业技术学院02,中危混合组,06,工程造价(综改区校区),土木建筑类,土木建筑大类,热门/强就业专科专业组中混入谨慎方向，志愿表需按该专业兜底
山西职业技术学院,物理,专科批,342502,山西职业技术学院02,中危混合组,08,建筑室内设计(南中环校区),土木建筑类,土木建筑大类,热门/强就业专科专业组中混入谨慎方向，志愿表需按该专业兜底
钟山职业技术学院,物理,专科批,195013,钟山职业技术学院13,中危混合组,36,食品营养与健康,食品药品类,食品药品与粮食大类,热门/强就业专科专业组中混入谨慎方向，志愿表需按该专业兜底
钟山职业技术学院,物理,专科批,195013,钟山职业技术学院13,中危混合组,42,现代家政服务与管理,公共管理服务类,公共管理与服务大类,热门/强就业专科专业组中混入谨慎方向，志愿表需按该专业兜底
钟山职业技术学院,物理,专科批,195013,钟山职业技术学院13,中危混合组,43,智慧健康养老服务与管理,公共管理服务类,公共管理与服务大类,热门/强就业专科专业组中混入谨慎方向，志愿表需按该专业兜底
钟山职业技术学院,物理,专科批,195014,钟山职业技术学院14,中危混合组,49,旅游管理,旅游餐饮类,旅游大类,热门/强就业专科专业组中混入谨慎方向，志愿表需按该专业兜底
钟山职业技术学院,物理,专科批,195015,钟山职业技术学院15,中危混合组,50,建筑室内设计,土木建筑类,土木建筑大类,热门/强就业专科专业组中混入谨慎方向，志愿表需按该专业兜底
钟山职业技术学院,物理,专科批,195016,钟山职业技术学院16,中危混合组,56,工程造价,土木建筑类,土木建筑大类,热门/强就业专科专业组中混入谨慎方向，志愿表需按该专业兜底
四川西南航空职业学院,物理,专科批,878202,四川西南航空职业学院02,中危混合组,15,动漫制作技术,文化艺术类,文化艺术大类,热门/强就业专科专业组中混入谨慎方向，志愿表需按该专业兜底
四川西南航空职业学院,物理,专科批,878202,四川西南航空职业学院02,中危混合组,20,低空安全与技术(金堂校区-东区),资源环境安全类,资源环境与安全大类,热门/强就业专科专业组中混入谨慎方向，志愿表需按该专业兜底
江苏建筑职业技术大学,物理,专科批,123006,江苏建筑职业技术大学06,中危混合组,36,工程造价,土木建筑类,土木建筑大类,热门/强就业专科专业组中混入谨慎方向，志愿表需按该专业兜底
江苏建筑职业技术大学,物理,专科批,123006,江苏建筑职业技术大学06,中危混合组,37,建筑智能化工程技术,土木建筑类,土木建筑大类,热门/强就业专科专业组中混入谨慎方向，志愿表需按该专业兜底
江苏建筑职业技术大学,物理,专科批,123006,江苏建筑职业技术大学06,中危混合组,39,建筑设计,土木建筑类,土木建筑大类,热门/强就业专科专业组中混入谨慎方向，志愿表需按该专业兜底
江苏建筑职业技术大学,物理,专科批,123006,江苏建筑职业技术大学06,中危混合组,43,建筑消防技术,土木建筑类,土木建筑大类,热门/强就业专科专业组中混入谨慎方向，志愿表需按该专业兜底
江苏建筑职业技术大学,物理,专科批,123006,江苏建筑职业技术大学06,中危混合组,44,安全技术与管理,资源环境安全类,资源环境与安全大类,热门/强就业专科专业组中混入谨慎方向，志愿表需按该专业兜底
江苏建筑职业技术大学,物理,专科批,123006,江苏建筑职业技术大学06,中危混合组,52,"城市轨道交通运营管理(报考该专业有色觉要求,具体请查阅院校招生章程)",铁道运输类,交通运输大类,专业名称或备注含体检、性别、色觉、军士/司法/航海等限制，需核对章程
江苏建筑职业技术大学,物理,专科批,123006,江苏建筑职业技术大学06,中危混合组,56,建筑动画技术,土木建筑类,土木建筑大类,热门/强就业专科专业组中混入谨慎方向，志愿表需按该专业兜底
江苏建筑职业技术大学,物理,专科批,123007,江苏建筑职业技术大学07,中危混合组,61,"环境工程技术(报考该专业有色觉要求,具体请查阅院校招生章程)",资源环境安全类,资源环境与安全大类,热门/强就业专科专业组中混入谨慎方向，志愿表需按该专业兜底
江苏建筑职业技术大学,物理,专科批,123007,江苏建筑职业技术大学07,中危混合组,62,园林工程技术,土木建筑类,土木建筑大类,热门/强就业专科专业组中混入谨慎方向，志愿表需按该专业兜底
江苏建筑职业技术大学,物理,专科批,123008,江苏建筑职业技术大学08,整体偏冷组,68,建筑工程技术(中外合作办学),土木建筑类,土木建筑大类,专科就业或接受度需谨慎核对
新疆职业大学,历史,专科批,751801,新疆职业大学01,未标风险,01,烹饪工艺与营养,食品药品类,食品药品与粮食大类,专科就业或接受度需谨慎核对
常州幼儿师范高等专科学校,历史,专科批,125601,常州幼儿师范高等专科学校01,中危混合组,03,旅游管理,旅游餐饮类,旅游大类,热门/强就业专科专业组中混入谨慎方向，志愿表需按该专业兜底
常州幼儿师范高等专科学校,历史,专科批,125601,常州幼儿师范高等专科学校01,中危混合组,04,酒店管理与数字化运营,旅游餐饮类,旅游大类,热门/强就业专科专业组中混入谨慎方向，志愿表需按该专业兜底
常州幼儿师范高等专科学校,历史,专科批,125601,常州幼儿师范高等专科学校01,中危混合组,06,智慧健康养老服务与管理,公共管理服务类,公共管理与服务大类,热门/强就业专科专业组中混入谨慎方向，志愿表需按该专业兜底
常州幼儿师范高等专科学校,历史,专科批,125601,常州幼儿师范高等专科学校01,中危混合组,07,"早期教育(师范)(报考该专业有色觉要求,具体请查阅院校招生章程)",教育体育类,教育与体育大类,专业名称或备注含体检、性别、色觉、军士/司法/航海等限制，需核对章程
常州幼儿师范高等专科学校,历史,专科批,125601,常州幼儿师范高等专科学校01,中危混合组,08,"学前教育(师范)(报考该专业有色觉要求,具体请查阅院校招生章程)",教育体育类,教育与体育大类,专业名称或备注含体检、性别、色觉、军士/司法/航海等限制，需核对章程
常州幼儿师范高等专科学校,历史,专科批,125601,常州幼儿师范高等专科学校01,中危混合组,09,"婴幼儿托育服务与管理(报考该专业有色觉要求,具体请查阅院校招生章程)",护理医学类,医药卫生大类,专业名称或备注含体检、性别、色觉、军士/司法/航海等限制，需核对章程
江西现代职业技术学院,历史,专科批,252501,江西现代职业技术学院01,中危混合组,01,动漫制作技术,文化艺术类,文化艺术大类,热门/强就业专科专业组中混入谨慎方向，志愿表需按该专业兜底
河北科技工程职业技术大学,历史,专科批,337902,河北科技工程职业技术大学02,整体偏冷组,02,旅游管理,旅游餐饮类,旅游大类,专科就业或接受度需谨慎核对
河北科技工程职业技术大学,历史,专科批,337902,河北科技工程职业技术大学02,整体偏冷组,03,全媒体广告策划与营销,文化艺术类,文化艺术大类,专科就业或接受度需谨慎核对
钟山职业技术学院,历史,专科批,195005,钟山职业技术学院05,中危混合组,05,食品营养与健康,食品药品类,食品药品与粮食大类,热门/强就业专科专业组中混入谨慎方向，志愿表需按该专业兜底
钟山职业技术学院,历史,专科批,195005,钟山职业技术学院05,中危混合组,11,现代家政服务与管理,公共管理服务类,公共管理与服务大类,热门/强就业专科专业组中混入谨慎方向，志愿表需按该专业兜底
钟山职业技术学院,历史,专科批,195005,钟山职业技术学院05,中危混合组,12,智慧健康养老服务与管理,公共管理服务类,公共管理与服务大类,热门/强就业专科专业组中混入谨慎方向，志愿表需按该专业兜底
钟山职业技术学院,历史,专科批,195006,钟山职业技术学院06,中危混合组,18,旅游管理,旅游餐饮类,旅游大类,热门/强就业专科专业组中混入谨慎方向，志愿表需按该专业兜底
钟山职业技术学院,历史,专科批,195007,钟山职业技术学院07,中危混合组,19,建筑室内设计,土木建筑类,土木建筑大类,热门/强就业专科专业组中混入谨慎方向，志愿表需按该专业兜底
钟山职业技术学院,历史,专科批,195008,钟山职业技术学院08,中危混合组,25,工程造价,土木建筑类,土木建筑大类,热门/强就业专科专业组中混入谨慎方向，志愿表需按该专业兜底
威海职业学院,物理,专科批,268602,威海职业学院02,中危混合组,02,广告艺术设计,文化艺术类,文化艺术大类,热门/强就业专科专业组中混入谨慎方向，志愿表需按该专业兜底
宿迁幼儿师范高等专科学校,历史,专科批,142701,宿迁幼儿师范高等专科学校01,中危混合组,02,"学前教育(师范)(报考该专业有色觉要求,具体请查阅院校招生章程)",教育体育类,教育与体育大类,专业名称或备注含体检、性别、色觉、军士/司法/航海等限制，需核对章程
宿迁幼儿师范高等专科学校,历史,专科批,142701,宿迁幼儿师范高等专科学校01,中危混合组,03,音乐教育(师范),文化艺术类,文化艺术大类,热门/强就业专科专业组中混入谨慎方向，志愿表需按该专业兜底
宿迁幼儿师范高等专科学校,历史,专科批,142701,宿迁幼儿师范高等专科学校01,中危混合组,04,"美术教育(师范)(报考该专业有色觉要求,具体请查阅院校招生章程)",文化艺术类,文化艺术大类,热门/强就业专科专业组中混入谨慎方向，志愿表需按该专业兜底
宿迁幼儿师范高等专科学校,历史,专科批,142701,宿迁幼儿师范高等专科学校01,中危混合组,06,旅游管理,旅游餐饮类,旅游大类,热门/强就业专科专业组中混入谨慎方向，志愿表需按该专业兜底
宿迁幼儿师范高等专科学校,历史,专科批,142701,宿迁幼儿师范高等专科学校01,中危混合组,07,酒店管理与数字化运营,旅游餐饮类,旅游大类,热门/强就业专科专业组中混入谨慎方向，志愿表需按该专业兜底
宿迁幼儿师范高等专科学校,历史,专科批,142701,宿迁幼儿师范高等专科学校01,中危混合组,08,"计算机应用技术(报考该专业有色觉要求,具体请查阅院校招生章程)",计算机类,电子与信息大类,专业名称或备注含体检、性别、色觉、军士/司法/航海等限制，需核对章程
宿迁幼儿师范高等专科学校,历史,专科批,142701,宿迁幼儿师范高等专科学校01,中危混合组,09,"大数据技术(报考该专业有色觉要求,具体请查阅院校招生章程)",计算机类,电子与信息大类,专业名称或备注含体检、性别、色觉、军士/司法/航海等限制，需核对章程
宿迁幼儿师范高等专科学校,历史,专科批,142701,宿迁幼儿师范高等专科学校01,中危混合组,12,智慧旅游技术应用,旅游餐饮类,旅游大类,热门/强就业专科专业组中混入谨慎方向，志愿表需按该专业兜底
宿迁幼儿师范高等专科学校,历史,专科批,142701,宿迁幼儿师范高等专科学校01,中危混合组,13,智慧健康养老服务与管理,公共管理服务类,公共管理与服务大类,热门/强就业专科专业组中混入谨慎方向，志愿表需按该专业兜底
西安工商学院,物理,专科批,891405,西安工商学院05,中危混合组,35,人力资源管理,公共管理服务类,公共管理与服务大类,热门/强就业专科专业组中混入谨慎方向，志愿表需按该专业兜底
赣州职业技术学院,物理,专科批,258002,赣州职业技术学院02,中危混合组,02,畜牧兽医,农林牧渔类,农林牧渔大类,热门/强就业专科专业组中混入谨慎方向，志愿表需按该专业兜底
赣州职业技术学院,物理,专科批,258002,赣州职业技术学院02,中危混合组,03,动物营养与饲料,食品药品类,食品药品与粮食大类,热门/强就业专科专业组中混入谨慎方向，志愿表需按该专业兜底
周口职业技术学院,历史,专科批,513501,周口职业技术学院01,整体偏冷组,01,会展策划与管理(开元校区),旅游餐饮类,旅游大类,专科就业或接受度需谨慎核对
天津城市建设管理职业技术学院,物理,专科批,324402,天津城市建设管理职业技术学院02,中危混合组,03,建筑工程技术(主校区),土木建筑类,土木建筑大类,热门/强就业专科专业组中混入谨慎方向，志愿表需按该专业兜底
江苏城乡建设职业学院,物理,专科批,125504,江苏城乡建设职业学院04,整体偏冷组,24,环境工程技术(与常州大学分段培养项目),资源环境安全类,资源环境与安全大类,专科就业或接受度需谨慎核对
江苏城乡建设职业学院,物理,专科批,125505,江苏城乡建设职业学院05,中危混合组,25,无人机测绘技术,资源环境安全类,资源环境与安全大类,热门/强就业专科专业组中混入谨慎方向，志愿表需按该专业兜底
江苏城乡建设职业学院,物理,专科批,125505,江苏城乡建设职业学院05,中危混合组,26,建筑装饰工程技术,土木建筑类,土木建筑大类,热门/强就业专科专业组中混入谨慎方向，志愿表需按该专业兜底
江苏城乡建设职业学院,物理,专科批,125505,江苏城乡建设职业学院05,中危混合组,28,地下与隧道工程技术,土木建筑类,土木建筑大类,热门/强就业专科专业组中混入谨慎方向，志愿表需按该专业兜底
江苏城乡建设职业学院,物理,专科批,125505,江苏城乡建设职业学院05,中危混合组,29,道路与桥梁工程技术,土木建筑类,土木建筑大类,热门/强就业专科专业组中混入谨慎方向，志愿表需按该专业兜底
江苏城乡建设职业学院,物理,专科批,125505,江苏城乡建设职业学院05,中危混合组,31,建筑加固与修复技术,土木建筑类,土木建筑大类,热门/强就业专科专业组中混入谨慎方向，志愿表需按该专业兜底
江苏城乡建设职业学院,物理,专科批,125505,江苏城乡建设职业学院05,中危混合组,32,工程造价,土木建筑类,土木建筑大类,热门/强就业专科专业组中混入谨慎方向，志愿表需按该专业兜底
江苏城乡建设职业学院,物理,专科批,125505,江苏城乡建设职业学院05,中危混合组,36,园林工程技术,土木建筑类,土木建筑大类,热门/强就业专科专业组中混入谨慎方向，志愿表需按该专业兜底
江苏城乡建设职业学院,物理,专科批,125505,江苏城乡建设职业学院05,中危混合组,37,环境工程技术,资源环境安全类,资源环境与安全大类,热门/强就业专科专业组中混入谨慎方向，志愿表需按该专业兜底
江苏城乡建设职业学院,物理,专科批,125505,江苏城乡建设职业学院05,中危混合组,43,建筑智能化工程技术,土木建筑类,土木建筑大类,热门/强就业专科专业组中混入谨慎方向，志愿表需按该专业兜底
三亚城市职业学院,历史,专科批,875601,三亚城市职业学院01,中危混合组,01,建筑工程技术,土木建筑类,土木建筑大类,热门/强就业专科专业组中混入谨慎方向，志愿表需按该专业兜底
三亚城市职业学院,历史,专科批,875601,三亚城市职业学院01,中危混合组,02,智慧健康养老服务与管理,公共管理服务类,公共管理与服务大类,热门/强就业专科专业组中混入谨慎方向，志愿表需按该专业兜底
三亚城市职业学院,历史,专科批,875601,三亚城市职业学院01,中危混合组,03,人力资源管理,公共管理服务类,公共管理与服务大类,热门/强就业专科专业组中混入谨慎方向，志愿表需按该专业兜底
西安海棠职业学院,物理,专科批,893602,西安海棠职业学院02,中危混合组,06,动物医学,农林牧渔类,农林牧渔大类,热门/强就业专科专业组中混入谨慎方向，志愿表需按该专业兜底
西安海棠职业学院,物理,专科批,893602,西安海棠职业学院02,中危混合组,07,建筑消防技术,土木建筑类,土木建筑大类,热门/强就业专科专业组中混入谨慎方向，志愿表需按该专业兜底
临汾职业技术学院,历史,专科批,343502,临汾职业技术学院02,整体偏冷组,02,"动漫设计(鼓楼校区)(报考该专业有色觉要求,具体请查阅院校招生章程)",文化艺术类,文化艺术大类,专科就业或接受度需谨慎核对
青岛农业大学海都学院,历史,专科批,822602,青岛农业大学海都学院02,中危混合组,08,食品检验检测技术,食品药品类,食品药品与粮食大类,热门/强就业专科专业组中混入谨慎方向，志愿表需按该专业兜底
青岛农业大学海都学院,历史,专科批,822602,青岛农业大学海都学院02,中危混合组,09,园林技术,农林牧渔类,农林牧渔大类,热门/强就业专科专业组中混入谨慎方向，志愿表需按该专业兜底
江西婺源茶业职业学院,历史,专科批,258401,江西婺源茶业职业学院01,中危混合组,02,茶叶生产与加工技术,农林牧渔类,农林牧渔大类,热门/强就业专科专业组中混入谨慎方向，志愿表需按该专业兜底
江苏食品药品职业技术学院,物理,专科批,135106,江苏食品药品职业技术学院06,中危混合组,32,食品药品监督管理,食品药品类,食品药品与粮食大类,热门/强就业专科专业组中混入谨慎方向，志愿表需按该专业兜底
江苏食品药品职业技术学院,物理,专科批,135106,江苏食品药品职业技术学院06,中危混合组,33,食品营养与健康,食品药品类,食品药品与粮食大类,热门/强就业专科专业组中混入谨慎方向，志愿表需按该专业兜底
江苏食品药品职业技术学院,物理,专科批,135106,江苏食品药品职业技术学院06,中危混合组,34,食品智能加工技术,食品药品类,食品药品与粮食大类,热门/强就业专科专业组中混入谨慎方向，志愿表需按该专业兜底
江苏食品药品职业技术学院,物理,专科批,135106,江苏食品药品职业技术学院06,中危混合组,35,食品检验检测技术,食品药品类,食品药品与粮食大类,热门/强就业专科专业组中混入谨慎方向，志愿表需按该专业兜底
江苏食品药品职业技术学院,物理,专科批,135106,江苏食品药品职业技术学院06,中危混合组,36,食品质量与安全,食品药品类,食品药品与粮食大类,热门/强就业专科专业组中混入谨慎方向，志愿表需按该专业兜底
江苏食品药品职业技术学院,物理,专科批,135106,江苏食品药品职业技术学院06,中危混合组,39,生物制药技术,生物化工类,生物与化工大类,热门/强就业专科专业组中混入谨慎方向，志愿表需按该专业兜底
江苏食品药品职业技术学院,物理,专科批,135106,江苏食品药品职业技术学院06,中危混合组,44,餐饮智能管理,旅游餐饮类,旅游大类,热门/强就业专科专业组中混入谨慎方向，志愿表需按该专业兜底
江苏食品药品职业技术学院,物理,专科批,135106,江苏食品药品职业技术学院06,中危混合组,48,智慧健康养老服务与管理,公共管理服务类,公共管理与服务大类,热门/强就业专科专业组中混入谨慎方向，志愿表需按该专业兜底
江苏食品药品职业技术学院,物理,专科批,135106,江苏食品药品职业技术学院06,中危混合组,49,职业健康安全技术,资源环境安全类,资源环境与安全大类,热门/强就业专科专业组中混入谨慎方向，志愿表需按该专业兜底
江苏食品药品职业技术学院,物理,专科批,135107,江苏食品药品职业技术学院07,整体偏冷组,56,"食品质量与安全(与徐州工程学院分段培养项目)(报考该专业有色觉要求,具体请查阅院校招生章程)",食品药品类,食品药品与粮食大类,专科就业或接受度需谨慎核对
江苏食品药品职业技术学院,物理,专科批,135108,江苏食品药品职业技术学院08,未标风险,57,"中医康复技术(与无锡太湖学院分段培养项目)(报考该专业有色觉要求,具体请查阅院校招生章程)",护理医学类,医药卫生大类,专业名称或备注含体检、性别、色觉、军士/司法/航海等限制，需核对章程
日照航海工程职业学院,历史,提前专科批,825901,日照航海工程职业学院01,未标风险,01,航海技术(视力等要求详见院校招生章程),航海运输类,交通运输大类,专业名称或备注含体检、性别、色觉、军士/司法/航海等限制，需核对章程
日照航海工程职业学院,历史,提前专科批,825901,日照航海工程职业学院01,未标风险,02,轮机工程技术(视力等要求详见院校招生章程),航海运输类,交通运输大类,专业名称或备注含体检、性别、色觉、军士/司法/航海等限制，需核对章程
山西职业技术学院,历史,专科批,342501,山西职业技术学院01,中危混合组,01,工程造价(综改区校区),土木建筑类,土木建筑大类,热门/强就业专科专业组中混入谨慎方向，志愿表需按该专业兜底
山西职业技术学院,历史,专科批,342501,山西职业技术学院01,中危混合组,03,建筑室内设计(南中环校区),土木建筑类,土木建筑大类,热门/强就业专科专业组中混入谨慎方向，志愿表需按该专业兜底
吉安职业技术学院,历史,专科批,257801,吉安职业技术学院01,中危混合组,04,民宿管理与运营,旅游餐饮类,旅游大类,热门/强就业专科专业组中混入谨慎方向，志愿表需按该专业兜底
合肥共达职业技术学院,历史,专科批,811301,合肥共达职业技术学院01,中危混合组,01,建设工程管理,土木建筑类,土木建筑大类,热门/强就业专科专业组中混入谨慎方向，志愿表需按该专业兜底
合肥共达职业技术学院,历史,专科批,811301,合肥共达职业技术学院01,中危混合组,03,动漫制作技术,文化艺术类,文化艺术大类,热门/强就业专科专业组中混入谨慎方向，志愿表需按该专业兜底
威海职业学院,历史,专科批,268601,威海职业学院01,整体偏冷组,01,广告艺术设计,文化艺术类,文化艺术大类,专科就业或接受度需谨慎核对
陕西工商职业学院,历史,专科批,717301,陕西工商职业学院01,未标风险,02,酒店管理与数字化运营(郭杜校区),旅游餐饮类,旅游大类,专科就业或接受度需谨慎核对
南京视觉艺术职业学院,物理,专科批,195402,南京视觉艺术职业学院02,中危混合组,13,建筑设计,土木建筑类,土木建筑大类,热门/强就业专科专业组中混入谨慎方向，志愿表需按该专业兜底
南京视觉艺术职业学院,物理,专科批,195402,南京视觉艺术职业学院02,中危混合组,14,建筑室内设计,土木建筑类,土木建筑大类,热门/强就业专科专业组中混入谨慎方向，志愿表需按该专业兜底
南京视觉艺术职业学院,物理,专科批,195402,南京视觉艺术职业学院02,中危混合组,18,视觉传达设计,文化艺术类,文化艺术大类,热门/强就业专科专业组中混入谨慎方向，志愿表需按该专业兜底
南京视觉艺术职业学院,物理,专科批,195402,南京视觉艺术职业学院02,中危混合组,19,游戏艺术设计,文化艺术类,文化艺术大类,热门/强就业专科专业组中混入谨慎方向，志愿表需按该专业兜底
南京视觉艺术职业学院,物理,专科批,195402,南京视觉艺术职业学院02,中危混合组,20,音乐传播,文化艺术类,文化艺术大类,热门/强就业专科专业组中混入谨慎方向，志愿表需按该专业兜底
南京视觉艺术职业学院,物理,专科批,195402,南京视觉艺术职业学院02,中危混合组,21,影视编导,文化艺术类,文化艺术大类,热门/强就业专科专业组中混入谨慎方向，志愿表需按该专业兜底
南京视觉艺术职业学院,物理,专科批,195402,南京视觉艺术职业学院02,中危混合组,22,摄影摄像技术,文化艺术类,文化艺术大类,热门/强就业专科专业组中混入谨慎方向，志愿表需按该专业兜底
南京视觉艺术职业学院,物理,专科批,195402,南京视觉艺术职业学院02,中危混合组,24,全媒体广告策划与营销,文化艺术类,文化艺术大类,热门/强就业专科专业组中混入谨慎方向，志愿表需按该专业兜底
苏州工业园区职业技术学院,物理,专科批,196804,苏州工业园区职业技术学院04,中危混合组,54,旅游管理,旅游餐饮类,旅游大类,热门/强就业专科专业组中混入谨慎方向，志愿表需按该专业兜底
苏州工业园区职业技术学院,物理,专科批,196804,苏州工业园区职业技术学院04,中危混合组,59,建筑装饰工程技术,土木建筑类,土木建筑大类,热门/强就业专科专业组中混入谨慎方向，志愿表需按该专业兜底
苏州工业园区职业技术学院,物理,专科批,196804,苏州工业园区职业技术学院04,中危混合组,60,建筑工程技术,土木建筑类,土木建筑大类,热门/强就业专科专业组中混入谨慎方向，志愿表需按该专业兜底
苏州工业园区职业技术学院,物理,专科批,196804,苏州工业园区职业技术学院04,中危混合组,61,工程造价,土木建筑类,土木建筑大类,热门/强就业专科专业组中混入谨慎方向，志愿表需按该专业兜底
苏州工业园区职业技术学院,物理,专科批,196804,苏州工业园区职业技术学院04,中危混合组,62,风景园林设计,土木建筑类,土木建筑大类,热门/强就业专科专业组中混入谨慎方向，志愿表需按该专业兜底
江西婺源茶业职业学院,物理,专科批,258402,江西婺源茶业职业学院02,中危混合组,05,农产品加工与质量检测,农林牧渔类,农林牧渔大类,热门/强就业专科专业组中混入谨慎方向，志愿表需按该专业兜底
山东轻工职业学院,历史,专科批,272301,山东轻工职业学院01,中危混合组,04,动漫制作技术,文化艺术类,文化艺术大类,热门/强就业专科专业组中混入谨慎方向，志愿表需按该专业兜底
武汉铁路桥梁职业学院,物理,专科批,528802,武汉铁路桥梁职业学院02,中危混合组,07,道路与桥梁工程技术,土木建筑类,土木建筑大类,热门/强就业专科专业组中混入谨慎方向，志愿表需按该专业兜底
武汉铁路桥梁职业学院,物理,专科批,528802,武汉铁路桥梁职业学院02,中危混合组,08,建筑工程技术,土木建筑类,土木建筑大类,热门/强就业专科专业组中混入谨慎方向，志愿表需按该专业兜底
武汉铁路桥梁职业学院,物理,专科批,528802,武汉铁路桥梁职业学院02,中危混合组,10,建设工程管理,土木建筑类,土木建筑大类,热门/强就业专科专业组中混入谨慎方向，志愿表需按该专业兜底
江西工业工程职业技术学院,历史,专科批,259301,江西工业工程职业技术学院01,中危混合组,01,工程造价,土木建筑类,土木建筑大类,热门/强就业专科专业组中混入谨慎方向，志愿表需按该专业兜底
恩施职业技术学院,历史,专科批,525301,恩施职业技术学院01,中危混合组,01,茶叶生产与加工技术,农林牧渔类,农林牧渔大类,热门/强就业专科专业组中混入谨慎方向，志愿表需按该专业兜底
恩施职业技术学院,历史,专科批,525301,恩施职业技术学院01,中危混合组,02,农产品加工与质量检测,农林牧渔类,农林牧渔大类,热门/强就业专科专业组中混入谨慎方向，志愿表需按该专业兜底
恩施职业技术学院,历史,专科批,525301,恩施职业技术学院01,中危混合组,07,社区管理与服务,公共管理服务类,公共管理与服务大类,热门/强就业专科专业组中混入谨慎方向，志愿表需按该专业兜底
恩施职业技术学院,历史,专科批,525301,恩施职业技术学院01,中危混合组,08,智慧健康养老服务与管理,公共管理服务类,公共管理与服务大类,热门/强就业专科专业组中混入谨慎方向，志愿表需按该专业兜底
正德职业技术学院,历史,专科批,195102,正德职业技术学院02,中危混合组,03,建筑装饰工程技术,土木建筑类,土木建筑大类,热门/强就业专科专业组中混入谨慎方向，志愿表需按该专业兜底
正德职业技术学院,历史,专科批,195102,正德职业技术学院02,中危混合组,04,建筑室内设计,土木建筑类,土木建筑大类,热门/强就业专科专业组中混入谨慎方向，志愿表需按该专业兜底
正德职业技术学院,历史,专科批,195102,正德职业技术学院02,中危混合组,05,建筑消防技术,土木建筑类,土木建筑大类,热门/强就业专科专业组中混入谨慎方向，志愿表需按该专业兜底
正德职业技术学院,历史,专科批,195102,正德职业技术学院02,中危混合组,06,工程造价,土木建筑类,土木建筑大类,热门/强就业专科专业组中混入谨慎方向，志愿表需按该专业兜底
正德职业技术学院,历史,专科批,195102,正德职业技术学院02,中危混合组,22,动漫制作技术,文化艺术类,文化艺术大类,热门/强就业专科专业组中混入谨慎方向，志愿表需按该专业兜底
正德职业技术学院,历史,专科批,195102,正德职业技术学院02,中危混合组,29,酒店管理与数字化运营,旅游餐饮类,旅游大类,热门/强就业专科专业组中混入谨慎方向，志愿表需按该专业兜底
正德职业技术学院,历史,专科批,195102,正德职业技术学院02,中危混合组,31,智慧健康养老服务与管理,公共管理服务类,公共管理与服务大类,热门/强就业专科专业组中混入谨慎方向，志愿表需按该专业兜底
大兴安岭职业学院,物理,专科批,433402,大兴安岭职业学院02,整体偏冷组,03,旅游管理(漠河校区),旅游餐饮类,旅游大类,专科就业或接受度需谨慎核对
大兴安岭职业学院,物理,专科批,433402,大兴安岭职业学院02,整体偏冷组,04,酒店管理与数字化运营(漠河校区),旅游餐饮类,旅游大类,专科就业或接受度需谨慎核对
扎兰屯职业学院,历史,专科批,352201,扎兰屯职业学院01,中危混合组,01,绿色食品生产技术,食品药品类,食品药品与粮食大类,热门/强就业专科专业组中混入谨慎方向，志愿表需按该专业兜底
扎兰屯职业学院,历史,专科批,352201,扎兰屯职业学院01,中危混合组,02,食品生物技术,食品药品类,食品药品与粮食大类,热门/强就业专科专业组中混入谨慎方向，志愿表需按该专业兜底
扎兰屯职业学院,历史,专科批,352201,扎兰屯职业学院01,中危混合组,03,园林技术,农林牧渔类,农林牧渔大类,热门/强就业专科专业组中混入谨慎方向，志愿表需按该专业兜底
扎兰屯职业学院,历史,专科批,352201,扎兰屯职业学院01,中危混合组,07,农产品加工与质量检测,农林牧渔类,农林牧渔大类,热门/强就业专科专业组中混入谨慎方向，志愿表需按该专业兜底
石家庄医学高等专科学校,物理,专科批,835102,石家庄医学高等专科学校02,大杂组,07,生物制药技术,生物化工类,生物与化工大类,专科就业或接受度需谨慎核对
石家庄医学高等专科学校,物理,专科批,835102,石家庄医学高等专科学校02,大杂组,10,智慧健康养老服务与管理,公共管理服务类,公共管理与服务大类,专科就业或接受度需谨慎核对
大兴安岭职业学院,历史,专科批,433401,大兴安岭职业学院01,整体偏冷组,01,旅游管理(漠河校区),旅游餐饮类,旅游大类,专科就业或接受度需谨慎核对
大兴安岭职业学院,历史,专科批,433401,大兴安岭职业学院01,整体偏冷组,02,酒店管理与数字化运营(漠河校区),旅游餐饮类,旅游大类,专科就业或接受度需谨慎核对
三门峡职业技术学院,历史,专科批,517801,三门峡职业技术学院01,中危混合组,02,应用化工技术,生物化工类,生物与化工大类,热门/强就业专科专业组中混入谨慎方向，志愿表需按该专业兜底
无锡师范高等专科学校,物理,专科批,121703,无锡师范高等专科学校03,中危混合组,14,智慧健康养老服务与管理,公共管理服务类,公共管理与服务大类,热门/强就业专科专业组中混入谨慎方向，志愿表需按该专业兜底
无锡师范高等专科学校,物理,专科批,121703,无锡师范高等专科学校03,中危混合组,15,美术教育(师范),文化艺术类,文化艺术大类,热门/强就业专科专业组中混入谨慎方向，志愿表需按该专业兜底
无锡师范高等专科学校,物理,专科批,121704,无锡师范高等专科学校04,整体偏冷组,21,"美术教育(与南京特殊教育师范学院分段培养项目)(师范)(报考该专业有色觉要求,具体请查阅院校招生章程)",文化艺术类,文化艺术大类,专科就业或接受度需谨慎核对
海南职业技术学院,历史,专科批,563101,海南职业技术学院01,中危混合组,08,现代农业技术,农林牧渔类,农林牧渔大类,热门/强就业专科专业组中混入谨慎方向，志愿表需按该专业兜底
海南职业技术学院,历史,专科批,563101,海南职业技术学院01,中危混合组,09,建筑加固与修复技术,土木建筑类,土木建筑大类,热门/强就业专科专业组中混入谨慎方向，志愿表需按该专业兜底
江西环境工程职业学院,历史,专科批,253701,江西环境工程职业学院01,中危混合组,01,绿色食品生产技术(章贡校区),食品药品类,食品药品与粮食大类,热门/强就业专科专业组中混入谨慎方向，志愿表需按该专业兜底
连云港职业技术学院,物理,专科批,133103,连云港职业技术学院03,中危混合组,31,建筑工程技术(与南通理工学院分段培养项目),土木建筑类,土木建筑大类,热门/强就业专科专业组中混入谨慎方向，志愿表需按该专业兜底
连云港职业技术学院,物理,专科批,133103,连云港职业技术学院03,中危混合组,32,全媒体广告策划与营销(与南京传媒学院分段培养项目),文化艺术类,文化艺术大类,热门/强就业专科专业组中混入谨慎方向，志愿表需按该专业兜底
连云港职业技术学院,物理,专科批,133104,连云港职业技术学院04,中危混合组,39,应用化工技术,生物化工类,生物与化工大类,热门/强就业专科专业组中混入谨慎方向，志愿表需按该专业兜底
连云港职业技术学院,物理,专科批,133104,连云港职业技术学院04,中危混合组,40,石油化工技术,生物化工类,生物与化工大类,热门/强就业专科专业组中混入谨慎方向，志愿表需按该专业兜底
连云港职业技术学院,物理,专科批,133104,连云港职业技术学院04,中危混合组,43,环境监测技术,资源环境安全类,资源环境与安全大类,热门/强就业专科专业组中混入谨慎方向，志愿表需按该专业兜底
连云港职业技术学院,物理,专科批,133104,连云港职业技术学院04,中危混合组,45,生物制药技术,生物化工类,生物与化工大类,热门/强就业专科专业组中混入谨慎方向，志愿表需按该专业兜底
连云港职业技术学院,物理,专科批,133104,连云港职业技术学院04,中危混合组,48,建筑工程技术,土木建筑类,土木建筑大类,热门/强就业专科专业组中混入谨慎方向，志愿表需按该专业兜底
连云港职业技术学院,物理,专科批,133104,连云港职业技术学院04,中危混合组,49,市政工程技术,土木建筑类,土木建筑大类,热门/强就业专科专业组中混入谨慎方向，志愿表需按该专业兜底
连云港职业技术学院,物理,专科批,133104,连云港职业技术学院04,中危混合组,56,旅游管理,旅游餐饮类,旅游大类,热门/强就业专科专业组中混入谨慎方向，志愿表需按该专业兜底
连云港职业技术学院,物理,专科批,133104,连云港职业技术学院04,中危混合组,59,全媒体广告策划与营销,文化艺术类,文化艺术大类,热门/强就业专科专业组中混入谨慎方向，志愿表需按该专业兜底
连云港职业技术学院,物理,专科批,133104,连云港职业技术学院04,中危混合组,65,园林技术,农林牧渔类,农林牧渔大类,热门/强就业专科专业组中混入谨慎方向，志愿表需按该专业兜底
眉山药科职业学院,物理,专科批,877802,眉山药科职业学院02,未标风险,04,宠物医疗技术,农林牧渔类,农林牧渔大类,专科就业或接受度需谨慎核对
泉州纺织服装职业学院,历史,专科批,814901,泉州纺织服装职业学院01,整体偏冷组,01,服装与服饰设计,文化艺术类,文化艺术大类,专科就业或接受度需谨慎核对
山东海事职业学院,历史,专科批,825601,山东海事职业学院01,中危混合组,01,应急救援技术,资源环境安全类,资源环境与安全大类,热门/强就业专科专业组中混入谨慎方向，志愿表需按该专业兜底
山东海事职业学院,历史,专科批,825601,山东海事职业学院01,中危混合组,02,旅游管理,旅游餐饮类,旅游大类,热门/强就业专科专业组中混入谨慎方向，志愿表需按该专业兜底
武汉东湖学院,物理,专科批,855005,武汉东湖学院05,中危混合组,57,全媒体广告策划与营销,文化艺术类,文化艺术大类,热门/强就业专科专业组中混入谨慎方向，志愿表需按该专业兜底
湖南国防工业职业技术学院,历史,专科批,536702,湖南国防工业职业技术学院02,整体偏冷组,05,建设工程管理,土木建筑类,土木建筑大类,专科就业或接受度需谨慎核对
潍坊工商职业学院,历史,专科批,825301,潍坊工商职业学院01,中危混合组,04,工程造价,土木建筑类,土木建筑大类,热门/强就业专科专业组中混入谨慎方向，志愿表需按该专业兜底
潍坊工商职业学院,历史,专科批,825301,潍坊工商职业学院01,中危混合组,05,畜牧兽医,农林牧渔类,农林牧渔大类,热门/强就业专科专业组中混入谨慎方向，志愿表需按该专业兜底
潍坊工商职业学院,历史,专科批,825301,潍坊工商职业学院01,中危混合组,06,食品质量与安全,食品药品类,食品药品与粮食大类,热门/强就业专科专业组中混入谨慎方向，志愿表需按该专业兜底
常州纺织服装职业技术学院,物理,专科批,125103,常州纺织服装职业技术学院03,中危混合组,31,环境工程技术,资源环境安全类,资源环境与安全大类,热门/强就业专科专业组中混入谨慎方向，志愿表需按该专业兜底
常州纺织服装职业技术学院,物理,专科批,125103,常州纺织服装职业技术学院03,中危混合组,39,智慧健康养老服务与管理,公共管理服务类,公共管理与服务大类,热门/强就业专科专业组中混入谨慎方向，志愿表需按该专业兜底
常州纺织服装职业技术学院,物理,专科批,125103,常州纺织服装职业技术学院03,中危混合组,43,酒店管理与数字化运营,旅游餐饮类,旅游大类,热门/强就业专科专业组中混入谨慎方向，志愿表需按该专业兜底
常州纺织服装职业技术学院,物理,专科批,125104,常州纺织服装职业技术学院04,中危混合组,56,服装设计与工艺[与扬州职业技术大学(原扬州市职业大学)分段培养项目],文化艺术类,文化艺术大类,热门/强就业专科专业组中混入谨慎方向，志愿表需按该专业兜底
三亚护理职业学院,物理,专科批,875803,三亚护理职业学院03,未标风险,08,现代家政服务与管理,公共管理服务类,公共管理与服务大类,专科就业或接受度需谨慎核对
三亚护理职业学院,物理,专科批,875803,三亚护理职业学院03,未标风险,09,智慧健康养老服务与管理,公共管理服务类,公共管理与服务大类,专科就业或接受度需谨慎核对
三亚护理职业学院,物理,专科批,875804,三亚护理职业学院04,中危混合组,10,职业健康安全技术,资源环境安全类,资源环境与安全大类,热门/强就业专科专业组中混入谨慎方向，志愿表需按该专业兜底
三亚护理职业学院,物理,专科批,875804,三亚护理职业学院04,中危混合组,11,食品营养与健康,食品药品类,食品药品与粮食大类,热门/强就业专科专业组中混入谨慎方向，志愿表需按该专业兜底
盐城幼儿师范高等专科学校,物理,专科批,137208,盐城幼儿师范高等专科学校08,整体偏冷组,34,旅游管理(与江苏理工学院分段培养项目),旅游餐饮类,旅游大类,专科就业或接受度需谨慎核对
盐城幼儿师范高等专科学校,物理,专科批,137209,盐城幼儿师范高等专科学校09,整体偏冷组,35,"美术教育(与盐城师范学院分段培养项目)(师范)(报考该专业有色觉要求,具体请查阅院校招生章程)",文化艺术类,文化艺术大类,专科就业或接受度需谨慎核对
盐城幼儿师范高等专科学校,物理,专科批,137210,盐城幼儿师范高等专科学校10,中危混合组,36,"学前教育(师范)(报考该专业有色觉要求,具体请查阅院校招生章程)",教育体育类,教育与体育大类,专业名称或备注含体检、性别、色觉、军士/司法/航海等限制，需核对章程
盐城幼儿师范高等专科学校,物理,专科批,137210,盐城幼儿师范高等专科学校10,中危混合组,37,"特殊教育(师范)(报考该专业有色觉要求,具体请查阅院校招生章程)",其他专业类,其他,专业名称或备注含体检、性别、色觉、军士/司法/航海等限制，需核对章程
盐城幼儿师范高等专科学校,物理,专科批,137210,盐城幼儿师范高等专科学校10,中危混合组,38,"美术教育(师范)(报考该专业有色觉要求,具体请查阅院校招生章程)",文化艺术类,文化艺术大类,热门/强就业专科专业组中混入谨慎方向，志愿表需按该专业兜底
盐城幼儿师范高等专科学校,物理,专科批,137210,盐城幼儿师范高等专科学校10,中危混合组,40,音乐教育(师范),文化艺术类,文化艺术大类,热门/强就业专科专业组中混入谨慎方向，志愿表需按该专业兜底
盐城幼儿师范高等专科学校,物理,专科批,137211,盐城幼儿师范高等专科学校11,中危混合组,47,工程造价,土木建筑类,土木建筑大类,热门/强就业专科专业组中混入谨慎方向，志愿表需按该专业兜底
盐城幼儿师范高等专科学校,物理,专科批,137211,盐城幼儿师范高等专科学校11,中危混合组,48,建筑装饰工程技术,土木建筑类,土木建筑大类,热门/强就业专科专业组中混入谨慎方向，志愿表需按该专业兜底
盐城幼儿师范高等专科学校,物理,专科批,137211,盐城幼儿师范高等专科学校11,中危混合组,49,建筑工程技术,土木建筑类,土木建筑大类,热门/强就业专科专业组中混入谨慎方向，志愿表需按该专业兜底
盐城幼儿师范高等专科学校,物理,专科批,137211,盐城幼儿师范高等专科学校11,中危混合组,50,市政工程技术,土木建筑类,土木建筑大类,热门/强就业专科专业组中混入谨慎方向，志愿表需按该专业兜底
盐城幼儿师范高等专科学校,物理,专科批,137211,盐城幼儿师范高等专科学校11,中危混合组,51,建设工程监理,土木建筑类,土木建筑大类,热门/强就业专科专业组中混入谨慎方向，志愿表需按该专业兜底
盐城幼儿师范高等专科学校,物理,专科批,137212,盐城幼儿师范高等专科学校12,中危混合组,55,智慧健康养老服务与管理,公共管理服务类,公共管理与服务大类,热门/强就业专科专业组中混入谨慎方向，志愿表需按该专业兜底
盐城幼儿师范高等专科学校,物理,专科批,137212,盐城幼儿师范高等专科学校12,中危混合组,57,现代家政服务与管理,公共管理服务类,公共管理与服务大类,热门/强就业专科专业组中混入谨慎方向，志愿表需按该专业兜底
盐城幼儿师范高等专科学校,物理,专科批,137212,盐城幼儿师范高等专科学校12,中危混合组,58,酒店管理与数字化运营,旅游餐饮类,旅游大类,热门/强就业专科专业组中混入谨慎方向，志愿表需按该专业兜底
盐城幼儿师范高等专科学校,物理,专科批,137212,盐城幼儿师范高等专科学校12,中危混合组,59,旅游管理,旅游餐饮类,旅游大类,热门/强就业专科专业组中混入谨慎方向，志愿表需按该专业兜底
盐城幼儿师范高等专科学校,物理,专科批,137212,盐城幼儿师范高等专科学校12,中危混合组,60,智慧旅游技术应用,旅游餐饮类,旅游大类,热门/强就业专科专业组中混入谨慎方向，志愿表需按该专业兜底
盐城幼儿师范高等专科学校,物理,专科批,137212,盐城幼儿师范高等专科学校12,中危混合组,64,现代文秘,公共管理服务类,公共管理与服务大类,热门/强就业专科专业组中混入谨慎方向，志愿表需按该专业兜底
满洲里俄语职业学院,历史,专科批,351701,满洲里俄语职业学院01,未标风险,03,西式烹饪工艺,食品药品类,食品药品与粮食大类,专科就业或接受度需谨慎核对
山东水利职业学院,物理,专科批,265902,山东水利职业学院02,中危混合组,13,水利水电建筑工程,土木建筑类,土木建筑大类,热门/强就业专科专业组中混入谨慎方向，志愿表需按该专业兜底
山东水利职业学院,物理,专科批,265902,山东水利职业学院02,中危混合组,15,建筑工程技术,土木建筑类,土木建筑大类,热门/强就业专科专业组中混入谨慎方向，志愿表需按该专业兜底
山东水利职业学院,物理,专科批,265902,山东水利职业学院02,中危混合组,16,工程造价,土木建筑类,土木建筑大类,热门/强就业专科专业组中混入谨慎方向，志愿表需按该专业兜底
山东水利职业学院,物理,专科批,265902,山东水利职业学院02,中危混合组,17,园林工程技术,土木建筑类,土木建筑大类,热门/强就业专科专业组中混入谨慎方向，志愿表需按该专业兜底
三门峡职业技术学院,物理,专科批,517802,三门峡职业技术学院02,中危混合组,05,应用化工技术,生物化工类,生物与化工大类,热门/强就业专科专业组中混入谨慎方向，志愿表需按该专业兜底
重庆科创职业学院,物理,专科批,882903,重庆科创职业学院03,整体偏冷组,03,宠物医疗技术,农林牧渔类,农林牧渔大类,专科就业或接受度需谨慎核对
重庆电讯职业学院,物理,专科批,882202,重庆电讯职业学院02,中危混合组,03,市政工程技术,土木建筑类,土木建筑大类,热门/强就业专科专业组中混入谨慎方向，志愿表需按该专业兜底
眉山药科职业学院,历史,专科批,877801,眉山药科职业学院01,未标风险,02,宠物医疗技术,农林牧渔类,农林牧渔大类,专科就业或接受度需谨慎核对
武汉外语外事职业学院,物理,专科批,859102,武汉外语外事职业学院02,中危混合组,07,动漫制作技术,文化艺术类,文化艺术大类,热门/强就业专科专业组中混入谨慎方向，志愿表需按该专业兜底
无锡工艺职业技术学院,物理,专科批,121502,无锡工艺职业技术学院02,中危混合组,20,服装设计与工艺,文化艺术类,文化艺术大类,热门/强就业专科专业组中混入谨慎方向，志愿表需按该专业兜底
无锡工艺职业技术学院,物理,专科批,121502,无锡工艺职业技术学院02,中危混合组,31,低空安全与技术,资源环境安全类,资源环境与安全大类,热门/强就业专科专业组中混入谨慎方向，志愿表需按该专业兜底
无锡工艺职业技术学院,物理,专科批,121502,无锡工艺职业技术学院02,中危混合组,33,旅游管理,旅游餐饮类,旅游大类,热门/强就业专科专业组中混入谨慎方向，志愿表需按该专业兜底
无锡工艺职业技术学院,物理,专科批,121502,无锡工艺职业技术学院02,中危混合组,34,酒店管理与数字化运营,旅游餐饮类,旅游大类,热门/强就业专科专业组中混入谨慎方向，志愿表需按该专业兜底
正德职业技术学院,物理,专科批,195104,正德职业技术学院04,中危混合组,34,建筑装饰工程技术,土木建筑类,土木建筑大类,热门/强就业专科专业组中混入谨慎方向，志愿表需按该专业兜底
正德职业技术学院,物理,专科批,195104,正德职业技术学院04,中危混合组,35,建筑室内设计,土木建筑类,土木建筑大类,热门/强就业专科专业组中混入谨慎方向，志愿表需按该专业兜底
正德职业技术学院,物理,专科批,195104,正德职业技术学院04,中危混合组,36,建筑消防技术,土木建筑类,土木建筑大类,热门/强就业专科专业组中混入谨慎方向，志愿表需按该专业兜底
正德职业技术学院,物理,专科批,195104,正德职业技术学院04,中危混合组,37,工程造价,土木建筑类,土木建筑大类,热门/强就业专科专业组中混入谨慎方向，志愿表需按该专业兜底
正德职业技术学院,物理,专科批,195104,正德职业技术学院04,中危混合组,53,动漫制作技术,文化艺术类,文化艺术大类,热门/强就业专科专业组中混入谨慎方向，志愿表需按该专业兜底
正德职业技术学院,物理,专科批,195104,正德职业技术学院04,中危混合组,60,酒店管理与数字化运营,旅游餐饮类,旅游大类,热门/强就业专科专业组中混入谨慎方向，志愿表需按该专业兜底
正德职业技术学院,物理,专科批,195104,正德职业技术学院04,中危混合组,62,智慧健康养老服务与管理,公共管理服务类,公共管理与服务大类,热门/强就业专科专业组中混入谨慎方向，志愿表需按该专业兜底
喀什职业技术学院,物理,专科批,753203,喀什职业技术学院03,中危混合组,13,园艺技术,农林牧渔类,农林牧渔大类,热门/强就业专科专业组中混入谨慎方向，志愿表需按该专业兜底
喀什职业技术学院,物理,专科批,753203,喀什职业技术学院03,中危混合组,14,动物医学,农林牧渔类,农林牧渔大类,热门/强就业专科专业组中混入谨慎方向，志愿表需按该专业兜底
喀什职业技术学院,物理,专科批,753203,喀什职业技术学院03,中危混合组,15,建筑工程技术,土木建筑类,土木建筑大类,热门/强就业专科专业组中混入谨慎方向，志愿表需按该专业兜底
喀什职业技术学院,物理,专科批,753203,喀什职业技术学院03,中危混合组,16,工程造价,土木建筑类,土木建筑大类,热门/强就业专科专业组中混入谨慎方向，志愿表需按该专业兜底
喀什职业技术学院,物理,专科批,753203,喀什职业技术学院03,中危混合组,17,市政工程技术,土木建筑类,土木建筑大类,热门/强就业专科专业组中混入谨慎方向，志愿表需按该专业兜底
喀什职业技术学院,物理,专科批,753203,喀什职业技术学院03,中危混合组,19,旅游管理,旅游餐饮类,旅游大类,热门/强就业专科专业组中混入谨慎方向，志愿表需按该专业兜底
喀什职业技术学院,物理,专科批,753205,喀什职业技术学院05,整体偏冷组,29,畜牧兽医,农林牧渔类,农林牧渔大类,专科就业或接受度需谨慎核对
河北科技工程职业技术大学,物理,专科批,337904,河北科技工程职业技术大学04,中危混合组,07,建筑装饰工程技术,土木建筑类,土木建筑大类,热门/强就业专科专业组中混入谨慎方向，志愿表需按该专业兜底
潍坊工商职业学院,物理,专科批,825302,潍坊工商职业学院02,中危混合组,13,工程造价,土木建筑类,土木建筑大类,热门/强就业专科专业组中混入谨慎方向，志愿表需按该专业兜底
潍坊工商职业学院,物理,专科批,825302,潍坊工商职业学院02,中危混合组,14,畜牧兽医,农林牧渔类,农林牧渔大类,热门/强就业专科专业组中混入谨慎方向，志愿表需按该专业兜底
喀什职业技术学院,历史,专科批,753201,喀什职业技术学院01,中危混合组,05,旅游管理,旅游餐饮类,旅游大类,热门/强就业专科专业组中混入谨慎方向，志愿表需按该专业兜底
喀什职业技术学院,历史,专科批,753201,喀什职业技术学院01,中危混合组,06,园艺技术,农林牧渔类,农林牧渔大类,热门/强就业专科专业组中混入谨慎方向，志愿表需按该专业兜底
喀什职业技术学院,历史,专科批,753201,喀什职业技术学院01,中危混合组,07,动物医学,农林牧渔类,农林牧渔大类,热门/强就业专科专业组中混入谨慎方向，志愿表需按该专业兜底
喀什职业技术学院,历史,专科批,753201,喀什职业技术学院01,中危混合组,08,建筑工程技术,土木建筑类,土木建筑大类,热门/强就业专科专业组中混入谨慎方向，志愿表需按该专业兜底
喀什职业技术学院,历史,专科批,753201,喀什职业技术学院01,中危混合组,09,工程造价,土木建筑类,土木建筑大类,热门/强就业专科专业组中混入谨慎方向，志愿表需按该专业兜底
喀什职业技术学院,历史,专科批,753202,喀什职业技术学院02,中危混合组,12,酒店管理与数字化运营,旅游餐饮类,旅游大类,热门/强就业专科专业组中混入谨慎方向，志愿表需按该专业兜底
江西建设职业技术学院,物理,专科批,256402,江西建设职业技术学院02,中危混合组,07,无人机测绘技术,资源环境安全类,资源环境与安全大类,热门/强就业专科专业组中混入谨慎方向，志愿表需按该专业兜底
江西建设职业技术学院,物理,专科批,256402,江西建设职业技术学院02,中危混合组,08,工程造价,土木建筑类,土木建筑大类,热门/强就业专科专业组中混入谨慎方向，志愿表需按该专业兜底
哈尔滨北方航空职业技术学院,历史,专科批,848201,哈尔滨北方航空职业技术学院01,中危混合组,01,无人机测绘技术,资源环境安全类,资源环境与安全大类,热门/强就业专科专业组中混入谨慎方向，志愿表需按该专业兜底
三亚理工职业学院,物理,专科批,875502,三亚理工职业学院02,中危混合组,06,酒店管理与数字化运营,旅游餐饮类,旅游大类,热门/强就业专科专业组中混入谨慎方向，志愿表需按该专业兜底
三亚理工职业学院,物理,专科批,875502,三亚理工职业学院02,中危混合组,07,旅游管理,旅游餐饮类,旅游大类,热门/强就业专科专业组中混入谨慎方向，志愿表需按该专业兜底
西安城市建设职业学院,历史,专科批,893401,西安城市建设职业学院01,中危混合组,01,建筑室内设计,土木建筑类,土木建筑大类,热门/强就业专科专业组中混入谨慎方向，志愿表需按该专业兜底
西安城市建设职业学院,历史,专科批,893401,西安城市建设职业学院01,中危混合组,02,建筑消防技术,土木建筑类,土木建筑大类,热门/强就业专科专业组中混入谨慎方向，志愿表需按该专业兜底
西安城市建设职业学院,历史,专科批,893401,西安城市建设职业学院01,中危混合组,06,动漫制作技术,文化艺术类,文化艺术大类,热门/强就业专科专业组中混入谨慎方向，志愿表需按该专业兜底
海口经济学院,历史,专科批,874002,海口经济学院02,中危混合组,12,人力资源管理,公共管理服务类,公共管理与服务大类,热门/强就业专科专业组中混入谨慎方向，志愿表需按该专业兜底
海口经济学院,历史,专科批,874002,海口经济学院02,中危混合组,14,会展策划与管理,旅游餐饮类,旅游大类,热门/强就业专科专业组中混入谨慎方向，志愿表需按该专业兜底
海口经济学院,历史,专科批,874002,海口经济学院02,中危混合组,16,环境监测技术,资源环境安全类,资源环境与安全大类,热门/强就业专科专业组中混入谨慎方向，志愿表需按该专业兜底
海口经济学院,历史,专科批,874002,海口经济学院02,中危混合组,20,数字时尚设计,文化艺术类,文化艺术大类,热门/强就业专科专业组中混入谨慎方向，志愿表需按该专业兜底
海口经济学院,历史,专科批,874002,海口经济学院02,中危混合组,21,智慧健康养老服务与管理,公共管理服务类,公共管理与服务大类,热门/强就业专科专业组中混入谨慎方向，志愿表需按该专业兜底
新疆和田学院,历史,专科批,752303,新疆和田学院03,整体偏冷组,05,现代文秘(昆仑路校区),公共管理服务类,公共管理与服务大类,专科就业或接受度需谨慎核对
江海职业技术学院,历史,专科批,198801,江海职业技术学院01,中危混合组,14,建筑工程技术,土木建筑类,土木建筑大类,热门/强就业专科专业组中混入谨慎方向，志愿表需按该专业兜底
江海职业技术学院,历史,专科批,198801,江海职业技术学院01,中危混合组,15,工程造价,土木建筑类,土木建筑大类,热门/强就业专科专业组中混入谨慎方向，志愿表需按该专业兜底
江海职业技术学院,历史,专科批,198801,江海职业技术学院01,中危混合组,16,建筑消防技术,土木建筑类,土木建筑大类,热门/强就业专科专业组中混入谨慎方向，志愿表需按该专业兜底
江海职业技术学院,历史,专科批,198801,江海职业技术学院01,中危混合组,17,安全技术与管理,资源环境安全类,资源环境与安全大类,热门/强就业专科专业组中混入谨慎方向，志愿表需按该专业兜底
江海职业技术学院,历史,专科批,198801,江海职业技术学院01,中危混合组,18,建筑室内设计,土木建筑类,土木建筑大类,热门/强就业专科专业组中混入谨慎方向，志愿表需按该专业兜底
江海职业技术学院,历史,专科批,198801,江海职业技术学院01,中危混合组,25,旅游管理,旅游餐饮类,旅游大类,热门/强就业专科专业组中混入谨慎方向，志愿表需按该专业兜底
江海职业技术学院,历史,专科批,198801,江海职业技术学院01,中危混合组,27,烹饪工艺与营养,食品药品类,食品药品与粮食大类,热门/强就业专科专业组中混入谨慎方向，志愿表需按该专业兜底
江海职业技术学院,历史,专科批,198801,江海职业技术学院01,中危混合组,29,西式烹饪工艺,食品药品类,食品药品与粮食大类,热门/强就业专科专业组中混入谨慎方向，志愿表需按该专业兜底
江海职业技术学院,历史,专科批,198801,江海职业技术学院01,中危混合组,30,酒店管理与数字化运营,旅游餐饮类,旅游大类,热门/强就业专科专业组中混入谨慎方向，志愿表需按该专业兜底
江海职业技术学院,历史,专科批,198801,江海职业技术学院01,中危混合组,31,智慧健康养老服务与管理,公共管理服务类,公共管理与服务大类,热门/强就业专科专业组中混入谨慎方向，志愿表需按该专业兜底
江海职业技术学院,历史,专科批,198801,江海职业技术学院01,中危混合组,34,宠物养护与驯导,农林牧渔类,农林牧渔大类,热门/强就业专科专业组中混入谨慎方向，志愿表需按该专业兜底
泉州轻工职业学院,历史,专科批,816801,泉州轻工职业学院01,整体偏冷组,01,化妆品经营与管理,生物化工类,生物与化工大类,专科就业或接受度需谨慎核对
泉州轻工职业学院,历史,专科批,816801,泉州轻工职业学院01,整体偏冷组,02,鞋类设计与工艺,文化艺术类,文化艺术大类,专科就业或接受度需谨慎核对
石家庄医学高等专科学校,历史,专科批,835101,石家庄医学高等专科学校01,大杂组,02,生物制药技术,生物化工类,生物与化工大类,专科就业或接受度需谨慎核对
石家庄医学高等专科学校,历史,专科批,835101,石家庄医学高等专科学校01,大杂组,05,智慧健康养老服务与管理,公共管理服务类,公共管理与服务大类,专科就业或接受度需谨慎核对
重庆艺术工程职业学院,历史,专科批,880701,重庆艺术工程职业学院01,中危混合组,01,影视动画,文化艺术类,文化艺术大类,热门/强就业专科专业组中混入谨慎方向，志愿表需按该专业兜底
湖南工程职业技术学院,物理,专科批,539502,湖南工程职业技术学院02,中危混合组,06,工程造价,土木建筑类,土木建筑大类,热门/强就业专科专业组中混入谨慎方向，志愿表需按该专业兜底
重庆电讯职业学院,历史,专科批,882201,重庆电讯职业学院01,中危混合组,01,市政工程技术,土木建筑类,土木建筑大类,热门/强就业专科专业组中混入谨慎方向，志愿表需按该专业兜底
内蒙古北方职业技术学院,物理,专科批,895001,内蒙古北方职业技术学院01,中危混合组,01,动物医学,农林牧渔类,农林牧渔大类,热门/强就业专科专业组中混入谨慎方向，志愿表需按该专业兜底
内蒙古北方职业技术学院,物理,专科批,895001,内蒙古北方职业技术学院01,中危混合组,02,畜牧兽医,农林牧渔类,农林牧渔大类,热门/强就业专科专业组中混入谨慎方向，志愿表需按该专业兜底
陕西旅游烹饪职业学院,历史,专科批,891901,陕西旅游烹饪职业学院01,中危混合组,03,旅游管理,旅游餐饮类,旅游大类,热门/强就业专科专业组中混入谨慎方向，志愿表需按该专业兜底
陕西旅游烹饪职业学院,历史,专科批,891901,陕西旅游烹饪职业学院01,中危混合组,04,烹饪工艺与营养,食品药品类,食品药品与粮食大类,热门/强就业专科专业组中混入谨慎方向，志愿表需按该专业兜底
金肯职业技术学院,物理,专科批,195202,金肯职业技术学院02,中危混合组,32,建筑工程技术,土木建筑类,土木建筑大类,热门/强就业专科专业组中混入谨慎方向，志愿表需按该专业兜底
金肯职业技术学院,物理,专科批,195202,金肯职业技术学院02,中危混合组,33,消防救援技术,资源环境安全类,资源环境与安全大类,热门/强就业专科专业组中混入谨慎方向，志愿表需按该专业兜底
金肯职业技术学院,物理,专科批,195202,金肯职业技术学院02,中危混合组,34,建筑消防技术,土木建筑类,土木建筑大类,热门/强就业专科专业组中混入谨慎方向，志愿表需按该专业兜底
金肯职业技术学院,物理,专科批,195202,金肯职业技术学院02,中危混合组,35,建筑室内设计,土木建筑类,土木建筑大类,热门/强就业专科专业组中混入谨慎方向，志愿表需按该专业兜底
金肯职业技术学院,物理,专科批,195202,金肯职业技术学院02,中危混合组,53,酒店管理与数字化运营,旅游餐饮类,旅游大类,热门/强就业专科专业组中混入谨慎方向，志愿表需按该专业兜底
山东外国语职业技术大学,历史,专科批,825201,山东外国语职业技术大学01,未标风险,01,酒店管理与数字化运营,旅游餐饮类,旅游大类,专科就业或接受度需谨慎核对
宿迁职业技术学院,物理,专科批,199602,宿迁职业技术学院02,中危混合组,23,动漫制作技术,文化艺术类,文化艺术大类,热门/强就业专科专业组中混入谨慎方向，志愿表需按该专业兜底
苏州百年职业学院,物理,专科批,197102,苏州百年职业学院02,中危混合组,37,建筑设计(中外合作办学),土木建筑类,土木建筑大类,热门/强就业专科专业组中混入谨慎方向，志愿表需按该专业兜底
苏州百年职业学院,物理,专科批,197102,苏州百年职业学院02,中危混合组,38,建筑室内设计(中外合作办学),土木建筑类,土木建筑大类,热门/强就业专科专业组中混入谨慎方向，志愿表需按该专业兜底
苏州百年职业学院,物理,专科批,197102,苏州百年职业学院02,中危混合组,39,风景园林设计(中外合作办学),土木建筑类,土木建筑大类,热门/强就业专科专业组中混入谨慎方向，志愿表需按该专业兜底
苏州百年职业学院,物理,专科批,197102,苏州百年职业学院02,中危混合组,40,动漫制作技术(中外合作办学),文化艺术类,文化艺术大类,热门/强就业专科专业组中混入谨慎方向，志愿表需按该专业兜底
塔里木职业技术学院,历史,专科批,753301,塔里木职业技术学院01,中危混合组,01,现代农业装备应用技术,农林牧渔类,农林牧渔大类,热门/强就业专科专业组中混入谨慎方向，志愿表需按该专业兜底
塔里木职业技术学院,历史,专科批,753301,塔里木职业技术学院01,中危混合组,02,建筑工程技术,土木建筑类,土木建筑大类,热门/强就业专科专业组中混入谨慎方向，志愿表需按该专业兜底
塔里木职业技术学院,历史,专科批,753301,塔里木职业技术学院01,中危混合组,05,旅游管理,旅游餐饮类,旅游大类,热门/强就业专科专业组中混入谨慎方向，志愿表需按该专业兜底
塔里木职业技术学院,历史,专科批,753301,塔里木职业技术学院01,中危混合组,07,智慧健康养老服务与管理,公共管理服务类,公共管理与服务大类,热门/强就业专科专业组中混入谨慎方向，志愿表需按该专业兜底
海南职业技术学院,物理,专科批,563102,海南职业技术学院02,中危混合组,17,现代农业技术,农林牧渔类,农林牧渔大类,热门/强就业专科专业组中混入谨慎方向，志愿表需按该专业兜底
海南职业技术学院,物理,专科批,563102,海南职业技术学院02,中危混合组,18,建筑加固与修复技术,土木建筑类,土木建筑大类,热门/强就业专科专业组中混入谨慎方向，志愿表需按该专业兜底
长沙职业技术学院,历史,专科批,538201,长沙职业技术学院01,整体偏冷组,01,旅游管理,旅游餐饮类,旅游大类,专科就业或接受度需谨慎核对
西安海棠职业学院,历史,专科批,893601,西安海棠职业学院01,中危混合组,01,动物医学,农林牧渔类,农林牧渔大类,热门/强就业专科专业组中混入谨慎方向，志愿表需按该专业兜底
西安海棠职业学院,历史,专科批,893601,西安海棠职业学院01,中危混合组,02,建筑消防技术,土木建筑类,土木建筑大类,热门/强就业专科专业组中混入谨慎方向，志愿表需按该专业兜底
盐城农业科技职业学院,物理,专科批,137302,盐城农业科技职业学院02,中危混合组,25,现代农业技术,农林牧渔类,农林牧渔大类,热门/强就业专科专业组中混入谨慎方向，志愿表需按该专业兜底
盐城农业科技职业学院,物理,专科批,137302,盐城农业科技职业学院02,中危混合组,26,园艺技术,农林牧渔类,农林牧渔大类,热门/强就业专科专业组中混入谨慎方向，志愿表需按该专业兜底
盐城农业科技职业学院,物理,专科批,137302,盐城农业科技职业学院02,中危混合组,28,农产品加工与质量检测,农林牧渔类,农林牧渔大类,热门/强就业专科专业组中混入谨慎方向，志愿表需按该专业兜底
盐城农业科技职业学院,物理,专科批,137302,盐城农业科技职业学院02,中危混合组,29,动物医学,农林牧渔类,农林牧渔大类,热门/强就业专科专业组中混入谨慎方向，志愿表需按该专业兜底
盐城农业科技职业学院,物理,专科批,137302,盐城农业科技职业学院02,中危混合组,30,畜牧兽医,农林牧渔类,农林牧渔大类,热门/强就业专科专业组中混入谨慎方向，志愿表需按该专业兜底
盐城农业科技职业学院,物理,专科批,137302,盐城农业科技职业学院02,中危混合组,31,宠物医疗技术,农林牧渔类,农林牧渔大类,热门/强就业专科专业组中混入谨慎方向，志愿表需按该专业兜底
盐城农业科技职业学院,物理,专科批,137302,盐城农业科技职业学院02,中危混合组,32,水产养殖技术,农林牧渔类,农林牧渔大类,热门/强就业专科专业组中混入谨慎方向，志愿表需按该专业兜底
盐城农业科技职业学院,物理,专科批,137302,盐城农业科技职业学院02,中危混合组,33,现代农业装备应用技术,农林牧渔类,农林牧渔大类,热门/强就业专科专业组中混入谨慎方向，志愿表需按该专业兜底
盐城农业科技职业学院,物理,专科批,137302,盐城农业科技职业学院02,中危混合组,34,"农业电气化技术(报考该专业有色觉要求,具体请查阅院校招生章程)",电气自动化类,装备制造大类,专业名称或备注含体检、性别、色觉、军士/司法/航海等限制，需核对章程
盐城农业科技职业学院,物理,专科批,137302,盐城农业科技职业学院02,中危混合组,36,现代农业经济管理,农林牧渔类,农林牧渔大类,热门/强就业专科专业组中混入谨慎方向，志愿表需按该专业兜底
盐城农业科技职业学院,物理,专科批,137302,盐城农业科技职业学院02,中危混合组,43,"机电一体化技术(报考该专业有色觉要求,具体请查阅院校招生章程)",电气自动化类,装备制造大类,专业名称或备注含体检、性别、色觉、军士/司法/航海等限制，需核对章程
盐城农业科技职业学院,物理,专科批,137302,盐城农业科技职业学院02,中危混合组,44,食品智能加工技术,食品药品类,食品药品与粮食大类,热门/强就业专科专业组中混入谨慎方向，志愿表需按该专业兜底
盐城农业科技职业学院,物理,专科批,137302,盐城农业科技职业学院02,中危混合组,45,食品质量与安全,食品药品类,食品药品与粮食大类,热门/强就业专科专业组中混入谨慎方向，志愿表需按该专业兜底
盐城农业科技职业学院,物理,专科批,137302,盐城农业科技职业学院02,中危混合组,46,园林工程技术,土木建筑类,土木建筑大类,热门/强就业专科专业组中混入谨慎方向，志愿表需按该专业兜底
盐城农业科技职业学院,物理,专科批,137302,盐城农业科技职业学院02,中危混合组,48,园林技术,农林牧渔类,农林牧渔大类,热门/强就业专科专业组中混入谨慎方向，志愿表需按该专业兜底
巴中职业技术学院,物理,专科批,879602,巴中职业技术学院02,未标风险,06,无人机测绘技术,资源环境安全类,资源环境与安全大类,专科就业或接受度需谨慎核对
江海职业技术学院,物理,专科批,198804,江海职业技术学院04,中危混合组,51,建筑工程技术,土木建筑类,土木建筑大类,热门/强就业专科专业组中混入谨慎方向，志愿表需按该专业兜底
江海职业技术学院,物理,专科批,198804,江海职业技术学院04,中危混合组,52,工程造价,土木建筑类,土木建筑大类,热门/强就业专科专业组中混入谨慎方向，志愿表需按该专业兜底
江海职业技术学院,物理,专科批,198804,江海职业技术学院04,中危混合组,53,建筑消防技术,土木建筑类,土木建筑大类,热门/强就业专科专业组中混入谨慎方向，志愿表需按该专业兜底
江海职业技术学院,物理,专科批,198804,江海职业技术学院04,中危混合组,54,安全技术与管理,资源环境安全类,资源环境与安全大类,热门/强就业专科专业组中混入谨慎方向，志愿表需按该专业兜底
江海职业技术学院,物理,专科批,198804,江海职业技术学院04,中危混合组,55,建筑室内设计,土木建筑类,土木建筑大类,热门/强就业专科专业组中混入谨慎方向，志愿表需按该专业兜底
江海职业技术学院,物理,专科批,198804,江海职业技术学院04,中危混合组,62,旅游管理,旅游餐饮类,旅游大类,热门/强就业专科专业组中混入谨慎方向，志愿表需按该专业兜底
江海职业技术学院,物理,专科批,198804,江海职业技术学院04,中危混合组,64,烹饪工艺与营养,食品药品类,食品药品与粮食大类,热门/强就业专科专业组中混入谨慎方向，志愿表需按该专业兜底
江海职业技术学院,物理,专科批,198804,江海职业技术学院04,中危混合组,66,西式烹饪工艺,食品药品类,食品药品与粮食大类,热门/强就业专科专业组中混入谨慎方向，志愿表需按该专业兜底
江海职业技术学院,物理,专科批,198804,江海职业技术学院04,中危混合组,67,酒店管理与数字化运营,旅游餐饮类,旅游大类,热门/强就业专科专业组中混入谨慎方向，志愿表需按该专业兜底
江海职业技术学院,物理,专科批,198804,江海职业技术学院04,中危混合组,68,智慧健康养老服务与管理,公共管理服务类,公共管理与服务大类,热门/强就业专科专业组中混入谨慎方向，志愿表需按该专业兜底
江海职业技术学院,物理,专科批,198804,江海职业技术学院04,中危混合组,71,宠物养护与驯导,农林牧渔类,农林牧渔大类,热门/强就业专科专业组中混入谨慎方向，志愿表需按该专业兜底
西安城市建设职业学院,物理,专科批,893402,西安城市建设职业学院02,中危混合组,07,建筑室内设计,土木建筑类,土木建筑大类,热门/强就业专科专业组中混入谨慎方向，志愿表需按该专业兜底
西安城市建设职业学院,物理,专科批,893402,西安城市建设职业学院02,中危混合组,08,建筑消防技术,土木建筑类,土木建筑大类,热门/强就业专科专业组中混入谨慎方向，志愿表需按该专业兜底
西安城市建设职业学院,物理,专科批,893402,西安城市建设职业学院02,中危混合组,14,动漫制作技术,文化艺术类,文化艺术大类,热门/强就业专科专业组中混入谨慎方向，志愿表需按该专业兜底
徐州幼儿师范高等专科学校,物理,专科批,123207,徐州幼儿师范高等专科学校07,未标风险,19,"学前教育(与徐州工程学院分段培养项目)(师范)(报考该专业有色觉要求,具体请查阅院校招生章程)",教育体育类,教育与体育大类,专业名称或备注含体检、性别、色觉、军士/司法/航海等限制，需核对章程
徐州幼儿师范高等专科学校,物理,专科批,123211,徐州幼儿师范高等专科学校11,未标风险,29,智慧健康养老服务与管理,公共管理服务类,公共管理与服务大类,专科就业或接受度需谨慎核对
徐州幼儿师范高等专科学校,物理,专科批,123211,徐州幼儿师范高等专科学校11,未标风险,30,社区康复,公共管理服务类,公共管理与服务大类,专科就业或接受度需谨慎核对
徐州幼儿师范高等专科学校,物理,专科批,123211,徐州幼儿师范高等专科学校11,未标风险,32,社会工作,公共管理服务类,公共管理与服务大类,专科就业或接受度需谨慎核对
徐州幼儿师范高等专科学校,物理,专科批,123213,徐州幼儿师范高等专科学校13,未标风险,36,"学前教育(中外合作办学)(师范)(报考该专业有色觉要求,具体请查阅院校招生章程)",教育体育类,教育与体育大类,专业名称或备注含体检、性别、色觉、军士/司法/航海等限制，需核对章程
武汉东湖学院,历史,专科批,855002,武汉东湖学院02,中危混合组,15,全媒体广告策划与营销,文化艺术类,文化艺术大类,热门/强就业专科专业组中混入谨慎方向，志愿表需按该专业兜底
九州职业技术学院,历史,专科批,196201,九州职业技术学院01,中危混合组,12,"药学(报考该专业有色觉要求,具体请查阅院校招生章程)",药学类,医药卫生大类,专业名称或备注含体检、性别、色觉、军士/司法/航海等限制，需核对章程
九州职业技术学院,历史,专科批,196201,九州职业技术学院01,中危混合组,13,"中医康复技术(报考该专业有色觉要求,具体请查阅院校招生章程)",护理医学类,医药卫生大类,专业名称或备注含体检、性别、色觉、军士/司法/航海等限制，需核对章程
九州职业技术学院,历史,专科批,196201,九州职业技术学院01,中危混合组,14,"康复治疗技术(报考该专业有色觉要求,具体请查阅院校招生章程)",护理医学类,医药卫生大类,专业名称或备注含体检、性别、色觉、军士/司法/航海等限制，需核对章程
九州职业技术学院,历史,专科批,196201,九州职业技术学院01,中危混合组,15,社区康复,公共管理服务类,公共管理与服务大类,热门/强就业专科专业组中混入谨慎方向，志愿表需按该专业兜底
九州职业技术学院,历史,专科批,196201,九州职业技术学院01,中危混合组,16,智慧健康养老服务与管理,公共管理服务类,公共管理与服务大类,热门/强就业专科专业组中混入谨慎方向，志愿表需按该专业兜底
九州职业技术学院,历史,专科批,196201,九州职业技术学院01,中危混合组,17,建筑工程技术,土木建筑类,土木建筑大类,热门/强就业专科专业组中混入谨慎方向，志愿表需按该专业兜底
九州职业技术学院,历史,专科批,196201,九州职业技术学院01,中危混合组,18,工程造价,土木建筑类,土木建筑大类,热门/强就业专科专业组中混入谨慎方向，志愿表需按该专业兜底
九州职业技术学院,历史,专科批,196201,九州职业技术学院01,中危混合组,19,建筑装饰工程技术,土木建筑类,土木建筑大类,热门/强就业专科专业组中混入谨慎方向，志愿表需按该专业兜底
九州职业技术学院,历史,专科批,196201,九州职业技术学院01,中危混合组,21,建筑消防技术,土木建筑类,土木建筑大类,热门/强就业专科专业组中混入谨慎方向，志愿表需按该专业兜底
九州职业技术学院,历史,专科批,196201,九州职业技术学院01,中危混合组,29,旅游管理,旅游餐饮类,旅游大类,热门/强就业专科专业组中混入谨慎方向，志愿表需按该专业兜底
九州职业技术学院,历史,专科批,196201,九州职业技术学院01,中危混合组,30,酒店管理与数字化运营,旅游餐饮类,旅游大类,热门/强就业专科专业组中混入谨慎方向，志愿表需按该专业兜底
九州职业技术学院,历史,专科批,196202,九州职业技术学院02,未标风险,38,"护理(报考该专业有色觉要求,具体请查阅院校招生章程)",护理医学类,医药卫生大类,专业名称或备注含体检、性别、色觉、军士/司法/航海等限制，需核对章程
苏州高博职业学院,历史,专科批,197001,苏州高博职业学院01,中危混合组,01,"护理(报考该专业有色觉要求,具体请查阅院校招生章程)",护理医学类,医药卫生大类,专业名称或备注含体检、性别、色觉、军士/司法/航海等限制，需核对章程
苏州高博职业学院,历史,专科批,197001,苏州高博职业学院01,中危混合组,06,"数字媒体艺术设计(报考该专业有色觉要求,具体请查阅院校招生章程)",文化艺术类,文化艺术大类,热门/强就业专科专业组中混入谨慎方向，志愿表需按该专业兜底
苏州高博职业学院,历史,专科批,197001,苏州高博职业学院01,中危混合组,08,建筑消防技术,土木建筑类,土木建筑大类,热门/强就业专科专业组中混入谨慎方向，志愿表需按该专业兜底
苏州高博职业学院,历史,专科批,197001,苏州高博职业学院01,中危混合组,09,"数字非遗设计与制作(报考该专业有色觉要求,具体请查阅院校招生章程)",文化艺术类,文化艺术大类,热门/强就业专科专业组中混入谨慎方向，志愿表需按该专业兜底
苏州高博职业学院,历史,专科批,197001,苏州高博职业学院01,中危混合组,16,现代文秘,公共管理服务类,公共管理与服务大类,热门/强就业专科专业组中混入谨慎方向，志愿表需按该专业兜底
建东职业技术学院,物理,专科批,196502,建东职业技术学院02,中危混合组,12,建筑消防技术,土木建筑类,土木建筑大类,热门/强就业专科专业组中混入谨慎方向，志愿表需按该专业兜底
建东职业技术学院,物理,专科批,196502,建东职业技术学院02,中危混合组,14,工业设计,文化艺术类,文化艺术大类,热门/强就业专科专业组中混入谨慎方向，志愿表需按该专业兜底
九州职业技术学院,物理,专科批,196203,九州职业技术学院03,中危混合组,50,"药学(报考该专业有色觉要求,具体请查阅院校招生章程)",药学类,医药卫生大类,专业名称或备注含体检、性别、色觉、军士/司法/航海等限制，需核对章程
九州职业技术学院,物理,专科批,196203,九州职业技术学院03,中危混合组,51,"中医康复技术(报考该专业有色觉要求,具体请查阅院校招生章程)",护理医学类,医药卫生大类,专业名称或备注含体检、性别、色觉、军士/司法/航海等限制，需核对章程
九州职业技术学院,物理,专科批,196203,九州职业技术学院03,中危混合组,52,"康复治疗技术(报考该专业有色觉要求,具体请查阅院校招生章程)",护理医学类,医药卫生大类,专业名称或备注含体检、性别、色觉、军士/司法/航海等限制，需核对章程
九州职业技术学院,物理,专科批,196203,九州职业技术学院03,中危混合组,53,社区康复,公共管理服务类,公共管理与服务大类,热门/强就业专科专业组中混入谨慎方向，志愿表需按该专业兜底
九州职业技术学院,物理,专科批,196203,九州职业技术学院03,中危混合组,54,智慧健康养老服务与管理,公共管理服务类,公共管理与服务大类,热门/强就业专科专业组中混入谨慎方向，志愿表需按该专业兜底
九州职业技术学院,物理,专科批,196203,九州职业技术学院03,中危混合组,55,建筑工程技术,土木建筑类,土木建筑大类,热门/强就业专科专业组中混入谨慎方向，志愿表需按该专业兜底
九州职业技术学院,物理,专科批,196203,九州职业技术学院03,中危混合组,56,工程造价,土木建筑类,土木建筑大类,热门/强就业专科专业组中混入谨慎方向，志愿表需按该专业兜底
九州职业技术学院,物理,专科批,196203,九州职业技术学院03,中危混合组,57,建筑装饰工程技术,土木建筑类,土木建筑大类,热门/强就业专科专业组中混入谨慎方向，志愿表需按该专业兜底
九州职业技术学院,物理,专科批,196203,九州职业技术学院03,中危混合组,59,建筑消防技术,土木建筑类,土木建筑大类,热门/强就业专科专业组中混入谨慎方向，志愿表需按该专业兜底
九州职业技术学院,物理,专科批,196203,九州职业技术学院03,中危混合组,67,旅游管理,旅游餐饮类,旅游大类,热门/强就业专科专业组中混入谨慎方向，志愿表需按该专业兜底
九州职业技术学院,物理,专科批,196203,九州职业技术学院03,中危混合组,68,酒店管理与数字化运营,旅游餐饮类,旅游大类,热门/强就业专科专业组中混入谨慎方向，志愿表需按该专业兜底
九州职业技术学院,物理,专科批,196204,九州职业技术学院04,未标风险,76,"护理(报考该专业有色觉要求,具体请查阅院校招生章程)",护理医学类,医药卫生大类,专业名称或备注含体检、性别、色觉、军士/司法/航海等限制，需核对章程
广西自然资源职业技术学院,物理,专科批,554302,广西自然资源职业技术学院02,中危混合组,08,国土空间规划与测绘,资源环境安全类,资源环境与安全大类,热门/强就业专科专业组中混入谨慎方向，志愿表需按该专业兜底
无锡南洋职业技术学院,物理,专科批,195702,无锡南洋职业技术学院02,中危混合组,41,工程造价,土木建筑类,土木建筑大类,热门/强就业专科专业组中混入谨慎方向，志愿表需按该专业兜底
无锡南洋职业技术学院,物理,专科批,195702,无锡南洋职业技术学院02,中危混合组,42,建设工程管理,土木建筑类,土木建筑大类,热门/强就业专科专业组中混入谨慎方向，志愿表需按该专业兜底
无锡南洋职业技术学院,物理,专科批,195702,无锡南洋职业技术学院02,中危混合组,43,建筑装饰工程技术,土木建筑类,土木建筑大类,热门/强就业专科专业组中混入谨慎方向，志愿表需按该专业兜底
无锡南洋职业技术学院,物理,专科批,195702,无锡南洋职业技术学院02,中危混合组,44,建筑工程技术,土木建筑类,土木建筑大类,热门/强就业专科专业组中混入谨慎方向，志愿表需按该专业兜底
无锡南洋职业技术学院,物理,专科批,195702,无锡南洋职业技术学院02,中危混合组,45,建筑消防技术,土木建筑类,土木建筑大类,热门/强就业专科专业组中混入谨慎方向，志愿表需按该专业兜底
无锡南洋职业技术学院,物理,专科批,195702,无锡南洋职业技术学院02,中危混合组,60,人力资源管理,公共管理服务类,公共管理与服务大类,热门/强就业专科专业组中混入谨慎方向，志愿表需按该专业兜底
无锡南洋职业技术学院,物理,专科批,195702,无锡南洋职业技术学院02,中危混合组,68,酒店管理与数字化运营,旅游餐饮类,旅游大类,热门/强就业专科专业组中混入谨慎方向，志愿表需按该专业兜底
无锡南洋职业技术学院,物理,专科批,195702,无锡南洋职业技术学院02,中危混合组,69,烹饪工艺与营养,食品药品类,食品药品与粮食大类,热门/强就业专科专业组中混入谨慎方向，志愿表需按该专业兜底
无锡南洋职业技术学院,物理,专科批,195702,无锡南洋职业技术学院02,中危混合组,71,食品营养与健康,食品药品类,食品药品与粮食大类,热门/强就业专科专业组中混入谨慎方向，志愿表需按该专业兜底
无锡南洋职业技术学院,物理,专科批,195702,无锡南洋职业技术学院02,中危混合组,72,智慧健康养老服务与管理,公共管理服务类,公共管理与服务大类,热门/强就业专科专业组中混入谨慎方向，志愿表需按该专业兜底
唐山幼儿师范高等专科学校,物理,专科批,336902,唐山幼儿师范高等专科学校02,中危混合组,06,影视多媒体技术,文化艺术类,文化艺术大类,热门/强就业专科专业组中混入谨慎方向，志愿表需按该专业兜底
合肥共达职业技术学院,物理,专科批,811302,合肥共达职业技术学院02,中危混合组,05,工程造价,土木建筑类,土木建筑大类,热门/强就业专科专业组中混入谨慎方向，志愿表需按该专业兜底
合肥共达职业技术学院,物理,专科批,811302,合肥共达职业技术学院02,中危混合组,10,动漫制作技术,文化艺术类,文化艺术大类,热门/强就业专科专业组中混入谨慎方向，志愿表需按该专业兜底
山东现代学院,历史,专科批,821702,山东现代学院02,中危混合组,09,工程造价,土木建筑类,土木建筑大类,热门/强就业专科专业组中混入谨慎方向，志愿表需按该专业兜底
重庆海联职业技术学院,物理,专科批,881002,重庆海联职业技术学院02,中危混合组,11,无人机测绘技术,资源环境安全类,资源环境与安全大类,热门/强就业专科专业组中混入谨慎方向，志愿表需按该专业兜底
重庆海联职业技术学院,物理,专科批,881002,重庆海联职业技术学院02,中危混合组,18,生物制药技术,生物化工类,生物与化工大类,热门/强就业专科专业组中混入谨慎方向，志愿表需按该专业兜底
资阳环境科技职业学院,历史,专科批,879901,资阳环境科技职业学院01,整体偏冷组,01,宠物医疗技术,农林牧渔类,农林牧渔大类,专科就业或接受度需谨慎核对
塔里木职业技术学院,物理,专科批,753302,塔里木职业技术学院02,中危混合组,08,现代农业装备应用技术,农林牧渔类,农林牧渔大类,热门/强就业专科专业组中混入谨慎方向，志愿表需按该专业兜底
塔里木职业技术学院,物理,专科批,753302,塔里木职业技术学院02,中危混合组,09,建筑工程技术,土木建筑类,土木建筑大类,热门/强就业专科专业组中混入谨慎方向，志愿表需按该专业兜底
塔里木职业技术学院,物理,专科批,753302,塔里木职业技术学院02,中危混合组,12,旅游管理,旅游餐饮类,旅游大类,热门/强就业专科专业组中混入谨慎方向，志愿表需按该专业兜底
塔里木职业技术学院,物理,专科批,753302,塔里木职业技术学院02,中危混合组,14,智慧健康养老服务与管理,公共管理服务类,公共管理与服务大类,热门/强就业专科专业组中混入谨慎方向，志愿表需按该专业兜底
宿迁幼儿师范高等专科学校,物理,专科批,142702,宿迁幼儿师范高等专科学校02,中危混合组,17,"学前教育(师范)(报考该专业有色觉要求,具体请查阅院校招生章程)",教育体育类,教育与体育大类,专业名称或备注含体检、性别、色觉、军士/司法/航海等限制，需核对章程
宿迁幼儿师范高等专科学校,物理,专科批,142702,宿迁幼儿师范高等专科学校02,中危混合组,18,音乐教育(师范),文化艺术类,文化艺术大类,热门/强就业专科专业组中混入谨慎方向，志愿表需按该专业兜底
宿迁幼儿师范高等专科学校,物理,专科批,142702,宿迁幼儿师范高等专科学校02,中危混合组,19,"美术教育(师范)(报考该专业有色觉要求,具体请查阅院校招生章程)",文化艺术类,文化艺术大类,热门/强就业专科专业组中混入谨慎方向，志愿表需按该专业兜底
宿迁幼儿师范高等专科学校,物理,专科批,142702,宿迁幼儿师范高等专科学校02,中危混合组,21,旅游管理,旅游餐饮类,旅游大类,热门/强就业专科专业组中混入谨慎方向，志愿表需按该专业兜底
宿迁幼儿师范高等专科学校,物理,专科批,142702,宿迁幼儿师范高等专科学校02,中危混合组,22,酒店管理与数字化运营,旅游餐饮类,旅游大类,热门/强就业专科专业组中混入谨慎方向，志愿表需按该专业兜底
宿迁幼儿师范高等专科学校,物理,专科批,142702,宿迁幼儿师范高等专科学校02,中危混合组,23,"计算机应用技术(报考该专业有色觉要求,具体请查阅院校招生章程)",计算机类,电子与信息大类,专业名称或备注含体检、性别、色觉、军士/司法/航海等限制，需核对章程
宿迁幼儿师范高等专科学校,物理,专科批,142702,宿迁幼儿师范高等专科学校02,中危混合组,24,"大数据技术(报考该专业有色觉要求,具体请查阅院校招生章程)",计算机类,电子与信息大类,专业名称或备注含体检、性别、色觉、军士/司法/航海等限制，需核对章程
宿迁幼儿师范高等专科学校,物理,专科批,142702,宿迁幼儿师范高等专科学校02,中危混合组,27,智慧旅游技术应用,旅游餐饮类,旅游大类,热门/强就业专科专业组中混入谨慎方向，志愿表需按该专业兜底
宿迁幼儿师范高等专科学校,物理,专科批,142702,宿迁幼儿师范高等专科学校02,中危混合组,28,智慧健康养老服务与管理,公共管理服务类,公共管理与服务大类,热门/强就业专科专业组中混入谨慎方向，志愿表需按该专业兜底
青岛农业大学海都学院,物理,专科批,822605,青岛农业大学海都学院05,中危混合组,24,建筑工程技术,土木建筑类,土木建筑大类,热门/强就业专科专业组中混入谨慎方向，志愿表需按该专业兜底
青岛农业大学海都学院,物理,专科批,822605,青岛农业大学海都学院05,中危混合组,26,园林技术,农林牧渔类,农林牧渔大类,热门/强就业专科专业组中混入谨慎方向，志愿表需按该专业兜底
苏州高博职业学院,物理,专科批,197002,苏州高博职业学院02,中危混合组,17,"护理(报考该专业有色觉要求,具体请查阅院校招生章程)",护理医学类,医药卫生大类,专业名称或备注含体检、性别、色觉、军士/司法/航海等限制，需核对章程
苏州高博职业学院,物理,专科批,197002,苏州高博职业学院02,中危混合组,18,"医学检验技术(报考该专业有色觉要求,具体请查阅院校招生章程)",护理医学类,医药卫生大类,专业名称或备注含体检、性别、色觉、军士/司法/航海等限制，需核对章程
苏州高博职业学院,物理,专科批,197002,苏州高博职业学院02,中危混合组,29,"数字媒体艺术设计(报考该专业有色觉要求,具体请查阅院校招生章程)",文化艺术类,文化艺术大类,热门/强就业专科专业组中混入谨慎方向，志愿表需按该专业兜底
苏州高博职业学院,物理,专科批,197002,苏州高博职业学院02,中危混合组,31,建筑消防技术,土木建筑类,土木建筑大类,热门/强就业专科专业组中混入谨慎方向，志愿表需按该专业兜底
宿迁职业技术学院,历史,专科批,199601,宿迁职业技术学院01,中危混合组,09,动漫制作技术,文化艺术类,文化艺术大类,热门/强就业专科专业组中混入谨慎方向，志愿表需按该专业兜底
喀什理工职业技术学院,物理,专科批,753802,喀什理工职业技术学院02,中危混合组,14,建筑工程技术,土木建筑类,土木建筑大类,热门/强就业专科专业组中混入谨慎方向，志愿表需按该专业兜底
喀什理工职业技术学院,物理,专科批,753802,喀什理工职业技术学院02,中危混合组,15,建筑钢结构工程技术,土木建筑类,土木建筑大类,热门/强就业专科专业组中混入谨慎方向，志愿表需按该专业兜底
喀什理工职业技术学院,物理,专科批,753802,喀什理工职业技术学院02,中危混合组,16,建筑装饰工程技术,土木建筑类,土木建筑大类,热门/强就业专科专业组中混入谨慎方向，志愿表需按该专业兜底
苏州托普信息职业技术学院,物理,专科批,196902,苏州托普信息职业技术学院02,中危混合组,30,宠物医疗技术,农林牧渔类,农林牧渔大类,热门/强就业专科专业组中混入谨慎方向，志愿表需按该专业兜底
苏州托普信息职业技术学院,物理,专科批,196902,苏州托普信息职业技术学院02,中危混合组,31,建筑消防技术,土木建筑类,土木建筑大类,热门/强就业专科专业组中混入谨慎方向，志愿表需按该专业兜底
苏州托普信息职业技术学院,物理,专科批,196902,苏州托普信息职业技术学院02,中危混合组,47,动漫制作技术,文化艺术类,文化艺术大类,热门/强就业专科专业组中混入谨慎方向，志愿表需按该专业兜底
苏州托普信息职业技术学院,物理,专科批,196902,苏州托普信息职业技术学院02,中危混合组,55,人力资源管理,公共管理服务类,公共管理与服务大类,热门/强就业专科专业组中混入谨慎方向，志愿表需按该专业兜底
苏州托普信息职业技术学院,物理,专科批,196902,苏州托普信息职业技术学院02,中危混合组,56,社区康复,公共管理服务类,公共管理与服务大类,热门/强就业专科专业组中混入谨慎方向，志愿表需按该专业兜底
苏州托普信息职业技术学院,物理,专科批,196902,苏州托普信息职业技术学院02,中危混合组,58,动漫制作技术(中外合作办学),文化艺术类,文化艺术大类,热门/强就业专科专业组中混入谨慎方向，志愿表需按该专业兜底
苏州百年职业学院,历史,专科批,197101,苏州百年职业学院01,中危混合组,17,建筑设计(中外合作办学),土木建筑类,土木建筑大类,热门/强就业专科专业组中混入谨慎方向，志愿表需按该专业兜底
苏州百年职业学院,历史,专科批,197101,苏州百年职业学院01,中危混合组,18,建筑室内设计(中外合作办学),土木建筑类,土木建筑大类,热门/强就业专科专业组中混入谨慎方向，志愿表需按该专业兜底
苏州百年职业学院,历史,专科批,197101,苏州百年职业学院01,中危混合组,19,风景园林设计(中外合作办学),土木建筑类,土木建筑大类,热门/强就业专科专业组中混入谨慎方向，志愿表需按该专业兜底
苏州百年职业学院,历史,专科批,197101,苏州百年职业学院01,中危混合组,20,动漫制作技术(中外合作办学),文化艺术类,文化艺术大类,热门/强就业专科专业组中混入谨慎方向，志愿表需按该专业兜底
炎黄职业技术学院,历史,专科批,198201,炎黄职业技术学院01,中危混合组,01,宠物养护与驯导,农林牧渔类,农林牧渔大类,热门/强就业专科专业组中混入谨慎方向，志愿表需按该专业兜底
炎黄职业技术学院,历史,专科批,198201,炎黄职业技术学院01,中危混合组,02,动物营养与饲料,食品药品类,食品药品与粮食大类,热门/强就业专科专业组中混入谨慎方向，志愿表需按该专业兜底
炎黄职业技术学院,历史,专科批,198201,炎黄职业技术学院01,中危混合组,03,建筑室内设计,土木建筑类,土木建筑大类,热门/强就业专科专业组中混入谨慎方向，志愿表需按该专业兜底
炎黄职业技术学院,历史,专科批,198201,炎黄职业技术学院01,中危混合组,04,建筑工程技术,土木建筑类,土木建筑大类,热门/强就业专科专业组中混入谨慎方向，志愿表需按该专业兜底
炎黄职业技术学院,历史,专科批,198201,炎黄职业技术学院01,中危混合组,05,工程造价,土木建筑类,土木建筑大类,热门/强就业专科专业组中混入谨慎方向，志愿表需按该专业兜底
炎黄职业技术学院,历史,专科批,198201,炎黄职业技术学院01,中危混合组,19,时尚表演与传播,文化艺术类,文化艺术大类,热门/强就业专科专业组中混入谨慎方向，志愿表需按该专业兜底
炎黄职业技术学院,历史,专科批,198201,炎黄职业技术学院01,中危混合组,21,酒店管理与数字化运营,旅游餐饮类,旅游大类,热门/强就业专科专业组中混入谨慎方向，志愿表需按该专业兜底
炎黄职业技术学院,历史,专科批,198201,炎黄职业技术学院01,中危混合组,22,旅游管理,旅游餐饮类,旅游大类,热门/强就业专科专业组中混入谨慎方向，志愿表需按该专业兜底
炎黄职业技术学院,历史,专科批,198201,炎黄职业技术学院01,中危混合组,23,烹饪工艺与营养,食品药品类,食品药品与粮食大类,热门/强就业专科专业组中混入谨慎方向，志愿表需按该专业兜底
炎黄职业技术学院,历史,专科批,198201,炎黄职业技术学院01,中危混合组,28,智慧健康养老服务与管理,公共管理服务类,公共管理与服务大类,热门/强就业专科专业组中混入谨慎方向，志愿表需按该专业兜底
炎黄职业技术学院,历史,专科批,198201,炎黄职业技术学院01,中危混合组,29,数字时尚设计,文化艺术类,文化艺术大类,热门/强就业专科专业组中混入谨慎方向，志愿表需按该专业兜底
昆山登云科技职业学院,物理,专科批,197302,昆山登云科技职业学院02,中危混合组,35,建筑室内设计,土木建筑类,土木建筑大类,热门/强就业专科专业组中混入谨慎方向，志愿表需按该专业兜底
昆山登云科技职业学院,物理,专科批,197302,昆山登云科技职业学院02,中危混合组,36,建筑工程技术,土木建筑类,土木建筑大类,热门/强就业专科专业组中混入谨慎方向，志愿表需按该专业兜底
昆山登云科技职业学院,物理,专科批,197302,昆山登云科技职业学院02,中危混合组,38,工程造价,土木建筑类,土木建筑大类,热门/强就业专科专业组中混入谨慎方向，志愿表需按该专业兜底
昆山登云科技职业学院,物理,专科批,197302,昆山登云科技职业学院02,中危混合组,39,建设工程管理,土木建筑类,土木建筑大类,热门/强就业专科专业组中混入谨慎方向，志愿表需按该专业兜底
昆山登云科技职业学院,物理,专科批,197302,昆山登云科技职业学院02,中危混合组,58,动漫制作技术,文化艺术类,文化艺术大类,热门/强就业专科专业组中混入谨慎方向，志愿表需按该专业兜底
昆山登云科技职业学院,物理,专科批,197302,昆山登云科技职业学院02,中危混合组,66,酒店管理与数字化运营,旅游餐饮类,旅游大类,热门/强就业专科专业组中混入谨慎方向，志愿表需按该专业兜底
昆山登云科技职业学院,物理,专科批,197302,昆山登云科技职业学院02,中危混合组,67,全媒体广告策划与营销,文化艺术类,文化艺术大类,热门/强就业专科专业组中混入谨慎方向，志愿表需按该专业兜底
昆山登云科技职业学院,物理,专科批,197302,昆山登云科技职业学院02,中危混合组,68,智慧健康养老服务与管理,公共管理服务类,公共管理与服务大类,热门/强就业专科专业组中混入谨慎方向，志愿表需按该专业兜底
金山职业技术学院,历史,专科批,199101,金山职业技术学院01,中危混合组,01,建筑室内设计,土木建筑类,土木建筑大类,热门/强就业专科专业组中混入谨慎方向，志愿表需按该专业兜底
金山职业技术学院,历史,专科批,199101,金山职业技术学院01,中危混合组,02,工程造价,土木建筑类,土木建筑大类,热门/强就业专科专业组中混入谨慎方向，志愿表需按该专业兜底
金山职业技术学院,历史,专科批,199101,金山职业技术学院01,中危混合组,22,旅游管理,旅游餐饮类,旅游大类,热门/强就业专科专业组中混入谨慎方向，志愿表需按该专业兜底
金山职业技术学院,历史,专科批,199101,金山职业技术学院01,中危混合组,23,酒店管理与数字化运营,旅游餐饮类,旅游大类,热门/强就业专科专业组中混入谨慎方向，志愿表需按该专业兜底
西安汽车职业大学,历史,专科批,893201,西安汽车职业大学01,中危混合组,03,数字媒体艺术设计,文化艺术类,文化艺术大类,热门/强就业专科专业组中混入谨慎方向，志愿表需按该专业兜底
西安汽车职业大学,历史,专科批,893201,西安汽车职业大学01,中危混合组,04,广告艺术设计,文化艺术类,文化艺术大类,热门/强就业专科专业组中混入谨慎方向，志愿表需按该专业兜底
硅湖职业技术学院,物理,专科批,197402,硅湖职业技术学院02,中危混合组,36,建筑室内设计,土木建筑类,土木建筑大类,热门/强就业专科专业组中混入谨慎方向，志愿表需按该专业兜底
硅湖职业技术学院,物理,专科批,197402,硅湖职业技术学院02,中危混合组,37,服装设计与工艺,文化艺术类,文化艺术大类,热门/强就业专科专业组中混入谨慎方向，志愿表需按该专业兜底
硅湖职业技术学院,物理,专科批,197402,硅湖职业技术学院02,中危混合组,38,旅游管理,旅游餐饮类,旅游大类,热门/强就业专科专业组中混入谨慎方向，志愿表需按该专业兜底
硅湖职业技术学院,物理,专科批,197402,硅湖职业技术学院02,中危混合组,39,酒店管理与数字化运营,旅游餐饮类,旅游大类,热门/强就业专科专业组中混入谨慎方向，志愿表需按该专业兜底
硅湖职业技术学院,物理,专科批,197402,硅湖职业技术学院02,中危混合组,43,影视制片管理,文化艺术类,文化艺术大类,热门/强就业专科专业组中混入谨慎方向，志愿表需按该专业兜底
硅湖职业技术学院,物理,专科批,197402,硅湖职业技术学院02,中危混合组,48,智慧健康养老服务与管理,公共管理服务类,公共管理与服务大类,热门/强就业专科专业组中混入谨慎方向，志愿表需按该专业兜底
硅湖职业技术学院,物理,专科批,197402,硅湖职业技术学院02,中危混合组,53,现代殡葬技术与管理,公共管理服务类,公共管理与服务大类,热门/强就业专科专业组中混入谨慎方向，志愿表需按该专业兜底
硅湖职业技术学院,物理,专科批,197402,硅湖职业技术学院02,中危混合组,54,殡葬设备维护技术,公共管理服务类,公共管理与服务大类,热门/强就业专科专业组中混入谨慎方向，志愿表需按该专业兜底
恩施职业技术学院,物理,专科批,525302,恩施职业技术学院02,中危混合组,09,茶叶生产与加工技术,农林牧渔类,农林牧渔大类,热门/强就业专科专业组中混入谨慎方向，志愿表需按该专业兜底
恩施职业技术学院,物理,专科批,525302,恩施职业技术学院02,中危混合组,13,道路与桥梁工程技术,土木建筑类,土木建筑大类,热门/强就业专科专业组中混入谨慎方向，志愿表需按该专业兜底
重庆海联职业技术学院,历史,专科批,881001,重庆海联职业技术学院01,中危混合组,03,无人机测绘技术,资源环境安全类,资源环境与安全大类,热门/强就业专科专业组中混入谨慎方向，志愿表需按该专业兜底
广西自然资源职业技术学院,历史,专科批,554301,广西自然资源职业技术学院01,中危混合组,02,国土空间规划与测绘,资源环境安全类,资源环境与安全大类,热门/强就业专科专业组中混入谨慎方向，志愿表需按该专业兜底
硅湖职业技术学院,历史,专科批,197401,硅湖职业技术学院01,中危混合组,09,建筑室内设计,土木建筑类,土木建筑大类,热门/强就业专科专业组中混入谨慎方向，志愿表需按该专业兜底
硅湖职业技术学院,历史,专科批,197401,硅湖职业技术学院01,中危混合组,10,服装设计与工艺,文化艺术类,文化艺术大类,热门/强就业专科专业组中混入谨慎方向，志愿表需按该专业兜底
硅湖职业技术学院,历史,专科批,197401,硅湖职业技术学院01,中危混合组,11,旅游管理,旅游餐饮类,旅游大类,热门/强就业专科专业组中混入谨慎方向，志愿表需按该专业兜底
硅湖职业技术学院,历史,专科批,197401,硅湖职业技术学院01,中危混合组,12,酒店管理与数字化运营,旅游餐饮类,旅游大类,热门/强就业专科专业组中混入谨慎方向，志愿表需按该专业兜底
硅湖职业技术学院,历史,专科批,197401,硅湖职业技术学院01,中危混合组,16,影视制片管理,文化艺术类,文化艺术大类,热门/强就业专科专业组中混入谨慎方向，志愿表需按该专业兜底
硅湖职业技术学院,历史,专科批,197401,硅湖职业技术学院01,中危混合组,21,智慧健康养老服务与管理,公共管理服务类,公共管理与服务大类,热门/强就业专科专业组中混入谨慎方向，志愿表需按该专业兜底
硅湖职业技术学院,历史,专科批,197401,硅湖职业技术学院01,中危混合组,26,现代殡葬技术与管理,公共管理服务类,公共管理与服务大类,热门/强就业专科专业组中混入谨慎方向，志愿表需按该专业兜底
硅湖职业技术学院,历史,专科批,197401,硅湖职业技术学院01,中危混合组,27,殡葬设备维护技术,公共管理服务类,公共管理与服务大类,热门/强就业专科专业组中混入谨慎方向，志愿表需按该专业兜底
南京视觉艺术职业学院,历史,专科批,195401,南京视觉艺术职业学院01,中危混合组,01,建筑设计,土木建筑类,土木建筑大类,热门/强就业专科专业组中混入谨慎方向，志愿表需按该专业兜底
南京视觉艺术职业学院,历史,专科批,195401,南京视觉艺术职业学院01,中危混合组,02,建筑室内设计,土木建筑类,土木建筑大类,热门/强就业专科专业组中混入谨慎方向，志愿表需按该专业兜底
南京视觉艺术职业学院,历史,专科批,195401,南京视觉艺术职业学院01,中危混合组,06,视觉传达设计,文化艺术类,文化艺术大类,热门/强就业专科专业组中混入谨慎方向，志愿表需按该专业兜底
南京视觉艺术职业学院,历史,专科批,195401,南京视觉艺术职业学院01,中危混合组,07,游戏艺术设计,文化艺术类,文化艺术大类,热门/强就业专科专业组中混入谨慎方向，志愿表需按该专业兜底
南京视觉艺术职业学院,历史,专科批,195401,南京视觉艺术职业学院01,中危混合组,08,音乐传播,文化艺术类,文化艺术大类,热门/强就业专科专业组中混入谨慎方向，志愿表需按该专业兜底
南京视觉艺术职业学院,历史,专科批,195401,南京视觉艺术职业学院01,中危混合组,09,影视编导,文化艺术类,文化艺术大类,热门/强就业专科专业组中混入谨慎方向，志愿表需按该专业兜底
南京视觉艺术职业学院,历史,专科批,195401,南京视觉艺术职业学院01,中危混合组,10,摄影摄像技术,文化艺术类,文化艺术大类,热门/强就业专科专业组中混入谨慎方向，志愿表需按该专业兜底
南京视觉艺术职业学院,历史,专科批,195401,南京视觉艺术职业学院01,中危混合组,12,全媒体广告策划与营销,文化艺术类,文化艺术大类,热门/强就业专科专业组中混入谨慎方向，志愿表需按该专业兜底
宿迁泽达职业技术学院,物理,专科批,199702,宿迁泽达职业技术学院02,中危混合组,32,建筑装饰工程技术,土木建筑类,土木建筑大类,热门/强就业专科专业组中混入谨慎方向，志愿表需按该专业兜底
宿迁泽达职业技术学院,物理,专科批,199702,宿迁泽达职业技术学院02,中危混合组,33,建筑工程技术,土木建筑类,土木建筑大类,热门/强就业专科专业组中混入谨慎方向，志愿表需按该专业兜底
宿迁泽达职业技术学院,物理,专科批,199702,宿迁泽达职业技术学院02,中危混合组,34,建设工程管理,土木建筑类,土木建筑大类,热门/强就业专科专业组中混入谨慎方向，志愿表需按该专业兜底
宿迁泽达职业技术学院,物理,专科批,199702,宿迁泽达职业技术学院02,中危混合组,35,动漫制作技术,文化艺术类,文化艺术大类,热门/强就业专科专业组中混入谨慎方向，志愿表需按该专业兜底
宿迁泽达职业技术学院,物理,专科批,199702,宿迁泽达职业技术学院02,中危混合组,60,旅游管理,旅游餐饮类,旅游大类,热门/强就业专科专业组中混入谨慎方向，志愿表需按该专业兜底
宿迁泽达职业技术学院,物理,专科批,199702,宿迁泽达职业技术学院02,中危混合组,61,社区康复,公共管理服务类,公共管理与服务大类,热门/强就业专科专业组中混入谨慎方向，志愿表需按该专业兜底
宿迁泽达职业技术学院,物理,专科批,199702,宿迁泽达职业技术学院02,中危混合组,62,酒店管理与数字化运营,旅游餐饮类,旅游大类,热门/强就业专科专业组中混入谨慎方向，志愿表需按该专业兜底
枣庄科技职业学院,物理,专科批,266502,枣庄科技职业学院02,中危混合组,06,装配式建筑工程技术,土木建筑类,土木建筑大类,热门/强就业专科专业组中混入谨慎方向，志愿表需按该专业兜底
扬州中瑞酒店职业学院,物理,专科批,198902,扬州中瑞酒店职业学院02,中危混合组,27,酒店管理与数字化运营,旅游餐饮类,旅游大类,热门/强就业专科专业组中混入谨慎方向，志愿表需按该专业兜底
扬州中瑞酒店职业学院,物理,专科批,198902,扬州中瑞酒店职业学院02,中危混合组,28,餐饮智能管理,旅游餐饮类,旅游大类,热门/强就业专科专业组中混入谨慎方向，志愿表需按该专业兜底
扬州中瑞酒店职业学院,物理,专科批,198902,扬州中瑞酒店职业学院02,中危混合组,29,西式烹饪工艺,食品药品类,食品药品与粮食大类,热门/强就业专科专业组中混入谨慎方向，志愿表需按该专业兜底
扬州中瑞酒店职业学院,物理,专科批,198902,扬州中瑞酒店职业学院02,中危混合组,30,烹饪工艺与营养,食品药品类,食品药品与粮食大类,热门/强就业专科专业组中混入谨慎方向，志愿表需按该专业兜底
扬州中瑞酒店职业学院,物理,专科批,198902,扬州中瑞酒店职业学院02,中危混合组,37,人力资源管理,公共管理服务类,公共管理与服务大类,热门/强就业专科专业组中混入谨慎方向，志愿表需按该专业兜底
扬州中瑞酒店职业学院,物理,专科批,198902,扬州中瑞酒店职业学院02,中危混合组,45,现代家政服务与管理,公共管理服务类,公共管理与服务大类,热门/强就业专科专业组中混入谨慎方向，志愿表需按该专业兜底
扬州中瑞酒店职业学院,物理,专科批,198902,扬州中瑞酒店职业学院02,中危混合组,48,建筑工程技术,土木建筑类,土木建筑大类,热门/强就业专科专业组中混入谨慎方向，志愿表需按该专业兜底
扬州中瑞酒店职业学院,物理,专科批,198902,扬州中瑞酒店职业学院02,中危混合组,49,建设工程管理,土木建筑类,土木建筑大类,热门/强就业专科专业组中混入谨慎方向，志愿表需按该专业兜底
扬州中瑞酒店职业学院,物理,专科批,198902,扬州中瑞酒店职业学院02,中危混合组,50,工程造价,土木建筑类,土木建筑大类,热门/强就业专科专业组中混入谨慎方向，志愿表需按该专业兜底
昆山登云科技职业学院,历史,专科批,197301,昆山登云科技职业学院01,中危混合组,01,建筑室内设计,土木建筑类,土木建筑大类,热门/强就业专科专业组中混入谨慎方向，志愿表需按该专业兜底
昆山登云科技职业学院,历史,专科批,197301,昆山登云科技职业学院01,中危混合组,02,建筑工程技术,土木建筑类,土木建筑大类,热门/强就业专科专业组中混入谨慎方向，志愿表需按该专业兜底
昆山登云科技职业学院,历史,专科批,197301,昆山登云科技职业学院01,中危混合组,04,工程造价,土木建筑类,土木建筑大类,热门/强就业专科专业组中混入谨慎方向，志愿表需按该专业兜底
昆山登云科技职业学院,历史,专科批,197301,昆山登云科技职业学院01,中危混合组,05,建设工程管理,土木建筑类,土木建筑大类,热门/强就业专科专业组中混入谨慎方向，志愿表需按该专业兜底
昆山登云科技职业学院,历史,专科批,197301,昆山登云科技职业学院01,中危混合组,24,动漫制作技术,文化艺术类,文化艺术大类,热门/强就业专科专业组中混入谨慎方向，志愿表需按该专业兜底
昆山登云科技职业学院,历史,专科批,197301,昆山登云科技职业学院01,中危混合组,32,酒店管理与数字化运营,旅游餐饮类,旅游大类,热门/强就业专科专业组中混入谨慎方向，志愿表需按该专业兜底
昆山登云科技职业学院,历史,专科批,197301,昆山登云科技职业学院01,中危混合组,33,全媒体广告策划与营销,文化艺术类,文化艺术大类,热门/强就业专科专业组中混入谨慎方向，志愿表需按该专业兜底
昆山登云科技职业学院,历史,专科批,197301,昆山登云科技职业学院01,中危混合组,34,智慧健康养老服务与管理,公共管理服务类,公共管理与服务大类,热门/强就业专科专业组中混入谨慎方向，志愿表需按该专业兜底
苏州托普信息职业技术学院,历史,专科批,196901,苏州托普信息职业技术学院01,中危混合组,01,宠物医疗技术,农林牧渔类,农林牧渔大类,热门/强就业专科专业组中混入谨慎方向，志愿表需按该专业兜底
苏州托普信息职业技术学院,历史,专科批,196901,苏州托普信息职业技术学院01,中危混合组,02,建筑消防技术,土木建筑类,土木建筑大类,热门/强就业专科专业组中混入谨慎方向，志愿表需按该专业兜底
苏州托普信息职业技术学院,历史,专科批,196901,苏州托普信息职业技术学院01,中危混合组,18,动漫制作技术,文化艺术类,文化艺术大类,热门/强就业专科专业组中混入谨慎方向，志愿表需按该专业兜底
苏州托普信息职业技术学院,历史,专科批,196901,苏州托普信息职业技术学院01,中危混合组,26,人力资源管理,公共管理服务类,公共管理与服务大类,热门/强就业专科专业组中混入谨慎方向，志愿表需按该专业兜底
苏州托普信息职业技术学院,历史,专科批,196901,苏州托普信息职业技术学院01,中危混合组,27,社区康复,公共管理服务类,公共管理与服务大类,热门/强就业专科专业组中混入谨慎方向，志愿表需按该专业兜底
苏州托普信息职业技术学院,历史,专科批,196901,苏州托普信息职业技术学院01,中危混合组,29,动漫制作技术(中外合作办学),文化艺术类,文化艺术大类,热门/强就业专科专业组中混入谨慎方向，志愿表需按该专业兜底
海口经济学院,物理,专科批,874005,海口经济学院05,中危混合组,40,无人机测绘技术,资源环境安全类,资源环境与安全大类,热门/强就业专科专业组中混入谨慎方向，志愿表需按该专业兜底
新疆和田学院,物理,专科批,752306,新疆和田学院06,整体偏冷组,23,农产品加工与质量检测(北京路北校区),农林牧渔类,农林牧渔大类,专科就业或接受度需谨慎核对
新疆和田学院,物理,专科批,752306,新疆和田学院06,整体偏冷组,24,旅游管理(北京路北校区),旅游餐饮类,旅游大类,专科就业或接受度需谨慎核对
三亚航空旅游职业学院,物理,专科批,875402,三亚航空旅游职业学院02,大杂组,11,"飞机电子设备维修(报考该专业有色觉等要求,具体请查阅院校招生章程)",航空运输类,交通运输大类,专业名称或备注含体检、性别、色觉、军士/司法/航海等限制，需核对章程
三亚航空旅游职业学院,物理,专科批,875402,三亚航空旅游职业学院02,大杂组,14,"民航安全技术管理(报考该专业有色觉要求,具体请查阅院校招生章程)",航空运输类,交通运输大类,专业名称或备注含体检、性别、色觉、军士/司法/航海等限制，需核对章程
三亚航空旅游职业学院,物理,专科批,875402,三亚航空旅游职业学院02,大杂组,16,"空中乘务(报考该专业有色觉等要求,具体请查阅院校招生章程)",航空运输类,交通运输大类,专业名称或备注含体检、性别、色觉、军士/司法/航海等限制，需核对章程
无锡南洋职业技术学院,历史,专科批,195701,无锡南洋职业技术学院01,中危混合组,01,工程造价,土木建筑类,土木建筑大类,热门/强就业专科专业组中混入谨慎方向，志愿表需按该专业兜底
无锡南洋职业技术学院,历史,专科批,195701,无锡南洋职业技术学院01,中危混合组,02,建设工程管理,土木建筑类,土木建筑大类,热门/强就业专科专业组中混入谨慎方向，志愿表需按该专业兜底
无锡南洋职业技术学院,历史,专科批,195701,无锡南洋职业技术学院01,中危混合组,03,建筑装饰工程技术,土木建筑类,土木建筑大类,热门/强就业专科专业组中混入谨慎方向，志愿表需按该专业兜底
无锡南洋职业技术学院,历史,专科批,195701,无锡南洋职业技术学院01,中危混合组,04,建筑工程技术,土木建筑类,土木建筑大类,热门/强就业专科专业组中混入谨慎方向，志愿表需按该专业兜底
无锡南洋职业技术学院,历史,专科批,195701,无锡南洋职业技术学院01,中危混合组,05,建筑消防技术,土木建筑类,土木建筑大类,热门/强就业专科专业组中混入谨慎方向，志愿表需按该专业兜底
无锡南洋职业技术学院,历史,专科批,195701,无锡南洋职业技术学院01,中危混合组,20,人力资源管理,公共管理服务类,公共管理与服务大类,热门/强就业专科专业组中混入谨慎方向，志愿表需按该专业兜底
无锡南洋职业技术学院,历史,专科批,195701,无锡南洋职业技术学院01,中危混合组,28,酒店管理与数字化运营,旅游餐饮类,旅游大类,热门/强就业专科专业组中混入谨慎方向，志愿表需按该专业兜底
无锡南洋职业技术学院,历史,专科批,195701,无锡南洋职业技术学院01,中危混合组,29,烹饪工艺与营养,食品药品类,食品药品与粮食大类,热门/强就业专科专业组中混入谨慎方向，志愿表需按该专业兜底
无锡南洋职业技术学院,历史,专科批,195701,无锡南洋职业技术学院01,中危混合组,31,食品营养与健康,食品药品类,食品药品与粮食大类,热门/强就业专科专业组中混入谨慎方向，志愿表需按该专业兜底
无锡南洋职业技术学院,历史,专科批,195701,无锡南洋职业技术学院01,中危混合组,32,智慧健康养老服务与管理,公共管理服务类,公共管理与服务大类,热门/强就业专科专业组中混入谨慎方向，志愿表需按该专业兜底
西藏职业技术学院,物理,专科批,650402,西藏职业技术学院02,整体偏冷组,02,道路与桥梁工程技术(北校区),土木建筑类,土木建筑大类,专科就业或接受度需谨慎核对
哈尔滨北方航空职业技术学院,物理,专科批,848202,哈尔滨北方航空职业技术学院02,中危混合组,05,无人机测绘技术,资源环境安全类,资源环境与安全大类,热门/强就业专科专业组中混入谨慎方向，志愿表需按该专业兜底
建东职业技术学院,历史,专科批,196501,建东职业技术学院01,中危混合组,01,建筑室内设计,土木建筑类,土木建筑大类,热门/强就业专科专业组中混入谨慎方向，志愿表需按该专业兜底
建东职业技术学院,历史,专科批,196501,建东职业技术学院01,中危混合组,02,工业设计,文化艺术类,文化艺术大类,热门/强就业专科专业组中混入谨慎方向，志愿表需按该专业兜底
明达职业技术学院,历史,专科批,198501,明达职业技术学院01,中危混合组,07,旅游管理,旅游餐饮类,旅游大类,热门/强就业专科专业组中混入谨慎方向，志愿表需按该专业兜底
明达职业技术学院,历史,专科批,198501,明达职业技术学院01,中危混合组,11,宠物养护与驯导,农林牧渔类,农林牧渔大类,热门/强就业专科专业组中混入谨慎方向，志愿表需按该专业兜底
明达职业技术学院,历史,专科批,198501,明达职业技术学院01,中危混合组,18,环境艺术设计,文化艺术类,文化艺术大类,热门/强就业专科专业组中混入谨慎方向，志愿表需按该专业兜底
明达职业技术学院,历史,专科批,198501,明达职业技术学院01,中危混合组,19,广告艺术设计,文化艺术类,文化艺术大类,热门/强就业专科专业组中混入谨慎方向，志愿表需按该专业兜底
明达职业技术学院,历史,专科批,198501,明达职业技术学院01,中危混合组,22,建筑工程技术,土木建筑类,土木建筑大类,热门/强就业专科专业组中混入谨慎方向，志愿表需按该专业兜底
金山职业技术学院,物理,专科批,199102,金山职业技术学院02,中危混合组,26,建筑室内设计,土木建筑类,土木建筑大类,热门/强就业专科专业组中混入谨慎方向，志愿表需按该专业兜底
金山职业技术学院,物理,专科批,199102,金山职业技术学院02,中危混合组,27,工程造价,土木建筑类,土木建筑大类,热门/强就业专科专业组中混入谨慎方向，志愿表需按该专业兜底
金山职业技术学院,物理,专科批,199102,金山职业技术学院02,中危混合组,48,旅游管理,旅游餐饮类,旅游大类,热门/强就业专科专业组中混入谨慎方向，志愿表需按该专业兜底
金山职业技术学院,物理,专科批,199102,金山职业技术学院02,中危混合组,49,酒店管理与数字化运营,旅游餐饮类,旅游大类,热门/强就业专科专业组中混入谨慎方向，志愿表需按该专业兜底
宿迁泽达职业技术学院,历史,专科批,199701,宿迁泽达职业技术学院01,中危混合组,01,建筑装饰工程技术,土木建筑类,土木建筑大类,热门/强就业专科专业组中混入谨慎方向，志愿表需按该专业兜底
宿迁泽达职业技术学院,历史,专科批,199701,宿迁泽达职业技术学院01,中危混合组,02,建筑工程技术,土木建筑类,土木建筑大类,热门/强就业专科专业组中混入谨慎方向，志愿表需按该专业兜底
宿迁泽达职业技术学院,历史,专科批,199701,宿迁泽达职业技术学院01,中危混合组,03,建设工程管理,土木建筑类,土木建筑大类,热门/强就业专科专业组中混入谨慎方向，志愿表需按该专业兜底
宿迁泽达职业技术学院,历史,专科批,199701,宿迁泽达职业技术学院01,中危混合组,04,动漫制作技术,文化艺术类,文化艺术大类,热门/强就业专科专业组中混入谨慎方向，志愿表需按该专业兜底
宿迁泽达职业技术学院,历史,专科批,199701,宿迁泽达职业技术学院01,中危混合组,29,旅游管理,旅游餐饮类,旅游大类,热门/强就业专科专业组中混入谨慎方向，志愿表需按该专业兜底
宿迁泽达职业技术学院,历史,专科批,199701,宿迁泽达职业技术学院01,中危混合组,30,社区康复,公共管理服务类,公共管理与服务大类,热门/强就业专科专业组中混入谨慎方向，志愿表需按该专业兜底
宿迁泽达职业技术学院,历史,专科批,199701,宿迁泽达职业技术学院01,中危混合组,31,酒店管理与数字化运营,旅游餐饮类,旅游大类,热门/强就业专科专业组中混入谨慎方向，志愿表需按该专业兜底
丽江文化旅游学院,物理,专科批,887105,丽江文化旅游学院05,中危混合组,25,现代农业经济管理,农林牧渔类,农林牧渔大类,热门/强就业专科专业组中混入谨慎方向，志愿表需按该专业兜底
丽江文化旅游学院,物理,专科批,887105,丽江文化旅游学院05,中危混合组,28,酒店管理与数字化运营,旅游餐饮类,旅游大类,热门/强就业专科专业组中混入谨慎方向，志愿表需按该专业兜底
巴中职业技术学院,历史,专科批,879601,巴中职业技术学院01,未标风险,03,无人机测绘技术,资源环境安全类,资源环境与安全大类,专科就业或接受度需谨慎核对
阿勒泰职业技术学院,物理,专科批,753601,阿勒泰职业技术学院01,中危混合组,01,现代农业技术,农林牧渔类,农林牧渔大类,热门/强就业专科专业组中混入谨慎方向，志愿表需按该专业兜底
阿勒泰职业技术学院,物理,专科批,753601,阿勒泰职业技术学院01,中危混合组,02,畜牧兽医,农林牧渔类,农林牧渔大类,热门/强就业专科专业组中混入谨慎方向，志愿表需按该专业兜底
阿勒泰职业技术学院,物理,专科批,753601,阿勒泰职业技术学院01,中危混合组,06,旅游管理,旅游餐饮类,旅游大类,热门/强就业专科专业组中混入谨慎方向，志愿表需按该专业兜底
阿勒泰职业技术学院,物理,专科批,753601,阿勒泰职业技术学院01,中危混合组,07,酒店管理与数字化运营,旅游餐饮类,旅游大类,热门/强就业专科专业组中混入谨慎方向，志愿表需按该专业兜底
阿勒泰职业技术学院,物理,专科批,753601,阿勒泰职业技术学院01,中危混合组,08,智慧旅游技术应用,旅游餐饮类,旅游大类,热门/强就业专科专业组中混入谨慎方向，志愿表需按该专业兜底
阿勒泰职业技术学院,物理,专科批,753601,阿勒泰职业技术学院01,中危混合组,10,智慧健康养老服务与管理,公共管理服务类,公共管理与服务大类,热门/强就业专科专业组中混入谨慎方向，志愿表需按该专业兜底
阿勒泰职业技术学院,物理,专科批,753601,阿勒泰职业技术学院01,中危混合组,16,动漫制作技术,文化艺术类,文化艺术大类,热门/强就业专科专业组中混入谨慎方向，志愿表需按该专业兜底
炎黄职业技术学院,物理,专科批,198202,炎黄职业技术学院02,中危混合组,30,宠物养护与驯导,农林牧渔类,农林牧渔大类,热门/强就业专科专业组中混入谨慎方向，志愿表需按该专业兜底
炎黄职业技术学院,物理,专科批,198202,炎黄职业技术学院02,中危混合组,31,动物营养与饲料,食品药品类,食品药品与粮食大类,热门/强就业专科专业组中混入谨慎方向，志愿表需按该专业兜底
炎黄职业技术学院,物理,专科批,198202,炎黄职业技术学院02,中危混合组,32,建筑室内设计,土木建筑类,土木建筑大类,热门/强就业专科专业组中混入谨慎方向，志愿表需按该专业兜底
炎黄职业技术学院,物理,专科批,198202,炎黄职业技术学院02,中危混合组,33,建筑工程技术,土木建筑类,土木建筑大类,热门/强就业专科专业组中混入谨慎方向，志愿表需按该专业兜底
炎黄职业技术学院,物理,专科批,198202,炎黄职业技术学院02,中危混合组,34,工程造价,土木建筑类,土木建筑大类,热门/强就业专科专业组中混入谨慎方向，志愿表需按该专业兜底
炎黄职业技术学院,物理,专科批,198202,炎黄职业技术学院02,中危混合组,48,时尚表演与传播,文化艺术类,文化艺术大类,热门/强就业专科专业组中混入谨慎方向，志愿表需按该专业兜底
炎黄职业技术学院,物理,专科批,198202,炎黄职业技术学院02,中危混合组,50,酒店管理与数字化运营,旅游餐饮类,旅游大类,热门/强就业专科专业组中混入谨慎方向，志愿表需按该专业兜底
炎黄职业技术学院,物理,专科批,198202,炎黄职业技术学院02,中危混合组,51,旅游管理,旅游餐饮类,旅游大类,热门/强就业专科专业组中混入谨慎方向，志愿表需按该专业兜底
炎黄职业技术学院,物理,专科批,198202,炎黄职业技术学院02,中危混合组,52,烹饪工艺与营养,食品药品类,食品药品与粮食大类,热门/强就业专科专业组中混入谨慎方向，志愿表需按该专业兜底
炎黄职业技术学院,物理,专科批,198202,炎黄职业技术学院02,中危混合组,57,智慧健康养老服务与管理,公共管理服务类,公共管理与服务大类,热门/强就业专科专业组中混入谨慎方向，志愿表需按该专业兜底
炎黄职业技术学院,物理,专科批,198202,炎黄职业技术学院02,中危混合组,58,数字时尚设计,文化艺术类,文化艺术大类,热门/强就业专科专业组中混入谨慎方向，志愿表需按该专业兜底
明达职业技术学院,物理,专科批,198502,明达职业技术学院02,中危混合组,37,旅游管理,旅游餐饮类,旅游大类,热门/强就业专科专业组中混入谨慎方向，志愿表需按该专业兜底
明达职业技术学院,物理,专科批,198502,明达职业技术学院02,中危混合组,41,宠物养护与驯导,农林牧渔类,农林牧渔大类,热门/强就业专科专业组中混入谨慎方向，志愿表需按该专业兜底
明达职业技术学院,物理,专科批,198502,明达职业技术学院02,中危混合组,48,环境艺术设计,文化艺术类,文化艺术大类,热门/强就业专科专业组中混入谨慎方向，志愿表需按该专业兜底
明达职业技术学院,物理,专科批,198502,明达职业技术学院02,中危混合组,49,广告艺术设计,文化艺术类,文化艺术大类,热门/强就业专科专业组中混入谨慎方向，志愿表需按该专业兜底
明达职业技术学院,物理,专科批,198502,明达职业技术学院02,中危混合组,52,建筑工程技术,土木建筑类,土木建筑大类,热门/强就业专科专业组中混入谨慎方向，志愿表需按该专业兜底
金肯职业技术学院,历史,专科批,195201,金肯职业技术学院01,中危混合组,01,建筑工程技术,土木建筑类,土木建筑大类,热门/强就业专科专业组中混入谨慎方向，志愿表需按该专业兜底
金肯职业技术学院,历史,专科批,195201,金肯职业技术学院01,中危混合组,02,消防救援技术,资源环境安全类,资源环境与安全大类,热门/强就业专科专业组中混入谨慎方向，志愿表需按该专业兜底
金肯职业技术学院,历史,专科批,195201,金肯职业技术学院01,中危混合组,03,建筑消防技术,土木建筑类,土木建筑大类,热门/强就业专科专业组中混入谨慎方向，志愿表需按该专业兜底
金肯职业技术学院,历史,专科批,195201,金肯职业技术学院01,中危混合组,04,建筑室内设计,土木建筑类,土木建筑大类,热门/强就业专科专业组中混入谨慎方向，志愿表需按该专业兜底
金肯职业技术学院,历史,专科批,195201,金肯职业技术学院01,中危混合组,22,酒店管理与数字化运营,旅游餐饮类,旅游大类,热门/强就业专科专业组中混入谨慎方向，志愿表需按该专业兜底
扬州中瑞酒店职业学院,历史,专科批,198901,扬州中瑞酒店职业学院01,中危混合组,01,酒店管理与数字化运营,旅游餐饮类,旅游大类,热门/强就业专科专业组中混入谨慎方向，志愿表需按该专业兜底
扬州中瑞酒店职业学院,历史,专科批,198901,扬州中瑞酒店职业学院01,中危混合组,02,餐饮智能管理,旅游餐饮类,旅游大类,热门/强就业专科专业组中混入谨慎方向，志愿表需按该专业兜底
扬州中瑞酒店职业学院,历史,专科批,198901,扬州中瑞酒店职业学院01,中危混合组,03,西式烹饪工艺,食品药品类,食品药品与粮食大类,热门/强就业专科专业组中混入谨慎方向，志愿表需按该专业兜底
扬州中瑞酒店职业学院,历史,专科批,198901,扬州中瑞酒店职业学院01,中危混合组,04,烹饪工艺与营养,食品药品类,食品药品与粮食大类,热门/强就业专科专业组中混入谨慎方向，志愿表需按该专业兜底
扬州中瑞酒店职业学院,历史,专科批,198901,扬州中瑞酒店职业学院01,中危混合组,11,人力资源管理,公共管理服务类,公共管理与服务大类,热门/强就业专科专业组中混入谨慎方向，志愿表需按该专业兜底
扬州中瑞酒店职业学院,历史,专科批,198901,扬州中瑞酒店职业学院01,中危混合组,19,现代家政服务与管理,公共管理服务类,公共管理与服务大类,热门/强就业专科专业组中混入谨慎方向，志愿表需按该专业兜底
扬州中瑞酒店职业学院,历史,专科批,198901,扬州中瑞酒店职业学院01,中危混合组,22,建筑工程技术,土木建筑类,土木建筑大类,热门/强就业专科专业组中混入谨慎方向，志愿表需按该专业兜底
扬州中瑞酒店职业学院,历史,专科批,198901,扬州中瑞酒店职业学院01,中危混合组,23,建设工程管理,土木建筑类,土木建筑大类,热门/强就业专科专业组中混入谨慎方向，志愿表需按该专业兜底
扬州中瑞酒店职业学院,历史,专科批,198901,扬州中瑞酒店职业学院01,中危混合组,24,工程造价,土木建筑类,土木建筑大类,热门/强就业专科专业组中混入谨慎方向，志愿表需按该专业兜底
珠海艺术职业学院,物理,专科批,865802,珠海艺术职业学院02,中危混合组,05,宝玉石鉴定与加工,资源环境安全类,资源环境与安全大类,热门/强就业专科专业组中混入谨慎方向，志愿表需按该专业兜底
三亚理工职业学院,历史,专科批,875501,三亚理工职业学院01,中危混合组,01,酒店管理与数字化运营,旅游餐饮类,旅游大类,热门/强就业专科专业组中混入谨慎方向，志愿表需按该专业兜底
三亚理工职业学院,历史,专科批,875501,三亚理工职业学院01,中危混合组,02,会展策划与管理,旅游餐饮类,旅游大类,热门/强就业专科专业组中混入谨慎方向，志愿表需按该专业兜底
三亚理工职业学院,历史,专科批,875501,三亚理工职业学院01,中危混合组,03,旅游管理,旅游餐饮类,旅游大类,热门/强就业专科专业组中混入谨慎方向，志愿表需按该专业兜底
三亚理工职业学院,历史,专科批,875501,三亚理工职业学院01,中危混合组,05,动漫制作技术,文化艺术类,文化艺术大类,热门/强就业专科专业组中混入谨慎方向，志愿表需按该专业兜底
三亚护理职业学院,历史,专科批,875801,三亚护理职业学院01,未标风险,02,现代家政服务与管理,公共管理服务类,公共管理与服务大类,专科就业或接受度需谨慎核对
三亚护理职业学院,历史,专科批,875801,三亚护理职业学院01,未标风险,03,智慧健康养老服务与管理,公共管理服务类,公共管理与服务大类,专科就业或接受度需谨慎核对
三亚护理职业学院,历史,专科批,875802,三亚护理职业学院02,中危混合组,04,职业健康安全技术,资源环境安全类,资源环境与安全大类,热门/强就业专科专业组中混入谨慎方向，志愿表需按该专业兜底
三亚护理职业学院,历史,专科批,875802,三亚护理职业学院02,中危混合组,05,食品营养与健康,食品药品类,食品药品与粮食大类,热门/强就业专科专业组中混入谨慎方向，志愿表需按该专业兜底
泰山科技学院,历史,专科批,822302,泰山科技学院02,中危混合组,06,现代文秘,公共管理服务类,公共管理与服务大类,热门/强就业专科专业组中混入谨慎方向，志愿表需按该专业兜底
西藏职业技术学院,历史,专科批,650401,西藏职业技术学院01,整体偏冷组,01,现代农业经济管理(西校区),农林牧渔类,农林牧渔大类,专科就业或接受度需谨慎核对
陕西旅游烹饪职业学院,物理,专科批,891902,陕西旅游烹饪职业学院02,中危混合组,07,旅游管理,旅游餐饮类,旅游大类,热门/强就业专科专业组中混入谨慎方向，志愿表需按该专业兜底
陕西旅游烹饪职业学院,物理,专科批,891902,陕西旅游烹饪职业学院02,中危混合组,08,烹饪工艺与营养,食品药品类,食品药品与粮食大类,热门/强就业专科专业组中混入谨慎方向，志愿表需按该专业兜底
重庆科技职业学院,历史,专科批,882601,重庆科技职业学院01,中危混合组,02,宠物医疗技术,农林牧渔类,农林牧渔大类,热门/强就业专科专业组中混入谨慎方向，志愿表需按该专业兜底
重庆科技职业学院,历史,专科批,882601,重庆科技职业学院01,中危混合组,03,应急救援技术,资源环境安全类,资源环境与安全大类,热门/强就业专科专业组中混入谨慎方向，志愿表需按该专业兜底
三亚航空旅游职业学院,历史,专科批,875401,三亚航空旅游职业学院01,大杂组,01,"飞机电子设备维修(报考该专业有色觉等要求,具体请查阅院校招生章程)",航空运输类,交通运输大类,专业名称或备注含体检、性别、色觉、军士/司法/航海等限制，需核对章程
三亚航空旅游职业学院,历史,专科批,875401,三亚航空旅游职业学院01,大杂组,04,"民航安全技术管理(报考该专业有色觉要求,具体请查阅院校招生章程)",航空运输类,交通运输大类,专业名称或备注含体检、性别、色觉、军士/司法/航海等限制，需核对章程
三亚航空旅游职业学院,历史,专科批,875401,三亚航空旅游职业学院01,大杂组,06,"空中乘务(报考该专业有色觉等要求,具体请查阅院校招生章程)",航空运输类,交通运输大类,专业名称或备注含体检、性别、色觉、军士/司法/航海等限制，需核对章程
遂宁职业学院,物理,专科批,878402,遂宁职业学院02,中危混合组,03,宠物医疗技术,农林牧渔类,农林牧渔大类,热门/强就业专科专业组中混入谨慎方向，志愿表需按该专业兜底
遂宁职业学院,历史,专科批,878401,遂宁职业学院01,中危混合组,01,宠物医疗技术,农林牧渔类,农林牧渔大类,热门/强就业专科专业组中混入谨慎方向，志愿表需按该专业兜底
山东文化产业职业学院,历史,专科批,824301,山东文化产业职业学院01,整体偏冷组,01,数字时尚设计,文化艺术类,文化艺术大类,专科就业或接受度需谨慎核对
山东文化产业职业学院,历史,专科批,824301,山东文化产业职业学院01,整体偏冷组,02,会展策划与管理,旅游餐饮类,旅游大类,专科就业或接受度需谨慎核对
珠海艺术职业学院,历史,专科批,865801,珠海艺术职业学院01,中危混合组,01,宝玉石鉴定与加工,资源环境安全类,资源环境与安全大类,热门/强就业专科专业组中混入谨慎方向，志愿表需按该专业兜底
和君职业学院,历史,专科批,819201,和君职业学院01,中危混合组,01,"舞台艺术设计与制作(第一学期在校本部学习,第二学期起在会昌戏剧小镇学习)(报考该专业有色觉要求,具体请查阅院校招生章程)",文化艺术类,文化艺术大类,热门/强就业专科专业组中混入谨慎方向，志愿表需按该专业兜底
三亚中瑞酒店管理职业学院,历史,专科批,875901,三亚中瑞酒店管理职业学院01,中危混合组,01,酒店管理与数字化运营,旅游餐饮类,旅游大类,热门/强就业专科专业组中混入谨慎方向，志愿表需按该专业兜底
三亚中瑞酒店管理职业学院,历史,专科批,875901,三亚中瑞酒店管理职业学院01,中危混合组,02,西式烹饪工艺,食品药品类,食品药品与粮食大类,热门/强就业专科专业组中混入谨慎方向，志愿表需按该专业兜底
三亚中瑞酒店管理职业学院,历史,专科批,875901,三亚中瑞酒店管理职业学院01,中危混合组,03,旅游管理(旅游电商运营方向),旅游餐饮类,旅游大类,热门/强就业专科专业组中混入谨慎方向，志愿表需按该专业兜底
三亚中瑞酒店管理职业学院,历史,专科批,875901,三亚中瑞酒店管理职业学院01,中危混合组,04,旅游管理(数智文旅体验策划方向),旅游餐饮类,旅游大类,热门/强就业专科专业组中混入谨慎方向，志愿表需按该专业兜底
三亚中瑞酒店管理职业学院,历史,专科批,875901,三亚中瑞酒店管理职业学院01,中危混合组,05,工程造价,土木建筑类,土木建筑大类,热门/强就业专科专业组中混入谨慎方向，志愿表需按该专业兜底
三亚城市职业学院,物理,专科批,875602,三亚城市职业学院02,中危混合组,06,建筑工程技术,土木建筑类,土木建筑大类,热门/强就业专科专业组中混入谨慎方向，志愿表需按该专业兜底
三亚城市职业学院,物理,专科批,875602,三亚城市职业学院02,中危混合组,07,智慧健康养老服务与管理,公共管理服务类,公共管理与服务大类,热门/强就业专科专业组中混入谨慎方向，志愿表需按该专业兜底
三亚城市职业学院,物理,专科批,875602,三亚城市职业学院02,中危混合组,08,人力资源管理,公共管理服务类,公共管理与服务大类,热门/强就业专科专业组中混入谨慎方向，志愿表需按该专业兜底
泉州纺织服装职业学院,物理,专科批,814902,泉州纺织服装职业学院02,整体偏冷组,02,服装与服饰设计,文化艺术类,文化艺术大类,专科就业或接受度需谨慎核对
上海思博职业技术学院,历史,专科批,802201,上海思博职业技术学院01,整体偏冷组,01,无人机测绘技术,资源环境安全类,资源环境与安全大类,专科就业或接受度需谨慎核对
上海闵行职业技术学院,历史,专科批,217201,上海闵行职业技术学院01,中危混合组,01,建筑室内设计,土木建筑类,土木建筑大类,热门/强就业专科专业组中混入谨慎方向，志愿表需按该专业兜底
丽江文化旅游学院,历史,专科批,887102,丽江文化旅游学院02,整体偏冷组,08,会展策划与管理,旅游餐饮类,旅游大类,专科就业或接受度需谨慎核对
北京艺术传媒职业学院,历史,专科批,828701,北京艺术传媒职业学院01,整体偏冷组,01,动漫制作技术,文化艺术类,文化艺术大类,专科就业或接受度需谨慎核对
民政职业大学,物理,专科批,317605,民政职业大学05,未标风险,22,社区管理与服务,公共管理服务类,公共管理与服务大类,专科就业或接受度需谨慎核对
民政职业大学,物理,专科批,317605,民政职业大学05,未标风险,24,婚庆服务与管理,公共管理服务类,公共管理与服务大类,专科就业或接受度需谨慎核对
民政职业大学,物理,专科批,317605,民政职业大学05,未标风险,25,现代殡葬技术与管理,公共管理服务类,公共管理与服务大类,专科就业或接受度需谨慎核对
民政职业大学,物理,专科批,317605,民政职业大学05,未标风险,26,殡葬设备维护技术,公共管理服务类,公共管理与服务大类,专科就业或接受度需谨慎核对
吉林交通职业技术学院,历史,专科批,421701,吉林交通职业技术学院01,中危混合组,01,工程造价(校本部),土木建筑类,土木建筑大类,热门/强就业专科专业组中混入谨慎方向，志愿表需按该专业兜底
长春医药职业学院,物理,专科批,845201,长春医药职业学院01,整体偏冷组,01,动物医学,农林牧渔类,农林牧渔大类,专科就业或接受度需谨慎核对
南充科技职业学院,历史,专科批,878801,南充科技职业学院01,整体偏冷组,01,宠物医疗技术,农林牧渔类,农林牧渔大类,专科就业或接受度需谨慎核对
四川交通职业技术大学,物理,专科批,612502,四川交通职业技术大学02,中危混合组,05,建筑工程技术,土木建筑类,土木建筑大类,热门/强就业专科专业组中混入谨慎方向，志愿表需按该专业兜底
四川交通职业技术大学,历史,专科批,612501,四川交通职业技术大学01,中危混合组,01,建筑工程技术(温江校区),土木建筑类,土木建筑大类,热门/强就业专科专业组中混入谨慎方向，志愿表需按该专业兜底
四川华新现代职业学院,物理,专科批,619202,四川华新现代职业学院02,整体偏冷组,02,动漫制作技术,文化艺术类,文化艺术大类,专科就业或接受度需谨慎核对
四川华新现代职业学院,历史,专科批,619201,四川华新现代职业学院01,整体偏冷组,01,动漫制作技术,文化艺术类,文化艺术大类,专科就业或接受度需谨慎核对
四川国际标榜职业学院,物理,专科批,878501,四川国际标榜职业学院01,中危混合组,02,宠物医疗技术,农林牧渔类,农林牧渔大类,热门/强就业专科专业组中混入谨慎方向，志愿表需按该专业兜底
四川工商学院,物理,专科批,876603,四川工商学院03,未标风险,06,无人机测绘技术(成都校区),资源环境安全类,资源环境与安全大类,专科就业或接受度需谨慎核对
四川工商学院,历史,专科批,876601,四川工商学院01,未标风险,02,无人机测绘技术(成都校区),资源环境安全类,资源环境与安全大类,专科就业或接受度需谨慎核对
天府新区航空旅游职业学院,物理,专科批,877702,天府新区航空旅游职业学院02,中危混合组,04,会展策划与管理(天府校区),旅游餐饮类,旅游大类,热门/强就业专科专业组中混入谨慎方向，志愿表需按该专业兜底
天府新区航空旅游职业学院,历史,专科批,877701,天府新区航空旅游职业学院01,中危混合组,02,会展策划与管理(天府校区),旅游餐饮类,旅游大类,热门/强就业专科专业组中混入谨慎方向，志愿表需按该专业兜底
德阳农业科技职业学院,物理,专科批,877902,德阳农业科技职业学院02,未标风险,04,无人机测绘技术,资源环境安全类,资源环境与安全大类,专科就业或接受度需谨慎核对
德阳农业科技职业学院,历史,专科批,877901,德阳农业科技职业学院01,未标风险,02,动物医学,农林牧渔类,农林牧渔大类,专科就业或接受度需谨慎核对
绵阳飞行职业学院,物理,专科批,879002,绵阳飞行职业学院02,中危混合组,10,社区康复,公共管理服务类,公共管理与服务大类,热门/强就业专科专业组中混入谨慎方向，志愿表需按该专业兜底
绵阳飞行职业学院,历史,专科批,879001,绵阳飞行职业学院01,中危混合组,05,社区康复,公共管理服务类,公共管理与服务大类,热门/强就业专科专业组中混入谨慎方向，志愿表需按该专业兜底
天津石油职业技术学院,物理,专科批,323202,天津石油职业技术学院02,整体偏冷组,02,应用化工技术(滨海校区),生物化工类,生物与化工大类,专科就业或接受度需谨慎核对
天津石油职业技术学院,历史,专科批,323201,天津石油职业技术学院01,整体偏冷组,01,应用化工技术(滨海校区),生物化工类,生物与化工大类,专科就业或接受度需谨慎核对
蚌埠经济技术职业学院,物理,专科批,811402,蚌埠经济技术职业学院02,中危混合组,03,动物医学,农林牧渔类,农林牧渔大类,热门/强就业专科专业组中混入谨慎方向，志愿表需按该专业兜底
蚌埠经济技术职业学院,历史,专科批,811401,蚌埠经济技术职业学院01,中危混合组,01,动物医学,农林牧渔类,农林牧渔大类,热门/强就业专科专业组中混入谨慎方向，志愿表需按该专业兜底
东营职业学院,物理,专科批,263902,东营职业学院02,整体偏冷组,02,现代农业技术,农林牧渔类,农林牧渔大类,专科就业或接受度需谨慎核对
东营职业学院,历史,专科批,263901,东营职业学院01,整体偏冷组,01,旅游管理,旅游餐饮类,旅游大类,专科就业或接受度需谨慎核对
山东畜牧兽医职业学院,物理,专科批,263601,山东畜牧兽医职业学院01,整体偏冷组,01,宠物养护与驯导,农林牧渔类,农林牧渔大类,专科就业或接受度需谨慎核对
山东艺术设计职业学院,历史,专科批,825401,山东艺术设计职业学院01,中危混合组,05,智慧健康养老服务与管理,公共管理服务类,公共管理与服务大类,热门/强就业专科专业组中混入谨慎方向，志愿表需按该专业兜底
日照康养职业学院,物理,专科批,824801,日照康养职业学院01,中危混合组,01,智慧健康养老服务与管理,公共管理服务类,公共管理与服务大类,热门/强就业专科专业组中混入谨慎方向，志愿表需按该专业兜底
日照康养职业学院,物理,专科批,824801,日照康养职业学院01,中危混合组,02,酒店管理与数字化运营,旅游餐饮类,旅游大类,热门/强就业专科专业组中混入谨慎方向，志愿表需按该专业兜底
曲阜远东职业技术学院,物理,专科批,824402,曲阜远东职业技术学院02,整体偏冷组,02,动物医学,农林牧渔类,农林牧渔大类,专科就业或接受度需谨慎核对
曲阜远东职业技术学院,历史,专科批,824401,曲阜远东职业技术学院01,整体偏冷组,01,动物医学,农林牧渔类,农林牧渔大类,专科就业或接受度需谨慎核对
枣庄职业学院,历史,专科批,267901,枣庄职业学院01,整体偏冷组,01,分析检验技术,生物化工类,生物与化工大类,专科就业或接受度需谨慎核对
青岛求实职业技术学院,物理,专科批,825002,青岛求实职业技术学院02,未标风险,05,动物医学,农林牧渔类,农林牧渔大类,专科就业或接受度需谨慎核对
青岛求实职业技术学院,物理,专科批,825002,青岛求实职业技术学院02,未标风险,07,畜牧兽医,农林牧渔类,农林牧渔大类,专科就业或接受度需谨慎核对
青岛求实职业技术学院,物理,专科批,825002,青岛求实职业技术学院02,未标风险,08,宠物医疗技术,农林牧渔类,农林牧渔大类,专科就业或接受度需谨慎核对
青岛求实职业技术学院,历史,专科批,825001,青岛求实职业技术学院01,未标风险,01,动物医学,农林牧渔类,农林牧渔大类,专科就业或接受度需谨慎核对
青岛求实职业技术学院,历史,专科批,825001,青岛求实职业技术学院01,未标风险,03,畜牧兽医,农林牧渔类,农林牧渔大类,专科就业或接受度需谨慎核对
青岛求实职业技术学院,历史,专科批,825001,青岛求实职业技术学院01,未标风险,04,宠物医疗技术,农林牧渔类,农林牧渔大类,专科就业或接受度需谨慎核对
青岛黄海学院,历史,专科批,821602,青岛黄海学院02,中危混合组,03,工程造价,土木建筑类,土木建筑大类,热门/强就业专科专业组中混入谨慎方向，志愿表需按该专业兜底
广东艺术职业学院,历史,专科批,548701,广东艺术职业学院01,整体偏冷组,01,人物形象设计(西校区),文化艺术类,文化艺术大类,专科就业或接受度需谨慎核对
广州华立科技职业学院,物理,专科批,866602,广州华立科技职业学院02,中危混合组,07,宠物医疗技术,农林牧渔类,农林牧渔大类,热门/强就业专科专业组中混入谨慎方向，志愿表需按该专业兜底
广州华立科技职业学院,历史,专科批,866601,广州华立科技职业学院01,中危混合组,03,宠物医疗技术,农林牧渔类,农林牧渔大类,热门/强就业专科专业组中混入谨慎方向，志愿表需按该专业兜底
广西建设职业技术学院,物理,专科批,554102,广西建设职业技术学院02,未标风险,02,"电气自动化技术(相思湖校区)(报考该专业有色觉要求,具体请查阅院校招生章程)",电气自动化类,装备制造大类,专业名称或备注含体检、性别、色觉、军士/司法/航海等限制，需核对章程
广西建设职业技术学院,历史,专科批,554101,广西建设职业技术学院01,未标风险,01,"电气自动化技术(相思湖校区)(报考该专业有色觉要求,具体请查阅院校招生章程)",电气自动化类,装备制造大类,专业名称或备注含体检、性别、色觉、军士/司法/航海等限制，需核对章程
伊犁职业技术学院,物理,专科批,754102,伊犁职业技术学院02,中危混合组,14,动物医学,农林牧渔类,农林牧渔大类,热门/强就业专科专业组中混入谨慎方向，志愿表需按该专业兜底
伊犁职业技术学院,历史,专科批,754101,伊犁职业技术学院01,中危混合组,04,动物医学,农林牧渔类,农林牧渔大类,热门/强就业专科专业组中混入谨慎方向，志愿表需按该专业兜底
和田职业技术学院,历史,专科批,754601,和田职业技术学院01,整体偏冷组,01,服装设计与工艺,文化艺术类,文化艺术大类,专科就业或接受度需谨慎核对
和田职业技术学院,历史,专科批,754601,和田职业技术学院01,整体偏冷组,02,艺术设计,文化艺术类,文化艺术大类,专科就业或接受度需谨慎核对
新疆交通职业技术大学,物理,专科批,754403,新疆交通职业技术大学03,中危混合组,06,市政工程技术,土木建筑类,土木建筑大类,热门/强就业专科专业组中混入谨慎方向，志愿表需按该专业兜底
新疆工业职业技术大学,物理,专科批,750607,新疆工业职业技术大学07,中危混合组,11,服装设计与工艺,文化艺术类,文化艺术大类,热门/强就业专科专业组中混入谨慎方向，志愿表需按该专业兜底
新疆工业职业技术大学,物理,专科批,750607,新疆工业职业技术大学07,中危混合组,12,食品智能加工技术,食品药品类,食品药品与粮食大类,热门/强就业专科专业组中混入谨慎方向，志愿表需按该专业兜底
新疆工业职业技术大学,物理,专科批,750608,新疆工业职业技术大学08,整体偏冷组,14,应用化工技术,生物化工类,生物与化工大类,专科就业或接受度需谨慎核对
新疆工业职业技术大学,历史,专科批,750602,新疆工业职业技术大学02,中危混合组,02,服装设计与工艺,文化艺术类,文化艺术大类,热门/强就业专科专业组中混入谨慎方向，志愿表需按该专业兜底
新疆工业职业技术大学,历史,专科批,750602,新疆工业职业技术大学02,中危混合组,03,食品智能加工技术,食品药品类,食品药品与粮食大类,热门/强就业专科专业组中混入谨慎方向，志愿表需按该专业兜底
新疆应用职业技术学院,物理,专科批,754502,新疆应用职业技术学院02,中危混合组,04,现代农业技术,农林牧渔类,农林牧渔大类,热门/强就业专科专业组中混入谨慎方向，志愿表需按该专业兜底
新疆应用职业技术学院,物理,专科批,754502,新疆应用职业技术学院02,中危混合组,05,工程造价,土木建筑类,土木建筑大类,热门/强就业专科专业组中混入谨慎方向，志愿表需按该专业兜底
新疆应用职业技术学院,历史,专科批,754501,新疆应用职业技术学院01,未标风险,02,酒店管理与数字化运营(主校区),旅游餐饮类,旅游大类,专科就业或接受度需谨慎核对
新疆应用职业技术学院,历史,专科批,754501,新疆应用职业技术学院01,未标风险,03,智慧健康养老服务与管理(南校区),公共管理服务类,公共管理与服务大类,专科就业或接受度需谨慎核对
石河子职业技术大学,物理,专科批,754702,石河子职业技术大学02,中危混合组,05,安全技术与管理,资源环境安全类,资源环境与安全大类,热门/强就业专科专业组中混入谨慎方向，志愿表需按该专业兜底
石河子职业技术大学,物理,专科批,754702,石河子职业技术大学02,中危混合组,06,化工安全技术,生物化工类,生物与化工大类,热门/强就业专科专业组中混入谨慎方向，志愿表需按该专业兜底
石河子职业技术大学,物理,专科批,754702,石河子职业技术大学02,中危混合组,07,应急救援技术,资源环境安全类,资源环境与安全大类,热门/强就业专科专业组中混入谨慎方向，志愿表需按该专业兜底
石河子职业技术大学,历史,专科批,754701,石河子职业技术大学01,中危混合组,01,安全技术与管理,资源环境安全类,资源环境与安全大类,热门/强就业专科专业组中混入谨慎方向，志愿表需按该专业兜底
石河子职业技术大学,历史,专科批,754701,石河子职业技术大学01,中危混合组,02,化工安全技术,生物化工类,生物与化工大类,热门/强就业专科专业组中混入谨慎方向，志愿表需按该专业兜底
石河子职业技术大学,历史,专科批,754701,石河子职业技术大学01,中危混合组,03,应急救援技术,资源环境安全类,资源环境与安全大类,热门/强就业专科专业组中混入谨慎方向，志愿表需按该专业兜底
胡杨河职业技术学院,物理,专科批,755002,胡杨河职业技术学院02,中危混合组,05,"应用化工技术(报考该专业有色觉要求,详询院校)",生物化工类,生物与化工大类,热门/强就业专科专业组中混入谨慎方向，志愿表需按该专业兜底
胡杨河职业技术学院,物理,专科批,755002,胡杨河职业技术学院02,中危混合组,06,"化工智能制造技术(报考该专业有色觉要求,详询院校)",电气自动化类,装备制造大类,专业名称或备注含体检、性别、色觉、军士/司法/航海等限制，需核对章程
胡杨河职业技术学院,物理,专科批,755002,胡杨河职业技术学院02,中危混合组,09,烹饪工艺与营养,食品药品类,食品药品与粮食大类,热门/强就业专科专业组中混入谨慎方向，志愿表需按该专业兜底
胡杨河职业技术学院,历史,专科批,755001,胡杨河职业技术学院01,中危混合组,01,"应用化工技术(报考该专业有色觉要求,详询院校)",生物化工类,生物与化工大类,热门/强就业专科专业组中混入谨慎方向，志愿表需按该专业兜底
胡杨河职业技术学院,历史,专科批,755001,胡杨河职业技术学院01,中危混合组,04,烹饪工艺与营养,食品药品类,食品药品与粮食大类,热门/强就业专科专业组中混入谨慎方向，志愿表需按该专业兜底
阿克苏职业技术学院,物理,专科批,754201,阿克苏职业技术学院01,未标风险,01,"飞机机电设备维修(报考该专业有色觉等要求,具体请查阅院校招生章程)",航空运输类,交通运输大类,专业名称或备注含体检、性别、色觉、军士/司法/航海等限制，需核对章程
阿克苏职业技术学院,物理,专科批,754201,阿克苏职业技术学院01,未标风险,02,"飞行器数字化制造技术(报考该专业有色觉等要求,具体请查阅院校招生章程)",机械设计制造类,装备制造大类,专业名称或备注含体检、性别、色觉、军士/司法/航海等限制，需核对章程
赣州职业技术学院,历史,专科批,258001,赣州职业技术学院01,整体偏冷组,01,工业设计,文化艺术类,文化艺术大类,专科就业或接受度需谨慎核对
邢台新能源职业学院,物理,专科批,835402,邢台新能源职业学院02,未标风险,02,"机电一体化技术(报考该专业有色觉要求,具体请查阅院校招生章程)",电气自动化类,装备制造大类,专业名称或备注含体检、性别、色觉、军士/司法/航海等限制，需核对章程
黄河水利职业技术大学,物理,专科批,518601,黄河水利职业技术大学01,中危混合组,01,水文与工程地质,资源环境安全类,资源环境与安全大类,热门/强就业专科专业组中混入谨慎方向，志愿表需按该专业兜底
黄河水利职业技术大学,物理,专科批,518601,黄河水利职业技术大学01,中危混合组,02,建筑工程技术,土木建筑类,土木建筑大类,热门/强就业专科专业组中混入谨慎方向，志愿表需按该专业兜底
浙江机电职业技术大学,物理,专科批,225502,浙江机电职业技术大学02,中危混合组,04,工业设计(滨江校区),文化艺术类,文化艺术大类,热门/强就业专科专业组中混入谨慎方向，志愿表需按该专业兜底
海南东方新丝路职业学院,物理,专科批,874202,海南东方新丝路职业学院02,未标风险,03,服装与服饰设计,文化艺术类,文化艺术大类,专科就业或接受度需谨慎核对
海南东方新丝路职业学院,历史,专科批,874201,海南东方新丝路职业学院01,整体偏冷组,01,服装与服饰设计,文化艺术类,文化艺术大类,专科就业或接受度需谨慎核对
海南软件职业技术学院,历史,专科批,561301,海南软件职业技术学院01,整体偏冷组,01,酒店管理与数字化运营,旅游餐饮类,旅游大类,专科就业或接受度需谨慎核对
武昌职业学院,物理,专科批,859205,武昌职业学院05,中危混合组,09,低空安全与技术(校本部),资源环境安全类,资源环境与安全大类,热门/强就业专科专业组中混入谨慎方向，志愿表需按该专业兜底
武汉商贸职业学院,物理,专科批,859302,武汉商贸职业学院02,中危混合组,07,无人机测绘技术(武汉校区),资源环境安全类,资源环境与安全大类,热门/强就业专科专业组中混入谨慎方向，志愿表需按该专业兜底
武汉商贸职业学院,历史,专科批,859301,武汉商贸职业学院01,中危混合组,03,无人机测绘技术(武汉校区),资源环境安全类,资源环境与安全大类,热门/强就业专科专业组中混入谨慎方向，志愿表需按该专业兜底
湖北生态工程职业技术学院,历史,专科批,523201,湖北生态工程职业技术学院01,中危混合组,05,数字媒体艺术设计,文化艺术类,文化艺术大类,热门/强就业专科专业组中混入谨慎方向，志愿表需按该专业兜底
泉州轻工职业学院,物理,专科批,816802,泉州轻工职业学院02,整体偏冷组,03,食品质量与安全,食品药品类,食品药品与粮食大类,专科就业或接受度需谨慎核对
贵州城市职业学院,物理,专科批,884702,贵州城市职业学院02,中危混合组,06,无人机测绘技术,资源环境安全类,资源环境与安全大类,热门/强就业专科专业组中混入谨慎方向，志愿表需按该专业兜底
贵州城市职业学院,历史,专科批,884701,贵州城市职业学院01,中危混合组,03,无人机测绘技术,资源环境安全类,资源环境与安全大类,热门/强就业专科专业组中混入谨慎方向，志愿表需按该专业兜底
哈尔滨建筑科技职业大学,物理,专科批,432002,哈尔滨建筑科技职业大学02,未标风险,04,建设工程管理,土木建筑类,土木建筑大类,专科就业或接受度需谨慎核对
哈尔滨建筑科技职业大学,历史,专科批,432001,哈尔滨建筑科技职业大学01,整体偏冷组,01,视觉传达设计,文化艺术类,文化艺术大类,专科就业或接受度需谨慎核对
哈尔滨建筑科技职业大学,历史,专科批,432001,哈尔滨建筑科技职业大学01,整体偏冷组,02,数字媒体艺术设计,文化艺术类,文化艺术大类,专科就业或接受度需谨慎核对
